financial_year,state_code,state,month,month_date,intrastate_suppliers,intrastate_ewb_count,intrastate_assessable_value,interstate_out_suppliers,interstate_out_ewb_count,interstate_out_assessable_value,interstate_in_suppliers,interstate_in_ewb_count,interstate_in_assessable_value
2018-19,01,Jammu and Kashmir,2018-07,2018-07-01,3171.0,120989.0,2083.7662087950002,1711.0,25744.0,2243.508837301,15449.0,151999.0,4567.1246182370005
2018-19,02,Himachal Pradesh,2018-07,2018-07-01,5581.0,185647.0,3606.3718240129997,4342.0,225165.0,9139.166811382001,19921.0,264357.0,7349.062065877
2018-19,03,Punjab,2018-07,2018-07-01,48967.0,1327692.0,26608.333632877,40582.0,658742.0,19846.072778757,53191.0,599862.0,21230.789959801
2018-19,04,Chandigarh,2018-07,2018-07-01,1950.0,25684.0,406.971305816,4534.0,67147.0,1142.360212429,7469.0,91630.0,1997.954864899
2018-19,05,Uttarakhand,2018-07,2018-07-01,8776.0,495449.0,7829.575273912,6308.0,298486.0,15067.081387132,18987.0,406753.0,12250.384024167
2018-19,06,Haryana,2018-07,2018-07-01,50698.0,2373359.0,40871.832657991,46642.0,1810409.0,51873.818516422,76656.0,1306910.0,48813.175854708
2018-19,07,Delhi,2018-07,2018-07-01,43214.0,681221.0,21545.283107035,104197.0,1292894.0,32072.16416694,99571.0,1106377.0,36953.448497028
2018-19,08,Rajasthan,2018-07,2018-07-01,52193.0,1237285.0,26277.739916319,39430.0,1018174.0,24360.046147693,72651.0,849514.0,30016.396815571003
2018-19,09,Uttar Pradesh,2018-07,2018-07-01,85448.0,2485159.0,49414.406377155,57189.0,1029488.0,43089.276276524,130330.0,1543210.0,55518.127193044995
2018-19,10,Bihar,2018-07,2018-07-01,4282.0,181249.0,5146.468028903,5024.0,46123.0,1998.444586139,39139.0,388765.0,11642.233780605
2018-19,11,Sikkim,2018-07,2018-07-01,101.0,2316.0,35.452384045,159.0,6650.0,1981.074915689,1344.0,24042.0,628.175920509
2018-19,12,Arunachal Pradesh,2018-07,2018-07-01,72.0,1780.0,22.051020235,129.0,1576.0,70.709939432,1870.0,15791.0,301.391996691
2018-19,13,Nagaland,2018-07,2018-07-01,35.0,711.0,32.202225587,167.0,1824.0,57.076589401,1901.0,17090.0,396.921177821
2018-19,14,Manipur,2018-07,2018-07-01,40.0,1043.0,23.220214058,56.0,389.0,10.164284258,1886.0,17356.0,399.18701739
2018-19,15,Mizoram,2018-07,2018-07-01,13.0,298.0,4.5687837369999995,45.0,182.0,12.60715953,1282.0,12245.0,267.309085969
2018-19,16,Tripura,2018-07,2018-07-01,390.0,9982.0,144.884917628,207.0,1800.0,149.05812476300002,3103.0,25007.0,591.938406609
2018-19,17,Meghalaya,2018-07,2018-07-01,238.0,7219.0,147.579849596,306.0,24848.0,414.105576296,2645.0,26130.0,604.189854241
2018-19,18,Assam,2018-07,2018-07-01,8110.0,278802.0,5585.846814728,6776.0,115535.0,4894.171592904,20127.0,207403.0,7394.190102723
2018-19,19,West Bengal,2018-07,2018-07-01,34335.0,1099145.0,33581.512953405,34375.0,570188.0,25342.398319151,50570.0,762564.0,32974.459292347
2018-19,20,Jharkhand,2018-07,2018-07-01,7624.0,380312.0,8662.063233758001,5847.0,191945.0,11034.305715046,20041.0,287162.0,10718.297593842
2018-19,21,Odisha,2018-07,2018-07-01,9635.0,527811.0,11990.225057016,4495.0,173723.0,19874.390943693,22982.0,280269.0,13360.526008273
2018-19,22,Chhattisgarh,2018-07,2018-07-01,5333.0,178693.0,5049.140302254,6378.0,157644.0,9891.070354088,19517.0,274138.0,10063.286533766
2018-19,23,Madhya Pradesh,2018-07,2018-07-01,12418.0,246875.0,6015.145810526999,15566.0,325727.0,15999.750521204998,54279.0,620544.0,20846.608782806
2018-19,24,Gujarat,2018-07,2018-07-01,54239.0,1323448.0,37367.120478627,100201.0,2484835.0,69993.965878418,99351.0,1148821.0,52137.856330077004
2018-19,25,Daman and Diu,2018-07,2018-07-01,876.0,26354.0,889.667848285,1586.0,156256.0,4195.917678674,2092.0,67609.0,5540.557102416001
2018-19,26,Dadra and Nagar Haveli,2018-07,2018-07-01,990.0,46369.0,1835.027186688,1794.0,218056.0,7661.882277354,2552.0,98216.0,6927.265631999
2018-19,27,Maharashtra,2018-07,2018-07-01,104046.0,4293720.0,97616.715116432,88145.0,2537744.0,88135.342181788,152058.0,1872151.0,85210.243383689
2018-19,29,Karnataka,2018-07,2018-07-01,68856.0,2581878.0,50787.673939733,38290.0,1153290.0,40646.607449376,82145.0,1227272.0,45328.465327845
2018-19,30,Goa,2018-07,2018-07-01,1164.0,56256.0,941.7900751010001,1285.0,54022.0,3723.437804898,5654.0,83658.0,3157.265486614
2018-19,31,Lakshadweep,2018-07,2018-07-01,0.0,0.0,0.0,1.0,2.0,0.0159729,21.0,306.0,2.800956079
2018-19,32,Kerala,2018-07,2018-07-01,25911.0,836159.0,13796.344221983,11412.0,146834.0,5710.122073573,44439.0,688528.0,16757.038011685
2018-19,33,Tamil Nadu,2018-07,2018-07-01,56442.0,2853320.0,59655.799164693,56196.0,1478286.0,58661.842766877,90260.0,1361414.0,58248.042898025
2018-19,34,Puducherry,2018-07,2018-07-01,742.0,28428.0,901.8706431469999,1563.0,96414.0,2755.569387269,4183.0,80553.0,2387.9059396939997
2018-19,35,ANDAMAN AND NICOBAR,2018-07,2018-07-01,21.0,323.0,6.174330975999999,60.0,211.0,20.275051663,835.0,6965.0,168.206696002
2018-19,36,Telangana,2018-07,2018-07-01,21541.0,899444.0,19907.605523412,21959.0,411704.0,19662.400456066,46698.0,646254.0,25838.477739023
2018-19,37,Andhra Pradesh,2018-07,2018-07-01,25756.0,981997.0,18334.866504546,16282.0,362407.0,23846.016793463,53563.0,587192.0,24182.188182986
2018-19,01,Jammu and Kashmir,2018-08,2018-08-01,3292.0,126112.0,2245.7754784900003,1996.0,30376.0,2535.885481534,17023.0,180173.0,5157.64287955
2018-19,02,Himachal Pradesh,2018-08,2018-08-01,5834.0,215642.0,3950.790683068,4554.0,267605.0,10916.086907199,20946.0,302942.0,8646.460325044
2018-19,03,Punjab,2018-08,2018-08-01,52065.0,1510828.0,31806.065559528004,45166.0,868921.0,24070.061138304998,59184.0,766185.0,25672.104593533
2018-19,04,Chandigarh,2018-08,2018-08-01,2057.0,27600.0,468.170189213,4728.0,77264.0,1424.6551942370002,7938.0,112280.0,2352.638398153
2018-19,05,Uttarakhand,2018-08,2018-08-01,8719.0,479625.0,10190.038351883999,6408.0,303268.0,15908.951752623001,19693.0,410133.0,12480.844670084
2018-19,06,Haryana,2018-08,2018-08-01,52495.0,2433392.0,43381.096352156,48580.0,1929364.0,55378.64001054101,80892.0,1476868.0,54373.037309987
2018-19,07,Delhi,2018-08,2018-08-01,46995.0,757089.0,24760.452730885998,111037.0,1532182.0,36738.369524616995,104908.0,1309869.0,42541.580077627004
2018-19,08,Rajasthan,2018-08,2018-08-01,54690.0,1314030.0,28494.487745978004,42630.0,1159619.0,26938.585598344,80547.0,993941.0,33690.272635639005
2018-19,09,Uttar Pradesh,2018-08,2018-08-01,86811.0,2568545.0,51844.202816018,60574.0,1129545.0,45613.143030532,137375.0,1754721.0,61932.6446144
2018-19,10,Bihar,2018-08,2018-08-01,4142.0,186405.0,4982.765719501999,4958.0,45829.0,2053.452188493,42156.0,503371.0,12133.86928265
2018-19,11,Sikkim,2018-08,2018-08-01,94.0,2587.0,53.306599486,152.0,6486.0,1942.054323485,1355.0,25156.0,723.883667529
2018-19,12,Arunachal Pradesh,2018-08,2018-08-01,81.0,1800.0,24.6688294,147.0,1567.0,74.06177199700001,2184.0,20276.0,358.492276164
2018-19,13,Nagaland,2018-08,2018-08-01,44.0,673.0,20.502293678,185.0,2349.0,78.641938723,2074.0,18606.0,366.144724263
2018-19,14,Manipur,2018-08,2018-08-01,42.0,2616.0,43.71652266,73.0,392.0,14.515697915,2041.0,22642.0,494.11046460100005
2018-19,15,Mizoram,2018-08,2018-08-01,11.0,368.0,3.9434476409999997,45.0,199.0,11.870952706999999,1344.0,12673.0,278.95687528
2018-19,16,Tripura,2018-08,2018-08-01,470.0,11810.0,192.241478027,245.0,1732.0,161.89152137,3831.0,37427.0,737.446966475
2018-19,17,Meghalaya,2018-08,2018-08-01,241.0,7849.0,141.072021845,321.0,25371.0,412.30331491799996,2742.0,30949.0,677.349115222
2018-19,18,Assam,2018-08,2018-08-01,8783.0,301195.0,5984.751056984,7167.0,126832.0,5300.3220858879995,22947.0,283676.0,8200.955872759
2018-19,19,West Bengal,2018-08,2018-08-01,33014.0,1108716.0,34161.012757029996,35915.0,616806.0,26995.434812393,55331.0,970128.0,35578.043512896
2018-19,20,Jharkhand,2018-08,2018-08-01,7479.0,383550.0,8713.932797046,5621.0,184640.0,11600.138812363,21291.0,334853.0,11377.994078219
2018-19,21,Odisha,2018-08,2018-08-01,10134.0,564865.0,12917.912928834,4759.0,189975.0,21282.741685177,25270.0,324711.0,14070.146505521
2018-19,22,Chhattisgarh,2018-08,2018-08-01,4800.0,166039.0,5225.795657535,6691.0,157796.0,10650.92391273,20987.0,371649.0,11610.103075497
2018-19,23,Madhya Pradesh,2018-08,2018-08-01,13415.0,274112.0,7069.116026167,16785.0,354313.0,17886.901784446,60615.0,788530.0,24512.725722296
2018-19,24,Gujarat,2018-08,2018-08-01,60563.0,1579416.0,45342.487698034005,110295.0,3613338.0,89600.27431327,111115.0,1371995.0,65005.59004690799
2018-19,25,Daman and Diu,2018-08,2018-08-01,928.0,29113.0,950.2276155229999,1625.0,193176.0,5440.162046228,2179.0,78015.0,5236.755761889
2018-19,26,Dadra and Nagar Haveli,2018-08,2018-08-01,1053.0,51137.0,1809.271413849,1860.0,270332.0,10410.766150402,2741.0,115887.0,9205.670988836999
2018-19,27,Maharashtra,2018-08,2018-08-01,105785.0,4636944.0,112397.829326971,96381.0,3074382.0,107135.245192832,172789.0,2301298.0,102803.272872522
2018-19,29,Karnataka,2018-08,2018-08-01,71587.0,2748567.0,54602.990933668,40833.0,1270260.0,44873.56531678,90358.0,1471131.0,51247.417107023
2018-19,30,Goa,2018-08,2018-08-01,1245.0,66036.0,1076.7946439739999,1405.0,61587.0,4370.551332231,6691.0,104332.0,3641.8497737099997
2018-19,31,Lakshadweep,2018-08,2018-08-01,0.0,0.0,0.0,1.0,3.0,0.0321936,31.0,252.0,3.898111553
2018-19,32,Kerala,2018-08,2018-08-01,25449.0,771061.0,13524.293518955,10893.0,134186.0,5843.189400186,45745.0,615261.0,15782.012661584
2018-19,33,Tamil Nadu,2018-08,2018-08-01,57557.0,2908261.0,62428.451781142,59722.0,1650147.0,65032.908101328,96604.0,1511263.0,62782.084516822
2018-19,34,Puducherry,2018-08,2018-08-01,752.0,29211.0,1111.095218296,1604.0,105525.0,3194.490931926,4323.0,87491.0,2806.6813739110003
2018-19,35,ANDAMAN AND NICOBAR,2018-08,2018-08-01,13.0,285.0,9.024778844,62.0,231.0,27.176806141000004,918.0,8206.0,178.424840859
2018-19,36,Telangana,2018-08,2018-08-01,22355.0,972673.0,21361.162409841,23508.0,474219.0,21530.81347344,51607.0,783774.0,29577.163012601002
2018-19,37,Andhra Pradesh,2018-08,2018-08-01,27138.0,1089732.0,19676.725422507,18129.0,389635.0,26396.241732756,61724.0,735434.0,29048.179448217998
2018-19,01,Jammu and Kashmir,2018-09,2018-09-01,3484.0,130396.0,2387.847554812,2114.0,30149.0,2215.296839092,16962.0,186069.0,5240.539348474
2018-19,02,Himachal Pradesh,2018-09,2018-09-01,5818.0,205533.0,3962.134510286,4524.0,259345.0,10650.310081682,19633.0,282299.0,8329.597830712
2018-19,03,Punjab,2018-09,2018-09-01,48931.0,1257940.0,29472.905887975,44721.0,897349.0,23596.047609573,58855.0,748180.0,24162.529971388
2018-19,04,Chandigarh,2018-09,2018-09-01,1964.0,25148.0,409.130147687,4721.0,75076.0,1361.589218792,7836.0,107479.0,2314.346287793
2018-19,05,Uttarakhand,2018-09,2018-09-01,9163.0,554705.0,10080.756125184,6609.0,337364.0,17877.550106878,20947.0,448317.0,13049.823593092
2018-19,06,Haryana,2018-09,2018-09-01,53485.0,2370829.0,44200.291932551,49215.0,1957937.0,57108.633310984995,81029.0,1451675.0,55220.636660866
2018-19,07,Delhi,2018-09,2018-09-01,48421.0,764179.0,26133.610363094,113149.0,1614694.0,37962.444808447,106193.0,1322074.0,44092.1537079
2018-19,08,Rajasthan,2018-09,2018-09-01,53640.0,1211954.0,27683.321548596003,42233.0,1163349.0,27428.081862541,79987.0,978291.0,34037.574225904
2018-19,09,Uttar Pradesh,2018-09,2018-09-01,91003.0,2673586.0,56002.945980055,63044.0,1193673.0,49195.475028067,144756.0,1849124.0,65804.861547878
2018-19,10,Bihar,2018-09,2018-09-01,4389.0,203634.0,5359.178309995,5194.0,46994.0,1913.8050754130002,47213.0,616003.0,12768.735844554
2018-19,11,Sikkim,2018-09,2018-09-01,104.0,2855.0,50.566573044,159.0,5834.0,1868.7996967279998,1455.0,24190.0,683.441165698
2018-19,12,Arunachal Pradesh,2018-09,2018-09-01,84.0,2016.0,22.482732339,165.0,1453.0,78.353337361,2166.0,20453.0,394.232453819
2018-19,13,Nagaland,2018-09,2018-09-01,53.0,534.0,26.728044921000002,201.0,1876.0,67.962323483,2109.0,19511.0,402.231899108
2018-19,14,Manipur,2018-09,2018-09-01,44.0,2559.0,41.17722592,72.0,483.0,7.774252376000001,2131.0,22445.0,490.23304377299996
2018-19,15,Mizoram,2018-09,2018-09-01,18.0,677.0,8.008925826,65.0,389.0,79.846321804,1348.0,13081.0,316.467847215
2018-19,16,Tripura,2018-09,2018-09-01,470.0,12527.0,194.933588048,262.0,1965.0,165.665070842,3945.0,32329.0,739.5050673779999
2018-19,17,Meghalaya,2018-09,2018-09-01,232.0,8238.0,163.33845193800002,325.0,21791.0,388.997031958,2871.0,31647.0,675.103112144
2018-19,18,Assam,2018-09,2018-09-01,9058.0,309467.0,6347.646195821,7443.0,128601.0,5643.695395243,24808.0,295020.0,8672.448302111
2018-19,19,West Bengal,2018-09,2018-09-01,32950.0,1125767.0,34682.165722953,36623.0,655559.0,26565.764259076997,55260.0,933346.0,36067.487076177
2018-19,20,Jharkhand,2018-09,2018-09-01,7813.0,406476.0,9275.024238472999,5863.0,195165.0,12497.260538051,23122.0,377826.0,11317.75153567
2018-19,21,Odisha,2018-09,2018-09-01,10144.0,547059.0,12264.362313255,4614.0,189992.0,20589.172441629,25686.0,351460.0,13790.216686894
2018-19,22,Chhattisgarh,2018-09,2018-09-01,4769.0,173198.0,5838.01993341,6703.0,159392.0,10752.526920887,21134.0,337836.0,11911.163888841
2018-19,23,Madhya Pradesh,2018-09,2018-09-01,13401.0,285021.0,7261.5554745,17133.0,378409.0,18275.122020113,59724.0,715255.0,23865.102873387
2018-19,24,Gujarat,2018-09,2018-09-01,59459.0,1433308.0,42886.053890955,107256.0,3424181.0,84231.736342586,108799.0,1285695.0,60172.621500534
2018-19,25,Daman and Diu,2018-09,2018-09-01,935.0,28188.0,859.705623009,1593.0,174737.0,4863.439955932,2154.0,73484.0,4650.722913939
2018-19,26,Dadra and Nagar Haveli,2018-09,2018-09-01,1086.0,51293.0,2051.409431464,1878.0,242106.0,9880.089608142,2691.0,106242.0,8243.197865525
2018-19,27,Maharashtra,2018-09,2018-09-01,102775.0,4291883.0,109893.856888401,93997.0,2935930.0,102224.200610586,170828.0,2269364.0,99148.37147249101
2018-19,29,Karnataka,2018-09,2018-09-01,71441.0,2627306.0,52613.573917609996,40021.0,1246590.0,45547.484668862,88359.0,1391957.0,50857.957459394
2018-19,30,Goa,2018-09,2018-09-01,1214.0,58954.0,1013.8728702770001,1344.0,55762.0,3988.161747469,6426.0,91089.0,3356.976614057
2018-19,31,Lakshadweep,2018-09,2018-09-01,0.0,0.0,0.0,3.0,5.0,0.085849601,31.0,293.0,4.579773802
2018-19,32,Kerala,2018-09,2018-09-01,27396.0,924741.0,15242.007310344,12449.0,166069.0,6640.809207811,44749.0,564019.0,15829.732071655999
2018-19,33,Tamil Nadu,2018-09,2018-09-01,58559.0,2922511.0,64209.2180137,59002.0,1657661.0,67187.091975952,97702.0,1644575.0,63682.78999944201
2018-19,34,Puducherry,2018-09,2018-09-01,744.0,28051.0,937.2508466620001,1626.0,103646.0,3246.797254683,4413.0,90411.0,2901.684635973
2018-19,35,ANDAMAN AND NICOBAR,2018-09,2018-09-01,14.0,182.0,5.668551329,69.0,256.0,25.261070106000002,884.0,7977.0,226.025469667
2018-19,36,Telangana,2018-09,2018-09-01,22115.0,907205.0,20952.486163444,22999.0,463613.0,21223.051855098,51225.0,795743.0,28970.530488021002
2018-19,37,Andhra Pradesh,2018-09,2018-09-01,26943.0,1093687.0,19955.528909329,17823.0,384081.0,25825.625389127,61042.0,678325.0,27677.554891641998
2018-19,01,Jammu and Kashmir,2018-10,2018-10-01,3784.0,135435.0,2545.633385386,2273.0,32807.0,2160.8366465060003,17722.0,202717.0,5138.989032114
2018-19,02,Himachal Pradesh,2018-10,2018-10-01,6322.0,234475.0,4187.475655476001,4647.0,275144.0,10830.950960978,21652.0,310533.0,8925.44061659
2018-19,03,Punjab,2018-10,2018-10-01,48570.0,1247306.0,31322.94888165,47791.0,1041415.0,25533.089018654002,63673.0,836223.0,25885.629343469
2018-19,04,Chandigarh,2018-10,2018-10-01,2248.0,30590.0,487.914266654,5028.0,84351.0,1518.523838094,8295.0,120710.0,2531.9127055900003
2018-19,05,Uttarakhand,2018-10,2018-10-01,10038.0,603614.0,9443.202456236,7140.0,346332.0,16768.858591291002,23976.0,508966.0,14340.489524579998
2018-19,06,Haryana,2018-10,2018-10-01,58638.0,2496453.0,48180.898148953005,51742.0,2114693.0,60622.312741669,87625.0,1613716.0,59584.751163455
2018-19,07,Delhi,2018-10,2018-10-01,54593.0,876770.0,31452.11832815,119128.0,1780906.0,42636.466390222995,112750.0,1556836.0,49239.356679229
2018-19,08,Rajasthan,2018-10,2018-10-01,62340.0,1475106.0,32988.386784231,45378.0,1300871.0,30596.064533845,92864.0,1166726.0,37255.063589453996
2018-19,09,Uttar Pradesh,2018-10,2018-10-01,100843.0,3082759.0,64245.745009255006,67575.0,1296660.0,51940.663493463,165414.0,2310304.0,72937.026171727
2018-19,10,Bihar,2018-10,2018-10-01,4784.0,236349.0,5736.960378084,5486.0,49091.0,2205.498961192,52062.0,646884.0,13927.260836198002
2018-19,11,Sikkim,2018-10,2018-10-01,116.0,2927.0,48.753207671,168.0,6389.0,1784.9368221240002,1560.0,25965.0,720.209035455
2018-19,12,Arunachal Pradesh,2018-10,2018-10-01,100.0,2348.0,29.418040486000002,178.0,1516.0,85.107579207,2243.0,20577.0,378.21503773
2018-19,13,Nagaland,2018-10,2018-10-01,68.0,719.0,20.184347271,224.0,3051.0,89.60361637000001,2228.0,20861.0,456.293180325
2018-19,14,Manipur,2018-10,2018-10-01,41.0,4193.0,56.729514806,79.0,462.0,9.440891812,2217.0,26287.0,594.0064272520001
2018-19,15,Mizoram,2018-10,2018-10-01,16.0,877.0,10.825256977,72.0,514.0,109.384110992,1460.0,14414.0,330.185318952
2018-19,16,Tripura,2018-10,2018-10-01,482.0,11779.0,208.220114836,257.0,1682.0,159.746086011,3192.0,25760.0,698.785844548
2018-19,17,Meghalaya,2018-10,2018-10-01,243.0,8661.0,151.921286003,328.0,25392.0,449.223710988,2889.0,32117.0,737.616802193
2018-19,18,Assam,2018-10,2018-10-01,9596.0,325698.0,6829.076321333,7766.0,132582.0,5406.28181106,21980.0,239657.0,7974.877583117999
2018-19,19,West Bengal,2018-10,2018-10-01,32121.0,1049873.0,32398.724618045002,35169.0,602852.0,26322.515865532998,53283.0,771586.0,33992.842316384995
2018-19,20,Jharkhand,2018-10,2018-10-01,7983.0,402676.0,9620.398159047,6262.0,201543.0,12144.362577763999,22904.0,337403.0,11706.338348938001
2018-19,21,Odisha,2018-10,2018-10-01,10549.0,613387.0,12828.030931419,4749.0,181498.0,21255.791352347,26767.0,334840.0,14184.310143292001
2018-19,22,Chhattisgarh,2018-10,2018-10-01,5363.0,194672.0,6041.633597743,7279.0,166211.0,11693.308505976,22731.0,348668.0,12192.00817196
2018-19,23,Madhya Pradesh,2018-10,2018-10-01,15448.0,335071.0,8741.852774594001,18125.0,403943.0,20154.318652767,67805.0,902346.0,26922.088167857997
2018-19,24,Gujarat,2018-10,2018-10-01,100323.0,2801656.0,76954.83372650799,118902.0,4065864.0,92224.55508131,116242.0,1403262.0,66092.036361877
2018-19,25,Daman and Diu,2018-10,2018-10-01,1039.0,31355.0,968.324079046,1644.0,185855.0,4875.540646314,2340.0,77350.0,5153.176010184
2018-19,26,Dadra and Nagar Haveli,2018-10,2018-10-01,1172.0,50436.0,1813.557441824,1959.0,236923.0,9521.634571187,2982.0,111545.0,7957.635775484
2018-19,27,Maharashtra,2018-10,2018-10-01,115700.0,4832867.0,123845.13257173101,99857.0,3163960.0,109627.604889663,187571.0,2512953.0,107456.506100476
2018-19,29,Karnataka,2018-10,2018-10-01,76843.0,2830000.0,54672.804046701,42291.0,1298012.0,45444.402959469,93175.0,1488143.0,54335.914913277
2018-19,30,Goa,2018-10,2018-10-01,1367.0,69867.0,1227.8333462209998,1498.0,61878.0,4336.439242161,7122.0,108891.0,3854.1106203739996
2018-19,31,Lakshadweep,2018-10,2018-10-01,0.0,0.0,0.0,2.0,3.0,0.06057,36.0,749.0,6.762260095999999
2018-19,32,Kerala,2018-10,2018-10-01,28918.0,937982.0,14794.494977201,12905.0,166693.0,6576.691630513,46123.0,603512.0,15208.592751196
2018-19,33,Tamil Nadu,2018-10,2018-10-01,62936.0,3043451.0,65147.485787716,61226.0,1683977.0,64451.657342611,102051.0,1673138.0,63728.674196466
2018-19,34,Puducherry,2018-10,2018-10-01,806.0,26969.0,873.0004961479999,1954.0,105686.0,2946.610693563,4657.0,92415.0,2621.742545102
2018-19,35,ANDAMAN AND NICOBAR,2018-10,2018-10-01,13.0,219.0,7.159883937000001,58.0,232.0,20.93114178,916.0,8239.0,184.93573322999998
2018-19,36,Telangana,2018-10,2018-10-01,24230.0,1008434.0,22232.783075833,24404.0,498394.0,22411.485519448997,52316.0,748871.0,29044.59221062
2018-19,37,Andhra Pradesh,2018-10,2018-10-01,28650.0,1149306.0,20449.757895696,18505.0,379176.0,26534.805685251,63461.0,730942.0,28944.021138879998
2018-19,01,Jammu and Kashmir,2018-11,2018-11-01,3851.0,123745.0,2178.749353559,2080.0,26704.0,1751.514975195,16757.0,165151.0,4435.449634527
2018-19,02,Himachal Pradesh,2018-11,2018-11-01,6380.0,208575.0,3686.203247401,4566.0,237404.0,9331.779202903,19521.0,255946.0,7656.952983298
2018-19,03,Punjab,2018-11,2018-11-01,49831.0,1145572.0,27893.331130821996,46216.0,895271.0,22135.573077017,59024.0,680762.0,22926.867668939998
2018-19,04,Chandigarh,2018-11,2018-11-01,2093.0,25285.0,394.39212856399996,4713.0,69001.0,1249.289021972,7884.0,99801.0,2139.894936023
2018-19,05,Uttarakhand,2018-11,2018-11-01,9495.0,463286.0,7431.015616611,6720.0,283870.0,14348.738964254,21263.0,395452.0,11517.443185904
2018-19,06,Haryana,2018-11,2018-11-01,56148.0,2106290.0,41837.467059521994,49692.0,1770747.0,52409.877519884,82085.0,1314488.0,50579.012641385
2018-19,07,Delhi,2018-11,2018-11-01,50809.0,726219.0,28270.082767380998,111868.0,1424683.0,35584.335672353,103002.0,1162613.0,39950.640806391
2018-19,08,Rajasthan,2018-11,2018-11-01,58391.0,1216069.0,27531.128782021002,42068.0,988580.0,26207.421231541,81346.0,863497.0,30035.211424835998
2018-19,09,Uttar Pradesh,2018-11,2018-11-01,95487.0,2607200.0,54394.952949815,62729.0,1043826.0,43844.479581936,150473.0,1714688.0,59215.617553764
2018-19,10,Bihar,2018-11,2018-11-01,4489.0,209376.0,5167.804154165,5270.0,45535.0,2146.148130367,47102.0,417784.0,12401.372452100999
2018-19,11,Sikkim,2018-11,2018-11-01,102.0,3026.0,46.611260668999996,163.0,7178.0,1772.7942053599998,1453.0,23780.0,701.402787003
2018-19,12,Arunachal Pradesh,2018-11,2018-11-01,94.0,2417.0,39.800820019999996,183.0,1670.0,81.350369521,2193.0,21696.0,452.84315619700004
2018-19,13,Nagaland,2018-11,2018-11-01,62.0,656.0,17.443883437,227.0,4424.0,96.851822146,2340.0,21184.0,428.603933441
2018-19,14,Manipur,2018-11,2018-11-01,42.0,2611.0,52.282420852,83.0,601.0,9.834554222,2196.0,23116.0,506.520322163
2018-19,15,Mizoram,2018-11,2018-11-01,13.0,821.0,9.71305815,81.0,617.0,129.17758506500002,1501.0,15166.0,337.05342597199996
2018-19,16,Tripura,2018-11,2018-11-01,551.0,13704.0,230.112654617,264.0,1766.0,156.714560034,3572.0,29817.0,714.275126515
2018-19,17,Meghalaya,2018-11,2018-11-01,261.0,8845.0,179.026705669,330.0,29058.0,477.575123162,3012.0,31371.0,718.092821321
2018-19,18,Assam,2018-11,2018-11-01,9748.0,332413.0,6282.874470679,7984.0,136255.0,5299.934184943,22743.0,245263.0,8014.802465936
2018-19,19,West Bengal,2018-11,2018-11-01,33324.0,1108343.0,34267.875518165005,34490.0,568287.0,25659.693559985,53547.0,735922.0,33154.508619703
2018-19,20,Jharkhand,2018-11,2018-11-01,7582.0,375401.0,9054.080931311,6111.0,196904.0,12220.294439705,21641.0,293515.0,10604.177571574
2018-19,21,Odisha,2018-11,2018-11-01,10729.0,602931.0,12766.808184363,4621.0,178107.0,19360.663670894,26193.0,304371.0,14400.585993120001
2018-19,22,Chhattisgarh,2018-11,2018-11-01,4912.0,147018.0,4795.913234545,6679.0,144327.0,9889.410620210001,19284.0,249947.0,9765.77520503
2018-19,23,Madhya Pradesh,2018-11,2018-11-01,13977.0,266473.0,8832.693507207001,16762.0,327665.0,17664.422358465,59187.0,661071.0,22598.062025020998
2018-19,24,Gujarat,2018-11,2018-11-01,90897.0,2201498.0,64087.040928202005,105954.0,2525219.0,76889.09185653001,103007.0,1102154.0,56923.160857964
2018-19,25,Daman and Diu,2018-11,2018-11-01,1027.0,29331.0,963.6132108850001,1624.0,150887.0,4303.295279889,2208.0,64875.0,4771.283893267
2018-19,26,Dadra and Nagar Haveli,2018-11,2018-11-01,1124.0,44282.0,1737.6719973860002,1903.0,199069.0,8208.785154365,2761.0,93052.0,7035.9802937429995
2018-19,27,Maharashtra,2018-11,2018-11-01,106440.0,3884223.0,100414.752597021,92037.0,2466162.0,92855.613757312,165559.0,1937069.0,92522.023177782
2018-19,29,Karnataka,2018-11,2018-11-01,75762.0,2669837.0,49777.256066981,40345.0,1123642.0,41174.861730348995,86379.0,1200177.0,47435.836672871
2018-19,30,Goa,2018-11,2018-11-01,1326.0,67316.0,1176.693579214,1398.0,53548.0,3930.9019352669998,6779.0,96945.0,3365.969871936
2018-19,31,Lakshadweep,2018-11,2018-11-01,0.0,0.0,0.0,2.0,2.0,0.07778193,33.0,379.0,3.760469457
2018-19,32,Kerala,2018-11,2018-11-01,29772.0,947083.0,15061.077612192,12321.0,148484.0,6251.913989903,46270.0,580634.0,15044.933186309
2018-19,33,Tamil Nadu,2018-11,2018-11-01,60072.0,2632498.0,56628.489413382,58389.0,1474762.0,56682.116093568,90584.0,1231764.0,59351.800176501
2018-19,34,Puducherry,2018-11,2018-11-01,770.0,24030.0,824.053323676,1816.0,97426.0,2750.564583054,4186.0,72885.0,2491.854405787
2018-19,35,ANDAMAN AND NICOBAR,2018-11,2018-11-01,17.0,206.0,6.085946933,51.0,194.0,16.892064196,894.0,7687.0,183.820504177
2018-19,36,Telangana,2018-11,2018-11-01,25770.0,1025932.0,21471.049585365,24905.0,482196.0,22858.602807041,49440.0,643000.0,25892.743980344
2018-19,37,Andhra Pradesh,2018-11,2018-11-01,29398.0,1106203.0,20288.648909853,18322.0,357570.0,25508.188617601998,62611.0,717828.0,26801.011251989003
2018-19,97,Other Territory,2018-11,2018-11-01,1.0,41.0,38.614440953,19.0,1852.0,834.1277019270001,39.0,10604.0,1423.049925306
2018-19,01,Jammu and Kashmir,2018-12,2018-12-01,4231.0,130554.0,2250.053738377,2256.0,29540.0,1794.180860224,16138.0,153341.0,4314.115770978
2018-19,02,Himachal Pradesh,2018-12,2018-12-01,6642.0,217432.0,4006.9968032919996,4735.0,258915.0,10489.569616447001,19386.0,266068.0,8009.389832402
2018-19,03,Punjab,2018-12,2018-12-01,51278.0,1183608.0,29299.544934488,46461.0,802121.0,22144.617423688,61918.0,740399.0,24546.158470682
2018-19,04,Chandigarh,2018-12,2018-12-01,2185.0,25195.0,406.42754904099996,4876.0,70149.0,1341.188269088,7940.0,104139.0,2234.313277908
2018-19,05,Uttarakhand,2018-12,2018-12-01,9989.0,459029.0,7709.17678617,7161.0,315251.0,15808.422337217002,21590.0,407325.0,12504.88114438
2018-19,06,Haryana,2018-12,2018-12-01,57906.0,2267999.0,45657.871324855,51813.0,1924367.0,57520.716889480005,85064.0,1429066.0,53745.154048541
2018-19,07,Delhi,2018-12,2018-12-01,53839.0,782708.0,30087.092854093,116773.0,1574415.0,38379.041214673,109211.0,1335376.0,43468.982868778
2018-19,08,Rajasthan,2018-12,2018-12-01,60073.0,1282999.0,28504.401664049,44844.0,1168298.0,29610.689739285997,84116.0,963943.0,31493.517295286998
2018-19,09,Uttar Pradesh,2018-12,2018-12-01,99385.0,2802472.0,56421.793119891,66543.0,1186504.0,45176.250883563,156436.0,2008896.0,62537.324538663
2018-19,10,Bihar,2018-12,2018-12-01,4663.0,224628.0,5524.536850599,6015.0,56305.0,2368.379809677,47885.0,513436.0,13012.333300871001
2018-19,11,Sikkim,2018-12,2018-12-01,106.0,3367.0,53.576891816,174.0,6516.0,2038.596298921,1448.0,24366.0,738.642657609
2018-19,12,Arunachal Pradesh,2018-12,2018-12-01,91.0,2430.0,36.902271944999995,191.0,1713.0,76.499975341,2138.0,21558.0,408.28325906
2018-19,13,Nagaland,2018-12,2018-12-01,53.0,541.0,14.508085191,231.0,4373.0,103.296482036,2201.0,19532.0,413.655558689
2018-19,14,Manipur,2018-12,2018-12-01,38.0,2769.0,46.015979967,84.0,575.0,9.648185486,2201.0,23695.0,554.797806928
2018-19,15,Mizoram,2018-12,2018-12-01,12.0,624.0,8.776621035,83.0,723.0,129.215064853,1367.0,13655.0,320.209100515
2018-19,16,Tripura,2018-12,2018-12-01,607.0,15179.0,269.750219883,288.0,1854.0,169.695480876,3538.0,31436.0,799.755704637
2018-19,17,Meghalaya,2018-12,2018-12-01,256.0,7883.0,140.727095527,344.0,25199.0,447.89260190699997,2933.0,31029.0,696.462247713
2018-19,18,Assam,2018-12,2018-12-01,9822.0,330902.0,6245.420872533,8096.0,137148.0,5269.551405325,21799.0,239839.0,8262.474426799
2018-19,19,West Bengal,2018-12,2018-12-01,34472.0,1134796.0,34302.350773884005,36356.0,619339.0,27374.029864670003,54770.0,810016.0,33235.190800628996
2018-19,20,Jharkhand,2018-12,2018-12-01,7600.0,364755.0,8740.034394326,6041.0,191725.0,11677.585485616,21696.0,319951.0,11034.351475338999
2018-19,21,Odisha,2018-12,2018-12-01,11046.0,613478.0,12442.023810755,4946.0,189221.0,19182.607846065,26670.0,338890.0,14839.466761682
2018-19,22,Chhattisgarh,2018-12,2018-12-01,5006.0,173706.0,5366.722539461,7306.0,166106.0,10817.187370284,21062.0,322074.0,10738.363106688
2018-19,23,Madhya Pradesh,2018-12,2018-12-01,14327.0,282038.0,7558.363596821001,18105.0,390973.0,19749.686434282998,62130.0,765049.0,24090.952994185
2018-19,24,Gujarat,2018-12,2018-12-01,100938.0,2860956.0,75587.167859872,115971.0,3562358.0,87729.197137709,116292.0,1390899.0,64249.940813262
2018-19,25,Daman and Diu,2018-12,2018-12-01,1053.0,33127.0,1082.538250436,1643.0,190353.0,5072.185636972,2320.0,79211.0,4401.681579645
2018-19,26,Dadra and Nagar Haveli,2018-12,2018-12-01,1172.0,52368.0,2028.5287699419998,1979.0,264359.0,9879.612351947,2908.0,112979.0,7637.282920936999
2018-19,27,Maharashtra,2018-12,2018-12-01,112821.0,4247934.0,110774.20487240901,99069.0,2922593.0,105541.72606783101,178645.0,2247096.0,100621.965752111
2018-19,29,Karnataka,2018-12,2018-12-01,78681.0,2784373.0,53032.277403340995,42861.0,1248527.0,46337.224794244,91763.0,1366423.0,51234.16475861
2018-19,30,Goa,2018-12,2018-12-01,1342.0,64837.0,1097.345049451,1466.0,55389.0,3899.245040908,7017.0,102720.0,3579.252606138
2018-19,31,Lakshadweep,2018-12,2018-12-01,0.0,0.0,0.0,1.0,1.0,3e-07,34.0,248.0,3.977167244
2018-19,32,Kerala,2018-12,2018-12-01,30591.0,990676.0,15654.655965678,12772.0,155162.0,6002.701249858,48855.0,680778.0,15812.395039242001
2018-19,33,Tamil Nadu,2018-12,2018-12-01,64968.0,2964514.0,63251.823670551,62934.0,1641933.0,63350.617181499,99310.0,1515759.0,61065.364905368006
2018-19,34,Puducherry,2018-12,2018-12-01,823.0,26821.0,871.233721181,1950.0,101954.0,3086.0045932119997,4973.0,88335.0,2568.449111099
2018-19,35,ANDAMAN AND NICOBAR,2018-12,2018-12-01,16.0,189.0,8.494117770999999,45.0,137.0,93.563774037,926.0,8287.0,271.162220557
2018-19,36,Telangana,2018-12,2018-12-01,25872.0,995776.0,22052.47701214,25677.0,499456.0,23157.602513234,51765.0,745125.0,28243.645133439
2018-19,37,Andhra Pradesh,2018-12,2018-12-01,30700.0,1138966.0,20834.785420981,18884.0,370054.0,24621.144932135,66647.0,860638.0,28507.189797917
2018-19,97,Other Territory,2018-12,2018-12-01,2.0,53.0,40.859094325,18.0,1821.0,942.636077201,358.0,8237.0,1444.65012307
2018-19,01,Jammu and Kashmir,2019-01,2019-01-01,4063.0,116956.0,2017.2,2085.0,27616.0,1733.68,14927.0,138358.0,3964.23
2018-19,02,Himachal Pradesh,2019-01,2019-01-01,6624.0,206442.0,4037.21,4632.0,257550.0,10032.3,18584.0,255311.0,7935.6
2018-19,03,Punjab,2019-01,2019-01-01,50691.0,1174531.0,30039.09,43879.0,717660.0,21561.2,61472.0,750761.0,23881.69
2018-19,04,Chandigarh,2019-01,2019-01-01,2204.0,26085.0,418.2,4790.0,72445.0,1319.12,7882.0,100227.0,2139.04
2018-19,05,Uttarakhand,2019-01,2019-01-01,10088.0,511651.0,8468.94,7144.0,313431.0,16091.18,21157.0,409320.0,12838.92
2018-19,06,Haryana,2019-01,2019-01-01,58093.0,2301008.0,43563.88,51736.0,1963267.0,56114.18,85331.0,1493020.0,53206.08
2018-19,07,Delhi,2019-01,2019-01-01,54367.0,785793.0,30467.73,116143.0,1571190.0,38005.5,109533.0,1387926.0,43186.63
2018-19,08,Rajasthan,2019-01,2019-01-01,61346.0,1355807.0,29686.66,44920.0,1260677.0,29189.49,86275.0,1056100.0,32943.98
2018-19,09,Uttar Pradesh,2019-01,2019-01-01,100021.0,2876550.0,58846.58,66301.0,1204694.0,46026.73,159299.0,2167683.0,64878.27
2018-19,10,Bihar,2019-01,2019-01-01,5207.0,253109.0,5927.09,6030.0,56026.0,2238.9,50759.0,697147.0,13430.9
2018-19,11,Sikkim,2019-01,2019-01-01,98.0,3305.0,56.5,171.0,6618.0,1870.4,1439.0,24773.0,735.3
2018-19,12,Arunachal Pradesh,2019-01,2019-01-01,106.0,3276.0,46.02,195.0,1867.0,80.22,2231.0,21504.0,431.54
2018-19,13,Nagaland,2019-01,2019-01-01,59.0,632.0,23.17,265.0,5021.0,96.82,2167.0,19413.0,423.21
2018-19,14,Manipur,2019-01,2019-01-01,40.0,3000.0,49.9,78.0,393.0,9.52,2235.0,22612.0,536.91
2018-19,15,Mizoram,2019-01,2019-01-01,13.0,841.0,9.19,80.0,703.0,171.68,1412.0,14854.0,348.33
2018-19,16,Tripura,2019-01,2019-01-01,626.0,15910.0,278.26,288.0,1691.0,169.64,3453.0,29845.0,727.25
2018-19,17,Meghalaya,2019-01,2019-01-01,244.0,10014.0,173.87,360.0,32627.0,507.97,2893.0,29663.0,678.88
2018-19,18,Assam,2019-01,2019-01-01,9590.0,333109.0,6122.28,7964.0,135439.0,4827.87,21470.0,248434.0,8329.98
2018-19,19,West Bengal,2019-01,2019-01-01,35216.0,1174854.0,35022.4,36119.0,632068.0,26931.21,54485.0,872787.0,33154.55
2018-19,20,Jharkhand,2019-01,2019-01-01,8066.0,383496.0,9217.39,6583.0,207569.0,12220.47,22175.0,356890.0,11669.46
2018-19,21,Odisha,2019-01,2019-01-01,11445.0,613639.0,12706.8,5027.0,192942.0,17843.38,26881.0,361375.0,14049.76
2018-19,22,Chhattisgarh,2019-01,2019-01-01,5018.0,182888.0,5532.94,7348.0,179137.0,11887.43,21401.0,352299.0,10844.52
2018-19,23,Madhya Pradesh,2019-01,2019-01-01,14523.0,288880.0,7392.57,18227.0,372408.0,18380.25,62756.0,811370.0,25243.75
2018-19,24,Gujarat,2019-01,2019-01-01,103012.0,2900099.0,73337.08,116568.0,3847365.0,86001.2,114876.0,1371163.0,61671.65
2018-19,25,Daman and Diu,2019-01,2019-01-01,1077.0,34521.0,1039.56,1666.0,189092.0,4738.51,2331.0,77185.0,4576.44
2018-19,26,Dadra and Nagar Haveli,2019-01,2019-01-01,1212.0,54139.0,1924.1,1961.0,269661.0,9800.9,2965.0,116893.0,8050.12
2018-19,27,Maharashtra,2019-01,2019-01-01,115060.0,4553614.0,113724.71,99706.0,2979283.0,104177.74,178784.0,2270374.0,100749.22
2018-19,29,Karnataka,2019-01,2019-01-01,79284.0,2831778.0,52673.34,42094.0,1269899.0,44014.13,91237.0,1375092.0,49578.3
2018-19,30,Goa,2019-01,2019-01-01,1383.0,68264.0,1051.58,1468.0,54193.0,4102.85,6849.0,97515.0,3375.94
2018-19,31,Lakshadweep,2019-01,2019-01-01,0.0,0.0,0.0,1.0,1.0,0.01,36.0,311.0,8.54
2018-19,32,Kerala,2019-01,2019-01-01,30903.0,1023584.0,15707.32,12579.0,157366.0,6267.71,47838.0,649775.0,15124.49
2018-19,33,Tamil Nadu,2019-01,2019-01-01,64441.0,2873017.0,61321.74,61037.0,1555990.0,56887.4,94987.0,1346552.0,60006.29
2018-19,34,Puducherry,2019-01,2019-01-01,836.0,25350.0,819.29,1886.0,94570.0,2796.8,4867.0,82307.0,2373.53
2018-19,35,ANDAMAN AND NICOBAR,2019-01,2019-01-01,16.0,217.0,6.01,45.0,192.0,16.24,898.0,7955.0,200.26
2018-19,36,Telangana,2019-01,2019-01-01,26105.0,1011310.0,22354.39,25524.0,524008.0,22038.56,51109.0,767823.0,27233.44
2018-19,37,Andhra Pradesh,2019-01,2019-01-01,30280.0,1100019.0,20425.15,18804.0,362391.0,22880.49,61778.0,688454.0,27422.3
2018-19,97,Other Territory,2019-01,2019-01-01,2.0,65.0,35.12,22.0,2331.0,1192.7,267.0,7814.0,1338.12
2018-19,01,Jammu and Kashmir,2019-02,2019-02-01,3715.0,95262.0,1638.41,1901.0,25377.0,1620.28,14121.0,125241.0,3616.07
2018-19,02,Himachal Pradesh,2019-02,2019-02-01,6611.0,195056.0,3869.11,4590.0,239628.0,9393.17,18170.0,246461.0,7511.33
2018-19,03,Punjab,2019-02,2019-02-01,50677.0,1117374.0,28919.89,41828.0,685671.0,20729.57,60915.0,736047.0,22530.79
2018-19,04,Chandigarh,2019-02,2019-02-01,2175.0,25141.0,431.47,4831.0,71000.0,1363.64,7962.0,100383.0,2122.06
2018-19,05,Uttarakhand,2019-02,2019-02-01,10146.0,512263.0,8641.82,7032.0,305088.0,15901.23,21082.0,401603.0,11716.43
2018-19,06,Haryana,2019-02,2019-02-01,57752.0,2257169.0,42391.0,51239.0,1917447.0,54765.38,84813.0,1451072.0,50741.66
2018-19,07,Delhi,2019-02,2019-02-01,55235.0,782767.0,30821.18,116832.0,1513673.0,36819.65,109386.0,1371118.0,40624.56
2018-19,08,Rajasthan,2019-02,2019-02-01,61507.0,1310601.0,28659.44,44742.0,1241601.0,27928.4,84518.0,999225.0,31044.24
2018-19,09,Uttar Pradesh,2019-02,2019-02-01,100282.0,2761796.0,56826.17,65826.0,1162708.0,44008.29,159558.0,2059332.0,60719.63
2018-19,10,Bihar,2019-02,2019-02-01,6057.0,302448.0,6352.03,6151.0,60367.0,2520.87,52045.0,638764.0,13071.35
2018-19,11,Sikkim,2019-02,2019-02-01,114.0,2816.0,51.91,160.0,5735.0,1729.51,1421.0,23735.0,658.44
2018-19,12,Arunachal Pradesh,2019-02,2019-02-01,92.0,2506.0,34.24,168.0,1757.0,69.97,2215.0,19176.0,401.89
2018-19,13,Nagaland,2019-02,2019-02-01,68.0,797.0,40.43,248.0,4229.0,93.23,2247.0,20798.0,454.65
2018-19,14,Manipur,2019-02,2019-02-01,38.0,2819.0,44.9,79.0,354.0,12.92,2222.0,22226.0,518.7
2018-19,15,Mizoram,2019-02,2019-02-01,18.0,754.0,10.02,84.0,986.0,209.26,1434.0,18756.0,359.39
2018-19,16,Tripura,2019-02,2019-02-01,673.0,15809.0,279.06,292.0,1564.0,146.04,3685.0,31737.0,734.73
2018-19,17,Meghalaya,2019-02,2019-02-01,254.0,11079.0,197.06,327.0,28551.0,523.3,2922.0,31323.0,735.11
2018-19,18,Assam,2019-02,2019-02-01,9899.0,356838.0,6582.79,8025.0,134648.0,4907.41,22505.0,261368.0,8280.11
2018-19,19,West Bengal,2019-02,2019-02-01,35734.0,1140974.0,33787.49,36376.0,631436.0,25791.4,54850.0,882377.0,31724.42
2018-19,20,Jharkhand,2019-02,2019-02-01,8368.0,365618.0,8577.18,7055.0,223734.0,11785.79,22883.0,343820.0,10576.52
2018-19,21,Odisha,2019-02,2019-02-01,11604.0,635188.0,12962.98,5087.0,198326.0,18018.26,27539.0,360998.0,13956.64
2018-19,22,Chhattisgarh,2019-02,2019-02-01,4924.0,177966.0,5265.98,7176.0,168164.0,10779.09,21599.0,367374.0,10708.85
2018-19,23,Madhya Pradesh,2019-02,2019-02-01,14533.0,283016.0,7114.98,17698.0,356810.0,17185.37,62370.0,776640.0,23475.47
2018-19,24,Gujarat,2019-02,2019-02-01,104178.0,2793565.0,71787.01,116452.0,3689081.0,83168.81,113446.0,1335200.0,60396.66
2018-19,25,Daman and Diu,2019-02,2019-02-01,1060.0,33875.0,1042.83,1646.0,186004.0,4519.11,2279.0,73177.0,4132.17
2018-19,26,Dadra and Nagar Haveli,2019-02,2019-02-01,1231.0,50124.0,1815.29,1963.0,250204.0,9092.79,2991.0,109418.0,7114.17
2018-19,27,Maharashtra,2019-02,2019-02-01,114429.0,4376127.0,117187.09,98818.0,2957676.0,100252.66,176204.0,2195514.0,97921.29
2018-19,29,Karnataka,2019-02,2019-02-01,79225.0,2756032.0,51400.76,41920.0,1256756.0,43131.34,91403.0,1363103.0,47688.6
2018-19,30,Goa,2019-02,2019-02-01,1399.0,62823.0,1008.85,1479.0,52986.0,4545.2,6680.0,94704.0,3146.46
2018-19,31,Lakshadweep,2019-02,2019-02-01,0.0,0.0,0.0,2.0,2.0,0.1,39.0,314.0,17.4
2018-19,32,Kerala,2019-02,2019-02-01,30854.0,946987.0,14593.61,12651.0,158004.0,6044.94,47835.0,614005.0,14568.27
2018-19,33,Tamil Nadu,2019-02,2019-02-01,67140.0,3066153.0,63248.65,62275.0,1604434.0,57926.78,96387.0,1382746.0,56640.02
2018-19,34,Puducherry,2019-02,2019-02-01,845.0,26906.0,885.8,1879.0,96672.0,2857.72,5141.0,84221.0,2329.77
2018-19,35,ANDAMAN AND NICOBAR,2019-02,2019-02-01,13.0,174.0,6.33,47.0,159.0,13.74,860.0,7569.0,175.81
2018-19,36,Telangana,2019-02,2019-02-01,26952.0,1068730.0,22630.74,25829.0,503925.0,22097.26,51965.0,755525.0,26567.83
2018-19,37,Andhra Pradesh,2019-02,2019-02-01,30919.0,1058743.0,20011.91,18942.0,360643.0,23408.12,61671.0,716003.0,26451.19
2018-19,97,Other Territory,2019-02,2019-02-01,2.0,53.0,31.77,23.0,2185.0,940.37,424.0,7868.0,1248.61
2018-19,01,Jammu and Kashmir,2019-03,2019-03-01,4611.0,161657.0,3063.16,2346.0,32179.0,2030.93,17657.0,197008.0,5349.79
2018-19,02,Himachal Pradesh,2019-03,2019-03-01,7303.0,226911.0,4402.96,4812.0,261206.0,10574.72,20029.0,277200.0,8717.31
2018-19,03,Punjab,2019-03,2019-03-01,53987.0,1268864.0,32964.13,43803.0,774018.0,23744.6,62805.0,788984.0,24903.64
2018-19,04,Chandigarh,2019-03,2019-03-01,2374.0,28634.0,501.41,5051.0,80004.0,1622.87,8172.0,112780.0,2465.46
2018-19,05,Uttarakhand,2019-03,2019-03-01,10970.0,571440.0,10581.65,7437.0,341107.0,18394.83,22515.0,445606.0,13745.59
2018-19,06,Haryana,2019-03,2019-03-01,61503.0,2318235.0,45408.11,53329.0,2075970.0,62306.53,87624.0,1535582.0,57066.94
2018-19,07,Delhi,2019-03,2019-03-01,59519.0,872484.0,36620.71,121058.0,1640093.0,42800.04,112125.0,1456652.0,48151.47
2018-19,08,Rajasthan,2019-03,2019-03-01,65623.0,1451968.0,33559.19,45926.0,1287982.0,30371.36,85790.0,1029220.0,34684.72
2018-19,09,Uttar Pradesh,2019-03,2019-03-01,105390.0,3046170.0,65075.03,68980.0,1248568.0,51420.52,164806.0,2245007.0,78944.96
2018-19,10,Bihar,2019-03,2019-03-01,6394.0,353143.0,8435.84,6371.0,64840.0,2597.18,52229.0,671433.0,14713.18
2018-19,11,Sikkim,2019-03,2019-03-01,114.0,3216.0,56.52,172.0,6809.0,1949.53,1445.0,27188.0,829.3
2018-19,12,Arunachal Pradesh,2019-03,2019-03-01,116.0,3404.0,47.64,194.0,1390.0,67.18,2535.0,26915.0,562.74
2018-19,13,Nagaland,2019-03,2019-03-01,67.0,963.0,39.49,259.0,4313.0,103.24,2262.0,21640.0,498.32
2018-19,14,Manipur,2019-03,2019-03-01,39.0,3096.0,53.47,95.0,424.0,15.28,2298.0,25712.0,629.05
2018-19,15,Mizoram,2019-03,2019-03-01,17.0,943.0,12.72,101.0,961.0,189.33,1534.0,22593.0,413.09
2018-19,16,Tripura,2019-03,2019-03-01,745.0,18527.0,321.04,328.0,1760.0,158.45,3811.0,34312.0,852.63
2018-19,17,Meghalaya,2019-03,2019-03-01,299.0,12129.0,227.74,362.0,34719.0,645.72,3040.0,33952.0,872.53
2018-19,18,Assam,2019-03,2019-03-01,10480.0,408883.0,7556.91,8562.0,155449.0,5316.34,24426.0,290074.0,9597.79
2018-19,19,West Bengal,2019-03,2019-03-01,37643.0,1291966.0,39810.49,37845.0,705044.0,29632.11,55941.0,933068.0,36868.98
2018-19,20,Jharkhand,2019-03,2019-03-01,8870.0,410557.0,9700.55,7477.0,242895.0,14059.13,23438.0,364709.0,12014.21
2018-19,21,Odisha,2019-03,2019-03-01,12144.0,731868.0,14831.24,5360.0,210496.0,20027.57,27781.0,370694.0,15177.88
2018-19,22,Chhattisgarh,2019-03,2019-03-01,5186.0,196747.0,5539.93,7316.0,175777.0,12685.16,21823.0,374187.0,11581.92
2018-19,23,Madhya Pradesh,2019-03,2019-03-01,15208.0,319594.0,8151.25,18253.0,394359.0,19403.46,63993.0,846036.0,26114.77
2018-19,24,Gujarat,2019-03,2019-03-01,108436.0,2903817.0,78516.69,118556.0,3858497.0,93192.28,114465.0,1381818.0,66747.37
2018-19,25,Daman and Diu,2019-03,2019-03-01,1112.0,35018.0,1144.76,1682.0,192933.0,5067.31,2379.0,77861.0,4384.38
2018-19,26,Dadra and Nagar Haveli,2019-03,2019-03-01,1292.0,53979.0,1900.37,1978.0,256858.0,10170.86,2991.0,117330.0,7446.04
2018-19,27,Maharashtra,2019-03,2019-03-01,120775.0,4851732.0,131474.32,101687.0,3269493.0,122820.52,181114.0,2401460.0,105944.36
2018-19,29,Karnataka,2019-03,2019-03-01,84618.0,3109880.0,59756.93,43992.0,1391745.0,49870.0,95860.0,1528940.0,53975.89
2018-19,30,Goa,2019-03,2019-03-01,1471.0,65678.0,1081.51,1550.0,56536.0,4483.47,6773.0,105734.0,3677.36
2018-19,31,Lakshadweep,2019-03,2019-03-01,0.0,0.0,0.0,2.0,3.0,0.08,39.0,473.0,13.81
2018-19,32,Kerala,2019-03,2019-03-01,32146.0,1101442.0,16690.04,13443.0,176840.0,7249.25,49603.0,723494.0,17007.48
2018-19,33,Tamil Nadu,2019-03,2019-03-01,73270.0,3462478.0,73077.09,65130.0,1776961.0,66220.9,100205.0,1539912.0,65100.36
2018-19,34,Puducherry,2019-03,2019-03-01,954.0,33307.0,1020.35,1996.0,108517.0,3430.72,5527.0,99069.0,2664.77
2018-19,35,ANDAMAN AND NICOBAR,2019-03,2019-03-01,15.0,242.0,7.17,70.0,243.0,25.54,892.0,8802.0,288.82
2018-19,36,Telangana,2019-03,2019-03-01,28229.0,1173486.0,25710.76,26453.0,557039.0,25917.8,53097.0,808072.0,30304.72
2018-19,37,Andhra Pradesh,2019-03,2019-03-01,33093.0,1144665.0,22257.84,20031.0,400814.0,27371.29,63459.0,760501.0,29660.44
2018-19,97,Other Territory,2019-03,2019-03-01,3.0,76.0,42.32,23.0,2275.0,1056.08,383.0,8149.0,1321.79
2019-20,01,Jammu and Kashmir,2020-03,2020-03-01,3478.0,89324.0,1710.980872111,1722.0,21281.0,1317.3273534290001,15026.0,132058.0,3738.8580186739996
2019-20,02,Himachal Pradesh,2020-03,2020-03-01,6878.0,163766.0,3172.5974157580004,4486.0,168840.0,7350.643869379,17006.0,194898.0,5962.654543153
2019-20,03,Punjab,2020-03,2020-03-01,55010.0,1021129.0,22606.702664743,39245.0,547052.0,16294.176239101998,55363.0,564166.0,16674.527472482
2019-20,04,Chandigarh,2020-03,2020-03-01,1995.0,17730.0,290.957189173,4428.0,55331.0,1037.15996653,7168.0,77603.0,1677.849982685
2019-20,05,Uttarakhand,2020-03,2020-03-01,10103.0,305001.0,6043.573576633999,6865.0,214143.0,10810.061696507,19634.0,278050.0,8426.965797406
2019-20,06,Haryana,2020-03,2020-03-01,57525.0,1681254.0,29423.202817934998,49742.0,1709702.0,41546.695233424,78644.0,1195500.0,39498.274108733
2019-20,07,Delhi,2020-03,2020-03-01,50610.0,570530.0,21561.229236114003,105160.0,1054087.0,26183.503726723,95496.0,998896.0,29391.279122172997
2019-20,08,Rajasthan,2020-03,2020-03-01,59201.0,996017.0,20609.874864279,40865.0,882855.0,20469.029749341,74731.0,734489.0,22016.514963755
2019-20,09,Uttar Pradesh,2020-03,2020-03-01,96276.0,2093449.0,42625.245619865,62275.0,896323.0,35641.472257712,143095.0,1519003.0,58591.82137885
2019-20,10,Bihar,2020-03,2020-03-01,6173.0,271213.0,5612.117051351001,5463.0,48581.0,1711.163649176,45033.0,443787.0,10148.210474276
2019-20,11,Sikkim,2020-03,2020-03-01,109.0,3027.0,41.774638353,167.0,4923.0,1923.4699945930001,1395.0,21175.0,624.6751200909999
2019-20,12,Arunachal Pradesh,2020-03,2020-03-01,123.0,2570.0,47.640050089999995,158.0,984.0,51.830341901,2338.0,20687.0,401.329282181
2019-20,13,Nagaland,2020-03,2020-03-01,82.0,838.0,81.914637081,207.0,2263.0,61.699701178999995,2003.0,16159.0,374.737438146
2019-20,14,Manipur,2020-03,2020-03-01,56.0,3773.0,54.816989705999994,76.0,276.0,13.169081786,2075.0,25218.0,473.058174078
2019-20,15,Mizoram,2020-03,2020-03-01,39.0,594.0,14.169011585,85.0,560.0,98.239246099,1533.0,18675.0,303.117585445
2019-20,16,Tripura,2020-03,2020-03-01,938.0,19458.0,328.93679662600005,321.0,1381.0,125.26471593599999,3442.0,25225.0,626.511052616
2019-20,17,Meghalaya,2020-03,2020-03-01,307.0,9821.0,171.300806034,348.0,24320.0,433.34838520100004,2733.0,25928.0,577.898063744
2019-20,18,Assam,2020-03,2020-03-01,10084.0,301931.0,5515.442981425,8154.0,125549.0,3956.3392706209997,21531.0,213139.0,6725.810843362
2019-20,19,West Bengal,2020-03,2020-03-01,34848.0,944064.0,25594.29410409,32397.0,508516.0,20316.904925897,50096.0,735447.0,25687.843653259
2019-20,20,Jharkhand,2020-03,2020-03-01,7643.0,256926.0,6029.676914056,6351.0,145542.0,8071.900159877,20381.0,238348.0,7741.569248732001
2019-20,21,Odisha,2020-03,2020-03-01,11759.0,550390.0,10963.161418663001,4689.0,170841.0,14636.226199354998,24934.0,250079.0,10284.200681272001
2019-20,22,Chhattisgarh,2020-03,2020-03-01,4449.0,122403.0,3411.703922272,6554.0,115167.0,8820.453127475,18919.0,267190.0,9549.396390561
2019-20,23,Madhya Pradesh,2020-03,2020-03-01,13848.0,271510.0,5856.172738115,16201.0,266288.0,12763.269939894999,56124.0,582123.0,16380.831190091001
2019-20,24,Gujarat,2020-03,2020-03-01,109942.0,2306678.0,60649.892027719,112067.0,2804237.0,66543.880113065,101907.0,1001887.0,45885.897261452
2019-20,25,Daman and Diu,2020-03,2020-03-01,1023.0,26395.0,666.3897176529999,1631.0,134730.0,3081.9266696279997,2038.0,54504.0,2321.356587455
2019-20,26,Dadra and Nagar Haveli,2020-03,2020-03-01,1251.0,44280.0,1532.5414587770001,1920.0,173354.0,6374.179204501999,2675.0,82429.0,5008.531821494999
2019-20,27,Maharashtra,2020-03,2020-03-01,109426.0,3608256.0,87262.447952259,90372.0,2371642.0,87823.45648994201,156175.0,1728375.0,68576.275579119
2019-20,29,Karnataka,2020-03,2020-03-01,81608.0,2493746.0,43077.649398503,38840.0,1011172.0,35033.970579944,88074.0,1197855.0,37519.400516449
2019-20,30,Goa,2020-03,2020-03-01,1461.0,48375.0,713.114393176,1347.0,37300.0,2706.156582677,5664.0,69761.0,2595.896381821
2019-20,31,Lakshadweep,2020-03,2020-03-01,1.0,1.0,0.0323,2.0,2.0,0.3270187,38.0,351.0,8.068018603
2019-20,32,Kerala,2020-03,2020-03-01,31921.0,851207.0,12072.309905532,11965.0,122357.0,5481.7305898330005,41495.0,468387.0,10889.449659159
2019-20,33,Tamil Nadu,2020-03,2020-03-01,70563.0,2591829.0,51595.784472025,57675.0,1269671.0,45217.723933242,87180.0,1122964.0,43667.880885054
2019-20,34,Puducherry,2020-03,2020-03-01,873.0,25949.0,751.3742752979999,1577.0,70066.0,2150.641529205,4544.0,67656.0,1937.177020197
2019-20,35,ANDAMAN AND NICOBAR,2020-03,2020-03-01,8.0,273.0,10.012131081,66.0,163.0,25.729133703,739.0,5868.0,227.384254925
2019-20,36,Telangana,2020-03,2020-03-01,33646.0,1214445.0,21707.164304456,26360.0,441128.0,19373.663756029,49251.0,661493.0,21990.131681542
2019-20,37,Andhra Pradesh,2020-03,2020-03-01,31240.0,969860.0,17769.114655487,18396.0,310103.0,21700.907436446,55426.0,559814.0,20638.405067551997
2019-20,38,Ladakh,2020-03,2020-03-01,5.0,25.0,0.861817019,3.0,3.0,0.2177703,62.0,290.0,8.050315265
2019-20,97,Other Territory,2020-03,2020-03-01,6.0,134.0,741.275779281,27.0,1780.0,689.471326025,566.0,7181.0,1636.252502717
2019-20,01,Jammu and Kashmir,2020-02,2020-02-01,3221.0,114586.0,2025.5485466,1930.0,29414.0,1857.4079503619998,16539.0,180911.0,4799.376571956
2019-20,02,Himachal Pradesh,2020-02,2020-02-01,7301.0,221694.0,4349.640996961,4811.0,243884.0,9785.411724435,19353.0,270693.0,8146.689048222001
2019-20,03,Punjab,2020-02,2020-02-01,60043.0,1440937.0,31090.167018603002,44270.0,776852.0,22167.495287506,63972.0,823934.0,23197.025699821
2019-20,04,Chandigarh,2020-02,2020-02-01,2136.0,24164.0,386.686506996,4827.0,74526.0,1373.804129737,7948.0,109773.0,2161.516671804
2019-20,05,Uttarakhand,2020-02,2020-02-01,11002.0,508251.0,8728.259008469,7699.0,317158.0,15227.332096491,22567.0,415185.0,11740.331484129
2019-20,06,Haryana,2020-02,2020-02-01,63016.0,2424272.0,41118.323681821,54964.0,2449359.0,58744.043221248,89844.0,1718576.0,54840.789449059004
2019-20,07,Delhi,2020-02,2020-02-01,57702.0,800062.0,31171.49332537,118730.0,1562952.0,37059.765960845,112229.0,1550725.0,42677.084592551
2019-20,08,Rajasthan,2020-02,2020-02-01,66708.0,1464444.0,28905.667324336,47175.0,1391038.0,29520.702265455,89778.0,1106660.0,31050.661322343
2019-20,09,Uttar Pradesh,2020-02,2020-02-01,108997.0,3103194.0,61077.58054811999,72495.0,1327973.0,50721.886335411,171040.0,2231268.0,75259.663552221
2019-20,10,Bihar,2020-02,2020-02-01,7044.0,382689.0,7122.084419627,6761.0,71828.0,2671.909586876,55198.0,712591.0,14553.500336059
2019-20,11,Sikkim,2020-02,2020-02-01,116.0,3393.0,38.68250449,172.0,9024.0,2223.264639259,1555.0,28335.0,761.3388850260001
2019-20,12,Arunachal Pradesh,2020-02,2020-02-01,138.0,3240.0,80.914507588,188.0,1595.0,67.597463179,2503.0,28328.0,489.635402885
2019-20,13,Nagaland,2020-02,2020-02-01,86.0,1223.0,82.050605241,253.0,3172.0,75.573347249,2286.0,24471.0,544.609860139
2019-20,14,Manipur,2020-02,2020-02-01,55.0,5185.0,69.137268047,101.0,427.0,18.663514127000003,2425.0,38024.0,618.407617807
2019-20,15,Mizoram,2020-02,2020-02-01,62.0,1101.0,38.616282745999996,100.0,764.0,156.58903157999998,1670.0,26770.0,424.18498336799996
2019-20,16,Tripura,2020-02,2020-02-01,984.0,24815.0,422.661967833,370.0,2012.0,186.129412126,3760.0,34592.0,748.454569561
2019-20,17,Meghalaya,2020-02,2020-02-01,326.0,13586.0,216.64572166300002,403.0,32003.0,585.97457664,3143.0,39347.0,719.879961513
2019-20,18,Assam,2020-02,2020-02-01,10611.0,395797.0,7116.227056903,9063.0,178735.0,5457.2125652370005,23517.0,293290.0,8775.152663937
2019-20,19,West Bengal,2020-02,2020-02-01,38824.0,1317681.0,35999.844390847,37260.0,718100.0,27029.979176422,57911.0,1089065.0,33509.975837319
2019-20,20,Jharkhand,2020-02,2020-02-01,8697.0,373200.0,8077.193919903,7391.0,195561.0,10454.010671887,24020.0,363706.0,10271.927270154
2019-20,21,Odisha,2020-02,2020-02-01,12475.0,686668.0,13381.413845019,5413.0,234430.0,18518.260159607,29297.0,383487.0,13968.228588181
2019-20,22,Chhattisgarh,2020-02,2020-02-01,5160.0,176001.0,4844.211612689,7700.0,169796.0,11289.454072145,22059.0,403516.0,11295.241402996
2019-20,23,Madhya Pradesh,2020-02,2020-02-01,15772.0,393983.0,7938.104663392999,18706.0,395593.0,17624.977540187,65292.0,852001.0,22667.641462382002
2019-20,24,Gujarat,2020-02,2020-02-01,120327.0,3270194.0,83063.069356516,122387.0,4164812.0,90013.01859308299,121393.0,1497662.0,65023.771826914
2019-20,25,Daman and Diu,2020-02,2020-02-01,1075.0,35403.0,914.160041257,1667.0,192311.0,4366.990286769,2210.0,77365.0,3653.666909825
2019-20,26,Dadra and Nagar Haveli,2020-02,2020-02-01,1365.0,59243.0,2074.502246338,2000.0,258788.0,8848.960192156,2881.0,115122.0,6774.072027711
2019-20,27,Maharashtra,2020-02,2020-02-01,122218.0,5090400.0,117283.65453893601,102947.0,3408052.0,115567.438303397,182533.0,2495917.0,98226.596015817
2019-20,29,Karnataka,2020-02,2020-02-01,87260.0,3241152.0,54603.839557629995,43457.0,1438430.0,45493.505041747,99914.0,1622308.0,49216.234437611
2019-20,30,Goa,2020-02,2020-02-01,1528.0,68457.0,982.6734902110001,1570.0,53992.0,3663.43912492,6719.0,107314.0,3473.475272707
2019-20,31,Lakshadweep,2020-02,2020-02-01,1.0,1.0,0.00638,2.0,5.0,0.06441533399999999,47.0,438.0,6.671579086
2019-20,32,Kerala,2020-02,2020-02-01,34489.0,1130148.0,15974.444569917001,13520.0,165732.0,7043.395938160001,48604.0,653389.0,14602.551784304998
2019-20,33,Tamil Nadu,2020-02,2020-02-01,76106.0,3382222.0,66692.862433899,65071.0,1811021.0,60307.676959786,100014.0,1548019.0,58859.834958044
2019-20,34,Puducherry,2020-02,2020-02-01,933.0,32500.0,834.569793313,1817.0,101543.0,2722.284097668,5092.0,96229.0,2281.7530084200002
2019-20,35,ANDAMAN AND NICOBAR,2020-02,2020-02-01,14.0,248.0,8.437028492,57.0,218.0,26.480178199,878.0,8665.0,232.599677415
2019-20,36,Telangana,2020-02,2020-02-01,36472.0,1530353.0,28572.30856906,29581.0,606374.0,23611.760632091,56365.0,916477.0,28654.685318540996
2019-20,37,Andhra Pradesh,2020-02,2020-02-01,33336.0,1249296.0,21585.818085852,20814.0,415843.0,27278.139596193,63691.0,791040.0,26336.451064861998
2019-20,38,Ladakh,2020-02,2020-02-01,5.0,28.0,0.870099257,3.0,13.0,0.237249246,79.0,278.0,6.103806763000001
2019-20,97,Other Territory,2020-02,2020-02-01,8.0,108.0,132.191992857,26.0,1979.0,869.7720257569999,494.0,10104.0,2432.100487919
2019-20,01,Jammu and Kashmir,2020-01,2020-01-01,2373.0,86513.0,1575.612459174,1847.0,29122.0,1881.402191425,14748.0,145545.0,4394.099692123001
2019-20,02,Himachal Pradesh,2020-01,2020-01-01,6938.0,212949.0,4350.185922687,4690.0,248977.0,10145.402478752001,18253.0,261482.0,8014.451947739999
2019-20,03,Punjab,2020-01,2020-01-01,58563.0,1397984.0,31004.777834074,44375.0,747372.0,21495.153926937,61995.0,770837.0,24068.591285513
2019-20,04,Chandigarh,2020-01,2020-01-01,2125.0,24365.0,376.382175187,4710.0,69755.0,1300.9725556120002,7787.0,105785.0,2097.785772964
2019-20,05,Uttarakhand,2020-01,2020-01-01,10763.0,517830.0,8755.991736632,7617.0,329437.0,15660.930742973998,21588.0,420160.0,12220.763549334
2019-20,06,Haryana,2020-01,2020-01-01,62282.0,2514527.0,42664.048366569,54313.0,2521784.0,58154.305568414,87925.0,1722492.0,55995.48063515699
2019-20,07,Delhi,2020-01,2020-01-01,56930.0,803058.0,30109.812274009997,116615.0,1548215.0,38525.1950009,110749.0,1520564.0,43222.674238444
2019-20,08,Rajasthan,2020-01,2020-01-01,66062.0,1424757.0,30062.202206240003,46384.0,1328222.0,29139.602877869,87832.0,1106757.0,31560.660934221003
2019-20,09,Uttar Pradesh,2020-01,2020-01-01,106284.0,3010200.0,59905.754107543995,71009.0,1315442.0,51517.932431959,163981.0,2239366.0,80516.54153578001
2019-20,10,Bihar,2020-01,2020-01-01,6639.0,353379.0,6900.074034606,6494.0,64900.0,2473.428984698,52459.0,760213.0,13947.428362227
2019-20,11,Sikkim,2020-01,2020-01-01,118.0,3557.0,41.957792512,171.0,9798.0,2195.737527289,1506.0,28181.0,814.167457083
2019-20,12,Arunachal Pradesh,2020-01,2020-01-01,119.0,2812.0,50.8984039,185.0,1527.0,74.858676017,2394.0,26727.0,505.834627616
2019-20,13,Nagaland,2020-01,2020-01-01,87.0,1003.0,40.724495187,228.0,2468.0,63.506002228999996,2217.0,22971.0,472.539122583
2019-20,14,Manipur,2020-01,2020-01-01,50.0,4989.0,75.96594239400001,94.0,438.0,13.932128199000001,2347.0,32778.0,552.2213822699999
2019-20,15,Mizoram,2020-01,2020-01-01,57.0,1140.0,40.778252570999996,99.0,631.0,135.85115180699998,1560.0,24194.0,399.728577281
2019-20,16,Tripura,2020-01,2020-01-01,960.0,21672.0,386.371383183,340.0,2062.0,200.351732454,3724.0,32260.0,708.6227003829999
2019-20,17,Meghalaya,2020-01,2020-01-01,319.0,12687.0,211.510891256,378.0,34591.0,597.133397138,3163.0,36404.0,695.849347467
2019-20,18,Assam,2020-01,2020-01-01,10041.0,359243.0,6435.346168219,8847.0,165983.0,5079.717321593,22491.0,265026.0,8364.502213932
2019-20,19,West Bengal,2020-01,2020-01-01,37443.0,1278449.0,35589.578151255,35965.0,666258.0,26885.529542542,56398.0,1049318.0,34037.369428816
2019-20,20,Jharkhand,2020-01,2020-01-01,8215.0,377512.0,8625.856706916,7059.0,192921.0,11172.831816459,23110.0,376296.0,10462.644660836999
2019-20,21,Odisha,2020-01,2020-01-01,12206.0,701262.0,13694.835023173,5191.0,242686.0,18237.420654233,29061.0,382179.0,13216.904937705
2019-20,22,Chhattisgarh,2020-01,2020-01-01,5133.0,187051.0,5038.008226833,7805.0,174738.0,11652.202757410001,21811.0,390282.0,13184.329110269
2019-20,23,Madhya Pradesh,2020-01,2020-01-01,15852.0,395801.0,8335.462946632,18491.0,385432.0,17738.794312456,64863.0,852546.0,23567.359101996
2019-20,24,Gujarat,2020-01,2020-01-01,119070.0,3366521.0,86692.83391505,121169.0,4116895.0,90018.642365389,121749.0,1512702.0,72173.963757775
2019-20,25,Daman and Diu,2020-01,2020-01-01,1093.0,37654.0,1077.977703073,1657.0,195315.0,4532.631679418,2189.0,80080.0,3952.786427425
2019-20,26,Dadra and Nagar Haveli,2020-01,2020-01-01,1356.0,60951.0,2041.3243117529998,1986.0,274471.0,9140.511358835001,2896.0,119314.0,7163.148437021001
2019-20,27,Maharashtra,2020-01,2020-01-01,121431.0,5240843.0,121686.883062393,102297.0,3406424.0,116798.28073513201,183441.0,2520935.0,101316.689068629
2019-20,29,Karnataka,2020-01,2020-01-01,86272.0,3272094.0,55395.623966196,43491.0,1435925.0,45394.459890295,98582.0,1625997.0,50007.081745595
2019-20,30,Goa,2020-01,2020-01-01,1531.0,75498.0,1076.239673753,1528.0,55646.0,3718.0757368019995,6794.0,106703.0,3406.298376202
2019-20,31,Lakshadweep,2020-01,2020-01-01,0.0,0.0,0.0,1.0,2.0,1.1,44.0,478.0,7.210726247
2019-20,32,Kerala,2020-01,2020-01-01,34377.0,1211935.0,17548.386611367,13488.0,168606.0,7283.636252652001,48402.0,674591.0,15137.7591948
2019-20,33,Tamil Nadu,2020-01,2020-01-01,73540.0,3200776.0,64165.023463905,63526.0,1685248.0,59387.53087685799,98507.0,1458501.0,61323.39724986
2019-20,34,Puducherry,2020-01,2020-01-01,895.0,30057.0,762.135187621,1720.0,93959.0,2690.866908527,5113.0,92856.0,2377.7453012759997
2019-20,35,ANDAMAN AND NICOBAR,2020-01,2020-01-01,12.0,286.0,11.227380778,62.0,270.0,30.7522287,860.0,8876.0,278.829728116
2019-20,36,Telangana,2020-01,2020-01-01,35074.0,1464396.0,28762.18959345,29020.0,608113.0,24616.575118165,55362.0,934164.0,28742.260152728002
2019-20,37,Andhra Pradesh,2020-01,2020-01-01,32210.0,1267827.0,22100.147968639,20384.0,404336.0,26311.418969709,62436.0,734007.0,28143.651023125
2019-20,38,Ladakh,2020-01,2020-01-01,3.0,20.0,5e-07,2.0,14.0,8e-07,45.0,107.0,2.546543562
2019-20,97,Other Territory,2020-01,2020-01-01,8.0,127.0,150.428074047,26.0,1741.0,758.753513729,516.0,8679.0,1688.539939889
2019-20,01,Jammu and Kashmir,2019-12,2019-12-01,1958.0,76706.0,1395.85838666,1681.0,29603.0,1925.236745954,15898.0,158332.0,4184.955328485
2019-20,02,Himachal Pradesh,2019-12,2019-12-01,6975.0,226634.0,4359.421497643,4738.0,250913.0,9997.204500912,18905.0,268288.0,7903.6500753440005
2019-20,03,Punjab,2019-12,2019-12-01,58386.0,1416637.0,30011.198876705,46440.0,819687.0,21774.603464737,62077.0,761293.0,24573.622662218
2019-20,04,Chandigarh,2019-12,2019-12-01,2068.0,24814.0,396.571300715,4666.0,70251.0,1318.2377053139999,7799.0,108880.0,2219.520886257
2019-20,05,Uttarakhand,2019-12,2019-12-01,10615.0,474816.0,8084.507024721001,7635.0,327283.0,15006.025033163001,21460.0,406082.0,11522.079285201
2019-20,06,Haryana,2019-12,2019-12-01,61536.0,2405557.0,41462.613788544,53872.0,2360711.0,57613.578066354006,86449.0,1632506.0,51973.039006221
2019-20,07,Delhi,2019-12,2019-12-01,55284.0,780054.0,29224.513549979998,114843.0,1496975.0,36410.582553268,108348.0,1382592.0,41683.834732109004
2019-20,08,Rajasthan,2019-12,2019-12-01,66017.0,1504669.0,31029.137798606,46201.0,1280667.0,29035.911632904998,87339.0,1079966.0,31317.834605299
2019-20,09,Uttar Pradesh,2019-12,2019-12-01,102139.0,2834439.0,55951.98098775,69325.0,1250230.0,48352.544259491995,158828.0,2048809.0,61021.605025947996
2019-20,10,Bihar,2019-12,2019-12-01,6354.0,362404.0,6942.604197505,6340.0,63721.0,2509.865430198,48676.0,562529.0,13188.559636495
2019-20,11,Sikkim,2019-12,2019-12-01,112.0,3751.0,44.435922651999995,172.0,9038.0,2248.089345766,1436.0,27409.0,769.532294277
2019-20,12,Arunachal Pradesh,2019-12,2019-12-01,111.0,2552.0,39.720554623000005,168.0,1185.0,61.438240992,2260.0,23657.0,405.15184542
2019-20,13,Nagaland,2019-12,2019-12-01,80.0,803.0,30.022813469,241.0,2381.0,79.265208782,2066.0,19691.0,445.792931989
2019-20,14,Manipur,2019-12,2019-12-01,46.0,4444.0,66.905342332,65.0,236.0,9.631282375,2164.0,31745.0,529.861947502
2019-20,15,Mizoram,2019-12,2019-12-01,51.0,1187.0,67.774221554,88.0,884.0,162.70113717,1474.0,24124.0,365.82897075
2019-20,16,Tripura,2019-12,2019-12-01,918.0,21622.0,378.455879108,332.0,2119.0,248.898609956,3505.0,29586.0,706.004200942
2019-20,17,Meghalaya,2019-12,2019-12-01,274.0,11970.0,165.170734683,331.0,27814.0,491.959753395,2809.0,32024.0,638.0231667319999
2019-20,18,Assam,2019-12,2019-12-01,9263.0,302285.0,5568.704671527,8028.0,153977.0,4859.522682075,20538.0,227097.0,7835.985689300999
2019-20,19,West Bengal,2019-12,2019-12-01,36250.0,1276706.0,35113.264024187,35324.0,624974.0,25510.291628737,55740.0,963202.0,33251.445460882
2019-20,20,Jharkhand,2019-12,2019-12-01,7997.0,367058.0,8056.7819862490005,6873.0,197541.0,10272.7510434,22287.0,329829.0,9883.971973377
2019-20,21,Odisha,2019-12,2019-12-01,11913.0,691294.0,12477.636157061,5235.0,223875.0,17857.970103757,28261.0,371908.0,13868.244509548998
2019-20,22,Chhattisgarh,2019-12,2019-12-01,4897.0,185652.0,4782.862237535,7495.0,170428.0,11156.172335239,21429.0,367192.0,9921.013016230001
2019-20,23,Madhya Pradesh,2019-12,2019-12-01,15433.0,384233.0,8388.843464811,18411.0,388214.0,18074.071748369,63672.0,788583.0,22697.040824620002
2019-20,24,Gujarat,2019-12,2019-12-01,117427.0,3386352.0,87581.85645869201,120011.0,3788951.0,89851.860580674,120724.0,1502452.0,66766.4590598
2019-20,25,Daman and Diu,2019-12,2019-12-01,1090.0,37175.0,1075.3339728610001,1674.0,191028.0,4669.332182974,2236.0,80568.0,4790.40724176
2019-20,26,Dadra and Nagar Haveli,2019-12,2019-12-01,1312.0,59320.0,2069.782872322,1979.0,274682.0,9386.362927223,2842.0,117190.0,6929.945903188001
2019-20,27,Maharashtra,2019-12,2019-12-01,116701.0,4921122.0,117116.628871389,100388.0,3295539.0,104808.06294746601,180119.0,2453531.0,98503.364262118
2019-20,29,Karnataka,2019-12,2019-12-01,84215.0,3180236.0,54581.441669765,43269.0,1421514.0,46220.141762727,97395.0,1563700.0,48496.522918115
2019-20,30,Goa,2019-12,2019-12-01,1511.0,72853.0,1005.2510724629999,1491.0,51354.0,3559.955567907,6777.0,102250.0,3444.5698627120005
2019-20,31,Lakshadweep,2019-12,2019-12-01,0.0,0.0,0.0,0.0,0.0,0.0,44.0,374.0,11.470004111
2019-20,32,Kerala,2019-12,2019-12-01,33733.0,1165294.0,16853.643336415,13188.0,164329.0,7566.009887839,47895.0,695412.0,14678.988775570002
2019-20,33,Tamil Nadu,2019-12,2019-12-01,73205.0,3237917.0,64066.04752920601,63962.0,1723096.0,61929.12693451,100364.0,1569380.0,62516.485078390004
2019-20,34,Puducherry,2019-12,2019-12-01,941.0,31414.0,988.4490088379999,1742.0,102197.0,3088.849657863,5199.0,96083.0,2556.554523832
2019-20,35,ANDAMAN AND NICOBAR,2019-12,2019-12-01,12.0,187.0,5.910647875,51.0,153.0,15.195640652000002,811.0,8964.0,237.84163747600002
2019-20,36,Telangana,2019-12,2019-12-01,32846.0,1396777.0,27249.165635947,28621.0,622112.0,24766.863989409,55128.0,918515.0,28664.221240338
2019-20,37,Andhra Pradesh,2019-12,2019-12-01,32633.0,1307841.0,22873.907796624,20066.0,406018.0,27074.977773089002,66539.0,923351.0,28266.454557589
2019-20,97,Other Territory,2019-12,2019-12-01,5.0,129.0,68.75889978,25.0,1848.0,697.8963209770001,692.0,8749.0,1713.672018839
2019-20,01,Jammu and Kashmir,2019-11,2019-11-01,2081.0,85241.0,1558.936785341,1685.0,29108.0,1903.13346538,17280.0,186698.0,4515.888941457
2019-20,02,Himachal Pradesh,2019-11,2019-11-01,6959.0,234294.0,4380.585966471,4757.0,258209.0,10032.199517125999,20624.0,282829.0,7815.033339349001
2019-20,03,Punjab,2019-11,2019-11-01,57771.0,1406179.0,29028.521233408002,47804.0,951549.0,22287.420422519,62490.0,761231.0,23092.595113302
2019-20,04,Chandigarh,2019-11,2019-11-01,2047.0,24218.0,349.569813457,4765.0,72348.0,1265.130223092,8059.0,110322.0,2074.219403732
2019-20,05,Uttarakhand,2019-11,2019-11-01,10506.0,517989.0,11633.144388722,7554.0,325003.0,14714.801878616001,22966.0,416219.0,12789.693903503
2019-20,06,Haryana,2019-11,2019-11-01,61441.0,2359428.0,40493.518714273,54039.0,2318797.0,55252.896145599,87938.0,1578581.0,49393.986901414
2019-20,07,Delhi,2019-11,2019-11-01,55438.0,779378.0,28764.83066029,116989.0,1601844.0,36144.342219485,109840.0,1447289.0,41089.596340814
2019-20,08,Rajasthan,2019-11,2019-11-01,64518.0,1464990.0,29999.754906244,45540.0,1198204.0,27270.555802773,89420.0,1076717.0,32047.520542959002
2019-20,09,Uttar Pradesh,2019-11,2019-11-01,104967.0,3043028.0,57906.99721912901,70360.0,1236569.0,46616.584155545,167244.0,2052507.0,61893.228762265004
2019-20,10,Bihar,2019-11,2019-11-01,6312.0,358766.0,7048.434994582,5939.0,58467.0,2120.662909904,51617.0,525178.0,13403.617113945
2019-20,11,Sikkim,2019-11,2019-11-01,113.0,3721.0,47.258069747,168.0,9287.0,2399.632340993,1552.0,28593.0,785.135180078
2019-20,12,Arunachal Pradesh,2019-11,2019-11-01,121.0,2908.0,44.848973817,216.0,1574.0,75.60931945700001,2833.0,29628.0,483.67921858500006
2019-20,13,Nagaland,2019-11,2019-11-01,82.0,886.0,39.268534107,230.0,2150.0,70.143699392,2452.0,23709.0,537.5285704529999
2019-20,14,Manipur,2019-11,2019-11-01,52.0,4339.0,62.806293016,104.0,508.0,21.911485846,2382.0,36521.0,606.087756179
2019-20,15,Mizoram,2019-11,2019-11-01,21.0,730.0,13.912556412,73.0,379.0,26.298359094,1778.0,26973.0,443.41774587
2019-20,16,Tripura,2019-11,2019-11-01,927.0,24208.0,416.738004237,388.0,2495.0,244.84480464299997,3938.0,34062.0,709.8810266109999
2019-20,17,Meghalaya,2019-11,2019-11-01,291.0,11635.0,209.133887002,376.0,28162.0,484.32079533599995,3361.0,40164.0,753.7244262720001
2019-20,18,Assam,2019-11,2019-11-01,10460.0,383039.0,6736.889164292,9125.0,184310.0,5858.21590736,23858.0,262491.0,8423.209948087
2019-20,19,West Bengal,2019-11,2019-11-01,37277.0,1283832.0,35187.913099765996,36519.0,649465.0,26087.908511825,58052.0,915398.0,32678.453290048998
2019-20,20,Jharkhand,2019-11,2019-11-01,8002.0,350537.0,7578.584255647,6911.0,177745.0,9699.838983298,23455.0,312776.0,9805.885595169999
2019-20,21,Odisha,2019-11,2019-11-01,11649.0,653303.0,11623.502847812,5147.0,200532.0,18174.043013423998,28344.0,341178.0,12810.649628094001
2019-20,22,Chhattisgarh,2019-11,2019-11-01,4833.0,181973.0,4656.82330097,7362.0,162008.0,10358.075737916,21316.0,313059.0,9089.046984311
2019-20,23,Madhya Pradesh,2019-11,2019-11-01,15360.0,373800.0,8112.2836019470005,18262.0,377397.0,17114.337216804,65167.0,761316.0,22362.90346423
2019-20,24,Gujarat,2019-11,2019-11-01,111212.0,3001222.0,75753.014068634,114907.0,3226326.0,84076.729046084,117439.0,1417453.0,67216.283589517
2019-20,25,Daman and Diu,2019-11,2019-11-01,1059.0,35303.0,975.9286039030001,1624.0,182014.0,4192.847964705999,2205.0,75581.0,3596.613361802
2019-20,26,Dadra and Nagar Haveli,2019-11,2019-11-01,1256.0,54991.0,1892.5460429900002,1932.0,251663.0,8446.959182437,2848.0,109473.0,6416.405483556
2019-20,27,Maharashtra,2019-11,2019-11-01,115330.0,4671961.0,109734.921152566,99230.0,3067827.0,95914.38421083,178404.0,2269764.0,93175.030587798
2019-20,29,Karnataka,2019-11,2019-11-01,83251.0,3000476.0,51428.689891192,42870.0,1303704.0,42672.234290190994,95818.0,1458964.0,46053.324241675
2019-20,30,Goa,2019-11,2019-11-01,1506.0,69416.0,977.352021383,1553.0,51634.0,3253.351170038,7092.0,106279.0,3316.5827447
2019-20,31,Lakshadweep,2019-11,2019-11-01,0.0,0.0,0.0,2.0,2.0,0.7282236,50.0,386.0,12.963528245000001
2019-20,32,Kerala,2019-11,2019-11-01,34027.0,1121476.0,15850.984640242,13553.0,162983.0,7157.292811308999,48569.0,613631.0,14079.528588907999
2019-20,33,Tamil Nadu,2019-11,2019-11-01,72885.0,3245499.0,62908.275865658,64216.0,1679001.0,58915.508023049,98143.0,1386182.0,55856.643833941
2019-20,34,Puducherry,2019-11,2019-11-01,897.0,29829.0,848.2304870180001,1781.0,96886.0,2739.199764387,5195.0,91583.0,2395.7575407639997
2019-20,35,ANDAMAN AND NICOBAR,2019-11,2019-11-01,9.0,239.0,8.000477078,55.0,227.0,26.875770518,945.0,9077.0,217.624420936
2019-20,36,Telangana,2019-11,2019-11-01,29406.0,1212885.0,22219.903618934,27186.0,553189.0,22220.398782623997,53818.0,816233.0,26711.734203984
2019-20,37,Andhra Pradesh,2019-11,2019-11-01,30663.0,1194557.0,19977.899414225,19702.0,385216.0,25577.392431061,64356.0,805431.0,27208.528747403
2019-20,97,Other Territory,2019-11,2019-11-01,3.0,45.0,160.25269138800002,23.0,2360.0,1371.303722157,651.0,8469.0,1884.3174714020001
2019-20,01,Jammu and Kashmir,2019-10,2019-10-01,2220.0,86320.0,1628.4331489219999,1685.0,28228.0,1929.184240923,16767.0,199361.0,4489.645773887
2019-20,02,Himachal Pradesh,2019-10,2019-10-01,7128.0,241392.0,4430.10727015,4689.0,248559.0,9562.120630322,21675.0,289848.0,7994.8383242479995
2019-20,03,Punjab,2019-10,2019-10-01,56596.0,1446370.0,29465.73238218,47334.0,977679.0,22795.84140695,63677.0,835529.0,23413.42465778
2019-20,04,Chandigarh,2019-10,2019-10-01,2104.0,28641.0,432.621984591,4852.0,75677.0,1295.292359736,8157.0,120323.0,2305.849714603
2019-20,05,Uttarakhand,2019-10,2019-10-01,10368.0,478405.0,8694.854368533,7181.0,311591.0,14635.926633872,23406.0,396544.0,12469.988211735
2019-20,06,Haryana,2019-10,2019-10-01,60979.0,2298665.0,39645.902552624,53492.0,2319117.0,54698.86242341,88618.0,1637896.0,50598.918010985
2019-20,07,Delhi,2019-10,2019-10-01,56194.0,835362.0,29824.19702342,118339.0,1629612.0,35064.665196343,111856.0,1629143.0,42553.157017264
2019-20,08,Rajasthan,2019-10,2019-10-01,65324.0,1515969.0,29853.356107943,45236.0,1248456.0,26562.368989088,92529.0,1109874.0,31149.84725268
2019-20,09,Uttar Pradesh,2019-10,2019-10-01,105089.0,2997615.0,58570.074867446994,69961.0,1238049.0,48790.150761432,166400.0,2263717.0,64113.72467564399
2019-20,10,Bihar,2019-10,2019-10-01,6200.0,371253.0,7516.128025612,5633.0,51695.0,1978.5632232970001,50824.0,597949.0,12897.281656042
2019-20,11,Sikkim,2019-10,2019-10-01,99.0,2933.0,36.800248495999995,156.0,7362.0,1781.750103311,1510.0,24355.0,683.338589638
2019-20,12,Arunachal Pradesh,2019-10,2019-10-01,112.0,2258.0,36.906906178,176.0,1307.0,64.606810483,2704.0,27145.0,411.248861681
2019-20,13,Nagaland,2019-10,2019-10-01,74.0,786.0,33.136238049,227.0,1371.0,53.681976202,2298.0,21052.0,431.20931777600003
2019-20,14,Manipur,2019-10,2019-10-01,47.0,4315.0,68.656755082,85.0,357.0,12.197068309999999,2389.0,34943.0,563.364564146
2019-20,15,Mizoram,2019-10,2019-10-01,22.0,866.0,12.916100384,52.0,243.0,12.831980248,1652.0,25856.0,382.626352285
2019-20,16,Tripura,2019-10,2019-10-01,834.0,17628.0,309.967760375,319.0,1867.0,171.198146825,3424.0,28248.0,627.255183226
2019-20,17,Meghalaya,2019-10,2019-10-01,270.0,9748.0,193.223164297,358.0,24099.0,404.204488529,3178.0,38359.0,761.148078767
2019-20,18,Assam,2019-10,2019-10-01,9833.0,349819.0,6273.768228997,8700.0,165515.0,5333.284845232,22801.0,241191.0,7720.3837171919995
2019-20,19,West Bengal,2019-10,2019-10-01,33871.0,1068672.0,30088.441421081,33616.0,581558.0,23324.322073174,54231.0,863497.0,30320.149222008
2019-20,20,Jharkhand,2019-10,2019-10-01,7457.0,308857.0,6765.019268604,6082.0,151482.0,8505.920437243,22932.0,289040.0,8988.195230936
2019-20,21,Odisha,2019-10,2019-10-01,11456.0,634623.0,11762.77892899,4836.0,169816.0,16645.19011776,26411.0,311977.0,12185.539570624
2019-20,22,Chhattisgarh,2019-10,2019-10-01,4766.0,173009.0,4376.717128851,6962.0,143201.0,9305.464309953999,21481.0,299324.0,9279.513248682
2019-20,23,Madhya Pradesh,2019-10,2019-10-01,14985.0,360023.0,7970.982477989999,17721.0,350654.0,15274.168342063,64934.0,771601.0,21595.964045772
2019-20,24,Gujarat,2019-10,2019-10-01,112180.0,2826782.0,68590.48906106899,118995.0,4054270.0,84792.892542601,113006.0,1331331.0,60737.405925871
2019-20,25,Daman and Diu,2019-10,2019-10-01,1091.0,32644.0,850.4856456140001,1663.0,172107.0,3921.9208477559996,2273.0,69981.0,4936.662494808
2019-20,26,Dadra and Nagar Haveli,2019-10,2019-10-01,1274.0,52898.0,1803.487457674,1937.0,221424.0,7714.424517122,2874.0,103355.0,6163.819215324
2019-20,27,Maharashtra,2019-10,2019-10-01,115418.0,4588478.0,105754.27889014101,97972.0,3008823.0,91431.37146446,181986.0,2406137.0,92934.650357037
2019-20,29,Karnataka,2019-10,2019-10-01,80789.0,2902228.0,50152.122877827,41695.0,1319697.0,40569.268993844,93513.0,1485804.0,46205.938811504
2019-20,30,Goa,2019-10,2019-10-01,1393.0,63343.0,967.840070111,1457.0,49644.0,3175.302087029,7019.0,97037.0,2990.9311392259997
2019-20,31,Lakshadweep,2019-10,2019-10-01,1.0,2.0,3.4795431,1.0,1.0,0.0084535,43.0,333.0,6.842966962
2019-20,32,Kerala,2019-10,2019-10-01,32406.0,1030350.0,14235.269413298001,13120.0,160931.0,6413.226192902,45999.0,592849.0,13221.540158176
2019-20,33,Tamil Nadu,2019-10,2019-10-01,72376.0,3147361.0,61058.543307044994,62832.0,1615517.0,57124.369143993004,99840.0,1477047.0,54515.415234795
2019-20,34,Puducherry,2019-10,2019-10-01,904.0,30410.0,959.6431699440001,1749.0,92391.0,2590.08514025,5318.0,94731.0,2245.816092855
2019-20,35,ANDAMAN AND NICOBAR,2019-10,2019-10-01,9.0,158.0,12.773421276,60.0,338.0,31.653579655,912.0,8340.0,210.932335661
2019-20,36,Telangana,2019-10,2019-10-01,26927.0,1170102.0,21047.234155506,24223.0,514891.0,19913.391607851998,52033.0,814673.0,25599.045445613
2019-20,37,Andhra Pradesh,2019-10,2019-10-01,29167.0,1154969.0,19168.749504609,18854.0,347189.0,24596.275231958,60924.0,687269.0,25564.230567016002
2019-20,97,Other Territory,2019-10,2019-10-01,4.0,49.0,59.33837572,19.0,1958.0,1215.0059616610001,648.0,7720.0,1938.383528155
2019-20,01,Jammu and Kashmir,2019-09,2019-09-01,2376.0,87262.0,1627.654487064,1592.0,29813.0,2219.71471267,14103.0,147501.0,4017.253624168
2019-20,02,Himachal Pradesh,2019-09,2019-09-01,6897.0,245509.0,4528.113064973,4795.0,264720.0,10341.521744393,21068.0,294454.0,7891.175530567999
2019-20,03,Punjab,2019-09,2019-09-01,53120.0,1318286.0,27812.141990633,46160.0,904146.0,22126.997958117,62485.0,790358.0,23590.312295873002
2019-20,04,Chandigarh,2019-09,2019-09-01,2102.0,26762.0,401.107040321,4818.0,74773.0,1299.42237704,8003.0,113068.0,2177.586494697
2019-20,05,Uttarakhand,2019-09,2019-09-01,10390.0,483854.0,8137.467777403,7362.0,320297.0,14874.508519771,22881.0,397492.0,11509.100234482
2019-20,06,Haryana,2019-09,2019-09-01,60744.0,2411934.0,42155.287031392,53556.0,2302566.0,55064.139324405005,88430.0,1636296.0,55074.09408405799
2019-20,07,Delhi,2019-09,2019-09-01,56874.0,829192.0,27051.457024057,118952.0,1703021.0,35842.394688412,112279.0,1569926.0,42789.924345237
2019-20,08,Rajasthan,2019-09,2019-09-01,62483.0,1379449.0,26484.249883458,45142.0,1220764.0,26162.206022029,87433.0,1034162.0,30244.782839990996
2019-20,09,Uttar Pradesh,2019-09,2019-09-01,101837.0,2817118.0,56639.071220063,69359.0,1257516.0,53871.005292254,161214.0,2043834.0,67348.203947346
2019-20,10,Bihar,2019-09,2019-09-01,6128.0,326733.0,6714.165861487,6063.0,56545.0,1893.526934455,52542.0,690621.0,13305.089417656
2019-20,11,Sikkim,2019-09,2019-09-01,108.0,3642.0,42.14548684,167.0,9420.0,2312.988495646,1574.0,28922.0,719.205875184
2019-20,12,Arunachal Pradesh,2019-09,2019-09-01,112.0,2409.0,40.400810843,178.0,1365.0,68.160490213,2732.0,28301.0,418.372536063
2019-20,13,Nagaland,2019-09,2019-09-01,81.0,782.0,30.025395620999998,228.0,1778.0,72.5848504,2395.0,22581.0,467.113108714
2019-20,14,Manipur,2019-09,2019-09-01,50.0,3788.0,63.71009256,104.0,471.0,14.637004007,2452.0,35954.0,591.958550993
2019-20,15,Mizoram,2019-09,2019-09-01,19.0,793.0,10.527881618,79.0,364.0,58.203005738,1596.0,24720.0,362.775957373
2019-20,16,Tripura,2019-09,2019-09-01,850.0,21208.0,333.473562099,327.0,1819.0,159.341060005,4054.0,35364.0,713.016386785
2019-20,17,Meghalaya,2019-09,2019-09-01,284.0,9833.0,156.45145118699998,381.0,26646.0,454.83095215500003,3274.0,39404.0,715.642292761
2019-20,18,Assam,2019-09,2019-09-01,10468.0,376251.0,6712.734764432,8972.0,174905.0,5374.60345548,25433.0,286316.0,8564.598923291
2019-20,19,West Bengal,2019-09,2019-09-01,37613.0,1260269.0,35404.357669665005,37378.0,706644.0,26252.225391672,57909.0,1017471.0,35414.772651228996
2019-20,20,Jharkhand,2019-09,2019-09-01,7565.0,353268.0,7017.601742789,6076.0,173066.0,8990.96532964,24496.0,326353.0,9620.54670442
2019-20,21,Odisha,2019-09,2019-09-01,11649.0,572438.0,11267.822539847,5016.0,168209.0,16979.856647979002,27667.0,357267.0,12659.935174545
2019-20,22,Chhattisgarh,2019-09,2019-09-01,4708.0,154507.0,4248.450115930999,7041.0,149737.0,9053.937427695,21694.0,312450.0,9353.609069981
2019-20,23,Madhya Pradesh,2019-09,2019-09-01,13923.0,285545.0,6227.060457691,17704.0,364977.0,15790.561441001,61848.0,687123.0,19814.6441239
2019-20,24,Gujarat,2019-09,2019-09-01,109954.0,2830146.0,68653.231854415,117120.0,3803358.0,85175.16655595,116440.0,1370147.0,65480.222655401
2019-20,25,Daman and Diu,2019-09,2019-09-01,1107.0,34513.0,950.491773763,1650.0,179591.0,4321.11295279,2277.0,72487.0,3485.0508723400003
2019-20,26,Dadra and Nagar Haveli,2019-09,2019-09-01,1276.0,56105.0,1783.47392701,1926.0,240521.0,8477.604654781,2836.0,105659.0,6183.81954627
2019-20,27,Maharashtra,2019-09,2019-09-01,114219.0,4432991.0,105185.264422786,98186.0,3153604.0,97101.464736365,177988.0,2340624.0,95144.437504668
2019-20,29,Karnataka,2019-09,2019-09-01,81226.0,2849655.0,50656.942334841,42269.0,1358923.0,42042.230865711,93432.0,1526226.0,48212.982415764
2019-20,30,Goa,2019-09,2019-09-01,1352.0,52361.0,848.686905446,1430.0,47286.0,3228.618837173,6444.0,92549.0,2803.214351752
2019-20,31,Lakshadweep,2019-09,2019-09-01,1.0,1.0,0.2385213,1.0,1.0,0.00972,38.0,260.0,11.225508593999999
2019-20,32,Kerala,2019-09,2019-09-01,31165.0,981452.0,14215.581079364001,12733.0,153567.0,6138.382494074,45438.0,548032.0,13698.617427856
2019-20,33,Tamil Nadu,2019-09,2019-09-01,73859.0,3172739.0,63983.382772352,63334.0,1635102.0,59145.634571122,101953.0,1700303.0,58648.61004765
2019-20,34,Puducherry,2019-09,2019-09-01,917.0,31633.0,1822.1469411819999,1767.0,92830.0,2791.3548090950003,5318.0,101981.0,2611.909293493
2019-20,35,ANDAMAN AND NICOBAR,2019-09,2019-09-01,9.0,162.0,5.2374493310000005,67.0,181.0,21.411123293,886.0,8664.0,183.377145249
2019-20,36,Telangana,2019-09,2019-09-01,27340.0,1102042.0,21608.797262468,24298.0,505046.0,20950.596987975,53871.0,896056.0,27648.569396151
2019-20,37,Andhra Pradesh,2019-09,2019-09-01,29091.0,1084817.0,19024.855991712,18806.0,343309.0,23675.207856631,60597.0,675768.0,25652.090393036
2019-20,97,Other Territory,2019-09,2019-09-01,4.0,53.0,19.014564581000002,19.0,2052.0,903.304169578,540.0,7743.0,1112.9386253540001
2019-20,01,Jammu and Kashmir,2019-08,2019-08-01,3351.0,93174.0,1674.562984759,1480.0,27989.0,2266.991112338,12411.0,107628.0,3520.8207541760003
2019-20,02,Himachal Pradesh,2019-08,2019-08-01,6745.0,226419.0,4239.061759288,4704.0,255040.0,9935.228948038,18498.0,274166.0,7738.281340105001
2019-20,03,Punjab,2019-08,2019-08-01,47904.0,1153924.0,25497.220773236,43150.0,773560.0,20606.381921791,59185.0,723804.0,22543.579254582
2019-20,04,Chandigarh,2019-08,2019-08-01,2048.0,26774.0,406.643062086,4676.0,73481.0,1253.331825968,7760.0,105758.0,2071.644905319
2019-20,05,Uttarakhand,2019-08,2019-08-01,10025.0,457775.0,8788.511369360001,7188.0,314306.0,14599.037678358,21346.0,371250.0,10857.730753021
2019-20,06,Haryana,2019-08,2019-08-01,58226.0,2244517.0,38898.714928595,51983.0,2081575.0,51305.55006166,84313.0,1482335.0,50607.846784668
2019-20,07,Delhi,2019-08,2019-08-01,54975.0,783944.0,26194.022698192002,114460.0,1540366.0,33502.041494259,109145.0,1425951.0,40342.014214533
2019-20,08,Rajasthan,2019-08,2019-08-01,59501.0,1286055.0,24938.050706251,43219.0,1133443.0,25019.554607894,80492.0,923351.0,28848.114665563
2019-20,09,Uttar Pradesh,2019-08,2019-08-01,98349.0,2796736.0,54106.537539926,66320.0,1166448.0,47743.296899902,151314.0,1802511.0,63728.044939907995
2019-20,10,Bihar,2019-08,2019-08-01,6043.0,341071.0,6756.5663769699995,5872.0,56995.0,2005.72991715,47597.0,573506.0,12541.875040150999
2019-20,11,Sikkim,2019-08,2019-08-01,108.0,3671.0,43.791777020999994,163.0,9449.0,2257.954738932,1479.0,27476.0,732.983085447
2019-20,12,Arunachal Pradesh,2019-08,2019-08-01,106.0,2229.0,39.320427777,167.0,1158.0,58.708638992999994,2516.0,25290.0,425.984609281
2019-20,13,Nagaland,2019-08,2019-08-01,71.0,678.0,20.524482861000003,234.0,1884.0,72.459153539,2290.0,21952.0,452.19335718599996
2019-20,14,Manipur,2019-08,2019-08-01,48.0,2968.0,50.942458259,86.0,288.0,10.205778572,2364.0,34168.0,562.1347721850001
2019-20,15,Mizoram,2019-08,2019-08-01,19.0,666.0,9.91757537,99.0,883.0,235.13459015,1599.0,23811.0,355.46469311100003
2019-20,16,Tripura,2019-08,2019-08-01,778.0,18064.0,300.258794154,305.0,1919.0,177.395476457,4323.0,42235.0,780.042171958
2019-20,17,Meghalaya,2019-08,2019-08-01,279.0,9506.0,166.34057581300002,362.0,25215.0,422.60167660900004,3188.0,38462.0,681.046025025
2019-20,18,Assam,2019-08,2019-08-01,9991.0,375892.0,6565.967692959,8479.0,169041.0,5601.788025211,24944.0,304884.0,8484.887404933
2019-20,19,West Bengal,2019-08,2019-08-01,37280.0,1226704.0,33806.400334898,36512.0,650330.0,26566.511730886,58169.0,1074585.0,34187.62552772
2019-20,20,Jharkhand,2019-08,2019-08-01,7691.0,378580.0,7015.6069290899995,6244.0,157855.0,9532.204915727001,23061.0,319252.0,9284.140678726
2019-20,21,Odisha,2019-08,2019-08-01,11440.0,578006.0,11752.663457362,5036.0,188633.0,17121.721503173,27095.0,334472.0,12853.560598465
2019-20,22,Chhattisgarh,2019-08,2019-08-01,4595.0,151197.0,4282.27571754,6935.0,149237.0,9413.851052984,20966.0,349854.0,9403.643861900999
2019-20,23,Madhya Pradesh,2019-08,2019-08-01,13482.0,267842.0,5892.719731196,17058.0,340879.0,15487.573981881,59519.0,669207.0,19959.461413904002
2019-20,24,Gujarat,2019-08,2019-08-01,105942.0,2670030.0,66175.326216032,114473.0,3420764.0,83059.922085819,112104.0,1322808.0,67660.793496065
2019-20,25,Daman and Diu,2019-08,2019-08-01,1125.0,37110.0,992.6912885790001,1654.0,183204.0,4327.860644264,2295.0,76394.0,3964.953604133
2019-20,26,Dadra and Nagar Haveli,2019-08,2019-08-01,1268.0,56622.0,1732.696594627,1936.0,241967.0,8518.439874139,2824.0,109427.0,6629.723792403
2019-20,27,Maharashtra,2019-08,2019-08-01,114127.0,4505808.0,104844.62687100799,97759.0,2995266.0,96244.659774784,173578.0,2202613.0,95961.777870102
2019-20,29,Karnataka,2019-08,2019-08-01,80587.0,3013912.0,50584.309067012,41853.0,1374714.0,41654.996459615,92323.0,1471611.0,48991.401414902
2019-20,30,Goa,2019-08,2019-08-01,1384.0,59018.0,933.880578339,1381.0,51111.0,3425.313728911,6549.0,96769.0,3065.8048646459997
2019-20,31,Lakshadweep,2019-08,2019-08-01,1.0,5.0,1.4098212,1.0,1.0,0.011075027000000001,27.0,163.0,2.908035748
2019-20,32,Kerala,2019-08,2019-08-01,32040.0,1083507.0,15917.781104310001,12652.0,161727.0,6656.6863276330005,50378.0,740444.0,16761.358226498
2019-20,33,Tamil Nadu,2019-08,2019-08-01,73795.0,3393522.0,66935.42853923001,64566.0,1699413.0,61007.40792664499,100080.0,1524926.0,59636.323172617005
2019-20,34,Puducherry,2019-08,2019-08-01,899.0,32568.0,929.6047069819999,1757.0,93392.0,2746.163306952,5324.0,96353.0,2500.1529091810003
2019-20,35,ANDAMAN AND NICOBAR,2019-08,2019-08-01,13.0,186.0,21.470044553,61.0,212.0,23.202641038,876.0,8721.0,183.612616554
2019-20,36,Telangana,2019-08,2019-08-01,27401.0,1153247.0,22078.240913968,24742.0,529848.0,20820.517138847,52776.0,818351.0,27126.364482957997
2019-20,37,Andhra Pradesh,2019-08,2019-08-01,29221.0,1124568.0,18695.717194652,18714.0,366648.0,24378.465335948,60382.0,662468.0,25329.732572961
2019-20,97,Other Territory,2019-08,2019-08-01,4.0,48.0,27.678022019,20.0,2283.0,854.252805597,503.0,7967.0,1107.9163514860002
2019-20,01,Jammu and Kashmir,2019-07,2019-07-01,4704.0,169242.0,2820.43823711,2186.0,32782.0,2535.905122086,17375.0,181854.0,5215.586887505
2019-20,02,Himachal Pradesh,2019-07,2019-07-01,6937.0,239416.0,4551.074183822,4749.0,267112.0,10310.175692871,19053.0,278086.0,7859.95553459
2019-20,03,Punjab,2019-07,2019-07-01,47646.0,1190592.0,26434.009305738,42864.0,741975.0,20892.061673554002,58900.0,705330.0,22698.919773638
2019-20,04,Chandigarh,2019-07,2019-07-01,2101.0,26891.0,382.343803062,4702.0,73811.0,1294.810071904,7606.0,102087.0,2074.562065928
2019-20,05,Uttarakhand,2019-07,2019-07-01,10111.0,479367.0,7965.0222932490005,6912.0,289545.0,14072.524438814999,20395.0,379314.0,11033.254608283
2019-20,06,Haryana,2019-07,2019-07-01,58060.0,2425898.0,40937.290679306,51893.0,2120736.0,51900.792984609005,84528.0,1483006.0,51529.236079828006
2019-20,07,Delhi,2019-07,2019-07-01,54972.0,798820.0,28226.421770614,114984.0,1486349.0,33667.646012714,109681.0,1366284.0,39518.307113823
2019-20,08,Rajasthan,2019-07,2019-07-01,61451.0,1376745.0,26479.863874464,44758.0,1190762.0,26260.456610957997,83354.0,994455.0,30182.945108187
2019-20,09,Uttar Pradesh,2019-07,2019-07-01,98232.0,2777940.0,58091.195430303,65622.0,1142613.0,46259.542604459995,149140.0,1761790.0,60993.411647649
2019-20,10,Bihar,2019-07,2019-07-01,6092.0,338937.0,6609.239002406,6037.0,57720.0,1998.479556166,44609.0,467463.0,11775.251847067999
2019-20,11,Sikkim,2019-07,2019-07-01,109.0,3725.0,49.011803713999996,141.0,8191.0,2005.646752041,1447.0,25893.0,687.0045879300001
2019-20,12,Arunachal Pradesh,2019-07,2019-07-01,102.0,2112.0,29.406002068,172.0,1224.0,79.76901190599999,2374.0,23134.0,378.014241202
2019-20,13,Nagaland,2019-07,2019-07-01,73.0,878.0,36.467677671,231.0,1735.0,68.987436539,2254.0,21538.0,429.63324732399997
2019-20,14,Manipur,2019-07,2019-07-01,44.0,3217.0,52.995082629,85.0,334.0,7.954089693000001,2317.0,36054.0,558.794070012
2019-20,15,Mizoram,2019-07,2019-07-01,19.0,684.0,8.428869087,90.0,984.0,239.167840066,1483.0,22614.0,278.485535051
2019-20,16,Tripura,2019-07,2019-07-01,739.0,16552.0,277.078173746,316.0,1832.0,180.036166582,3610.0,33957.0,627.267737816
2019-20,17,Meghalaya,2019-07,2019-07-01,297.0,8684.0,160.465553608,359.0,21718.0,384.24264037800003,2929.0,33163.0,621.410562554
2019-20,18,Assam,2019-07,2019-07-01,9865.0,342191.0,5840.970664154,8109.0,167286.0,5428.381724492,21717.0,234535.0,7691.296960602001
2019-20,19,West Bengal,2019-07,2019-07-01,37279.0,1241782.0,35205.102961877004,36247.0,629936.0,26940.540262817998,56409.0,974924.0,34240.111096479995
2019-20,20,Jharkhand,2019-07,2019-07-01,8002.0,377608.0,8067.736952834,6283.0,168834.0,10209.532196642,22327.0,291927.0,10052.907049787
2019-20,21,Odisha,2019-07,2019-07-01,11459.0,634613.0,12573.731489544,5190.0,202661.0,17914.484610624,26291.0,313286.0,13085.741460503
2019-20,22,Chhattisgarh,2019-07,2019-07-01,4814.0,171558.0,4695.79659779,7001.0,152047.0,10146.676864333,21009.0,340490.0,9919.853487653
2019-20,23,Madhya Pradesh,2019-07,2019-07-01,14354.0,295428.0,6793.259045563,17777.0,343464.0,16267.218426455,61549.0,745099.0,21773.191354803
2019-20,24,Gujarat,2019-07,2019-07-01,109865.0,2944017.0,71400.097825425,116493.0,3229220.0,83886.034704513,115834.0,1404796.0,68831.595296155
2019-20,25,Daman and Diu,2019-07,2019-07-01,1093.0,37478.0,1052.30567206,1654.0,191285.0,4566.939392099,2319.0,79256.0,5586.748943195
2019-20,26,Dadra and Nagar Haveli,2019-07,2019-07-01,1267.0,58635.0,1922.1917265450002,1942.0,260327.0,9057.735548023,2794.0,114474.0,7067.496128757
2019-20,27,Maharashtra,2019-07,2019-07-01,113147.0,4525277.0,107532.886652154,98450.0,2988957.0,97504.11105554001,173973.0,2216193.0,95969.46814634101
2019-20,29,Karnataka,2019-07,2019-07-01,81185.0,3132855.0,52724.262856681,42553.0,1378442.0,42293.450794137,93333.0,1475739.0,49868.266696684004
2019-20,30,Goa,2019-07,2019-07-01,1406.0,55041.0,876.266868842,1498.0,54934.0,3686.590103721,6340.0,97732.0,3159.92569949
2019-20,31,Lakshadweep,2019-07,2019-07-01,0.0,0.0,0.0,3.0,6.0,0.425526097,26.0,183.0,9.915024775
2019-20,32,Kerala,2019-07,2019-07-01,31857.0,1070981.0,15381.361858244,13174.0,170390.0,6800.22322688,49415.0,732943.0,16096.897452862
2019-20,33,Tamil Nadu,2019-07,2019-07-01,74017.0,3521286.0,68669.901601755,65211.0,1731041.0,61699.514158551,101068.0,1572950.0,61184.541183643996
2019-20,34,Puducherry,2019-07,2019-07-01,928.0,33794.0,891.022182974,1788.0,101267.0,2850.361583018,5366.0,99706.0,2443.226392413
2019-20,35,ANDAMAN AND NICOBAR,2019-07,2019-07-01,15.0,180.0,6.670542094,57.0,260.0,27.335957525999998,910.0,8179.0,183.10766668800002
2019-20,36,Telangana,2019-07,2019-07-01,27481.0,1151730.0,22465.191853147,24995.0,535249.0,20874.732063608,52785.0,791721.0,27471.461765488002
2019-20,37,Andhra Pradesh,2019-07,2019-07-01,29165.0,1086270.0,18305.643897032,19002.0,378321.0,25194.534830938,60372.0,691412.0,25869.017878237
2019-20,97,Other Territory,2019-07,2019-07-01,2.0,70.0,26.616024998,18.0,3070.0,1091.593925839,572.0,8094.0,1260.8864549930001
2019-20,01,Jammu and Kashmir,2019-06,2019-06-01,4610.0,159938.0,2678.067305221,2041.0,31056.0,2378.1078068799998,17023.0,169703.0,4963.278230331
2019-20,02,Himachal Pradesh,2019-06,2019-06-01,6823.0,232954.0,4390.726887548,4692.0,248567.0,9786.542616275001,19398.0,268593.0,7714.943183563
2019-20,03,Punjab,2019-06,2019-06-01,46793.0,1140396.0,25768.252044389003,41792.0,699306.0,20259.118087519,60040.0,681187.0,22494.348181988
2019-20,04,Chandigarh,2019-06,2019-06-01,2034.0,25840.0,352.359896512,4671.0,68983.0,1198.1318158010001,7595.0,98361.0,2142.361812932
2019-20,05,Uttarakhand,2019-06,2019-06-01,9927.0,498824.0,8463.328299136,6960.0,310789.0,15300.027297669,21042.0,394166.0,11702.299066146
2019-20,06,Haryana,2019-06,2019-06-01,56558.0,2184379.0,38732.731272703,50686.0,2019952.0,51262.067557168,84895.0,1431198.0,49052.0137103
2019-20,07,Delhi,2019-06,2019-06-01,52374.0,750435.0,27621.355679915996,111766.0,1410747.0,32309.800877815997,106019.0,1277756.0,37680.247547583
2019-20,08,Rajasthan,2019-06,2019-06-01,60444.0,1381071.0,27631.858935959997,44137.0,1166658.0,25840.6947927,83034.0,948378.0,30081.924305971002
2019-20,09,Uttar Pradesh,2019-06,2019-06-01,97956.0,2868798.0,58968.49406656701,64316.0,1102618.0,44773.444137355,153840.0,1752410.0,60573.041950520994
2019-20,10,Bihar,2019-06,2019-06-01,6127.0,357836.0,7476.953724671001,5930.0,58098.0,2254.498733814,47683.0,505194.0,12959.442035392
2019-20,11,Sikkim,2019-06,2019-06-01,115.0,3683.0,62.44474351,154.0,8155.0,2118.384178609,1469.0,25881.0,711.091267962
2019-20,12,Arunachal Pradesh,2019-06,2019-06-01,106.0,2027.0,33.854505873,167.0,1137.0,51.969347471,2377.0,23500.0,379.65805465799997
2019-20,13,Nagaland,2019-06,2019-06-01,66.0,748.0,20.528172919,222.0,2204.0,71.763647796,2210.0,20783.0,445.70063119499997
2019-20,14,Manipur,2019-06,2019-06-01,40.0,3499.0,59.08881825,82.0,330.0,8.978801702,2346.0,32356.0,563.596512955
2019-20,15,Mizoram,2019-06,2019-06-01,19.0,830.0,9.48256033,83.0,721.0,120.25135021300001,1547.0,23668.0,344.814202153
2019-20,16,Tripura,2019-06,2019-06-01,710.0,16696.0,263.59073073400003,285.0,1612.0,145.434668862,3526.0,29251.0,595.810197041
2019-20,17,Meghalaya,2019-06,2019-06-01,278.0,9383.0,150.75659868099999,337.0,24742.0,421.153232461,2892.0,32061.0,635.22978355
2019-20,18,Assam,2019-06,2019-06-01,10013.0,358538.0,6253.565088687,8227.0,162262.0,5131.139079249,21541.0,227541.0,8024.517445132001
2019-20,19,West Bengal,2019-06,2019-06-01,35460.0,1182065.0,33369.462926269,34887.0,584489.0,25417.443592841002,53648.0,804000.0,32311.104838209
2019-20,20,Jharkhand,2019-06,2019-06-01,7884.0,384972.0,8615.128770838,6678.0,184880.0,10818.856122933,22096.0,300440.0,10738.68898223
2019-20,21,Odisha,2019-06,2019-06-01,11088.0,619843.0,12538.674159426,4888.0,204789.0,17628.256503986,26194.0,314899.0,13154.289470868
2019-20,22,Chhattisgarh,2019-06,2019-06-01,4789.0,180514.0,4786.766909908,6928.0,157240.0,10639.731535587,20688.0,310778.0,10163.11649195
2019-20,23,Madhya Pradesh,2019-06,2019-06-01,14127.0,303653.0,7469.340454672,17084.0,336204.0,16364.695304629,60425.0,697697.0,22432.119067208998
2019-20,24,Gujarat,2019-06,2019-06-01,106017.0,2780134.0,70154.60880899301,113892.0,2966830.0,80702.399396376,112015.0,1311037.0,62691.364843318996
2019-20,25,Daman and Diu,2019-06,2019-06-01,1095.0,33675.0,1031.7495936379999,1664.0,176602.0,4327.303508916,2254.0,73195.0,5451.214092425
2019-20,26,Dadra and Nagar Haveli,2019-06,2019-06-01,1238.0,51681.0,1730.1065628509998,1920.0,234239.0,8540.886498628,2863.0,108347.0,6991.991748227
2019-20,27,Maharashtra,2019-06,2019-06-01,110305.0,4321631.0,107322.508153857,94867.0,2827345.0,96504.13231581601,170741.0,2101812.0,92413.62353019
2019-20,29,Karnataka,2019-06,2019-06-01,78392.0,2917668.0,51333.144440102005,40890.0,1283317.0,41761.1086878,90559.0,1398949.0,47473.000066582004
2019-20,30,Goa,2019-06,2019-06-01,1388.0,57072.0,943.3014853870001,1419.0,53006.0,3854.97376271,6342.0,99160.0,3121.413050041
2019-20,31,Lakshadweep,2019-06,2019-06-01,1.0,3.0,36.4593105,0.0,0.0,0.0,25.0,171.0,5.500478352
2019-20,32,Kerala,2019-06,2019-06-01,30710.0,981580.0,14538.806201254998,12488.0,160237.0,6286.597447121,46063.0,628770.0,14816.097727995999
2019-20,33,Tamil Nadu,2019-06,2019-06-01,70591.0,3279319.0,65106.021538462,62631.0,1653715.0,58908.600169892,97464.0,1503092.0,59173.079194454
2019-20,34,Puducherry,2019-06,2019-06-01,900.0,31158.0,798.917339631,1751.0,101153.0,2886.316849288,5198.0,97014.0,2471.482891138
2019-20,35,ANDAMAN AND NICOBAR,2019-06,2019-06-01,11.0,121.0,4.247279425,66.0,250.0,25.696891515,839.0,6949.0,160.73268535699998
2019-20,36,Telangana,2019-06,2019-06-01,26246.0,1061093.0,21034.021585102,24577.0,513758.0,20512.179915647,50443.0,735056.0,26128.304674744
2019-20,37,Andhra Pradesh,2019-06,2019-06-01,28776.0,1050266.0,18022.096626687,18078.0,354183.0,24435.195809618,59598.0,664078.0,24796.006642401
2019-20,97,Other Territory,2019-06,2019-06-01,3.0,52.0,20.931764211,20.0,2141.0,725.438226019,548.0,7676.0,1012.5141018850001
2019-20,01,Jammu and Kashmir,2019-05,2019-05-01,4783.0,170970.0,2817.5268496090002,2147.0,31982.0,2295.871768988,18326.0,194245.0,5336.15884915
2019-20,02,Himachal Pradesh,2019-05,2019-05-01,6971.0,239401.0,4705.624842765,4828.0,260065.0,10235.000280063,20243.0,286996.0,8429.407608813
2019-20,03,Punjab,2019-05,2019-05-01,48451.0,1200305.0,28445.951087678997,43283.0,763866.0,22025.616122348,62100.0,735600.0,23876.650623
2019-20,04,Chandigarh,2019-05,2019-05-01,2109.0,28139.0,393.322405154,4824.0,76879.0,1352.0463808959998,7928.0,103980.0,2155.026614081
2019-20,05,Uttarakhand,2019-05,2019-05-01,10336.0,568228.0,9842.760286557,7293.0,332088.0,16050.190672009,22732.0,448767.0,12969.353120635
2019-20,06,Haryana,2019-05,2019-05-01,57773.0,2432126.0,43322.05962912,52169.0,2132536.0,56617.71306871,87163.0,1533082.0,53805.491317507
2019-20,07,Delhi,2019-05,2019-05-01,54438.0,824361.0,31532.946271432,117873.0,1657597.0,37686.871421088,110356.0,1461321.0,42340.517797068
2019-20,08,Rajasthan,2019-05,2019-05-01,62522.0,1436240.0,29821.508153758,45259.0,1343244.0,28448.030835627003,87254.0,1052502.0,32853.654252324
2019-20,09,Uttar Pradesh,2019-05,2019-05-01,102085.0,3209435.0,63306.17024109,67981.0,1247088.0,48352.423680579,166107.0,2182701.0,66319.718161944
2019-20,10,Bihar,2019-05,2019-05-01,6396.0,360918.0,7601.797542853,6036.0,57666.0,2214.585410075,53078.0,697003.0,14536.262276175
2019-20,11,Sikkim,2019-05,2019-05-01,111.0,3457.0,56.53475950800001,156.0,8618.0,2183.663438331,1589.0,27452.0,770.784825101
2019-20,12,Arunachal Pradesh,2019-05,2019-05-01,102.0,2294.0,31.277854077999997,184.0,1253.0,60.541828110000004,2417.0,24362.0,392.890532108
2019-20,13,Nagaland,2019-05,2019-05-01,78.0,1192.0,59.405166044000005,224.0,1965.0,70.865081213,2380.0,22822.0,487.244472626
2019-20,14,Manipur,2019-05,2019-05-01,44.0,3644.0,59.73812335,92.0,448.0,12.996194493,2392.0,30018.0,620.60138052
2019-20,15,Mizoram,2019-05,2019-05-01,14.0,810.0,7.749367713,101.0,1367.0,325.119263946,1593.0,24275.0,384.05804949000003
2019-20,16,Tripura,2019-05,2019-05-01,717.0,17803.0,270.230874626,308.0,1984.0,139.604864862,3721.0,34724.0,713.424479631
2019-20,17,Meghalaya,2019-05,2019-05-01,285.0,11347.0,199.732166527,354.0,27840.0,468.23275408100005,3075.0,35392.0,748.323885902
2019-20,18,Assam,2019-05,2019-05-01,10276.0,400368.0,7056.945245452001,8696.0,166717.0,5295.392218976001,24051.0,281199.0,9028.094724446
2019-20,19,West Bengal,2019-05,2019-05-01,36427.0,1261827.0,35664.364592291,36898.0,680482.0,26913.587294578,56444.0,919665.0,34628.845075559
2019-20,20,Jharkhand,2019-05,2019-05-01,7986.0,399634.0,9242.451356733,6992.0,213054.0,10997.968163863,23458.0,357370.0,11128.818373724
2019-20,21,Odisha,2019-05,2019-05-01,10504.0,587812.0,12444.351939199001,4643.0,197182.0,16633.692963507,26827.0,352097.0,13425.278345304
2019-20,22,Chhattisgarh,2019-05,2019-05-01,4865.0,187299.0,5099.294041206,7169.0,164764.0,11204.285001008,21427.0,341890.0,10483.182329141
2019-20,23,Madhya Pradesh,2019-05,2019-05-01,14643.0,315137.0,7327.07898425,17983.0,373897.0,17087.916775213,63231.0,783053.0,24428.248243742
2019-20,24,Gujarat,2019-05,2019-05-01,108641.0,2930529.0,74907.249415295,118247.0,3839282.0,88409.124906151,115324.0,1402321.0,63493.876114173996
2019-20,25,Daman and Diu,2019-05,2019-05-01,1075.0,32936.0,993.9209411850001,1665.0,184148.0,4474.033052344999,2362.0,74463.0,5923.614215834999
2019-20,26,Dadra and Nagar Haveli,2019-05,2019-05-01,1229.0,51138.0,1786.6170283099998,1931.0,244813.0,9022.497817087,2916.0,110893.0,7287.883490022
2019-20,27,Maharashtra,2019-05,2019-05-01,112814.0,4583500.0,114519.233189168,99670.0,3185282.0,103927.663781302,179652.0,2317015.0,100461.70432555799
2019-20,29,Karnataka,2019-05,2019-05-01,79281.0,3075548.0,53265.58442723,42369.0,1366857.0,43738.640586652,95633.0,1566166.0,49783.80933793
2019-20,30,Goa,2019-05,2019-05-01,1445.0,68245.0,1103.5805300030001,1520.0,55399.0,4173.15049449,6814.0,107320.0,3425.093691632
2019-20,31,Lakshadweep,2019-05,2019-05-01,0.0,0.0,0.0,1.0,1.0,0.0066,47.0,364.0,5.791871146
2019-20,32,Kerala,2019-05,2019-05-01,31635.0,1138183.0,16526.522222434,12774.0,170678.0,6532.267978401001,50005.0,736040.0,16251.331680526
2019-20,33,Tamil Nadu,2019-05,2019-05-01,71239.0,3412075.0,69053.51016774599,64253.0,1772068.0,61395.946048706995,100735.0,1619486.0,59884.475687515005
2019-20,34,Puducherry,2019-05,2019-05-01,882.0,33650.0,968.2357163930001,2008.0,109850.0,3015.3239681490004,5399.0,101376.0,2515.867092506
2019-20,35,ANDAMAN AND NICOBAR,2019-05,2019-05-01,11.0,159.0,5.633000629,64.0,265.0,29.827509404,890.0,8307.0,241.52788668000002
2019-20,36,Telangana,2019-05,2019-05-01,26151.0,1086599.0,21441.030387107,25283.0,542554.0,21345.241297053,52250.0,827857.0,28326.120983187
2019-20,37,Andhra Pradesh,2019-05,2019-05-01,29561.0,1108792.0,19384.510423385,18620.0,366112.0,25138.244854415,63500.0,777373.0,26289.701957224
2019-20,97,Other Territory,2019-05,2019-05-01,3.0,21.0,567.7671831060001,20.0,2391.0,719.1225059880001,496.0,7740.0,993.8990216149999
2019-20,01,Jammu and Kashmir,2019-04,2019-04-01,4434.0,163532.0,2659.018045494,2108.0,29425.0,1958.0874459330003,17798.0,192097.0,5163.808963482
2019-20,02,Himachal Pradesh,2019-04,2019-04-01,7051.0,233800.0,4582.5632420209995,4750.0,242229.0,9719.840349302,21084.0,280337.0,8066.298238402001
2019-20,03,Punjab,2019-04,2019-04-01,49582.0,1196147.0,27612.052475971996,43655.0,764073.0,21816.477993965,62774.0,764969.0,23499.217049062
2019-20,04,Chandigarh,2019-04,2019-04-01,2120.0,27823.0,396.81209781,4869.0,78019.0,1398.290186989,8094.0,104183.0,2110.968913945
2019-20,05,Uttarakhand,2019-04,2019-04-01,10254.0,534887.0,9201.311462712,7073.0,302370.0,15210.721406901,22977.0,422078.0,12132.24628912
2019-20,06,Haryana,2019-04,2019-04-01,57469.0,2384441.0,42717.824489652005,51739.0,1998846.0,54676.167899246,87102.0,1483285.0,51435.692588754
2019-20,07,Delhi,2019-04,2019-04-01,53106.0,799958.0,27950.478993946002,116846.0,1625244.0,51303.119555845,109592.0,1467699.0,41694.696224906
2019-20,08,Rajasthan,2019-04,2019-04-01,62271.0,1422441.0,30248.870357834003,45224.0,1307837.0,28153.161555758,88557.0,1067414.0,32505.810765094
2019-20,09,Uttar Pradesh,2019-04,2019-04-01,101748.0,3126383.0,60659.106652474,66690.0,1208030.0,45481.705780571,167388.0,2305087.0,65667.105620797
2019-20,10,Bihar,2019-04,2019-04-01,6303.0,338831.0,7113.480490921001,5959.0,60442.0,2260.525423257,53655.0,779530.0,14433.446407979998
2019-20,11,Sikkim,2019-04,2019-04-01,105.0,3206.0,56.236815123,155.0,7384.0,2017.6192857279998,1472.0,24818.0,682.4322867359999
2019-20,12,Arunachal Pradesh,2019-04,2019-04-01,96.0,1899.0,25.07479648,157.0,1046.0,61.489068322,2324.0,21904.0,384.884294219
2019-20,13,Nagaland,2019-04,2019-04-01,61.0,875.0,42.350745851999996,221.0,2646.0,74.41999923,2206.0,20771.0,448.313111058
2019-20,14,Manipur,2019-04,2019-04-01,49.0,2927.0,51.359108608999996,86.0,480.0,12.640937428,2257.0,24822.0,574.736414678
2019-20,15,Mizoram,2019-04,2019-04-01,24.0,897.0,9.278551071999999,79.0,544.0,91.03561554299999,1515.0,22051.0,355.716985288
2019-20,16,Tripura,2019-04,2019-04-01,722.0,16780.0,271.437040969,302.0,1562.0,137.14050117899998,3435.0,29330.0,713.2930069720001
2019-20,17,Meghalaya,2019-04,2019-04-01,264.0,11657.0,180.207938236,344.0,28939.0,502.914745637,2965.0,31147.0,708.180879772
2019-20,18,Assam,2019-04,2019-04-01,10225.0,381040.0,6735.060733393,8256.0,145094.0,4862.555660067,22960.0,256408.0,8544.957833055001
2019-20,19,West Bengal,2019-04,2019-04-01,35969.0,1250449.0,35140.406729071,36589.0,689069.0,27090.706668095998,56187.0,919611.0,47138.461165073
2019-20,20,Jharkhand,2019-04,2019-04-01,8145.0,388604.0,8740.726110767,7134.0,208033.0,10995.980711788001,23419.0,357384.0,11201.880456463
2019-20,21,Odisha,2019-04,2019-04-01,11403.0,641366.0,12757.716770003,5003.0,193626.0,17636.476489028,27239.0,351629.0,13343.082987977
2019-20,22,Chhattisgarh,2019-04,2019-04-01,4959.0,172001.0,5098.991643101001,7158.0,162553.0,11009.854149857001,21666.0,349936.0,10181.653451009
2019-20,23,Madhya Pradesh,2019-04,2019-04-01,15347.0,308282.0,7626.20781325,18020.0,368248.0,16981.796776741,64995.0,854387.0,23456.991308605
2019-20,24,Gujarat,2019-04,2019-04-01,108324.0,2875155.0,83070.05696155,118615.0,4146041.0,85203.012007389,114589.0,1331592.0,60063.792404726
2019-20,25,Daman and Diu,2019-04,2019-04-01,1080.0,32943.0,900.5471765049999,1686.0,182022.0,4296.203318115,2358.0,72530.0,4895.470556794
2019-20,26,Dadra and Nagar Haveli,2019-04,2019-04-01,1238.0,51059.0,1668.538207982,1966.0,254637.0,8898.53156754,2980.0,109577.0,7024.545637877
2019-20,27,Maharashtra,2019-04,2019-04-01,113342.0,4431764.0,110954.91746268001,99072.0,3063906.0,98424.003785532,179541.0,2261121.0,97362.564321849
2019-20,29,Karnataka,2019-04,2019-04-01,78494.0,2797829.0,49404.307064305,41604.0,1256945.0,40432.545156402004,91888.0,1396675.0,47164.362624668
2019-20,30,Goa,2019-04,2019-04-01,1431.0,65581.0,1056.929526921,1499.0,50523.0,3708.956955079,6663.0,101655.0,3443.912999175
2019-20,31,Lakshadweep,2019-04,2019-04-01,0.0,0.0,0.0,0.0,0.0,0.0,34.0,346.0,21.649113193
2019-20,32,Kerala,2019-04,2019-04-01,30594.0,1015788.0,14919.158348053,12127.0,147558.0,5672.82419571,48400.0,637756.0,15223.926153335
2019-20,33,Tamil Nadu,2019-04,2019-04-01,71175.0,3222342.0,64691.321972102,63529.0,1615664.0,57884.425754596,97295.0,1479422.0,58480.267406792
2019-20,34,Puducherry,2019-04,2019-04-01,889.0,31436.0,865.42988161,1996.0,99411.0,2736.447149662,5341.0,95204.0,2290.304156025
2019-20,35,ANDAMAN AND NICOBAR,2019-04,2019-04-01,15.0,181.0,4.675603929999999,62.0,250.0,22.076376862,851.0,8228.0,202.828646517
2019-20,36,Telangana,2019-04,2019-04-01,25954.0,1011880.0,20180.376959786998,25033.0,499320.0,20368.929641741,50493.0,755841.0,25520.31226865
2019-20,37,Andhra Pradesh,2019-04,2019-04-01,29646.0,1031976.0,17723.839996206,18351.0,338813.0,22973.176845248003,60943.0,688686.0,26094.31518138
2019-20,97,Other Territory,2019-04,2019-04-01,5.0,75.0,595.929534744,21.0,2422.0,961.9483116690001,465.0,7776.0,1153.746506558
2020-21,01,Jammu and Kashmir,2021-03,2021-03-01,5683.0,202617.0,3666.37,2656.0,36672.0,2511.66,20179.0,247131.0,6550.81
2020-21,02,Himachal Pradesh,2021-03,2021-03-01,8548.0,284126.0,5948.26,5472.0,280227.0,11895.27,22050.0,325421.0,10349.23
2020-21,03,Punjab,2021-03,2021-03-01,68241.0,1798071.0,43956.99,48638.0,961181.0,29241.88,69773.0,982474.0,30943.27
2020-21,04,Chandigarh,2021-03,2021-03-01,2413.0,27824.0,520.45,5191.0,87496.0,1785.39,8399.0,125220.0,2813.53
2020-21,05,Uttarakhand,2021-03,2021-03-01,12856.0,655024.0,11706.09,8808.0,382289.0,20286.19,26100.0,516450.0,16031.59
2020-21,06,Haryana,2021-03,2021-03-01,72420.0,3017532.0,57325.33,62708.0,3097259.0,75017.02,100451.0,2106422.0,71428.44
2020-21,07,Delhi,2021-03,2021-03-01,70210.0,998692.0,38263.14,128140.0,1788124.0,46238.19,121847.0,1774707.0,52813.44
2020-21,08,Rajasthan,2021-03,2021-03-01,79836.0,1831693.0,44460.07,52463.0,1541835.0,40396.85,99049.0,1358089.0,45735.49
2020-21,09,Uttar Pradesh,2021-03,2021-03-01,124275.0,3711080.0,80246.51,82476.0,1584765.0,65472.69,190670.0,2779950.0,85328.83
2020-21,10,Bihar,2021-03,2021-03-01,8033.0,487256.0,10665.91,7663.0,85048.0,3365.9,60106.0,899184.0,19532.41
2020-21,11,Sikkim,2021-03,2021-03-01,124.0,4630.0,76.82,191.0,6188.0,2560.09,1737.0,32748.0,965.43
2020-21,12,Arunachal Pradesh,2021-03,2021-03-01,171.0,3025.0,82.77,228.0,1411.0,89.73,2914.0,34543.0,784.04
2020-21,13,Nagaland,2021-03,2021-03-01,123.0,2163.0,92.36,304.0,2465.0,99.81,2504.0,31665.0,689.84
2020-21,14,Manipur,2021-03,2021-03-01,78.0,5316.0,100.34,130.0,610.0,41.85,2669.0,44462.0,912.7
2020-21,15,Mizoram,2021-03,2021-03-01,72.0,1137.0,23.27,97.0,724.0,83.69,1910.0,30771.0,565.39
2020-21,16,Tripura,2021-03,2021-03-01,1290.0,32044.0,641.97,444.0,2688.0,333.91,4441.0,41451.0,1054.21
2020-21,17,Meghalaya,2021-03,2021-03-01,344.0,13701.0,277.93,470.0,39961.0,840.71,3486.0,48623.0,1122.15
2020-21,18,Assam,2021-03,2021-03-01,12392.0,496444.0,9596.97,9878.0,209859.0,6426.76,26230.0,366175.0,11859.1
2020-21,19,West Bengal,2021-03,2021-03-01,44133.0,1800108.0,48491.07,41189.0,876065.0,35358.58,63420.0,1208644.0,42562.64
2020-21,20,Jharkhand,2021-03,2021-03-01,10233.0,537994.0,12610.38,8606.0,256101.0,15914.02,27156.0,483225.0,14331.29
2020-21,21,Odisha,2021-03,2021-03-01,15314.0,943821.0,22486.97,6519.0,228153.0,25420.94,32590.0,441640.0,17880.99
2020-21,22,Chhattisgarh,2021-03,2021-03-01,5763.0,246103.0,8597.64,8243.0,176291.0,16852.8,23851.0,433815.0,14317.86
2020-21,23,Madhya Pradesh,2021-03,2021-03-01,19480.0,592013.0,13416.31,21055.0,460198.0,22943.48,73235.0,1067517.0,31661.21
2020-21,24,Gujarat,2021-03,2021-03-01,145566.0,4155779.0,122185.39,133756.0,4849922.0,119989.43,130837.0,1783191.0,85705.01
2020-21,25,Daman and Diu,2021-03,2021-03-01,,,,2.0,19.0,0.22,8.0,111.0,1.84
2020-21,26,Dadra and Nagar Haveli,2021-03,2021-03-01,2858.0,124305.0,4774.82,3752.0,437542.0,17339.61,5283.0,194078.0,13540.3
2020-21,27,Maharashtra,2021-03,2021-03-01,135147.0,6070196.0,157148.79,110980.0,4246493.0,140814.34,189667.0,2775870.0,127504.45
2020-21,29,Karnataka,2021-03,2021-03-01,100148.0,4267665.0,74405.06,50344.0,1919687.0,63623.25,109797.0,1968949.0,65312.5
2020-21,30,Goa,2021-03,2021-03-01,1713.0,89040.0,1437.06,1676.0,68033.0,4584.09,7122.0,126491.0,4291.6
2020-21,31,Lakshadweep,2021-03,2021-03-01,,,,2.0,3.0,1.02,44.0,658.0,11.25
2020-21,32,Kerala,2021-03,2021-03-01,40954.0,1575834.0,24148.54,15338.0,186938.0,9393.42,53710.0,715877.0,19738.32
2020-21,33,Tamil Nadu,2021-03,2021-03-01,88074.0,4577101.0,94169.07,69877.0,2203082.0,79408.04,111355.0,1976647.0,80013.3
2020-21,34,Puducherry,2021-03,2021-03-01,1057.0,38676.0,1005.34,1990.0,115096.0,3518.91,5206.0,107548.0,3024.67
2020-21,35,ANDAMAN AND NICOBAR,2021-03,2021-03-01,35.0,954.0,21.47,68.0,239.0,20.28,982.0,10586.0,262.1
2020-21,36,Telangana,2021-03,2021-03-01,41754.0,2022232.0,36454.17,32209.0,748152.0,33068.48,59772.0,1204373.0,41492.71
2020-21,37,Andhra Pradesh,2021-03,2021-03-01,36266.0,1598686.0,29045.11,22352.0,485783.0,34684.93,67854.0,947697.0,36901.19
2020-21,38,Ladakh,2021-03,2021-03-01,23.0,196.0,7.77,13.0,29.0,1.37,320.0,1982.0,125.29
2020-21,97,Other Territory,2021-03,2021-03-01,8.0,177.0,355.29,23.0,2749.0,726.93,232.0,12222.0,2394.06
2020-21,01,Jammu and Kashmir,2021-02,2021-02-01,4843.0,161736.0,2782.9356,2322.0,31973.0,2228.1647,17867.0,196177.0,5360.288199999999
2020-21,02,Himachal Pradesh,2021-02,2021-02-01,7745.0,248670.0,5138.1892,5097.0,251398.0,10765.163999999999,20239.0,287126.0,9080.7101
2020-21,03,Punjab,2021-02,2021-02-01,63995.0,1630953.0,38060.1471,46616.0,872185.0,25201.545899999997,66694.0,894973.0,27326.6134
2020-21,04,Chandigarh,2021-02,2021-02-01,2175.0,24017.0,412.8036,4852.0,76545.0,1455.306,7977.0,111448.0,2381.5749
2020-21,05,Uttarakhand,2021-02,2021-02-01,11833.0,588448.0,10028.8066,8401.0,345491.0,16890.7681,24487.0,476315.0,14170.5419
2020-21,06,Haryana,2021-02,2021-02-01,67013.0,2801348.0,50650.0847,59465.0,2883230.0,67124.8758,96296.0,1861075.0,61754.4254
2020-21,07,Delhi,2021-02,2021-02-01,63441.0,870312.0,31280.8496,121555.0,1620707.0,39985.296200000004,115851.0,1574869.0,46475.900700000006
2020-21,08,Rajasthan,2021-02,2021-02-01,73469.0,1628379.0,35102.4315,50228.0,1375606.0,34877.2416,95676.0,1241546.0,39377.9672
2020-21,09,Uttar Pradesh,2021-02,2021-02-01,115994.0,3350746.0,69418.7017,77894.0,1464302.0,55837.6486,180811.0,2409254.0,73463.7263
2020-21,10,Bihar,2021-02,2021-02-01,7446.0,445357.0,8578.037,7140.0,79337.0,3006.0823,56191.0,758456.0,15742.8425
2020-21,11,Sikkim,2021-02,2021-02-01,135.0,4099.0,63.094899999999996,176.0,5653.0,2307.1601,1640.0,29825.0,777.5067
2020-21,12,Arunachal Pradesh,2021-02,2021-02-01,144.0,3082.0,66.35210000000001,217.0,1257.0,80.4568,2671.0,30844.0,605.0166
2020-21,13,Nagaland,2021-02,2021-02-01,106.0,1486.0,55.4033,249.0,2018.0,74.7106,2429.0,30280.0,569.3616999999999
2020-21,14,Manipur,2021-02,2021-02-01,75.0,4824.0,74.4597,110.0,590.0,39.749,2600.0,45261.0,811.1806
2020-21,15,Mizoram,2021-02,2021-02-01,157.0,2439.0,54.592,94.0,732.0,162.3426,1808.0,29610.0,527.8429
2020-21,16,Tripura,2021-02,2021-02-01,1251.0,31762.0,618.173,411.0,2434.0,298.369,4138.0,37010.0,850.9075
2020-21,17,Meghalaya,2021-02,2021-02-01,316.0,11816.0,240.7636,395.0,33817.0,682.3222999999999,3224.0,40811.0,878.4728
2020-21,18,Assam,2021-02,2021-02-01,11226.0,442006.0,7927.6037,9280.0,193029.0,5896.0537,24415.0,337892.0,10414.598
2020-21,19,West Bengal,2021-02,2021-02-01,40486.0,1568460.0,40731.4854,38568.0,752693.0,30133.8577,61036.0,1120363.0,37370.6491
2020-21,20,Jharkhand,2021-02,2021-02-01,9468.0,474776.0,10952.0804,8097.0,231430.0,12778.287900000001,25457.0,421817.0,12000.698600000002
2020-21,21,Odisha,2021-02,2021-02-01,14024.0,812611.0,17726.4026,5946.0,199705.0,20535.3807,31662.0,423742.0,14870.801899999999
2020-21,22,Chhattisgarh,2021-02,2021-02-01,5403.0,247484.0,7439.5223,8021.0,172660.0,14331.103000000001,23282.0,407304.0,12897.5151
2020-21,23,Madhya Pradesh,2021-02,2021-02-01,17630.0,533741.0,11728.671999999999,20074.0,419446.0,20260.9996,70211.0,935209.0,27341.8658
2020-21,24,Gujarat,2021-02,2021-02-01,138439.0,3830536.0,106046.02029999999,129352.0,4279459.0,103090.0768,127449.0,1713483.0,77700.6232
2020-21,25,Daman and Diu,2021-02,2021-02-01,,,,1.0,18.0,0.1288,10.0,156.0,2.3509
2020-21,26,Dadra and Nagar Haveli,2021-02,2021-02-01,2752.0,118991.0,4400.8606,3633.0,422567.0,14983.8503,5134.0,182890.0,11768.7798
2020-21,27,Maharashtra,2021-02,2021-02-01,126615.0,5513536.0,133996.6882,106065.0,3766763.0,118935.445,187412.0,2627095.0,110729.49369999999
2020-21,29,Karnataka,2021-02,2021-02-01,92451.0,3720424.0,63000.6128,47075.0,1730580.0,52858.583,104719.0,1721895.0,54712.3594
2020-21,30,Goa,2021-02,2021-02-01,1591.0,74792.0,1239.1601,1563.0,59956.0,3935.9715,6795.0,104608.0,3658.2135
2020-21,31,Lakshadweep,2021-02,2021-02-01,,,,2.0,2.0,0.12279999999999999,42.0,525.0,7.777100000000001
2020-21,32,Kerala,2021-02,2021-02-01,38797.0,1354703.0,20037.6072,14460.0,167098.0,7559.2669,51940.0,636957.0,16968.852
2020-21,33,Tamil Nadu,2021-02,2021-02-01,78829.0,3990216.0,77233.7904,65661.0,1933058.0,68607.8249,106760.0,1772980.0,76933.5643
2020-21,34,Puducherry,2021-02,2021-02-01,964.0,33745.0,776.8687,1800.0,99460.0,2900.9521000000004,5097.0,97149.0,2552.4260999999997
2020-21,35,ANDAMAN AND NICOBAR,2021-02,2021-02-01,46.0,796.0,22.312800000000003,57.0,270.0,17.404,924.0,9680.0,231.3486
2020-21,36,Telangana,2021-02,2021-02-01,39564.0,1833801.0,31251.9761,31413.0,664165.0,26964.3115,57967.0,1031315.0,34249.5082
2020-21,37,Andhra Pradesh,2021-02,2021-02-01,33777.0,1472786.0,24960.9987,21183.0,431023.0,30016.836,66086.0,836365.0,31009.7378
2020-21,38,Ladakh,2021-02,2021-02-01,15.0,156.0,6.0748,11.0,20.0,0.3546,145.0,739.0,21.304499999999997
2020-21,97,Other Territory,2021-02,2021-02-01,8.0,100.0,202.4253,23.0,2975.0,853.2278,180.0,10459.0,2245.0836
2020-21,01,Jammu and Kashmir,2021-01,2021-01-01,4440.0,130285.0,2218.87,2244.0,31377.0,2082.56,15392.0,150668.0,4516.57
2020-21,02,Himachal Pradesh,2021-01,2021-01-01,7310.0,235073.0,5118.44,4962.0,260449.0,11063.5,18420.0,274305.0,9116.94
2020-21,03,Punjab,2021-01,2021-01-01,62491.0,1572315.0,37512.35,45920.0,835778.0,24902.6,64673.0,834162.0,26656.89
2020-21,04,Chandigarh,2021-01,2021-01-01,2067.0,23257.0,374.18,4722.0,73542.0,1434.68,7696.0,105357.0,2364.26
2020-21,05,Uttarakhand,2021-01,2021-01-01,11683.0,575397.0,9935.27,8222.0,347057.0,17405.23,23364.0,474102.0,14292.05
2020-21,06,Haryana,2021-01,2021-01-01,64896.0,2761477.0,49988.03,58042.0,2858019.0,65738.33,92758.0,1786970.0,61885.85
2020-21,07,Delhi,2021-01,2021-01-01,61015.0,820154.0,29543.65,116411.0,1495741.0,38696.59,111986.0,1448838.0,45572.89
2020-21,08,Rajasthan,2021-01,2021-01-01,72640.0,1607341.0,35397.47,49460.0,1397702.0,35122.2,92881.0,1241525.0,39721.65
2020-21,09,Uttar Pradesh,2021-01,2021-01-01,112354.0,3159072.0,67676.69,75927.0,1405878.0,55211.07,170365.0,2257118.0,72497.87
2020-21,10,Bihar,2021-01,2021-01-01,6973.0,410166.0,8064.68,7085.0,75622.0,2831.76,52990.0,681094.0,15094.92
2020-21,11,Sikkim,2021-01,2021-01-01,130.0,3802.0,52.67,171.0,5766.0,2341.31,1620.0,28732.0,859.2
2020-21,12,Arunachal Pradesh,2021-01,2021-01-01,125.0,3112.0,72.38,186.0,1258.0,83.32,2665.0,29515.0,636.59
2020-21,13,Nagaland,2021-01,2021-01-01,107.0,1524.0,85.42,262.0,1819.0,135.36,2384.0,29958.0,633.41
2020-21,14,Manipur,2021-01,2021-01-01,61.0,4257.0,72.13,114.0,534.0,23.26,2503.0,43677.0,718.09
2020-21,15,Mizoram,2021-01,2021-01-01,125.0,2441.0,38.11,113.0,704.0,113.66,1787.0,29407.0,527.08
2020-21,16,Tripura,2021-01,2021-01-01,1168.0,30950.0,585.75,418.0,2253.0,281.49,4014.0,37349.0,835.62
2020-21,17,Meghalaya,2021-01,2021-01-01,320.0,12739.0,227.8,391.0,32590.0,645.46,3168.0,41968.0,904.85
2020-21,18,Assam,2021-01,2021-01-01,10885.0,411005.0,7476.72,9094.0,193920.0,5902.64,23445.0,307959.0,9950.79
2020-21,19,West Bengal,2021-01,2021-01-01,39632.0,1597194.0,40938.05,37736.0,720996.0,30149.97,60448.0,1231824.0,37374.04
2020-21,20,Jharkhand,2021-01,2021-01-01,9097.0,456629.0,10359.27,7816.0,223232.0,13583.54,24468.0,396171.0,12060.78
2020-21,21,Odisha,2021-01,2021-01-01,13943.0,862599.0,18038.2,5858.0,235595.0,22744.03,31494.0,421164.0,15561.7
2020-21,22,Chhattisgarh,2021-01,2021-01-01,5310.0,245130.0,7449.39,7964.0,170980.0,13905.78,23118.0,411949.0,12709.43
2020-21,23,Madhya Pradesh,2021-01,2021-01-01,17326.0,512303.0,10776.26,19759.0,425069.0,21048.05,68098.0,896327.0,26393.45
2020-21,24,Gujarat,2021-01,2021-01-01,135316.0,3852947.0,105088.62,127861.0,4134218.0,104041.46,127061.0,1673552.0,83169.36
2020-21,25,Daman and Diu,2021-01,2021-01-01,,,,1.0,23.0,0.21,13.0,177.0,4.14
2020-21,26,Dadra and Nagar Haveli,2021-01,2021-01-01,2671.0,122210.0,4355.22,3646.0,439632.0,14965.23,5033.0,186909.0,11961.71
2020-21,27,Maharashtra,2021-01,2021-01-01,124343.0,5616775.0,134632.96,104904.0,3716118.0,117334.66,187740.0,2724680.0,111393.73
2020-21,29,Karnataka,2021-01,2021-01-01,91139.0,3722619.0,63851.98,47172.0,1810483.0,52505.86,104026.0,1727230.0,54820.03
2020-21,30,Goa,2021-01,2021-01-01,1536.0,77429.0,1298.27,1515.0,60450.0,4269.2,6779.0,109222.0,3979.59
2020-21,31,Lakshadweep,2021-01,2021-01-01,,,,1.0,1.0,0.02,40.0,424.0,14.89
2020-21,32,Kerala,2021-01,2021-01-01,38235.0,1419176.0,21101.81,14092.0,160970.0,7749.87,51973.0,655850.0,17568.3
2020-21,33,Tamil Nadu,2021-01,2021-01-01,75818.0,3681282.0,72594.7,64551.0,1823058.0,65720.34,104434.0,1779362.0,70646.86
2020-21,34,Puducherry,2021-01,2021-01-01,918.0,29695.0,847.0,1732.0,93632.0,2663.94,5005.0,94826.0,2548.68
2020-21,35,ANDAMAN AND NICOBAR,2021-01,2021-01-01,20.0,421.0,10.84,41.0,159.0,11.4,893.0,8386.0,238.89
2020-21,36,Telangana,2021-01,2021-01-01,38172.0,1816958.0,32767.75,30879.0,668407.0,26900.28,58323.0,1049577.0,34779.13
2020-21,37,Andhra Pradesh,2021-01,2021-01-01,32766.0,1504350.0,24445.59,20616.0,422130.0,28808.54,67591.0,871843.0,32040.44
2020-21,38,Ladakh,2021-01,2021-01-01,23.0,233.0,7.95,13.0,43.0,3.94,132.0,786.0,19.53
2020-21,97,Other Territory,2021-01,2021-01-01,6.0,168.0,135.67,23.0,3545.0,864.53,175.0,9233.0,1939.11
2020-21,01,Jammu and Kashmir,2020-12,2020-12-01,4529.0,150162.0,2444.2017,2582.0,35699.0,2118.2768,17034.0,177612.0,5008.7154
2020-21,02,Himachal Pradesh,2020-12,2020-12-01,7312.0,253829.0,5064.2645,4927.0,274409.0,11418.135900000001,19498.0,290115.0,9395.702800000001
2020-21,03,Punjab,2020-12,2020-12-01,63323.0,1640332.0,38332.4947,49011.0,990017.0,26338.4531,65315.0,859229.0,28316.3063
2020-21,04,Chandigarh,2020-12,2020-12-01,2115.0,23701.0,373.6415,4769.0,76132.0,1429.9026000000001,7676.0,110405.0,2420.4483
2020-21,05,Uttarakhand,2020-12,2020-12-01,11466.0,556252.0,9276.4933,8220.0,364478.0,17672.1489,23582.0,478641.0,14423.5694
2020-21,06,Haryana,2020-12,2020-12-01,64881.0,2675943.0,49895.5875,58147.0,2848288.0,66164.1492,92198.0,1789221.0,62261.8558
2020-21,07,Delhi,2020-12,2020-12-01,60878.0,885959.0,31977.7927,115897.0,1564172.0,39967.3761,111852.0,1470393.0,46938.251500000006
2020-21,08,Rajasthan,2020-12,2020-12-01,70811.0,1632382.0,35316.8803,48644.0,1399411.0,34703.739700000006,91275.0,1184439.0,41238.2757
2020-21,09,Uttar Pradesh,2020-12,2020-12-01,111593.0,3237108.0,67579.497,75793.0,1433885.0,53886.5606,171388.0,2207593.0,71321.7402
2020-21,10,Bihar,2020-12,2020-12-01,6870.0,446614.0,8888.5252,6872.0,76845.0,2832.6371000000004,52213.0,606403.0,15408.0982
2020-21,11,Sikkim,2020-12,2020-12-01,126.0,3915.0,54.4209,176.0,6680.0,2827.3683,1584.0,30919.0,894.7458
2020-21,12,Arunachal Pradesh,2020-12,2020-12-01,124.0,2945.0,57.1501,197.0,1605.0,89.9365,2572.0,29757.0,669.8041000000001
2020-21,13,Nagaland,2020-12,2020-12-01,106.0,1669.0,53.3628,224.0,1971.0,81.9151,2375.0,32998.0,590.1201
2020-21,14,Manipur,2020-12,2020-12-01,54.0,4818.0,69.4396,89.0,417.0,20.0311,2444.0,51729.0,724.6482000000001
2020-21,15,Mizoram,2020-12,2020-12-01,142.0,2223.0,55.1295,100.0,1305.0,288.0296,1664.0,32490.0,465.48150000000004
2020-21,16,Tripura,2020-12,2020-12-01,1115.0,28842.0,554.273,376.0,2511.0,339.9904,4036.0,40431.0,865.302
2020-21,17,Meghalaya,2020-12,2020-12-01,303.0,10994.0,193.61360000000002,413.0,28483.0,612.3192,3158.0,44747.0,872.2563
2020-21,18,Assam,2020-12,2020-12-01,11002.0,427306.0,7850.0618,9081.0,218963.0,6683.2155,23246.0,311818.0,10451.5538
2020-21,19,West Bengal,2020-12,2020-12-01,39169.0,1620100.0,41999.5288,37690.0,734194.0,31694.9728,60376.0,1253408.0,39396.328
2020-21,20,Jharkhand,2020-12,2020-12-01,8875.0,467558.0,10666.883999999998,7770.0,227625.0,13851.9681,24520.0,391434.0,12496.65
2020-21,21,Odisha,2020-12,2020-12-01,13318.0,807867.0,16468.4914,5750.0,259638.0,22425.049300000002,30944.0,415517.0,15023.7433
2020-21,22,Chhattisgarh,2020-12,2020-12-01,5235.0,226973.0,6859.089499999999,7717.0,172242.0,13707.1619,22748.0,424078.0,13891.4438
2020-21,23,Madhya Pradesh,2020-12,2020-12-01,16602.0,489886.0,10612.7871,19920.0,443516.0,21341.2766,66836.0,876992.0,26546.318900000002
2020-21,24,Gujarat,2020-12,2020-12-01,132978.0,3855526.0,104512.75619999999,126002.0,4048798.0,105479.7574,127138.0,1727524.0,78249.2901
2020-21,25,Daman and Diu,2020-12,2020-12-01,0.0,0.0,0.0,2.0,24.0,0.26280000000000003,19.0,143.0,3.6408
2020-21,26,Dadra and Nagar Haveli,2020-12,2020-12-01,2641.0,118515.0,3865.4192,3576.0,443168.0,14881.301599999999,4930.0,187712.0,12210.944599999999
2020-21,27,Maharashtra,2020-12,2020-12-01,122946.0,5533546.0,134609.92859999998,103887.0,3858729.0,122603.54789999999,185819.0,2790373.0,112786.1021
2020-21,29,Karnataka,2020-12,2020-12-01,89924.0,3718345.0,63043.7942,47048.0,1823862.0,54927.0822,103192.0,1768611.0,56642.775499999996
2020-21,30,Goa,2020-12,2020-12-01,1510.0,77165.0,1280.7896,1561.0,60902.0,4442.5441,6726.0,108773.0,3805.3957
2020-21,31,Lakshadweep,2020-12,2020-12-01,0.0,0.0,0.0,3.0,3.0,0.0168,45.0,371.0,10.413599999999999
2020-21,32,Kerala,2020-12,2020-12-01,37196.0,1384303.0,21141.6335,13967.0,162284.0,8101.383000000001,50754.0,639138.0,17048.7751
2020-21,33,Tamil Nadu,2020-12,2020-12-01,77360.0,4010713.0,78375.87610000001,66099.0,2021865.0,73356.825,106795.0,1927534.0,73355.8016
2020-21,34,Puducherry,2020-12,2020-12-01,885.0,31726.0,787.4927,1769.0,105988.0,3104.8044,5004.0,100923.0,2631.4657
2020-21,35,ANDAMAN AND NICOBAR,2020-12,2020-12-01,14.0,377.0,9.5421,42.0,143.0,15.267000000000001,884.0,9914.0,220.9579
2020-21,36,Telangana,2020-12,2020-12-01,37614.0,1854590.0,34629.2688,31187.0,717017.0,29056.036,58453.0,1213372.0,36373.8899
2020-21,37,Andhra Pradesh,2020-12,2020-12-01,33819.0,1596380.0,26567.329100000003,20906.0,443449.0,31178.4294,70916.0,1133415.0,33896.6504
2020-21,38,Ladakh,2020-12,2020-12-01,19.0,206.0,7.3152,15.0,36.0,3.4085,249.0,1317.0,50.9569
2020-21,97,Other Territory,2020-12,2020-12-01,7.0,181.0,262.6912,25.0,3709.0,1153.5631,179.0,10988.0,1934.0147
2020-21,01,Jammu and Kashmir,2020-11,2020-11-01,4422.0,155516.0,2487.3934,2504.0,31675.0,1953.6173000000001,18267.0,204561.0,4889.4008
2020-21,02,Himachal Pradesh,2020-11,2020-11-01,7317.0,242042.0,4553.6242999999995,4732.0,234876.0,9547.2361,21510.0,288145.0,8151.5763
2020-21,03,Punjab,2020-11,2020-11-01,62030.0,1561482.0,33790.2342,48830.0,1039072.0,23796.930099999998,64482.0,859118.0,24090.9225
2020-21,04,Chandigarh,2020-11,2020-11-01,2052.0,22864.0,328.14279999999997,4716.0,71435.0,1238.4000999999998,7679.0,107161.0,2149.1644
2020-21,05,Uttarakhand,2020-11,2020-11-01,11034.0,548230.0,8615.7261,7816.0,321752.0,15600.783000000001,24404.0,460788.0,12212.5098
2020-21,06,Haryana,2020-11,2020-11-01,63590.0,2532590.0,45307.3593,56518.0,2555121.0,58608.9971,91086.0,1720154.0,56473.4654
2020-21,07,Delhi,2020-11,2020-11-01,57017.0,780348.0,29424.2683,114261.0,1467926.0,35332.505600000004,108032.0,1424121.0,40992.7166
2020-21,08,Rajasthan,2020-11,2020-11-01,68006.0,1516218.0,32623.493700000003,46026.0,1242351.0,30267.359500000002,90200.0,1146224.0,34163.4772
2020-21,09,Uttar Pradesh,2020-11,2020-11-01,108650.0,3143553.0,61213.9851,73036.0,1287570.0,48963.4875,171678.0,2256000.0,65537.6085
2020-21,10,Bihar,2020-11,2020-11-01,6572.0,398976.0,8118.934,5820.0,58956.0,2234.6428,52675.0,582778.0,14334.718
2020-21,11,Sikkim,2020-11,2020-11-01,109.0,3292.0,45.6404,173.0,5440.0,2363.9945000000002,1572.0,26532.0,777.0891
2020-21,12,Arunachal Pradesh,2020-11,2020-11-01,111.0,2410.0,44.913599999999995,192.0,1339.0,81.9368,2745.0,28849.0,525.8476
2020-21,13,Nagaland,2020-11,2020-11-01,99.0,1204.0,51.7305,236.0,1787.0,75.2833,2434.0,33127.0,538.503
2020-21,14,Manipur,2020-11,2020-11-01,49.0,2322.0,45.196400000000004,105.0,541.0,18.9931,2491.0,41856.0,635.9928
2020-21,15,Mizoram,2020-11,2020-11-01,124.0,2103.0,59.7809,124.0,756.0,155.86430000000001,1700.0,27970.0,390.0276
2020-21,16,Tripura,2020-11,2020-11-01,1127.0,25728.0,516.7396,371.0,2262.0,254.6022,3924.0,35553.0,789.6321
2020-21,17,Meghalaya,2020-11,2020-11-01,286.0,11023.0,195.9566,389.0,19307.0,440.3399,3200.0,41779.0,822.3091000000001
2020-21,18,Assam,2020-11,2020-11-01,10749.0,416380.0,7552.491800000001,8914.0,197043.0,6213.1678,23417.0,273342.0,8718.0493
2020-21,19,West Bengal,2020-11,2020-11-01,37160.0,1509845.0,37607.358199999995,35876.0,680723.0,27306.319300000003,57889.0,980354.0,33916.1743
2020-21,20,Jharkhand,2020-11,2020-11-01,8299.0,410151.0,9449.0194,6999.0,188465.0,11509.0995,24121.0,333536.0,10658.7721
2020-21,21,Odisha,2020-11,2020-11-01,12900.0,732619.0,14558.0556,5276.0,234205.0,19124.953400000002,30352.0,366290.0,13467.7723
2020-21,22,Chhattisgarh,2020-11,2020-11-01,4899.0,186011.0,5444.4688,7103.0,145026.0,10941.521999999999,21609.0,345381.0,11769.7204
2020-21,23,Madhya Pradesh,2020-11,2020-11-01,15707.0,449249.0,9361.139799999999,18388.0,363945.0,17937.6762,66263.0,852413.0,24388.7043
2020-21,24,Gujarat,2020-11,2020-11-01,123321.0,3219972.0,84932.74449999999,120032.0,3612885.0,89293.9406,114959.0,1433873.0,64795.4802
2020-21,25,Daman and Diu,2020-11,2020-11-01,0.0,0.0,0.0,2.0,18.0,0.2086,24.0,122.0,4.3323
2020-21,26,Dadra and Nagar Haveli,2020-11,2020-11-01,2521.0,105196.0,3142.7563,3491.0,381010.0,12554.4882,4823.0,158766.0,9219.3836
2020-21,27,Maharashtra,2020-11,2020-11-01,116172.0,4947545.0,114725.0441,98130.0,3308214.0,102769.63369999999,177294.0,2428777.0,95753.9655
2020-21,29,Karnataka,2020-11,2020-11-01,87471.0,3466912.0,56765.3168,45036.0,1682658.0,46646.3572,99581.0,1500356.0,48867.4204
2020-21,30,Goa,2020-11,2020-11-01,1496.0,69892.0,1055.9402,1486.0,57491.0,3905.3873,6459.0,100748.0,3387.5988
2020-21,31,Lakshadweep,2020-11,2020-11-01,0.0,0.0,0.0,0.0,0.0,0.0,41.0,335.0,6.0671
2020-21,32,Kerala,2020-11,2020-11-01,36755.0,1258985.0,18397.9586,13321.0,146518.0,7122.6301,48321.0,545359.0,14520.1295
2020-21,33,Tamil Nadu,2020-11,2020-11-01,72423.0,3395230.0,64108.367999999995,62012.0,1710450.0,58438.687000000005,98639.0,1519837.0,58452.8304
2020-21,34,Puducherry,2020-11,2020-11-01,878.0,28872.0,693.175,1727.0,97223.0,2562.3934,4860.0,86968.0,2178.9901
2020-21,35,ANDAMAN AND NICOBAR,2020-11,2020-11-01,13.0,403.0,12.7902,38.0,107.0,12.255899999999999,829.0,7938.0,163.5271
2020-21,36,Telangana,2020-11,2020-11-01,36174.0,1687251.0,29123.725099999996,30216.0,605022.0,24961.2622,56129.0,959549.0,32188.2727
2020-21,37,Andhra Pradesh,2020-11,2020-11-01,31785.0,1382917.0,22524.3646,19954.0,395427.0,27485.018900000003,67695.0,878202.0,27383.878399999998
2020-21,38,Ladakh,2020-11,2020-11-01,16.0,255.0,7.1602,28.0,165.0,27.755399999999998,697.0,4826.0,138.3585
2020-21,97,Other Territory,2020-11,2020-11-01,8.0,85.0,94.9702,27.0,3101.0,850.4924000000001,150.0,8916.0,1822.2348000000002
2020-21,01,Jammu and Kashmir,2020-10,2020-10-01,4508.0,167249.0,2657.059075394,2749.0,38569.0,2394.449759148,19560.0,262654.0,5833.676567074
2020-21,02,Himachal Pradesh,2020-10,2020-10-01,7580.0,282663.0,5201.080624724,4973.0,285681.0,11603.154526244,23202.0,357768.0,9654.105154175999
2020-21,03,Punjab,2020-10,2020-10-01,63089.0,1775796.0,37160.242006546,50576.0,1147070.0,26650.693969662,69619.0,1011365.0,27496.029431383
2020-21,04,Chandigarh,2020-10,2020-10-01,2089.0,25166.0,348.640492849,4913.0,84107.0,1488.844365433,8185.0,126020.0,2473.60400664
2020-21,05,Uttarakhand,2020-10,2020-10-01,11391.0,646246.0,10017.223708322,8229.0,366695.0,17748.010077548002,26357.0,537536.0,13923.409072322
2020-21,06,Haryana,2020-10,2020-10-01,66258.0,2958369.0,53271.309292413,59104.0,2875220.0,66884.59674925,97313.0,1983856.0,65235.903982059
2020-21,07,Delhi,2020-10,2020-10-01,59292.0,902059.0,32912.041885257,120749.0,1780885.0,40781.770089198,116315.0,1699294.0,46359.014223965
2020-21,08,Rajasthan,2020-10,2020-10-01,72070.0,1763016.0,35175.763682069,49984.0,1526897.0,34010.041481003005,98817.0,1322878.0,37265.30162082
2020-21,09,Uttar Pradesh,2020-10,2020-10-01,112457.0,3505955.0,67998.96672107199,77068.0,1483076.0,59900.523371453004,186772.0,2665949.0,75368.157263631
2020-21,10,Bihar,2020-10,2020-10-01,6923.0,434255.0,8186.134536067999,6516.0,67361.0,2474.2883901560003,57786.0,752897.0,15495.929657547
2020-21,11,Sikkim,2020-10,2020-10-01,110.0,3292.0,54.252596260000004,165.0,5948.0,2512.122972063,1572.0,27793.0,883.329743375
2020-21,12,Arunachal Pradesh,2020-10,2020-10-01,116.0,2275.0,39.675069225,196.0,1200.0,80.826325267,2803.0,28445.0,533.089670341
2020-21,13,Nagaland,2020-10,2020-10-01,94.0,1229.0,57.575256909000004,235.0,1738.0,76.297836962,2460.0,34344.0,544.889281174
2020-21,14,Manipur,2020-10,2020-10-01,62.0,4143.0,60.839719386,127.0,447.0,29.003211374,2534.0,51174.0,719.531635927
2020-21,15,Mizoram,2020-10,2020-10-01,51.0,522.0,11.034523917,79.0,274.0,32.653027943,1718.0,24596.0,375.521608421
2020-21,16,Tripura,2020-10,2020-10-01,1072.0,24077.0,461.752093225,369.0,2292.0,226.75595327199997,3921.0,35630.0,779.772375757
2020-21,17,Meghalaya,2020-10,2020-10-01,281.0,12398.0,206.49039728699998,410.0,28597.0,531.685925388,3097.0,41381.0,757.838836465
2020-21,18,Assam,2020-10,2020-10-01,10813.0,412819.0,7629.889493134,8992.0,199974.0,6536.14077637,23927.0,300265.0,9005.318117636
2020-21,19,West Bengal,2020-10,2020-10-01,36903.0,1439117.0,37023.118676829,36880.0,718399.0,27683.188947797997,58066.0,981167.0,35537.446855481
2020-21,20,Jharkhand,2020-10,2020-10-01,8429.0,421855.0,9110.434258297999,7339.0,198663.0,11428.90645653,25503.0,377345.0,10993.407672436
2020-21,21,Odisha,2020-10,2020-10-01,12531.0,712499.0,13662.809912038001,5395.0,227198.0,18629.717075360997,30589.0,381147.0,12825.960273589999
2020-21,22,Chhattisgarh,2020-10,2020-10-01,5239.0,222723.0,5735.000473085,7641.0,168885.0,11438.055200421,23149.0,396650.0,12879.832462284
2020-21,23,Madhya Pradesh,2020-10,2020-10-01,16542.0,492332.0,9878.561811875,19709.0,433761.0,18989.131559315,72079.0,982319.0,26732.497846160997
2020-21,24,Gujarat,2020-10,2020-10-01,131622.0,3851455.0,94627.330926859,128259.0,4659416.0,101204.41750000301,126615.0,1701829.0,73944.91745211401
2020-21,25,Daman and Diu,2020-10,2020-10-01,0.0,0.0,0.0,1.0,19.0,0.1323824,71.0,329.0,8.078209585
2020-21,26,Dadra and Nagar Haveli,2020-10,2020-10-01,2647.0,119326.0,3678.8996614760003,3596.0,422568.0,13490.946723486999,5000.0,177975.0,9933.360234934
2020-21,27,Maharashtra,2020-10,2020-10-01,119307.0,5347095.0,124116.60100271799,101749.0,3743649.0,112957.939512175,187482.0,2671411.0,103928.194686911
2020-21,29,Karnataka,2020-10,2020-10-01,86890.0,3623539.0,60389.166740347995,45212.0,1715328.0,49012.904485824,102318.0,1698822.0,54689.249681541
2020-21,30,Goa,2020-10,2020-10-01,1446.0,67534.0,1060.48440677,1520.0,60959.0,4118.428083029,6346.0,98766.0,3406.3957212580003
2020-21,31,Lakshadweep,2020-10,2020-10-01,0.0,0.0,0.0,1.0,2.0,0.031529297,40.0,343.0,7.048856905
2020-21,32,Kerala,2020-10,2020-10-01,36026.0,1194130.0,17401.311152048,13635.0,159716.0,7355.047043564,47899.0,536316.0,14557.162423767999
2020-21,33,Tamil Nadu,2020-10,2020-10-01,75893.0,3797950.0,71418.50340031,64348.0,1902888.0,65585.785056144,108420.0,1945885.0,64013.12354313001
2020-21,34,Puducherry,2020-10,2020-10-01,884.0,33598.0,852.289435921,1742.0,102654.0,2834.2035412200003,5244.0,106770.0,2485.9080995150002
2020-21,35,ANDAMAN AND NICOBAR,2020-10,2020-10-01,11.0,397.0,9.974932665999999,57.0,192.0,21.549296612,854.0,8248.0,164.718979143
2020-21,36,Telangana,2020-10,2020-10-01,34653.0,1644295.0,27734.770049834002,29378.0,584821.0,24767.645190008,57661.0,1037751.0,34527.777754536
2020-21,37,Andhra Pradesh,2020-10,2020-10-01,30671.0,1374389.0,22562.740121155,20028.0,404381.0,28358.08522087,68087.0,880180.0,29065.31818811
2020-21,38,Ladakh,2020-10,2020-10-01,27.0,367.0,8.209720913,37.0,238.0,21.348950452,954.0,11244.0,300.808813498
2020-21,97,Other Territory,2020-10,2020-10-01,4.0,56.0,77.261986966,25.0,3337.0,916.8354522610001,165.0,9490.0,1831.8703000619998
2020-21,01,Jammu and Kashmir,2020-09,2020-09-01,4211.0,158726.0,2531.10623846,2577.0,36160.0,2426.799285967,18226.0,216025.0,5598.888822068
2020-21,02,Himachal Pradesh,2020-09,2020-09-01,7183.0,259494.0,4946.410153262001,4807.0,264513.0,11293.996952594,20668.0,312082.0,9106.381898706
2020-21,03,Punjab,2020-09,2020-09-01,58910.0,1611595.0,34167.393952378996,47215.0,952470.0,24521.336489664,63416.0,818531.0,25236.401415671
2020-21,04,Chandigarh,2020-09,2020-09-01,1996.0,22650.0,351.967454846,4709.0,75941.0,1378.47368403,7514.0,104875.0,2179.55881774
2020-21,05,Uttarakhand,2020-09,2020-09-01,10747.0,577145.0,9197.723969427001,7750.0,333560.0,16388.399817913,23202.0,467675.0,12619.142392147
2020-21,06,Haryana,2020-09,2020-09-01,63014.0,2763620.0,46970.822190844,56933.0,2680280.0,62089.83439464599,91573.0,1750297.0,60628.797093894995
2020-21,07,Delhi,2020-09,2020-09-01,58177.0,829849.0,29720.406699547,114690.0,1494148.0,36302.791338667,109889.0,1373930.0,41277.443684758
2020-21,08,Rajasthan,2020-09,2020-09-01,67799.0,1550864.0,30925.146002332,47086.0,1249186.0,30480.834986556,89768.0,1099718.0,32977.075847016
2020-21,09,Uttar Pradesh,2020-09,2020-09-01,105979.0,3102026.0,65288.364643762,72941.0,1315794.0,58169.56857149,168367.0,2048818.0,71110.918317176
2020-21,10,Bihar,2020-09,2020-09-01,6156.0,411536.0,7979.672888133,6208.0,63424.0,2468.336809127,54117.0,616033.0,15201.238024318
2020-21,11,Sikkim,2020-09,2020-09-01,114.0,2907.0,48.094498124,128.0,5158.0,2205.724890938,1397.0,22346.0,928.000392925
2020-21,12,Arunachal Pradesh,2020-09,2020-09-01,116.0,1608.0,31.491371650999998,193.0,1348.0,95.310587123,2638.0,26630.0,521.0398197850001
2020-21,13,Nagaland,2020-09,2020-09-01,89.0,908.0,43.99780953,229.0,2309.0,77.779490498,2442.0,27696.0,501.73494335600003
2020-21,14,Manipur,2020-09,2020-09-01,61.0,3715.0,58.230046173000005,97.0,366.0,16.720275622,2429.0,41081.0,640.5980676840001
2020-21,15,Mizoram,2020-09,2020-09-01,24.0,724.0,15.50330349,64.0,353.0,97.282920334,1734.0,26854.0,397.668246692
2020-21,16,Tripura,2020-09,2020-09-01,1011.0,22864.0,410.339676339,338.0,2216.0,223.56871472600002,4027.0,36317.0,813.161137401
2020-21,17,Meghalaya,2020-09,2020-09-01,272.0,11175.0,182.07438944100002,375.0,24179.0,475.57742233000005,2950.0,36286.0,696.1995846479999
2020-21,18,Assam,2020-09,2020-09-01,10562.0,404469.0,7655.516767079,8911.0,180625.0,6539.029723484,23448.0,306004.0,8988.030464663001
2020-21,19,West Bengal,2020-09,2020-09-01,37747.0,1487451.0,37379.644850279,36209.0,661123.0,26924.034527976,57321.0,1034617.0,36030.070684232
2020-21,20,Jharkhand,2020-09,2020-09-01,8246.0,394167.0,8125.608959960001,7264.0,186149.0,9782.159783116,24804.0,338939.0,10280.187257555
2020-21,21,Odisha,2020-09,2020-09-01,12505.0,682802.0,13130.718258158,5340.0,205447.0,17849.104410341,29661.0,361041.0,13414.080988265
2020-21,22,Chhattisgarh,2020-09,2020-09-01,4640.0,163825.0,4366.380023211,6955.0,147634.0,10248.17423442,21060.0,311757.0,10709.321569542999
2020-21,23,Madhya Pradesh,2020-09,2020-09-01,15419.0,420085.0,8378.556765902,19056.0,380939.0,18143.692811988,65668.0,770265.0,23253.187747716
2020-21,24,Gujarat,2020-09,2020-09-01,123449.0,3337369.0,82828.555257298,121660.0,3390931.0,91511.400593615,118345.0,1546898.0,66303.617403874
2020-21,25,Daman and Diu,2020-09,2020-09-01,0.0,0.0,0.0,1.0,23.0,0.2463776,77.0,527.0,11.504613957
2020-21,26,Dadra and Nagar Haveli,2020-09,2020-09-01,2531.0,112228.0,3275.444090071,3534.0,380520.0,12810.254416926,4715.0,163113.0,8899.953797315
2020-21,27,Maharashtra,2020-09,2020-09-01,111097.0,4742102.0,108356.18062776899,96571.0,3333722.0,106340.242834071,170878.0,2239770.0,92747.412030552
2020-21,29,Karnataka,2020-09,2020-09-01,84300.0,3380379.0,56614.30041790401,44010.0,1572388.0,47730.444363992,98000.0,1525588.0,53557.837447107
2020-21,30,Goa,2020-09,2020-09-01,1411.0,58764.0,985.3449704850001,1523.0,59405.0,4192.050562665,5909.0,91106.0,3184.2107117299997
2020-21,31,Lakshadweep,2020-09,2020-09-01,0.0,0.0,0.0,1.0,1.0,0.315,40.0,479.0,6.384442468
2020-21,32,Kerala,2020-09,2020-09-01,34101.0,1121500.0,16180.646103158999,13234.0,146094.0,7088.531356809,45361.0,498701.0,14295.283922788001
2020-21,33,Tamil Nadu,2020-09,2020-09-01,72829.0,3512626.0,68484.10540001601,62109.0,1766476.0,64114.17642169399,102915.0,1661161.0,60591.111221832
2020-21,34,Puducherry,2020-09,2020-09-01,850.0,31779.0,1053.9989991940001,1732.0,98205.0,2996.222377502,4959.0,92587.0,2437.20316348
2020-21,35,ANDAMAN AND NICOBAR,2020-09,2020-09-01,10.0,462.0,17.363470153,49.0,137.0,14.378993166999999,794.0,7507.0,175.257311873
2020-21,36,Telangana,2020-09,2020-09-01,34395.0,1616019.0,27665.641955984996,29291.0,572482.0,25562.059680162,56101.0,1037585.0,34242.629192903005
2020-21,37,Andhra Pradesh,2020-09,2020-09-01,29561.0,1311552.0,23194.632143507002,19226.0,392635.0,27764.937108382,64985.0,778672.0,29154.535148504998
2020-21,38,Ladakh,2020-09,2020-09-01,33.0,566.0,12.662521015000001,39.0,234.0,12.71878738,869.0,10827.0,293.919116822
2020-21,97,Other Territory,2020-09,2020-09-01,3.0,62.0,39.885631043000004,23.0,3087.0,1075.279559249,168.0,10285.0,1696.426724471
2020-21,01,Jammu and Kashmir,2020-08,2020-08-01,3756.0,133554.0,2349.147356666,2247.0,30802.0,2573.895370134,16276.0,164083.0,4904.104750021
2020-21,02,Himachal Pradesh,2020-08,2020-08-01,6808.0,227425.0,4413.370773158999,4577.0,236713.0,10023.539581373,19043.0,273113.0,7943.142736250999
2020-21,03,Punjab,2020-08,2020-08-01,54659.0,1423851.0,30280.741810401,42785.0,750729.0,21242.319107954,59222.0,746221.0,22854.891040751
2020-21,04,Chandigarh,2020-08,2020-08-01,1883.0,20375.0,293.168910234,4463.0,68614.0,1223.158431985,7105.0,90899.0,1879.0457870310001
2020-21,05,Uttarakhand,2020-08,2020-08-01,10156.0,494022.0,7886.445119722999,7273.0,291351.0,15329.019841313,21063.0,394590.0,11131.744601596001
2020-21,06,Haryana,2020-08,2020-08-01,59236.0,2386995.0,39590.07994071,53214.0,2367294.0,53611.601337459004,84934.0,1424313.0,50532.825070211
2020-21,07,Delhi,2020-08,2020-08-01,52585.0,699911.0,25387.655857915,105251.0,1213429.0,32261.466499836,99662.0,1120962.0,36034.55912002
2020-21,08,Rajasthan,2020-08,2020-08-01,63456.0,1382331.0,27047.407086753,43733.0,1064905.0,26737.162991472,82763.0,961522.0,29933.220244565004
2020-21,09,Uttar Pradesh,2020-08,2020-08-01,97010.0,2691822.0,58163.320832713,65002.0,1089743.0,50929.953301764,151093.0,1732296.0,60896.582482828
2020-21,10,Bihar,2020-08,2020-08-01,5475.0,386589.0,7538.365770269001,5353.0,54957.0,2330.591690069,47818.0,494111.0,13430.481062113
2020-21,11,Sikkim,2020-08,2020-08-01,98.0,1764.0,28.004100123,129.0,2844.0,1133.309974656,1279.0,18993.0,581.550205392
2020-21,12,Arunachal Pradesh,2020-08,2020-08-01,108.0,1655.0,31.438189406,149.0,1100.0,78.415446815,2469.0,22877.0,457.70604624799995
2020-21,13,Nagaland,2020-08,2020-08-01,84.0,727.0,36.315921705,212.0,1626.0,60.516876370000006,2119.0,20493.0,417.659510833
2020-21,14,Manipur,2020-08,2020-08-01,45.0,2096.0,39.724000528,61.0,233.0,13.650753718999999,2057.0,31110.0,479.722844097
2020-21,15,Mizoram,2020-08,2020-08-01,22.0,369.0,11.986535048999999,48.0,258.0,75.664669877,1565.0,22521.0,327.14177459
2020-21,16,Tripura,2020-08,2020-08-01,970.0,23974.0,398.006816416,366.0,2162.0,322.535685396,3694.0,33386.0,784.270774032
2020-21,17,Meghalaya,2020-08,2020-08-01,282.0,11540.0,191.90604547,363.0,22296.0,448.812649662,2870.0,33711.0,645.155676007
2020-21,18,Assam,2020-08,2020-08-01,9911.0,355578.0,6816.353299605999,8301.0,159691.0,5721.177362216001,20810.0,210008.0,7810.589413752001
2020-21,19,West Bengal,2020-08,2020-08-01,34177.0,1305109.0,32697.389426531,32794.0,542646.0,23943.539127557,51507.0,779272.0,29109.527431634997
2020-21,20,Jharkhand,2020-08,2020-08-01,7829.0,342075.0,7249.863413111,6742.0,168408.0,9082.733328584,22396.0,268872.0,8827.766972911
2020-21,21,Odisha,2020-08,2020-08-01,12067.0,604562.0,11939.927751305,4912.0,184851.0,16559.434093264,27052.0,289164.0,11473.798290278
2020-21,22,Chhattisgarh,2020-08,2020-08-01,4800.0,160639.0,4441.626826686,6739.0,136223.0,9689.497131213,20484.0,305392.0,12283.918394427
2020-21,23,Madhya Pradesh,2020-08,2020-08-01,14146.0,355368.0,7189.302921669,17469.0,314687.0,15993.385482331,60216.0,666413.0,20625.50345802
2020-21,24,Gujarat,2020-08,2020-08-01,111345.0,2704487.0,69251.580564191,111059.0,2671834.0,79307.54256348101,105578.0,1182103.0,55187.02155335699
2020-21,25,Daman and Diu,2020-08,2020-08-01,41.0,155.0,6.393072204999999,227.0,1042.0,27.345002056000002,480.0,1703.0,55.444197273
2020-21,26,Dadra and Nagar Haveli,2020-08,2020-08-01,2377.0,93508.0,2859.782424636,3318.0,303927.0,10476.304790323,4353.0,130856.0,7372.047398116
2020-21,27,Maharashtra,2020-08,2020-08-01,102546.0,4186315.0,93741.541490422,88618.0,2753847.0,92018.83854766999,154375.0,1846187.0,81789.448008241
2020-21,29,Karnataka,2020-08,2020-08-01,79907.0,3074618.0,50146.442867558,40879.0,1130772.0,40654.621522541,92449.0,1362008.0,45803.345172762
2020-21,30,Goa,2020-08,2020-08-01,1320.0,49613.0,798.353448688,1357.0,47909.0,3295.390268557,5394.0,78309.0,2826.077290353
2020-21,31,Lakshadweep,2020-08,2020-08-01,0.0,0.0,0.0,2.0,3.0,0.053555947,29.0,202.0,2.269348189
2020-21,32,Kerala,2020-08,2020-08-01,33125.0,1100502.0,16137.345273664001,11871.0,123633.0,6419.424436702,43962.0,472998.0,14097.272010607001
2020-21,33,Tamil Nadu,2020-08,2020-08-01,68327.0,3149795.0,61702.947849995,58676.0,1555376.0,57001.588383580005,94033.0,1330081.0,52517.838185412
2020-21,34,Puducherry,2020-08,2020-08-01,835.0,29805.0,814.509492616,1651.0,83352.0,2524.3373847479997,4616.0,79183.0,2157.5663541
2020-21,35,ANDAMAN AND NICOBAR,2020-08,2020-08-01,11.0,284.0,14.229034957,46.0,127.0,19.487186574000003,643.0,4648.0,133.204780822
2020-21,36,Telangana,2020-08,2020-08-01,31640.0,1422879.0,24061.058676017,27204.0,535608.0,22458.352193487,51508.0,776394.0,28963.301391008
2020-21,37,Andhra Pradesh,2020-08,2020-08-01,27249.0,1195714.0,20539.489260935,17547.0,341166.0,25080.04703865,59359.0,659884.0,24971.916325341
2020-21,38,Ladakh,2020-08,2020-08-01,21.0,387.0,19.125501334,31.0,240.0,5.468362575,714.0,6971.0,188.937976741
2020-21,97,Other Territory,2020-08,2020-08-01,3.0,97.0,112.887527033,24.0,2860.0,864.4728319899999,132.0,8866.0,1849.9332546029998
2020-21,01,Jammu and Kashmir,2020-07,2020-07-01,3853.0,153002.0,2600.495350739,2252.0,33468.0,2705.639656827,16919.0,184344.0,5265.295676805
2020-21,02,Himachal Pradesh,2020-07,2020-07-01,6920.0,233089.0,4307.475102996,4711.0,232747.0,9748.19973352,19688.0,277656.0,7906.795039796
2020-21,03,Punjab,2020-07,2020-07-01,54860.0,1457292.0,29142.614076503996,42502.0,746980.0,20997.010609765,59441.0,764392.0,22892.273852518
2020-21,04,Chandigarh,2020-07,2020-07-01,1921.0,21406.0,314.44501948600004,4558.0,71535.0,1305.4179672100001,7183.0,94079.0,1928.3286070509998
2020-21,05,Uttarakhand,2020-07,2020-07-01,10230.0,478909.0,7706.496412067,7336.0,297618.0,14701.766143307,21079.0,392683.0,11240.179186125999
2020-21,06,Haryana,2020-07,2020-07-01,58961.0,2293309.0,37570.348871656,53252.0,2320056.0,51054.192873418,84374.0,1401793.0,49583.253099579
2020-21,07,Delhi,2020-07,2020-07-01,51938.0,692241.0,24395.954187107,103819.0,1200672.0,31490.232067353998,97198.0,1075566.0,34538.046568587
2020-21,08,Rajasthan,2020-07,2020-07-01,65426.0,1547579.0,28844.982853321002,44371.0,1077449.0,26797.199535159,84894.0,996616.0,30303.737211284002
2020-21,09,Uttar Pradesh,2020-07,2020-07-01,98120.0,2834860.0,59368.957273543005,64170.0,1072686.0,49688.926988058,151516.0,1746880.0,59808.93855195699
2020-21,10,Bihar,2020-07,2020-07-01,5247.0,345002.0,6650.788770030001,4951.0,48797.0,2113.236145501,45982.0,418802.0,11926.44475341
2020-21,11,Sikkim,2020-07,2020-07-01,92.0,1756.0,29.291261360000004,111.0,3572.0,1774.3210340439998,1157.0,16803.0,617.848541921
2020-21,12,Arunachal Pradesh,2020-07,2020-07-01,80.0,914.0,17.295988694,119.0,946.0,53.583771824,1719.0,11514.0,277.986575912
2020-21,13,Nagaland,2020-07,2020-07-01,78.0,726.0,33.700525082,188.0,6053.0,53.348061385,1795.0,16045.0,382.160895866
2020-21,14,Manipur,2020-07,2020-07-01,51.0,2942.0,48.810463312,71.0,278.0,14.479000603,2091.0,35113.0,541.510152705
2020-21,15,Mizoram,2020-07,2020-07-01,27.0,577.0,8.263518291,53.0,198.0,15.632192077000001,1601.0,24040.0,372.551623435
2020-21,16,Tripura,2020-07,2020-07-01,943.0,18758.0,319.310726177,304.0,2265.0,171.95999213599998,3498.0,27968.0,638.509170226
2020-21,17,Meghalaya,2020-07,2020-07-01,267.0,8350.0,152.423764903,284.0,19803.0,387.829423842,2441.0,26066.0,590.334265639
2020-21,18,Assam,2020-07,2020-07-01,9026.0,256659.0,5092.11235444,6643.0,123996.0,5084.29873454,19575.0,182225.0,7083.473162589
2020-21,19,West Bengal,2020-07,2020-07-01,34265.0,1338247.0,32260.086821666,32916.0,534102.0,24528.572142237,50613.0,778184.0,30342.376352446998
2020-21,20,Jharkhand,2020-07,2020-07-01,7897.0,363653.0,7285.543032771001,6736.0,172583.0,9107.884654791,22806.0,263088.0,8996.000667457001
2020-21,21,Odisha,2020-07,2020-07-01,11694.0,636552.0,12805.799971205,4628.0,188156.0,16491.446802447,27357.0,293030.0,17262.3156673
2020-21,22,Chhattisgarh,2020-07,2020-07-01,4775.0,168982.0,4668.905539648999,6853.0,149544.0,9692.945112413001,20898.0,306301.0,9951.072427889
2020-21,23,Madhya Pradesh,2020-07,2020-07-01,14710.0,385283.0,7634.606642014,17952.0,329813.0,16215.937003856,63036.0,725961.0,21151.518606692
2020-21,24,Gujarat,2020-07,2020-07-01,114769.0,2874099.0,72713.105772526,111084.0,2581762.0,81253.494730644,105010.0,1185503.0,53609.705986289
2020-21,25,Daman and Diu,2020-07,2020-07-01,990.0,26658.0,710.9546822560001,1574.0,124260.0,3285.702823087,1999.0,56540.0,2335.517265569
2020-21,26,Dadra and Nagar Haveli,2020-07,2020-07-01,1208.0,48638.0,1652.501024471,1859.0,173660.0,7339.41991382,2613.0,86236.0,5029.052367163
2020-21,27,Maharashtra,2020-07,2020-07-01,96408.0,3664582.0,86911.811311997,85352.0,2619281.0,88823.084949058,146026.0,1679134.0,78490.648390312
2020-21,29,Karnataka,2020-07,2020-07-01,74875.0,2879267.0,47161.463750375,37085.0,1044159.0,39641.726582938,87498.0,1216595.0,44969.443546727
2020-21,30,Goa,2020-07,2020-07-01,1332.0,50306.0,871.3890407209999,1365.0,49562.0,3696.00534281,5310.0,80684.0,3139.040170881
2020-21,31,Lakshadweep,2020-07,2020-07-01,0.0,0.0,0.0,3.0,3.0,0.056086,34.0,397.0,5.834860213000001
2020-21,32,Kerala,2020-07,2020-07-01,31710.0,999542.0,14496.170153514002,11276.0,119590.0,6210.350454962,43229.0,445196.0,13251.168819167
2020-21,33,Tamil Nadu,2020-07,2020-07-01,66124.0,2946800.0,57732.513631484,56435.0,1458438.0,52722.236466742,90528.0,1205930.0,49748.841076032004
2020-21,34,Puducherry,2020-07,2020-07-01,856.0,31693.0,909.509084977,1649.0,81969.0,2666.394062275,4566.0,77080.0,2194.2070314790003
2020-21,35,ANDAMAN AND NICOBAR,2020-07,2020-07-01,12.0,269.0,10.081954066,52.0,187.0,24.269991656000002,838.0,8509.0,184.803331369
2020-21,36,Telangana,2020-07,2020-07-01,31714.0,1468262.0,24512.309796643,26850.0,526518.0,21623.934573644,52370.0,792905.0,32522.735867603
2020-21,37,Andhra Pradesh,2020-07,2020-07-01,27380.0,1154842.0,19303.329415342003,16991.0,341569.0,23259.09355645,57749.0,645563.0,24115.902654829002
2020-21,38,Ladakh,2020-07,2020-07-01,20.0,660.0,27.979656780000003,25.0,214.0,5.778041114,718.0,7116.0,197.69929595
2020-21,97,Other Territory,2020-07,2020-07-01,4.0,108.0,135.349172959,26.0,2665.0,920.3930052879999,161.0,9423.0,1845.051467316
2020-21,01,Jammu and Kashmir,2020-06,2020-06-01,3512.0,141971.0,2448.052229005,1978.0,29589.0,2529.899393309,15777.0,170913.0,4952.055430056
2020-21,02,Himachal Pradesh,2020-06,2020-06-01,6668.0,222641.0,3959.165393031,4424.0,205055.0,9035.430207110001,18492.0,234826.0,7078.7450161940005
2020-21,03,Punjab,2020-06,2020-06-01,52130.0,1285595.0,25534.704242188,39423.0,655363.0,19666.079284372,56091.0,648671.0,20177.431117513
2020-21,04,Chandigarh,2020-06,2020-06-01,1787.0,19451.0,293.890820135,4295.0,64047.0,1135.782093958,6579.0,79257.0,1601.3841399809999
2020-21,05,Uttarakhand,2020-06,2020-06-01,9685.0,390672.0,6771.462894103,6820.0,254310.0,13273.655032912,20178.0,323646.0,9750.622952391
2020-21,06,Haryana,2020-06,2020-06-01,55235.0,1750591.0,29671.728344356,49298.0,1758033.0,42725.82602221,78813.0,1170862.0,39894.126749961
2020-21,07,Delhi,2020-06,2020-06-01,45114.0,559528.0,18833.06355112,94917.0,1004940.0,25696.951083582,83966.0,809404.0,28160.174953067
2020-21,08,Rajasthan,2020-06,2020-06-01,61070.0,1404634.0,27483.326162353,41148.0,994696.0,23919.060005074,77363.0,768829.0,25429.608369077
2020-21,09,Uttar Pradesh,2020-06,2020-06-01,94224.0,2783317.0,56002.64991374101,58372.0,899373.0,42937.756580367,146613.0,1571891.0,51871.134119163
2020-21,10,Bihar,2020-06,2020-06-01,5716.0,418645.0,8224.816609507001,5242.0,53463.0,1996.202966815,50577.0,502994.0,13717.251427350999
2020-21,11,Sikkim,2020-06,2020-06-01,112.0,3072.0,47.462856438,129.0,4781.0,2212.688799337,1373.0,22454.0,759.59777891
2020-21,12,Arunachal Pradesh,2020-06,2020-06-01,97.0,1342.0,23.676698178,156.0,1201.0,61.23434131799999,2360.0,22418.0,413.351536304
2020-21,13,Nagaland,2020-06,2020-06-01,77.0,805.0,35.816486564,171.0,1318.0,59.578699439999994,1981.0,18369.0,395.734066459
2020-21,14,Manipur,2020-06,2020-06-01,55.0,2947.0,48.13579678,63.0,231.0,10.131381617,2124.0,32185.0,548.937949104
2020-21,15,Mizoram,2020-06,2020-06-01,16.0,455.0,6.661750828,55.0,307.0,27.306024306,1510.0,20465.0,308.254877186
2020-21,16,Tripura,2020-06,2020-06-01,920.0,21491.0,337.675113821,284.0,1762.0,173.314121394,3614.0,30853.0,893.3358713309999
2020-21,17,Meghalaya,2020-06,2020-06-01,272.0,9247.0,189.62334154500002,333.0,21998.0,411.835939005,2641.0,31096.0,641.8579147979999
2020-21,18,Assam,2020-06,2020-06-01,10063.0,353331.0,6264.734871775,8279.0,154010.0,5177.936932122,20303.0,195405.0,7377.880518064
2020-21,19,West Bengal,2020-06,2020-06-01,32568.0,1255254.0,30390.201244255,31317.0,527699.0,22408.444860269,46762.0,628467.0,26989.588466864003
2020-21,20,Jharkhand,2020-06,2020-06-01,7709.0,338506.0,6503.796491384,6542.0,156573.0,8026.194186507001,21830.0,224334.0,8354.966354166001
2020-21,21,Odisha,2020-06,2020-06-01,11840.0,633067.0,11508.268467405,4620.0,175303.0,14849.015339922,27557.0,297669.0,11697.544287983
2020-21,22,Chhattisgarh,2020-06,2020-06-01,4921.0,184083.0,4755.274394501999,6918.0,147501.0,9317.409172952,20296.0,275740.0,10408.364408508
2020-21,23,Madhya Pradesh,2020-06,2020-06-01,13938.0,361928.0,7699.767733972,16484.0,311480.0,15129.358869934,59049.0,594656.0,21591.054371174
2020-21,24,Gujarat,2020-06,2020-06-01,105621.0,2453201.0,64733.725661575,102166.0,2168602.0,72725.423089348,93804.0,939238.0,50438.490891459995
2020-21,25,Daman and Diu,2020-06,2020-06-01,931.0,23480.0,677.163131379,1505.0,104850.0,3110.564610834,1855.0,48073.0,2344.986660302
2020-21,26,Dadra and Nagar Haveli,2020-06,2020-06-01,1133.0,41853.0,1643.61761409,1783.0,148055.0,6690.345752729,2455.0,73532.0,4410.371635237
2020-21,27,Maharashtra,2020-06,2020-06-01,89631.0,3314233.0,79784.698365725,78051.0,2280033.0,82130.038171803,134892.0,1402289.0,73182.245254665
2020-21,29,Karnataka,2020-06,2020-06-01,78053.0,2940570.0,48967.469118392,37704.0,970222.0,37469.297424935,87841.0,1161648.0,41919.278271159004
2020-21,30,Goa,2020-06,2020-06-01,1346.0,50050.0,784.645517956,1302.0,43463.0,3447.6914380690005,5454.0,77126.0,2908.0344656810003
2020-21,31,Lakshadweep,2020-06,2020-06-01,0.0,0.0,0.0,2.0,3.0,0.0030002,26.0,266.0,4.074172372
2020-21,32,Kerala,2020-06,2020-06-01,31008.0,1039087.0,14586.842504348999,11210.0,113326.0,6092.606483235,41779.0,446707.0,12536.30834132
2020-21,33,Tamil Nadu,2020-06,2020-06-01,61557.0,2421600.0,47233.06754525,52250.0,1216245.0,45097.767379781,83630.0,973748.0,40504.85548053
2020-21,34,Puducherry,2020-06,2020-06-01,798.0,28215.0,884.763939159,1521.0,68508.0,2720.017715245,4160.0,63356.0,2075.933501514
2020-21,35,ANDAMAN AND NICOBAR,2020-06,2020-06-01,11.0,215.0,12.890945127,63.0,286.0,45.707645281,719.0,6490.0,154.96364651500002
2020-21,36,Telangana,2020-06,2020-06-01,30755.0,1349277.0,23426.659156720998,26316.0,501023.0,21863.3827839,50449.0,698449.0,26783.413493428
2020-21,37,Andhra Pradesh,2020-06,2020-06-01,27899.0,1129620.0,19486.906808534,16735.0,331355.0,23213.109652565,56152.0,604864.0,21902.810502164
2020-21,38,Ladakh,2020-06,2020-06-01,9.0,116.0,3.8459071130000004,15.0,94.0,2.3692563730000002,531.0,5416.0,190.211455748
2020-21,97,Other Territory,2020-06,2020-06-01,3.0,113.0,51.875803386,22.0,1710.0,656.991309697,125.0,7003.0,1550.369480498
2020-21,01,Jammu and Kashmir,2020-05,2020-05-01,2388.0,81513.0,1667.6389341299998,1166.0,19189.0,1841.427952093,10800.0,85674.0,3465.512706985
2020-21,02,Himachal Pradesh,2020-05,2020-05-01,5800.0,167027.0,2936.00423838,3594.0,146679.0,7004.090872598,15131.0,157195.0,5499.581088543
2020-21,03,Punjab,2020-05,2020-05-01,42302.0,811521.0,16306.030946226001,28962.0,385302.0,14007.255425749,42314.0,353754.0,14572.81035101
2020-21,04,Chandigarh,2020-05,2020-05-01,1295.0,10613.0,270.47022761100004,3335.0,39249.0,706.56890281,5107.0,45359.0,1236.339682907
2020-21,05,Uttarakhand,2020-05,2020-05-01,8097.0,236632.0,4535.964929819001,5047.0,156455.0,9258.986546758999,14938.0,177395.0,7100.666991401
2020-21,06,Haryana,2020-05,2020-05-01,42804.0,827137.0,18579.481445758,35525.0,798764.0,26048.933086926998,59128.0,563877.0,28382.341686896
2020-21,07,Delhi,2020-05,2020-05-01,27345.0,309880.0,12116.934617055,58852.0,483095.0,15841.022163216001,52181.0,386119.0,19350.928018948
2020-21,08,Rajasthan,2020-05,2020-05-01,42906.0,855512.0,18943.788452729998,27058.0,448767.0,16677.404794837,48018.0,338149.0,17226.187118634
2020-21,09,Uttar Pradesh,2020-05,2020-05-01,61898.0,1720701.0,35681.460772613,33592.0,458667.0,24981.530749838,94448.0,673459.0,34490.252938717
2020-21,10,Bihar,2020-05,2020-05-01,4856.0,303367.0,6591.370132688,3632.0,38510.0,1444.5086001040002,37319.0,238664.0,9585.662616476
2020-21,11,Sikkim,2020-05,2020-05-01,96.0,2846.0,50.257757863,95.0,3929.0,2112.762968078,1255.0,22983.0,793.765578947
2020-21,12,Arunachal Pradesh,2020-05,2020-05-01,107.0,1947.0,37.905234092,107.0,875.0,32.317689694,2329.0,23112.0,396.674482553
2020-21,13,Nagaland,2020-05,2020-05-01,60.0,875.0,33.010634237,133.0,1309.0,45.175154002999996,1796.0,19093.0,370.154716121
2020-21,14,Manipur,2020-05,2020-05-01,42.0,2297.0,37.393255425999996,39.0,134.0,5.974686397999999,1788.0,26532.0,478.185881992
2020-21,15,Mizoram,2020-05,2020-05-01,16.0,566.0,9.289952876000001,37.0,181.0,9.155889567000001,1531.0,26596.0,364.308077063
2020-21,16,Tripura,2020-05,2020-05-01,772.0,16674.0,226.948596415,217.0,1089.0,70.277627255,2842.0,21619.0,548.198540259
2020-21,17,Meghalaya,2020-05,2020-05-01,232.0,7731.0,147.651735428,263.0,22881.0,432.422839596,2096.0,20310.0,460.207560822
2020-21,18,Assam,2020-05,2020-05-01,8986.0,299148.0,5418.213009624,7360.0,143722.0,4347.477984509,14600.0,117250.0,5755.539271708
2020-21,19,West Bengal,2020-05,2020-05-01,17722.0,603610.0,16617.488696354998,16314.0,249696.0,14195.534937968,27071.0,235338.0,17083.619896991
2020-21,20,Jharkhand,2020-05,2020-05-01,5538.0,195867.0,4024.51236585,4951.0,107921.0,5834.308008136,14636.0,110452.0,5499.48692552
2020-21,21,Odisha,2020-05,2020-05-01,10717.0,528632.0,10490.163650528,3541.0,118365.0,11325.138037423,22387.0,202371.0,10330.415259666
2020-21,22,Chhattisgarh,2020-05,2020-05-01,4321.0,162694.0,4237.446962290001,5805.0,123475.0,8159.04173986,15258.0,166609.0,7644.093284236999
2020-21,23,Madhya Pradesh,2020-05,2020-05-01,9807.0,207865.0,5586.548549921,10877.0,194593.0,11399.105228627,38737.0,296041.0,14176.269403013
2020-21,24,Gujarat,2020-05,2020-05-01,71141.0,1465131.0,45074.619155478,53614.0,800352.0,52998.291785060996,53464.0,475817.0,37518.201930107
2020-21,25,Daman and Diu,2020-05,2020-05-01,750.0,17242.0,477.98491129399997,1262.0,60290.0,2224.5921281759997,1518.0,31734.0,1878.126413564
2020-21,26,Dadra and Nagar Haveli,2020-05,2020-05-01,964.0,25778.0,1050.200877105,1436.0,82909.0,4677.320527343,1981.0,52203.0,3716.9460856190003
2020-21,27,Maharashtra,2020-05,2020-05-01,56234.0,1851162.0,52163.965938362,44188.0,999192.0,52285.730137246,84586.0,741354.0,55741.585834015
2020-21,29,Karnataka,2020-05,2020-05-01,64902.0,2010913.0,36938.893262555,26623.0,553953.0,26758.683815802,63103.0,589579.0,32447.86042468
2020-21,30,Goa,2020-05,2020-05-01,1221.0,49906.0,761.875624977,1021.0,29943.0,2949.959521769,4643.0,58774.0,2714.2156492619997
2020-21,31,Lakshadweep,2020-05,2020-05-01,0.0,0.0,0.0,1.0,3.0,0.12276901000000001,29.0,292.0,3.8600238780000002
2020-21,32,Kerala,2020-05,2020-05-01,25819.0,799929.0,11216.932742475,7997.0,68060.0,4353.770352776,31927.0,283186.0,9860.827211586
2020-21,33,Tamil Nadu,2020-05,2020-05-01,49270.0,1579567.0,34608.261398368,38394.0,700082.0,28699.807859427,60259.0,552415.0,34861.014962343
2020-21,34,Puducherry,2020-05,2020-05-01,721.0,19144.0,697.5221032239999,1315.0,46842.0,2040.9025649189998,3501.0,44425.0,1823.5390795669998
2020-21,35,ANDAMAN AND NICOBAR,2020-05,2020-05-01,7.0,173.0,6.555229292,40.0,145.0,18.68479249,432.0,3048.0,88.12808713300001
2020-21,36,Telangana,2020-05,2020-05-01,23787.0,928576.0,17293.534566237,17675.0,305592.0,17301.455595453,34757.0,338940.0,19825.833996763
2020-21,37,Andhra Pradesh,2020-05,2020-05-01,20789.0,773731.0,14926.742089264002,11870.0,244248.0,17955.639787094,39009.0,334196.0,17242.857451771
2020-21,38,Ladakh,2020-05,2020-05-01,8.0,68.0,5.459021763,4.0,7.0,0.439341945,255.0,2849.0,115.87723576600001
2020-21,97,Other Territory,2020-05,2020-05-01,5.0,140.0,767.860611304,23.0,1573.0,849.1417230779999,121.0,4760.0,1762.6023259990002
2020-21,01,Jammu and Kashmir,2020-04,2020-04-01,1022.0,31352.0,877.333098658,374.0,6654.0,717.461602287,3279.0,24128.0,1645.359728539
2020-21,02,Himachal Pradesh,2020-04,2020-04-01,2899.0,51107.0,999.3918312809999,1789.0,46746.0,3446.4489856339997,4768.0,53214.0,2653.531294889
2020-21,03,Punjab,2020-04,2020-04-01,11638.0,210607.0,4370.58505495,6152.0,97022.0,6518.8252054330005,13338.0,88442.0,5898.275114115
2020-21,04,Chandigarh,2020-04,2020-04-01,348.0,3369.0,56.144607424,945.0,10911.0,225.484811127,1478.0,14968.0,582.473511643
2020-21,05,Uttarakhand,2020-04,2020-04-01,3666.0,80391.0,1898.226651138,2236.0,56679.0,4153.741162304,5369.0,56024.0,2997.1962288209997
2020-21,06,Haryana,2020-04,2020-04-01,11822.0,212972.0,5729.203025094999,9092.0,226394.0,10301.209980681,18514.0,149433.0,9417.631227729
2020-21,07,Delhi,2020-04,2020-04-01,7630.0,140445.0,4296.811147119,12217.0,135538.0,5760.53809504,13584.0,140641.0,7806.444696746001
2020-21,08,Rajasthan,2020-04,2020-04-01,15409.0,273673.0,8140.384770935,6806.0,84890.0,6494.769908317,13016.0,80023.0,6012.706025565
2020-21,09,Uttar Pradesh,2020-04,2020-04-01,21107.0,685565.0,15245.526460491,8233.0,140988.0,9877.73873822,29816.0,197674.0,13600.762813125999
2020-21,10,Bihar,2020-04,2020-04-01,2545.0,127062.0,2775.641818131,1537.0,15235.0,741.619710263,13410.0,60941.0,4118.598737359
2020-21,11,Sikkim,2020-04,2020-04-01,58.0,1700.0,30.324954594999998,68.0,4026.0,2287.8987195689997,429.0,9208.0,600.2312737029999
2020-21,12,Arunachal Pradesh,2020-04,2020-04-01,51.0,720.0,11.045510712999999,52.0,245.0,9.486457787,612.0,4685.0,118.01320443800002
2020-21,13,Nagaland,2020-04,2020-04-01,20.0,82.0,3.25539066,44.0,284.0,23.868247863999997,460.0,3707.0,169.970716206
2020-21,14,Manipur,2020-04,2020-04-01,24.0,779.0,18.453441519,16.0,47.0,2.93779252,635.0,5277.0,200.685324922
2020-21,15,Mizoram,2020-04,2020-04-01,9.0,114.0,2.129626068,20.0,89.0,3.582642843,509.0,3641.0,107.811700672
2020-21,16,Tripura,2020-04,2020-04-01,323.0,5109.0,79.925528242,71.0,351.0,15.599603265999999,1051.0,6624.0,221.022295565
2020-21,17,Meghalaya,2020-04,2020-04-01,86.0,1238.0,48.310503693,87.0,986.0,50.368421249,730.0,7406.0,220.590064105
2020-21,18,Assam,2020-04,2020-04-01,3202.0,94658.0,2114.247555857,2643.0,38758.0,1873.492317021,3887.0,25678.0,2346.414047593
2020-21,19,West Bengal,2020-04,2020-04-01,7810.0,305480.0,9013.535355772001,5058.0,82441.0,7759.678923847,8889.0,69753.0,9534.710764214999
2020-21,20,Jharkhand,2020-04,2020-04-01,2205.0,84486.0,1974.2548584509998,2141.0,38706.0,2275.543412073,4622.0,39259.0,3198.0984410700003
2020-21,21,Odisha,2020-04,2020-04-01,5697.0,253813.0,5629.70369304,1609.0,52234.0,7491.044414417999,6922.0,48233.0,4952.461349378
2020-21,22,Chhattisgarh,2020-04,2020-04-01,1866.0,42708.0,1112.211193112,2624.0,38019.0,3783.5481765739996,4591.0,54956.0,4474.315842909999
2020-21,23,Madhya Pradesh,2020-04,2020-04-01,3387.0,55384.0,1990.46659396,4558.0,66918.0,6288.8465633900005,11618.0,77490.0,6117.6795577620005
2020-21,24,Gujarat,2020-04,2020-04-01,26738.0,558958.0,21574.428152995002,15391.0,251014.0,28169.704794987,16834.0,150025.0,16896.770510217
2020-21,25,Daman and Diu,2020-04,2020-04-01,350.0,5269.0,126.03649131600001,607.0,16113.0,849.784746637,626.0,9375.0,625.503520446
2020-21,26,Dadra and Nagar Haveli,2020-04,2020-04-01,389.0,5062.0,260.045251943,645.0,19351.0,1783.500023179,796.0,16261.0,1427.339617942
2020-21,27,Maharashtra,2020-04,2020-04-01,21336.0,677174.0,23693.24068724,14300.0,252779.0,23248.673481424,27667.0,223300.0,25184.702175052
2020-21,29,Karnataka,2020-04,2020-04-01,19122.0,652086.0,12967.683114705,7155.0,136993.0,10740.468069633,16879.0,129165.0,13417.008526458
2020-21,30,Goa,2020-04,2020-04-01,705.0,16649.0,308.825526335,417.0,9927.0,1738.06895787,1399.0,19887.0,1074.234988682
2020-21,31,Lakshadweep,2020-04,2020-04-01,0.0,0.0,0.0,0.0,0.0,0.0,9.0,108.0,1.4290516789999999
2020-21,32,Kerala,2020-04,2020-04-01,10562.0,247827.0,4160.341757166,2390.0,15478.0,1530.622548567,9978.0,71823.0,4630.471691827
2020-21,33,Tamil Nadu,2020-04,2020-04-01,11315.0,397738.0,10526.059458655,9484.0,129206.0,8804.427523901,16136.0,116621.0,12769.379278778999
2020-21,34,Puducherry,2020-04,2020-04-01,275.0,5324.0,218.445264504,483.0,12837.0,865.335063512,1126.0,13122.0,705.595136978
2020-21,35,ANDAMAN AND NICOBAR,2020-04,2020-04-01,4.0,116.0,5.3720393689999995,20.0,51.0,9.025688,146.0,1270.0,40.187506729
2020-21,36,Telangana,2020-04,2020-04-01,10107.0,471500.0,9008.533785538,6818.0,121629.0,11326.670075648,10749.0,98747.0,8569.327308173
2020-21,37,Andhra Pradesh,2020-04,2020-04-01,10254.0,359964.0,7916.339595242999,4575.0,78220.0,10382.209884479,13550.0,117763.0,8723.343637255999
2020-21,38,Ladakh,2020-04,2020-04-01,2.0,10.0,0.404388656,2.0,2.0,0.0145123,52.0,336.0,17.490698474000002
2020-21,97,Other Territory,2020-04,2020-04-01,4.0,73.0,43.640762222,17.0,672.0,227.273747416,256.0,2274.0,873.2340814120001
2021-22,01,Jammu and Kashmir,2022-03,2022-03-01,6696.0,248324.0,4650.965,3121.0,40328.0,2935.1985999999997,21320.0,260100.0,7824.124
2021-22,02,Himachal Pradesh,2022-03,2022-03-01,9519.0,309769.0,6821.799,5880.0,288685.0,13561.8249,23792.0,343468.0,12322.1959
2021-22,03,Punjab,2022-03,2022-03-01,72713.0,1889175.0,53920.4775,50998.0,999380.0,35526.0208,74332.0,1040801.0,38154.6171
2021-22,04,Chandigarh,2022-03,2022-03-01,2529.0,31908.0,588.1747,5419.0,92717.0,2134.112,8876.0,142784.0,3420.5259
2021-22,05,Uttarakhand,2022-03,2022-03-01,14035.0,655157.0,12828.9797,9553.0,394792.0,22475.833700000003,28261.0,521357.0,18127.066899999998
2021-22,06,Haryana,2022-03,2022-03-01,79068.0,2990558.0,66783.3907,67590.0,3497451.0,90342.7169,108602.0,2146976.0,88449.13720000001
2021-22,07,Delhi,2022-03,2022-03-01,76664.0,1124597.0,44509.7149,132210.0,1885005.0,55188.267199999995,131459.0,2074617.0,64468.579699999995
2021-22,08,Rajasthan,2022-03,2022-03-01,70799.0,1680460.0,51683.1174,54539.0,1521708.0,49623.8163,105328.0,1493358.0,61330.6079
2021-22,09,Uttar Pradesh,2022-03,2022-03-01,133978.0,4011376.0,97188.4897,88940.0,1787007.0,79915.9051,200674.0,2927392.0,102468.5571
2021-22,10,Bihar,2022-03,2022-03-01,9238.0,573471.0,12791.8177,8493.0,106463.0,4149.4195,62394.0,849210.0,21369.5089
2021-22,11,Sikkim,2022-03,2022-03-01,150.0,6824.0,154.006,204.0,6492.0,2908.9934000000003,1920.0,38300.0,1205.6733
2021-22,12,Arunachal Pradesh,2022-03,2022-03-01,228.0,4103.0,108.225,277.0,2333.0,141.3741,3546.0,42069.0,1047.1413
2021-22,13,Nagaland,2022-03,2022-03-01,137.0,3103.0,96.21889999999999,339.0,9051.0,221.6362,2704.0,34865.0,713.1709
2021-22,14,Manipur,2022-03,2022-03-01,113.0,4649.0,128.966,142.0,923.0,63.0572,2836.0,42177.0,963.3977
2021-22,15,Mizoram,2022-03,2022-03-01,57.0,1711.0,31.8206,87.0,388.0,21.8486,2104.0,33494.0,672.0841
2021-22,16,Tripura,2022-03,2022-03-01,1623.0,42648.0,857.6728999999999,497.0,3001.0,354.62629999999996,4718.0,44880.0,1186.6688000000001
2021-22,17,Meghalaya,2022-03,2022-03-01,439.0,18314.0,438.62919999999997,521.0,44360.0,1040.4831,3926.0,54369.0,1364.1519
2021-22,18,Assam,2022-03,2022-03-01,13881.0,571009.0,11199.167800000001,10913.0,222266.0,7499.8186,28433.0,423566.0,13759.4466
2021-22,19,West Bengal,2022-03,2022-03-01,48221.0,2074633.0,60142.3993,43094.0,970395.0,45496.827699999994,67823.0,1238976.0,53111.890400000004
2021-22,20,Jharkhand,2022-03,2022-03-01,10972.0,613354.0,16075.065200000001,8728.0,276120.0,21366.4282,28475.0,509580.0,19736.7363
2021-22,21,Odisha,2022-03,2022-03-01,17000.0,1086130.0,27216.4137,7175.0,305432.0,36880.0043,34399.0,461513.0,22587.8544
2021-22,22,Chhattisgarh,2022-03,2022-03-01,6205.0,305399.0,11026.940700000001,8601.0,185232.0,21186.9514,25765.0,439663.0,19505.339099999997
2021-22,23,Madhya Pradesh,2022-03,2022-03-01,26731.0,918040.0,21510.9498,22778.0,518017.0,29096.6638,76375.0,1075571.0,37357.9884
2021-22,24,Gujarat,2022-03,2022-03-01,160925.0,4522723.0,155777.185,140419.0,4925259.0,149284.8037,141292.0,1934641.0,103829.4841
2021-22,25,Daman and Diu,2022-03,2022-03-01,0.0,0.0,0.0,1.0,1.0,0.023,15.0,55.0,15.3883
2021-22,26,Dadra and Nagar Haveli,2022-03,2022-03-01,3045.0,126127.0,5736.3813,3934.0,462438.0,20916.8031,5520.0,197540.0,16656.6446
2021-22,27,Maharashtra,2022-03,2022-03-01,153468.0,7337812.0,204097.15350000001,118844.0,4411711.0,173106.69850000003,209054.0,3174142.0,158977.8628
2021-22,29,Karnataka,2022-03,2022-03-01,111591.0,4768730.0,93379.6284,54882.0,2148241.0,79004.6823,119463.0,2060129.0,82815.07650000001
2021-22,30,Goa,2022-03,2022-03-01,1965.0,100478.0,1858.4907999999998,1789.0,68921.0,5566.3801,7929.0,126291.0,12280.2501
2021-22,31,Lakshadweep,2022-03,2022-03-01,0.0,0.0,0.0,2.0,3.0,0.0634,52.0,604.0,7.5022
2021-22,32,Kerala,2022-03,2022-03-01,45184.0,1762457.0,26642.4821,16319.0,196058.0,9931.4964,57993.0,784058.0,22464.0781
2021-22,33,Tamil Nadu,2022-03,2022-03-01,98968.0,5190898.0,112038.87890000001,74530.0,2482184.0,95623.0058,118544.0,2120805.0,93733.9097
2021-22,34,Puducherry,2022-03,2022-03-01,1111.0,42563.0,2341.8088000000002,1967.0,118049.0,4487.4929999999995,5688.0,116706.0,3948.2684000000004
2021-22,35,ANDAMAN AND NICOBAR,2022-03,2022-03-01,43.0,3292.0,39.3058,86.0,372.0,46.6572,1040.0,10765.0,270.6624
2021-22,36,Telangana,2022-03,2022-03-01,47763.0,2411707.0,46935.8626,34699.0,795703.0,38718.4606,65649.0,1296366.0,47634.774699999994
2021-22,37,Andhra Pradesh,2022-03,2022-03-01,38336.0,1811096.0,35016.1213,23340.0,515502.0,43881.2351,72942.0,998979.0,42304.4274
2021-22,38,Ladakh,2022-03,2022-03-01,36.0,267.0,9.3573,20.0,40.0,2.512,517.0,2966.0,100.73780000000001
2021-22,97,Other Territory,2022-03,2022-03-01,8.0,61.0,11.0972,33.0,2349.0,626.9044,290.0,10864.0,2379.4455
2021-22,01,Jammu and Kashmir,2022-02,2022-02-01,5861.0,192550.0,3418.3990000000003,2623.0,33445.0,2363.0104,18696.0,192684.0,6084.4574
2021-22,02,Himachal Pradesh,2022-02,2022-02-01,8537.0,262689.0,5967.823,5478.0,261804.0,12263.806,21081.0,293373.0,10594.2573
2021-22,03,Punjab,2022-02,2022-02-01,67174.0,1633489.0,44092.979699999996,47796.0,859056.0,29836.6403,69576.0,908887.0,31632.784900000002
2021-22,04,Chandigarh,2022-02,2022-02-01,2217.0,24067.0,434.41470000000004,5055.0,78061.0,1695.1668,8309.0,118108.0,2743.4168
2021-22,05,Uttarakhand,2022-02,2022-02-01,12690.0,552172.0,10679.1255,8798.0,339026.0,18651.451399999998,25259.0,451719.0,15593.5447
2021-22,06,Haryana,2022-02,2022-02-01,72644.0,2787798.0,58350.314699999995,63584.0,3298331.0,78442.0275,103309.0,1989418.0,75227.2897
2021-22,07,Delhi,2022-02,2022-02-01,69634.0,960302.0,37006.9868,125900.0,1675760.0,47738.6475,124347.0,1883278.0,52766.6186
2021-22,08,Rajasthan,2022-02,2022-02-01,64789.0,1480646.0,41429.0858,52061.0,1369596.0,41824.711800000005,100569.0,1343099.0,51679.0276
2021-22,09,Uttar Pradesh,2022-02,2022-02-01,125450.0,3545944.0,82844.76759999999,83393.0,1592707.0,67416.0291,187886.0,2484071.0,85972.9088
2021-22,10,Bihar,2022-02,2022-02-01,8244.0,478336.0,10383.7048,8012.0,94812.0,3854.1812,58318.0,704133.0,17614.8315
2021-22,11,Sikkim,2022-02,2022-02-01,149.0,6227.0,115.9233,195.0,6975.0,2831.3273,1796.0,33645.0,1091.5985
2021-22,12,Arunachal Pradesh,2022-02,2022-02-01,189.0,2972.0,63.758100000000006,228.0,1594.0,112.1006,3169.0,33721.0,766.2186999999999
2021-22,13,Nagaland,2022-02,2022-02-01,151.0,2315.0,76.3559,308.0,7567.0,160.0109,2607.0,31901.0,605.6976
2021-22,14,Manipur,2022-02,2022-02-01,107.0,4057.0,111.1309,131.0,695.0,52.2037,2771.0,39843.0,899.1452
2021-22,15,Mizoram,2022-02,2022-02-01,62.0,1355.0,26.6903,83.0,374.0,18.0344,2037.0,30810.0,551.1223
2021-22,16,Tripura,2022-02,2022-02-01,1493.0,37638.0,722.4149000000001,445.0,2673.0,265.9135,4503.0,39527.0,1037.0627
2021-22,17,Meghalaya,2022-02,2022-02-01,434.0,18810.0,379.74129999999997,494.0,40812.0,895.5944000000001,3750.0,48959.0,1118.0399
2021-22,18,Assam,2022-02,2022-02-01,12502.0,484466.0,9253.8202,10102.0,201336.0,6564.7822,26223.0,364010.0,11696.130500000001
2021-22,19,West Bengal,2022-02,2022-02-01,44903.0,1760721.0,49826.778,40393.0,833104.0,37737.3252,64560.0,1146332.0,45535.70480000001
2021-22,20,Jharkhand,2022-02,2022-02-01,10309.0,563830.0,13958.833999999999,8272.0,241605.0,17281.276100000003,27016.0,446264.0,16712.8688
2021-22,21,Odisha,2022-02,2022-02-01,15656.0,927519.0,22227.3473,6666.0,260894.0,28934.222999999998,33205.0,426581.0,19409.923300000002
2021-22,22,Chhattisgarh,2022-02,2022-02-01,5890.0,256618.0,9194.2784,8304.0,170192.0,17663.3269,24955.0,427029.0,15790.1749
2021-22,23,Madhya Pradesh,2022-02,2022-02-01,24924.0,803487.0,18486.8924,21669.0,455875.0,25045.6889,72436.0,933122.0,32257.433100000002
2021-22,24,Gujarat,2022-02,2022-02-01,153697.0,4189220.0,137073.8633,135496.0,4088781.0,128218.231,136548.0,1816110.0,94495.1715
2021-22,25,Daman and Diu,2022-02,2022-02-01,0.0,0.0,0.0,0.0,0.0,0.0,19.0,60.0,2.0868
2021-22,26,Dadra and Nagar Haveli,2022-02,2022-02-01,2888.0,121498.0,5248.220600000001,3828.0,441253.0,18730.0681,5454.0,186201.0,14855.4749
2021-22,27,Maharashtra,2022-02,2022-02-01,143300.0,6525062.0,172391.2717,113121.0,3922372.0,145609.1236,199654.0,2837185.0,135159.57
2021-22,29,Karnataka,2022-02,2022-02-01,103557.0,4176482.0,78027.7843,51243.0,1948993.0,64553.537800000006,112434.0,1787925.0,69460.5459
2021-22,30,Goa,2022-02,2022-02-01,1829.0,89063.0,1582.4075,1674.0,62805.0,4496.28,7435.0,110786.0,11172.7351
2021-22,31,Lakshadweep,2022-02,2022-02-01,0.0,0.0,0.0,0.0,0.0,0.0,39.0,350.0,4.6278
2021-22,32,Kerala,2022-02,2022-02-01,42921.0,1566984.0,22698.8567,15553.0,177525.0,9027.5625,54158.0,630950.0,20060.428
2021-22,33,Tamil Nadu,2022-02,2022-02-01,92213.0,4529966.0,96213.8078,70258.0,2180737.0,80446.4059,111860.0,1841028.0,81581.0628
2021-22,34,Puducherry,2022-02,2022-02-01,1044.0,39518.0,1901.9156,1921.0,104970.0,3883.7884999999997,5437.0,103318.0,3321.2924
2021-22,35,ANDAMAN AND NICOBAR,2022-02,2022-02-01,33.0,1616.0,21.1275,65.0,280.0,40.8535,994.0,10161.0,248.17680000000001
2021-22,36,Telangana,2022-02,2022-02-01,45167.0,2091062.0,39120.4087,33047.0,731040.0,33824.801699999996,62733.0,1162876.0,40800.1296
2021-22,37,Andhra Pradesh,2022-02,2022-02-01,35362.0,1630258.0,29879.46,21759.0,456096.0,39979.0333,69960.0,893442.0,37610.8765
2021-22,38,Ladakh,2022-02,2022-02-01,30.0,216.0,8.045,14.0,20.0,0.5517,207.0,1027.0,34.2472
2021-22,97,Other Territory,2022-02,2022-02-01,7.0,72.0,25.0793,32.0,2326.0,631.4540000000001,247.0,10104.0,2147.9646
2021-22,01,Jammu and Kashmir,2022-01,2022-01-01,5346.0,154213.0,2819.4171,2478.0,31900.0,2255.4628,16821.0,156055.0,5351.024200000001
2021-22,02,Himachal Pradesh,2022-01,2022-01-01,8208.0,249451.0,5842.7087,5364.0,265494.0,12547.451200000001,20215.0,292292.0,11082.0073
2021-22,03,Punjab,2022-01,2022-01-01,65309.0,1572705.0,42136.9303,47277.0,805379.0,28939.182599999996,67219.0,847604.0,31547.7626
2021-22,04,Chandigarh,2022-01,2022-01-01,2108.0,26383.0,441.7917,4935.0,76919.0,1610.3203,8094.0,112819.0,2740.4371
2021-22,05,Uttarakhand,2022-01,2022-01-01,12805.0,566884.0,10828.9502,8722.0,337486.0,18177.7048,24914.0,450589.0,15790.003
2021-22,06,Haryana,2022-01,2022-01-01,71091.0,2739061.0,57893.933600000004,62553.0,3370775.0,75965.20360000001,99412.0,1971782.0,74904.042
2021-22,07,Delhi,2022-01,2022-01-01,66172.0,868741.0,34807.0251,122017.0,1561764.0,45000.7012,119737.0,1741900.0,50719.6362
2021-22,08,Rajasthan,2022-01,2022-01-01,63716.0,1433609.0,40700.6957,51448.0,1332952.0,41789.8444,98975.0,1350641.0,51145.184400000006
2021-22,09,Uttar Pradesh,2022-01,2022-01-01,123325.0,3533306.0,80860.0616,82312.0,1567248.0,65481.4477,183580.0,2587431.0,88472.5257
2021-22,10,Bihar,2022-01,2022-01-01,7879.0,467463.0,10027.41,7991.0,92005.0,3890.7677000000003,56417.0,714501.0,17415.8275
2021-22,11,Sikkim,2022-01,2022-01-01,143.0,6940.0,126.721,184.0,6835.0,2824.9633000000003,1761.0,35714.0,1267.4004
2021-22,12,Arunachal Pradesh,2022-01,2022-01-01,170.0,2601.0,53.6668,219.0,1540.0,135.44389999999999,3071.0,32787.0,746.1213
2021-22,13,Nagaland,2022-01,2022-01-01,121.0,1681.0,58.335,305.0,5401.0,136.9969,2488.0,30072.0,615.8793000000001
2021-22,14,Manipur,2022-01,2022-01-01,86.0,4089.0,93.18440000000001,126.0,672.0,34.205,2788.0,40255.0,882.2303999999999
2021-22,15,Mizoram,2022-01,2022-01-01,57.0,1631.0,34.6374,73.0,351.0,15.5382,1992.0,29875.0,588.9086
2021-22,16,Tripura,2022-01,2022-01-01,1498.0,36483.0,734.0578999999999,451.0,2768.0,296.39799999999997,4511.0,40098.0,1022.7163
2021-22,17,Meghalaya,2022-01,2022-01-01,398.0,17428.0,372.8635,469.0,45452.0,908.2699,3711.0,51966.0,1161.7278999999999
2021-22,18,Assam,2022-01,2022-01-01,12362.0,468130.0,9090.3204,10032.0,205988.0,6596.604300000001,25305.0,347772.0,11553.236499999999
2021-22,19,West Bengal,2022-01,2022-01-01,44343.0,1832988.0,49896.5006,40247.0,833678.0,37715.034100000004,64000.0,1144879.0,46119.8165
2021-22,20,Jharkhand,2022-01,2022-01-01,9713.0,518738.0,13286.1353,8002.0,224119.0,16531.7914,26074.0,403034.0,15576.246399999998
2021-22,21,Odisha,2022-01,2022-01-01,15739.0,942717.0,22096.944199999998,6539.0,277558.0,30927.981099999997,33189.0,433578.0,18969.549899999998
2021-22,22,Chhattisgarh,2022-01,2022-01-01,5887.0,266360.0,9285.9938,8399.0,172242.0,18143.6512,24860.0,402431.0,15348.391399999999
2021-22,23,Madhya Pradesh,2022-01,2022-01-01,24363.0,779651.0,17887.5175,21491.0,439667.0,25498.946600000003,72003.0,927196.0,31865.464
2021-22,24,Gujarat,2022-01,2022-01-01,152780.0,4257838.0,135280.614,134884.0,4036401.0,128062.4893,136733.0,1809309.0,96831.103
2021-22,25,Daman and Diu,2022-01,2022-01-01,0.0,0.0,0.0,3.0,5.0,0.0405,21.0,152.0,4.4993
2021-22,26,Dadra and Nagar Haveli,2022-01,2022-01-01,2882.0,124707.0,5215.0419,3803.0,438798.0,18817.4049,5387.0,192140.0,16315.823100000001
2021-22,27,Maharashtra,2022-01,2022-01-01,141764.0,6730144.0,173238.0622,112812.0,3998936.0,146690.46279999998,199843.0,2830479.0,138877.6345
2021-22,29,Karnataka,2022-01,2022-01-01,102127.0,4177176.0,75911.9196,50865.0,2020756.0,65618.6354,111536.0,1776298.0,69808.0294
2021-22,30,Goa,2022-01,2022-01-01,1861.0,92264.0,1564.3957,1630.0,65083.0,4695.6844,7459.0,115299.0,13690.763
2021-22,31,Lakshadweep,2022-01,2022-01-01,0.0,0.0,0.0,2.0,2.0,0.0358,52.0,428.0,9.9612
2021-22,32,Kerala,2022-01,2022-01-01,43074.0,1620929.0,23765.623399999997,15209.0,169288.0,9042.0788,55072.0,670090.0,20231.3816
2021-22,33,Tamil Nadu,2022-01,2022-01-01,89266.0,4333722.0,90448.6989,69400.0,2133113.0,75764.5396,111464.0,1860674.0,81223.4534
2021-22,34,Puducherry,2022-01,2022-01-01,1025.0,37742.0,1553.8557,1882.0,100714.0,3458.9258,5345.0,102294.0,3330.757
2021-22,35,ANDAMAN AND NICOBAR,2022-01,2022-01-01,37.0,883.0,21.7071,59.0,172.0,23.075100000000003,1009.0,10231.0,236.0811
2021-22,36,Telangana,2022-01,2022-01-01,44229.0,2079534.0,39168.5467,32675.0,715059.0,33136.4562,62882.0,1225267.0,41506.8065
2021-22,37,Andhra Pradesh,2022-01,2022-01-01,34713.0,1637222.0,29924.2463,21343.0,454544.0,37152.4315,69940.0,890214.0,37628.5865
2021-22,38,Ladakh,2022-01,2022-01-01,28.0,267.0,13.353599999999998,9.0,17.0,0.4876,214.0,886.0,48.961099999999995
2021-22,97,Other Territory,2022-01,2022-01-01,10.0,75.0,27.520300000000002,26.0,2447.0,645.4898000000001,235.0,11126.0,2238.4835000000003
2021-22,01,Jammu and Kashmir,2021-12,2021-12-01,5742.0,192751.0,3230.837,3208.0,38788.0,2504.1868,19121.0,200855.0,6176.2987
2021-22,02,Himachal Pradesh,2021-12,2021-12-01,8428.0,284203.0,6105.1660999999995,5533.0,286142.0,12825.161100000001,22297.0,318164.0,11464.664499999999
2021-22,03,Punjab,2021-12,2021-12-01,68448.0,1771325.0,45284.6462,52214.0,965368.0,31031.9549,71187.0,934041.0,33382.4575
2021-22,04,Chandigarh,2021-12,2021-12-01,2312.0,28683.0,429.3394,5085.0,82429.0,1652.4045999999998,8499.0,127710.0,2920.4982
2021-22,05,Uttarakhand,2021-12,2021-12-01,12795.0,570391.0,10631.163,9045.0,368873.0,19144.5172,26576.0,473292.0,15726.585
2021-22,06,Haryana,2021-12,2021-12-01,72276.0,2719427.0,58341.630099999995,64227.0,3322856.0,79684.11929999999,102899.0,2006440.0,76332.1787
2021-22,07,Delhi,2021-12,2021-12-01,70034.0,1001262.0,39311.1936,127826.0,1756820.0,48914.2013,125996.0,1843788.0,56617.01440000001
2021-22,08,Rajasthan,2021-12,2021-12-01,63861.0,1476753.0,41143.381,52835.0,1433027.0,42759.69440000001,101110.0,1373408.0,52371.9635
2021-22,09,Uttar Pradesh,2021-12,2021-12-01,124026.0,3635185.0,80524.92910000001,85861.0,1686503.0,68011.0594,188456.0,2546493.0,85936.82710000001
2021-22,10,Bihar,2021-12,2021-12-01,7715.0,486947.0,10046.055,7999.0,91122.0,3574.3322,55174.0,637179.0,17901.9068
2021-22,11,Sikkim,2021-12,2021-12-01,143.0,6883.0,125.3391,200.0,7579.0,3134.5204,1880.0,38331.0,1375.1807000000001
2021-22,12,Arunachal Pradesh,2021-12,2021-12-01,156.0,2443.0,57.508900000000004,238.0,1985.0,144.5867,3115.0,34787.0,753.8588000000001
2021-22,13,Nagaland,2021-12,2021-12-01,110.0,1498.0,58.8949,274.0,4407.0,127.67469999999999,2557.0,31946.0,653.9159
2021-22,14,Manipur,2021-12,2021-12-01,83.0,4071.0,104.2724,140.0,632.0,25.512800000000002,2912.0,49635.0,904.5525
2021-22,15,Mizoram,2021-12,2021-12-01,65.0,1240.0,33.3098,76.0,351.0,82.72129999999999,2008.0,34259.0,619.2432
2021-22,16,Tripura,2021-12,2021-12-01,1469.0,38290.0,828.3723,479.0,3139.0,398.3968,4419.0,43144.0,1062.905
2021-22,17,Meghalaya,2021-12,2021-12-01,406.0,13167.0,361.4097,473.0,33303.0,749.5092999999999,3845.0,51917.0,1117.2073
2021-22,18,Assam,2021-12,2021-12-01,12508.0,503094.0,9681.8086,10155.0,228388.0,7220.3664,26451.0,339504.0,12474.563400000001
2021-22,19,West Bengal,2021-12,2021-12-01,44663.0,1871331.0,49882.1401,41209.0,862099.0,40504.177200000006,65591.0,1200748.0,46717.5137
2021-22,20,Jharkhand,2021-12,2021-12-01,9542.0,508435.0,12046.6362,7875.0,220454.0,16133.2302,26672.0,396511.0,42198.2466
2021-22,21,Odisha,2021-12,2021-12-01,15208.0,911139.0,21080.560299999997,6599.0,266736.0,30164.033799999997,33182.0,438782.0,20048.8474
2021-22,22,Chhattisgarh,2021-12,2021-12-01,5720.0,254909.0,8481.8683,8256.0,171941.0,18117.006100000002,25342.0,415133.0,15886.761299999998
2021-22,23,Madhya Pradesh,2021-12,2021-12-01,23153.0,753391.0,17347.889,21683.0,473614.0,26364.1004,72854.0,948147.0,33921.2613
2021-22,24,Gujarat,2021-12,2021-12-01,151611.0,4338035.0,135761.661,135271.0,4235914.0,133296.80779999998,141062.0,1904249.0,101713.21449999999
2021-22,25,Daman and Diu,2021-12,2021-12-01,0.0,0.0,0.0,2.0,10.0,0.374,14.0,99.0,2.3816
2021-22,26,Dadra and Nagar Haveli,2021-12,2021-12-01,2829.0,125969.0,5160.9695,3801.0,450573.0,18956.1414,5356.0,197353.0,15914.823100000001
2021-22,27,Maharashtra,2021-12,2021-12-01,141201.0,6665602.0,173372.0437,114402.0,4183424.0,156393.7394,204830.0,3049444.0,147915.318
2021-22,29,Karnataka,2021-12,2021-12-01,103238.0,4321435.0,81094.0623,52618.0,2069038.0,70459.5416,114962.0,1900819.0,197496.4186
2021-22,30,Goa,2021-12,2021-12-01,1876.0,101598.0,1643.9793,1706.0,70108.0,4860.2336,8082.0,126661.0,5256.6008999999995
2021-22,31,Lakshadweep,2021-12,2021-12-01,1.0,1.0,0.125,1.0,1.0,0.0076,50.0,516.0,8.1449
2021-22,32,Kerala,2021-12,2021-12-01,43252.0,1698465.0,24392.571200000002,15860.0,181887.0,9062.8901,56977.0,749505.0,21181.6494
2021-22,33,Tamil Nadu,2021-12,2021-12-01,90950.0,4646992.0,95930.0444,72404.0,2303465.0,238639.1252,117760.0,2033457.0,89575.698
2021-22,34,Puducherry,2021-12,2021-12-01,1045.0,40672.0,2157.1303,1892.0,109330.0,4006.1413000000002,5610.0,110341.0,3477.6939
2021-22,35,ANDAMAN AND NICOBAR,2021-12,2021-12-01,34.0,845.0,19.6422,56.0,208.0,18.4157,1106.0,12179.0,274.303
2021-22,36,Telangana,2021-12,2021-12-01,44588.0,2194211.0,40103.284700000004,33717.0,785687.0,37051.1898,65277.0,1269409.0,43125.1696
2021-22,37,Andhra Pradesh,2021-12,2021-12-01,35639.0,1720658.0,30564.7746,22152.0,461005.0,38156.105,75983.0,1126532.0,39439.0644
2021-22,38,Ladakh,2021-12,2021-12-01,34.0,356.0,11.3846,35.0,90.0,4.7653,548.0,2638.0,88.479
2021-22,97,Other Territory,2021-12,2021-12-01,7.0,91.0,31.768,25.0,4762.0,643.0645,282.0,11916.0,2309.6091
2021-22,01,Jammu and Kashmir,2021-11,2021-11-01,5503.0,192641.0,3171.099,3224.0,35904.0,2264.9391,18882.0,196818.0,5918.6846
2021-22,02,Himachal Pradesh,2021-11,2021-11-01,8117.0,248793.0,5391.5770999999995,5172.0,246298.0,10953.1616,21978.0,290558.0,10190.3327
2021-22,03,Punjab,2021-11,2021-11-01,64354.0,1600487.0,40604.5328,50765.0,1049479.0,28918.367000000002,65997.0,824325.0,29628.7865
2021-22,04,Chandigarh,2021-11,2021-11-01,2117.0,28474.0,402.4484,4872.0,73538.0,1520.5282,8160.0,114546.0,2505.0032
2021-22,05,Uttarakhand,2021-11,2021-11-01,11974.0,528324.0,9445.545699999999,8349.0,313379.0,16257.3251,25678.0,428497.0,14017.5716
2021-22,06,Haryana,2021-11,2021-11-01,68831.0,2419705.0,50807.9022,60173.0,2844805.0,67749.3515,96221.0,1742877.0,65515.157999999996
2021-22,07,Delhi,2021-11,2021-11-01,65023.0,876700.0,32923.8878,119621.0,1543722.0,41398.8646,117057.0,1615191.0,46818.4477
2021-22,08,Rajasthan,2021-11,2021-11-01,58658.0,1250276.0,35443.0228,47567.0,1194225.0,36440.2919,94717.0,1168936.0,45452.8303
2021-22,09,Uttar Pradesh,2021-11,2021-11-01,117577.0,3296765.0,71842.4051,79037.0,1427804.0,57634.620599999995,179931.0,2306905.0,77894.9844
2021-22,10,Bihar,2021-11,2021-11-01,6941.0,391200.0,8294.2573,6544.0,68656.0,2794.6767999999997,51955.0,578157.0,15539.1551
2021-22,11,Sikkim,2021-11,2021-11-01,123.0,4568.0,87.90639999999999,178.0,6727.0,2775.6613,1819.0,34385.0,1154.193
2021-22,12,Arunachal Pradesh,2021-11,2021-11-01,141.0,2391.0,49.586800000000004,232.0,1840.0,142.52270000000001,3001.0,33168.0,672.7975
2021-22,13,Nagaland,2021-11,2021-11-01,118.0,1481.0,57.5901,262.0,3437.0,114.2877,2614.0,32755.0,594.4388
2021-22,14,Manipur,2021-11,2021-11-01,81.0,3246.0,87.9043,104.0,564.0,16.325,2802.0,42454.0,779.1504
2021-22,15,Mizoram,2021-11,2021-11-01,65.0,891.0,16.523,69.0,320.0,12.022,2028.0,33251.0,548.967
2021-22,16,Tripura,2021-11,2021-11-01,1406.0,35747.0,847.0307,436.0,2956.0,413.4565,4350.0,39793.0,946.7392
2021-22,17,Meghalaya,2021-11,2021-11-01,431.0,12553.0,286.2198,448.0,30109.0,705.2928999999999,3653.0,48330.0,1007.9011999999999
2021-22,18,Assam,2021-11,2021-11-01,11912.0,461840.0,8515.5364,9744.0,214625.0,7227.9657,25796.0,302998.0,10735.6334
2021-22,19,West Bengal,2021-11,2021-11-01,42412.0,1728193.0,45917.9004,38629.0,809091.0,37217.0549,61663.0,1025068.0,43055.6923
2021-22,20,Jharkhand,2021-11,2021-11-01,8969.0,463788.0,11360.0087,6932.0,193845.0,14522.614099999999,24988.0,368452.0,14447.751100000001
2021-22,21,Odisha,2021-11,2021-11-01,14599.0,823113.0,19754.3906,6097.0,251174.0,28913.442400000004,31504.0,388844.0,18236.8765
2021-22,22,Chhattisgarh,2021-11,2021-11-01,5127.0,195823.0,7264.1133,7370.0,139587.0,15913.9696,22749.0,337780.0,13881.2546
2021-22,23,Madhya Pradesh,2021-11,2021-11-01,17514.0,475174.0,11573.4139,19113.0,388303.0,21977.147,68961.0,814104.0,29477.4654
2021-22,24,Gujarat,2021-11,2021-11-01,134688.0,3369975.0,112635.7108,122359.0,3262419.0,111332.4919,124739.0,1532927.0,93051.696
2021-22,25,Daman and Diu,2021-11,2021-11-01,0.0,0.0,0.0,4.0,8.0,0.1017,11.0,51.0,1.026
2021-22,26,Dadra and Nagar Haveli,2021-11,2021-11-01,2677.0,106241.0,4590.0786,3608.0,350605.0,15033.1749,5081.0,163185.0,13666.9946
2021-22,27,Maharashtra,2021-11,2021-11-01,130499.0,5718872.0,147135.9064,105321.0,3467344.0,132832.0986,186112.0,2480471.0,129073.0332
2021-22,29,Karnataka,2021-11,2021-11-01,96142.0,3745725.0,68618.0226,48081.0,1740557.0,59731.1896,104342.0,1639117.0,61477.2285
2021-22,30,Goa,2021-11,2021-11-01,1788.0,89345.0,1553.6765,1586.0,60092.0,4304.6345,7366.0,110439.0,4451.1524
2021-22,31,Lakshadweep,2021-11,2021-11-01,1.0,1.0,0.060700000000000004,1.0,2.0,0.0401,44.0,407.0,9.0923
2021-22,32,Kerala,2021-11,2021-11-01,41531.0,1519401.0,22010.429799999998,14777.0,165479.0,9171.694,52713.0,636386.0,19024.8571
2021-22,33,Tamil Nadu,2021-11,2021-11-01,80467.0,3699416.0,75733.2646,65017.0,1959609.0,70518.4584,102457.0,1552372.0,72351.905
2021-22,34,Puducherry,2021-11,2021-11-01,922.0,32176.0,1773.3579,1771.0,98411.0,3332.1196999999997,4869.0,87642.0,3049.567
2021-22,35,ANDAMAN AND NICOBAR,2021-11,2021-11-01,32.0,933.0,23.1475,58.0,212.0,22.6393,1006.0,9888.0,221.3933
2021-22,36,Telangana,2021-11,2021-11-01,41776.0,1979293.0,35649.1548,31294.0,706501.0,31239.479900000002,60411.0,1024991.0,36565.738
2021-22,37,Andhra Pradesh,2021-11,2021-11-01,32629.0,1457072.0,26005.5766,20110.0,380817.0,37266.671200000004,68365.0,898562.0,32976.4924
2021-22,38,Ladakh,2021-11,2021-11-01,34.0,487.0,16.9001,62.0,304.0,25.3406,1131.0,8471.0,234.8646
2021-22,97,Other Territory,2021-11,2021-11-01,6.0,71.0,196.94259999999997,23.0,2170.0,564.4147,234.0,8878.0,2184.3341
2021-22,01,Jammu and Kashmir,2021-10,2021-10-01,5516.0,199759.0,3255.8152,3405.0,42272.0,2640.3311,18924.0,197750.0,4922.9078
2021-22,02,Himachal Pradesh,2021-10,2021-10-01,8532.0,308925.0,6310.8089,5404.0,296824.0,12908.794399999999,24054.0,310667.0,9141.1173
2021-22,03,Punjab,2021-10,2021-10-01,67839.0,1895588.0,47739.859000000004,53016.0,1238940.0,33538.393599999996,63914.0,727859.0,25272.7453
2021-22,04,Chandigarh,2021-10,2021-10-01,2280.0,32068.0,500.6394,5142.0,90592.0,1805.2220000000002,8427.0,121673.0,2496.1991
2021-22,05,Uttarakhand,2021-10,2021-10-01,12506.0,638026.0,10995.417,8668.0,357968.0,18598.1637,27015.0,406557.0,11738.4471
2021-22,06,Haryana,2021-10,2021-10-01,71701.0,2834185.0,59571.8367,63727.0,3533187.0,78453.0399,96387.0,1534744.0,59131.0178
2021-22,07,Delhi,2021-10,2021-10-01,69390.0,1078026.0,38564.1564,127272.0,1926991.0,49799.1689,112329.0,1460403.0,42392.63940000001
2021-22,08,Rajasthan,2021-10,2021-10-01,65044.0,1591345.0,41921.408599999995,51728.0,1571296.0,41748.028,68364.0,810221.0,31921.881299999997
2021-22,09,Uttar Pradesh,2021-10,2021-10-01,123952.0,3913517.0,85060.0052,84405.0,1723505.0,70149.2148,168420.0,1923172.0,69268.7634
2021-22,10,Bihar,2021-10,2021-10-01,7388.0,454545.0,9588.707900000001,6908.0,77636.0,3274.0182,50593.0,466418.0,12928.3381
2021-22,11,Sikkim,2021-10,2021-10-01,127.0,3563.0,68.86489999999999,163.0,5916.0,2375.1023999999998,1661.0,23528.0,679.6547
2021-22,12,Arunachal Pradesh,2021-10,2021-10-01,143.0,2184.0,44.7575,240.0,1877.0,146.1498,2968.0,32227.0,626.1573999999999
2021-22,13,Nagaland,2021-10,2021-10-01,124.0,1875.0,59.1317,269.0,3727.0,121.2061,2592.0,31383.0,541.8195
2021-22,14,Manipur,2021-10,2021-10-01,78.0,4331.0,82.68780000000001,108.0,590.0,19.686300000000003,2762.0,44207.0,791.9791
2021-22,15,Mizoram,2021-10,2021-10-01,62.0,932.0,19.4279,63.0,309.0,13.631400000000001,1855.0,28145.0,467.8914
2021-22,16,Tripura,2021-10,2021-10-01,1336.0,30718.0,732.2435,405.0,2632.0,307.3589,3887.0,33268.0,767.3705
2021-22,17,Meghalaya,2021-10,2021-10-01,349.0,12193.0,273.8173,425.0,28920.0,646.2046,3477.0,41528.0,861.6
2021-22,18,Assam,2021-10,2021-10-01,11763.0,467495.0,8748.8459,9615.0,209537.0,7077.9509,23110.0,255188.0,7793.9890000000005
2021-22,19,West Bengal,2021-10,2021-10-01,40299.0,1610370.0,45399.2324,38720.0,868082.0,36193.7091,45888.0,594266.0,29728.6083
2021-22,20,Jharkhand,2021-10,2021-10-01,9360.0,536456.0,13319.2503,7325.0,214995.0,15665.9707,23883.0,281398.0,10970.1136
2021-22,21,Odisha,2021-10,2021-10-01,14511.0,869673.0,20269.392,6205.0,228051.0,26539.6977,27329.0,278420.0,12591.165
2021-22,22,Chhattisgarh,2021-10,2021-10-01,5523.0,221704.0,8593.108199999999,7819.0,150313.0,16217.7479,17782.0,225523.0,10088.8161
2021-22,23,Madhya Pradesh,2021-10,2021-10-01,56.0,6138.0,29.2325,1134.0,11308.0,495.9218,51142.0,457220.0,15539.385400000001
2021-22,24,Gujarat,2021-10,2021-10-01,114.0,9427.0,52.8706,6763.0,25825.0,681.5259,84097.0,799903.0,31230.266600000003
2021-22,25,Daman and Diu,2021-10,2021-10-01,0.0,0.0,0.0,0.0,0.0,0.0,10.0,22.0,0.3834
2021-22,26,Dadra and Nagar Haveli,2021-10,2021-10-01,1.0,1.0,0.012,192.0,666.0,13.086400000000001,1487.0,16749.0,1420.6301
2021-22,27,Maharashtra,2021-10,2021-10-01,349.0,44085.0,247.8793,6572.0,66051.0,1455.7943,120621.0,1515661.0,54596.895
2021-22,29,Karnataka,2021-10,2021-10-01,98136.0,4108703.0,75330.65030000001,49998.0,2119615.0,65248.2119,58626.0,762042.0,38640.0952
2021-22,30,Goa,2021-10,2021-10-01,1805.0,92711.0,1469.7688,1622.0,67254.0,4867.6052,4442.0,47378.0,6198.736800000001
2021-22,31,Lakshadweep,2021-10,2021-10-01,0.0,0.0,0.0,1.0,1.0,0.0040999999999999995,7.0,77.0,7.6486
2021-22,32,Kerala,2021-10,2021-10-01,10.0,873.0,7.454199999999999,355.0,2143.0,54.938100000000006,26811.0,249302.0,7685.5815
2021-22,33,Tamil Nadu,2021-10,2021-10-01,132.0,12288.0,73.38119999999999,3948.0,21201.0,784.5817999999999,78560.0,1110182.0,33556.1464
2021-22,34,Puducherry,2021-10,2021-10-01,1.0,1.0,0.0125,43.0,171.0,5.9391,1928.0,20528.0,610.611
2021-22,35,ANDAMAN AND NICOBAR,2021-10,2021-10-01,30.0,778.0,16.803,59.0,246.0,29.5077,550.0,3959.0,101.9241
2021-22,36,Telangana,2021-10,2021-10-01,40897.0,2016587.0,37879.831,31300.0,735279.0,31325.234900000003,44151.0,598924.0,29186.0996
2021-22,37,Andhra Pradesh,2021-10,2021-10-01,32761.0,1642252.0,29858.885899999997,21152.0,441339.0,36140.1312,56071.0,565860.0,24514.193
2021-22,38,Ladakh,2021-10,2021-10-01,31.0,748.0,21.587600000000002,57.0,338.0,20.0273,1342.0,13362.0,388.6486
2021-22,97,Other Territory,2021-10,2021-10-01,0.0,0.0,0.0,6.0,605.0,279.6658,191.0,4730.0,651.3204000000001
2021-22,01,Jammu and Kashmir,2021-09,2021-09-01,5404.0,203446.0,3199.1262,3266.0,40852.0,2646.0872999999997,19535.0,233276.0,6488.6768
2021-22,02,Himachal Pradesh,2021-09,2021-09-01,8159.0,291231.0,6032.121999999999,5303.0,292209.0,12983.069599999999,22603.0,343290.0,11163.8757
2021-22,03,Punjab,2021-09,2021-09-01,64323.0,1757060.0,42600.7008,50693.0,1106372.0,31533.8079,68955.0,967816.0,31236.078700000002
2021-22,04,Chandigarh,2021-09,2021-09-01,2178.0,29135.0,456.135,4953.0,84421.0,1652.3448999999998,8356.0,128179.0,2842.2704
2021-22,05,Uttarakhand,2021-09,2021-09-01,12022.0,611143.0,10126.5418,8452.0,354689.0,17771.3642,26215.0,479162.0,14619.2432
2021-22,06,Haryana,2021-09,2021-09-01,69204.0,2570888.0,53616.9171,61724.0,3351377.0,72990.2678,99343.0,2018327.0,74883.51120000001
2021-22,07,Delhi,2021-09,2021-09-01,67808.0,1000602.0,36709.1526,125700.0,1795266.0,46965.434199999996,122982.0,1826010.0,53024.1232
2021-22,08,Rajasthan,2021-09,2021-09-01,61458.0,1387494.0,36272.8891,50279.0,1382992.0,38225.5479,97471.0,1323777.0,51035.4783
2021-22,09,Uttar Pradesh,2021-09,2021-09-01,117313.0,3417451.0,76221.1266,81555.0,1595130.0,68298.1296,184886.0,2626922.0,82554.0931
2021-22,10,Bihar,2021-09,2021-09-01,7280.0,449083.0,8976.4154,7215.0,77174.0,3176.2408,55968.0,755464.0,17270.3011
2021-22,11,Sikkim,2021-09,2021-09-01,148.0,4329.0,120.5225,190.0,7205.0,2862.5692,1824.0,33765.0,967.5869
2021-22,12,Arunachal Pradesh,2021-09,2021-09-01,151.0,2182.0,46.5687,234.0,1825.0,121.0209,3029.0,33893.0,612.6127
2021-22,13,Nagaland,2021-09,2021-09-01,98.0,1632.0,61.8362,262.0,3185.0,105.5719,2606.0,33309.0,569.5071
2021-22,14,Manipur,2021-09,2021-09-01,71.0,3564.0,75.2906,109.0,441.0,21.9284,2768.0,45196.0,824.8535
2021-22,15,Mizoram,2021-09,2021-09-01,62.0,931.0,18.7933,61.0,333.0,27.918899999999997,1845.0,27899.0,466.0478
2021-22,16,Tripura,2021-09,2021-09-01,1353.0,32060.0,672.8760000000001,443.0,2603.0,314.3564,4632.0,43625.0,918.8637
2021-22,17,Meghalaya,2021-09,2021-09-01,354.0,12944.0,276.0989,437.0,27257.0,572.1419000000001,3554.0,42253.0,868.3672
2021-22,18,Assam,2021-09,2021-09-01,11808.0,470561.0,8642.424200000001,9853.0,210939.0,7384.8038,26301.0,372000.0,11079.8298
2021-22,19,West Bengal,2021-09,2021-09-01,42352.0,1698601.0,46779.422699999996,39951.0,869600.0,36406.2808,63969.0,1342535.0,45683.3357
2021-22,20,Jharkhand,2021-09,2021-09-01,9107.0,477102.0,11191.027900000001,7325.0,201864.0,14813.5562,26455.0,409957.0,13288.483799999998
2021-22,21,Odisha,2021-09,2021-09-01,14270.0,766578.0,18341.749499999998,6074.0,188855.0,24513.7028,31382.0,411738.0,16982.5982
2021-22,22,Chhattisgarh,2021-09,2021-09-01,5241.0,196287.0,7191.5445,7685.0,144200.0,15490.8046,24855.0,383549.0,13268.7599
2021-22,23,Madhya Pradesh,2021-09,2021-09-01,17458.0,523381.0,11111.4082,20162.0,430466.0,22192.863599999997,71585.0,867453.0,28818.7438
2021-22,24,Gujarat,2021-09,2021-09-01,139970.0,3876828.0,114100.56890000001,131002.0,4349192.0,116974.1975,133491.0,1766903.0,89028.3098
2021-22,25,Daman and Diu,2021-09,2021-09-01,0.0,0.0,0.0,3.0,6.0,0.0672,10.0,76.0,1.3513
2021-22,26,Dadra and Nagar Haveli,2021-09,2021-09-01,2801.0,122290.0,4759.4312,3712.0,430119.0,16602.0433,5265.0,176751.0,13241.4378
2021-22,27,Maharashtra,2021-09,2021-09-01,131370.0,5989949.0,152467.291,108716.0,4176599.0,142733.0627,196529.0,2865495.0,138242.0214
2021-22,29,Karnataka,2021-09,2021-09-01,97414.0,4098775.0,76214.106,49735.0,2092764.0,65147.6034,110692.0,2028976.0,71521.6805
2021-22,30,Goa,2021-09,2021-09-01,1731.0,80038.0,1298.2109,1625.0,64404.0,4650.0134,6929.0,104339.0,3925.962
2021-22,31,Lakshadweep,2021-09,2021-09-01,0.0,0.0,0.0,1.0,4.0,0.21850000000000003,39.0,309.0,8.9803
2021-22,32,Kerala,2021-09,2021-09-01,39554.0,1443856.0,21618.7295,14802.0,179485.0,8874.9286,51846.0,617813.0,18623.4132
2021-22,33,Tamil Nadu,2021-09,2021-09-01,86412.0,4385589.0,90513.98980000001,69324.0,2290813.0,87071.6268,116214.0,2223044.0,80169.0324
2021-22,34,Puducherry,2021-09,2021-09-01,970.0,39396.0,2050.5437,1865.0,106792.0,3873.8645,5440.0,111235.0,3216.638
2021-22,35,ANDAMAN AND NICOBAR,2021-09,2021-09-01,32.0,840.0,15.960799999999999,56.0,283.0,29.1529,1053.0,10676.0,227.977
2021-22,36,Telangana,2021-09,2021-09-01,40408.0,1964832.0,35839.3746,30873.0,728954.0,30532.4246,62136.0,1258414.0,44463.904500000004
2021-22,37,Andhra Pradesh,2021-09,2021-09-01,31872.0,1578577.0,28627.9644,20771.0,422702.0,33404.2894,70268.0,895023.0,36639.742999999995
2021-22,38,Ladakh,2021-09,2021-09-01,37.0,788.0,19.5432,50.0,303.0,23.286199999999997,1269.0,14352.0,361.3793
2021-22,97,Other Territory,2021-09,2021-09-01,4.0,83.0,23.372,22.0,2627.0,644.4133,234.0,10437.0,1811.7695999999999
2021-22,01,Jammu and Kashmir,2021-08,2021-08-01,5279.0,193388.0,3233.205,3224.0,40280.0,2732.5348,18925.0,208759.0,6263.2156
2021-22,02,Himachal Pradesh,2021-08,2021-08-01,8008.0,275627.0,5913.005300000001,5108.0,273439.0,12294.325,21302.0,319246.0,10452.4662
2021-22,03,Punjab,2021-08,2021-08-01,62671.0,1730862.0,42100.5924,48415.0,975666.0,29465.9274,66822.0,901092.0,30317.0771
2021-22,04,Chandigarh,2021-08,2021-08-01,2108.0,29208.0,423.86330000000004,4917.0,80517.0,1578.2581,8137.0,120712.0,2633.7651
2021-22,05,Uttarakhand,2021-08,2021-08-01,11607.0,546907.0,9246.7292,8189.0,331105.0,16799.3317,24200.0,435654.0,13652.1554
2021-22,06,Haryana,2021-08,2021-08-01,67030.0,2540049.0,51582.215,60403.0,3050391.0,69793.7645,96474.0,1900989.0,67765.603
2021-22,07,Delhi,2021-08,2021-08-01,64629.0,922959.0,32910.101800000004,120168.0,1577714.0,42319.5961,118340.0,1610009.0,46869.895899999996
2021-22,08,Rajasthan,2021-08,2021-08-01,61706.0,1394129.0,36419.5152,49251.0,1321064.0,37807.09,95580.0,1242097.0,50537.871699999996
2021-22,09,Uttar Pradesh,2021-08,2021-08-01,112525.0,3270577.0,73635.2366,78314.0,1435791.0,61406.139299999995,173527.0,2242040.0,78726.17450000001
2021-22,10,Bihar,2021-08,2021-08-01,6945.0,423837.0,8330.5734,6877.0,71945.0,3086.2609,51153.0,628465.0,15581.210700000001
2021-22,11,Sikkim,2021-08,2021-08-01,127.0,3871.0,79.6543,171.0,6650.0,2789.3792,1604.0,28475.0,918.5782
2021-22,12,Arunachal Pradesh,2021-08,2021-08-01,133.0,1919.0,38.5407,205.0,1646.0,105.2317,2811.0,29782.0,561.8858
2021-22,13,Nagaland,2021-08,2021-08-01,103.0,1928.0,58.3741,242.0,2617.0,100.3697,2481.0,34470.0,575.7469
2021-22,14,Manipur,2021-08,2021-08-01,70.0,3630.0,61.2388,91.0,544.0,35.3893,2502.0,37962.0,707.3078999999999
2021-22,15,Mizoram,2021-08,2021-08-01,71.0,754.0,18.012,77.0,316.0,27.4146,1695.0,25125.0,436.49870000000004
2021-22,16,Tripura,2021-08,2021-08-01,1324.0,29843.0,588.9139,410.0,2452.0,263.7553,4294.0,41963.0,854.3891
2021-22,17,Meghalaya,2021-08,2021-08-01,313.0,9543.0,199.7708,407.0,24315.0,551.266,3146.0,35242.0,803.9249000000001
2021-22,18,Assam,2021-08,2021-08-01,11606.0,445563.0,8370.3156,9306.0,200225.0,7032.5814,23589.0,292795.0,9658.8832
2021-22,19,West Bengal,2021-08,2021-08-01,41799.0,1686656.0,45583.5336,39227.0,792136.0,35675.7913,61989.0,1235531.0,42780.2351
2021-22,20,Jharkhand,2021-08,2021-08-01,8822.0,468263.0,10759.837,7168.0,192749.0,14705.8414,25132.0,369297.0,12837.4282
2021-22,21,Odisha,2021-08,2021-08-01,14554.0,814266.0,19850.0056,6116.0,220426.0,26800.8148,31932.0,397051.0,16600.4227
2021-22,22,Chhattisgarh,2021-08,2021-08-01,5245.0,225467.0,7485.3451000000005,7647.0,150554.0,15483.2343,23979.0,416521.0,13352.466999999999
2021-22,23,Madhya Pradesh,2021-08,2021-08-01,16863.0,499841.0,10856.2636,19335.0,392524.0,21427.0312,68184.0,876552.0,27998.7133
2021-22,24,Gujarat,2021-08,2021-08-01,139743.0,3863144.0,111580.7487,130132.0,4067787.0,115395.8398,131709.0,1796707.0,84289.663
2021-22,25,Daman and Diu,2021-08,2021-08-01,0.0,0.0,0.0,2.0,9.0,1.0701,17.0,97.0,1.3391
2021-22,26,Dadra and Nagar Haveli,2021-08,2021-08-01,2756.0,121566.0,4525.4628999999995,3706.0,431878.0,16767.4338,5154.0,176997.0,12713.0259
2021-22,27,Maharashtra,2021-08,2021-08-01,130584.0,6099041.0,152346.019,107203.0,3799156.0,137860.5135,193890.0,2744936.0,128329.4668
2021-22,29,Karnataka,2021-08,2021-08-01,96774.0,4089558.0,72928.506,49558.0,1936844.0,60895.268,110179.0,1894562.0,65712.1211
2021-22,30,Goa,2021-08,2021-08-01,1788.0,87686.0,1481.9461999999999,1628.0,67388.0,4920.9395,7051.0,116120.0,4367.9149
2021-22,31,Lakshadweep,2021-08,2021-08-01,1.0,2.0,0.1085,1.0,2.0,0.08439999999999999,28.0,224.0,2.2708
2021-22,32,Kerala,2021-08,2021-08-01,39422.0,1508376.0,22707.3843,14282.0,169328.0,8174.5953,52063.0,640984.0,19275.0749
2021-22,33,Tamil Nadu,2021-08,2021-08-01,85426.0,4427840.0,88904.85470000001,69897.0,2267021.0,79919.6386,112188.0,1898826.0,74394.1609
2021-22,34,Puducherry,2021-08,2021-08-01,996.0,39445.0,1581.6055999999999,1868.0,107713.0,3484.4073,5369.0,105394.0,3420.8016
2021-22,35,ANDAMAN AND NICOBAR,2021-08,2021-08-01,36.0,932.0,18.4135,69.0,344.0,43.9949,964.0,9867.0,199.87580000000003
2021-22,36,Telangana,2021-08,2021-08-01,40021.0,2010469.0,35710.1728,30881.0,727536.0,29315.0667,61917.0,1182907.0,41610.3
2021-22,37,Andhra Pradesh,2021-08,2021-08-01,31969.0,1565861.0,28576.5925,20690.0,425020.0,33463.8845,71282.0,936578.0,34307.8668
2021-22,38,Ladakh,2021-08,2021-08-01,38.0,785.0,18.1483,37.0,273.0,11.421700000000001,1265.0,13718.0,338.8329
2021-22,97,Other Territory,2021-08,2021-08-01,4.0,103.0,408.01739999999995,26.0,2895.0,820.4092999999999,218.0,9895.0,2051.2548
2021-22,01,Jammu and Kashmir,2021-07,2021-07-01,5087.0,186560.0,3155.0245,3006.0,39266.0,2981.0653,18758.0,212018.0,6394.548199999999
2021-22,02,Himachal Pradesh,2021-07,2021-07-01,7917.0,274049.0,5899.8551,5148.0,271891.0,12327.8007,21731.0,320921.0,10306.6466
2021-22,03,Punjab,2021-07,2021-07-01,61402.0,1648754.0,38200.7742,47191.0,880455.0,27674.2453,66822.0,875302.0,29520.9735
2021-22,04,Chandigarh,2021-07,2021-07-01,2092.0,29904.0,437.8643,4875.0,80671.0,1576.7894000000001,8004.0,118515.0,2655.4059
2021-22,05,Uttarakhand,2021-07,2021-07-01,11502.0,548884.0,9448.285100000001,8175.0,328444.0,16790.6211,23801.0,424732.0,13523.5641
2021-22,06,Haryana,2021-07,2021-07-01,66135.0,2728976.0,53522.6046,59537.0,3003009.0,69317.952,95550.0,1927953.0,66373.5707
2021-22,07,Delhi,2021-07,2021-07-01,63721.0,911390.0,33658.0315,118624.0,1513522.0,41330.4419,116516.0,1499490.0,46249.4919
2021-22,08,Rajasthan,2021-07,2021-07-01,62396.0,1455864.0,36179.0384,49254.0,1259815.0,36921.0648,96431.0,1212097.0,47926.735700000005
2021-22,09,Uttar Pradesh,2021-07,2021-07-01,110556.0,3311305.0,71859.966,76643.0,1364841.0,59363.584299999995,171275.0,2034961.0,74342.0647
2021-22,10,Bihar,2021-07,2021-07-01,6885.0,453842.0,8778.4044,7051.0,76128.0,3185.6735,50778.0,541641.0,15287.962800000001
2021-22,11,Sikkim,2021-07,2021-07-01,133.0,3937.0,70.9396,153.0,6173.0,2739.0652,1566.0,27483.0,975.1788
2021-22,12,Arunachal Pradesh,2021-07,2021-07-01,143.0,1973.0,38.4031,192.0,1378.0,84.8636,2679.0,28476.0,611.9195
2021-22,13,Nagaland,2021-07,2021-07-01,97.0,1319.0,57.8769,242.0,1967.0,91.82530000000001,2285.0,33387.0,527.0404
2021-22,14,Manipur,2021-07,2021-07-01,58.0,2414.0,40.760799999999996,86.0,443.0,31.1373,2175.0,32674.0,581.8271
2021-22,15,Mizoram,2021-07,2021-07-01,34.0,452.0,7.6341,45.0,184.0,18.6254,1540.0,22239.0,352.7289
2021-22,16,Tripura,2021-07,2021-07-01,1222.0,25546.0,534.7262000000001,370.0,2157.0,329.8307,3886.0,34076.0,795.3584
2021-22,17,Meghalaya,2021-07,2021-07-01,312.0,9911.0,207.0805,418.0,24318.0,515.4879,3085.0,34927.0,799.0536999999999
2021-22,18,Assam,2021-07,2021-07-01,10764.0,385822.0,7368.4634,8851.0,190912.0,6766.234,20829.0,249674.0,8566.7216
2021-22,19,West Bengal,2021-07,2021-07-01,40453.0,1603174.0,43428.6584,37524.0,722674.0,34236.3879,58726.0,1154602.0,41913.0023
2021-22,20,Jharkhand,2021-07,2021-07-01,8756.0,512264.0,10841.518100000001,7285.0,183033.0,13722.221200000002,24779.0,332648.0,12557.2176
2021-22,21,Odisha,2021-07,2021-07-01,14399.0,818876.0,20385.514,5979.0,234241.0,26898.3232,30952.0,384203.0,16270.090900000001
2021-22,22,Chhattisgarh,2021-07,2021-07-01,5254.0,228289.0,7710.166899999999,7751.0,150041.0,15417.1005,23678.0,372085.0,13613.203000000001
2021-22,23,Madhya Pradesh,2021-07,2021-07-01,17077.0,527883.0,11663.220500000001,20047.0,400962.0,22366.7029,69795.0,878683.0,29211.3977
2021-22,24,Gujarat,2021-07,2021-07-01,139322.0,3919057.0,112498.4677,128253.0,3465662.0,110368.01539999999,130934.0,1899336.0,83704.8811
2021-22,25,Daman and Diu,2021-07,2021-07-01,0.0,0.0,0.0,3.0,5.0,0.043,11.0,85.0,1.3659999999999999
2021-22,26,Dadra and Nagar Haveli,2021-07,2021-07-01,2745.0,116985.0,4385.303400000001,3659.0,389070.0,15844.991000000002,5104.0,173028.0,11967.0443
2021-22,27,Maharashtra,2021-07,2021-07-01,125142.0,5723161.0,143452.93480000002,103861.0,3604279.0,133612.1772,186615.0,2604255.0,122236.02130000001
2021-22,29,Karnataka,2021-07,2021-07-01,93232.0,3968116.0,70965.36230000001,48371.0,1967649.0,58951.9255,106858.0,1751697.0,62644.0953
2021-22,30,Goa,2021-07,2021-07-01,1646.0,73140.0,1516.0179,1509.0,59832.0,4407.9348,6440.0,100099.0,3757.5656
2021-22,31,Lakshadweep,2021-07,2021-07-01,0.0,0.0,0.0,2.0,2.0,0.0482,46.0,347.0,4.923
2021-22,32,Kerala,2021-07,2021-07-01,37282.0,1285586.0,20040.9941,13731.0,165568.0,8919.8674,49628.0,570769.0,17641.9211
2021-22,33,Tamil Nadu,2021-07,2021-07-01,82530.0,4358184.0,87268.746,68184.0,2349192.0,77746.1971,109606.0,1715172.0,72117.6425
2021-22,34,Puducherry,2021-07,2021-07-01,959.0,38207.0,1049.3392999999999,1806.0,102150.0,3198.0745,5278.0,101788.0,2959.8789
2021-22,35,ANDAMAN AND NICOBAR,2021-07,2021-07-01,30.0,640.0,14.359300000000001,53.0,297.0,23.2635,882.0,7691.0,183.8863
2021-22,36,Telangana,2021-07,2021-07-01,39142.0,2015616.0,35558.290499999996,30614.0,728767.0,29670.107999999997,60864.0,1201939.0,40672.3798
2021-22,37,Andhra Pradesh,2021-07,2021-07-01,31553.0,1570930.0,28071.846400000002,20511.0,429532.0,34433.4019,70061.0,908946.0,33326.8676
2021-22,38,Ladakh,2021-07,2021-07-01,31.0,474.0,14.300999999999998,30.0,318.0,11.139100000000001,1232.0,13413.0,379.662
2021-22,97,Other Territory,2021-07,2021-07-01,4.0,122.0,39.414899999999996,21.0,2857.0,599.7498,188.0,10049.0,1910.5532
2021-22,01,Jammu and Kashmir,2021-06,2021-06-01,4909.0,179645.0,3154.1967999999997,2783.0,36682.0,2911.5004,17698.0,189551.0,6184.6986
2021-22,02,Himachal Pradesh,2021-06,2021-06-01,7584.0,250939.0,5126.6491,4996.0,247483.0,11203.6317,20148.0,279156.0,9560.751400000001
2021-22,03,Punjab,2021-06,2021-06-01,59816.0,1586484.0,37477.215299999996,44098.0,752354.0,25295.3531,65314.0,799448.0,27839.8606
2021-22,04,Chandigarh,2021-06,2021-06-01,2041.0,26534.0,351.75800000000004,4705.0,72964.0,1463.8635000000002,7639.0,101442.0,2391.1899
2021-22,05,Uttarakhand,2021-06,2021-06-01,10699.0,461113.0,8318.643199999999,7706.0,285821.0,15356.4498,21311.0,347831.0,12198.258999999998
2021-22,06,Haryana,2021-06,2021-06-01,63670.0,2546109.0,48372.063899999994,56809.0,2541092.0,61892.33349999999,92681.0,1713913.0,59101.372800000005
2021-22,07,Delhi,2021-06,2021-06-01,57230.0,770466.0,29952.748399999997,109934.0,1311575.0,37568.2786,108014.0,1234486.0,41329.1932
2021-22,08,Rajasthan,2021-06,2021-06-01,59212.0,1299581.0,32821.9856,46057.0,1080138.0,32946.3389,87164.0,945530.0,38799.5508
2021-22,09,Uttar Pradesh,2021-06,2021-06-01,106754.0,3112843.0,65718.8462,71281.0,1168945.0,52004.944800000005,164584.0,1880724.0,66165.0889
2021-22,10,Bihar,2021-06,2021-06-01,6621.0,431882.0,9048.155,6163.0,66766.0,2888.8387,49769.0,556020.0,14638.3721
2021-22,11,Sikkim,2021-06,2021-06-01,121.0,3595.0,60.1926,133.0,5470.0,2689.7810999999997,1353.0,24773.0,1049.3853
2021-22,12,Arunachal Pradesh,2021-06,2021-06-01,125.0,1728.0,41.0112,165.0,1149.0,79.0089,2537.0,24580.0,493.51410000000004
2021-22,13,Nagaland,2021-06,2021-06-01,89.0,1037.0,50.6054,185.0,1241.0,64.6042,1995.0,24852.0,448.74050000000005
2021-22,14,Manipur,2021-06,2021-06-01,53.0,2899.0,50.216300000000004,73.0,339.0,26.064899999999998,2032.0,30617.0,560.0104
2021-22,15,Mizoram,2021-06,2021-06-01,26.0,514.0,13.166400000000001,55.0,179.0,22.699099999999998,1451.0,22030.0,358.973
2021-22,16,Tripura,2021-06,2021-06-01,1139.0,23474.0,491.3441,321.0,1818.0,195.4955,3509.0,27227.0,696.8126
2021-22,17,Meghalaya,2021-06,2021-06-01,258.0,7089.0,174.68650000000002,333.0,22150.0,502.9533,2668.0,28169.0,693.1861
2021-22,18,Assam,2021-06,2021-06-01,10054.0,350000.0,6910.3643,8121.0,163322.0,5531.7585,19509.0,206516.0,7554.5683
2021-22,19,West Bengal,2021-06,2021-06-01,35247.0,1359803.0,37262.0385,31996.0,565733.0,29364.5183,50955.0,896071.0,35462.6532
2021-22,20,Jharkhand,2021-06,2021-06-01,8230.0,409406.0,9868.9781,6606.0,167759.0,13077.455600000001,23068.0,289555.0,11913.4676
2021-22,21,Odisha,2021-06,2021-06-01,12888.0,797543.0,19372.736100000002,5378.0,235388.0,26429.0798,26851.0,301083.0,14621.4191
2021-22,22,Chhattisgarh,2021-06,2021-06-01,5250.0,244195.0,8424.1075,7400.0,150642.0,15132.0445,22435.0,324320.0,13626.297199999999
2021-22,23,Madhya Pradesh,2021-06,2021-06-01,15972.0,482641.0,11041.913999999999,18670.0,369791.0,20217.8122,64843.0,707165.0,26283.3592
2021-22,24,Gujarat,2021-06,2021-06-01,133036.0,3582032.0,104331.3266,120295.0,2802738.0,101167.859,120122.0,1553922.0,80006.2973
2021-22,25,Daman and Diu,2021-06,2021-06-01,0.0,0.0,0.0,1.0,2.0,0.0263,8.0,76.0,1.6216
2021-22,26,Dadra and Nagar Haveli,2021-06,2021-06-01,2623.0,101314.0,4059.3590000000004,3582.0,324517.0,14072.3325,4999.0,157264.0,11276.4668
2021-22,27,Maharashtra,2021-06,2021-06-01,118247.0,5130058.0,133541.70140000002,95007.0,3031412.0,118551.1174,174262.0,2292188.0,114072.987
2021-22,29,Karnataka,2021-06,2021-06-01,76837.0,2972698.0,55793.654800000004,39621.0,1449486.0,51168.23360000001,86562.0,1217330.0,53158.903600000005
2021-22,30,Goa,2021-06,2021-06-01,1556.0,61583.0,1057.1369,1390.0,52247.0,4012.1507,5822.0,89666.0,3850.1414
2021-22,31,Lakshadweep,2021-06,2021-06-01,0.0,0.0,0.0,2.0,2.0,0.0525,24.0,221.0,5.0313
2021-22,32,Kerala,2021-06,2021-06-01,33698.0,1035300.0,16520.0409,11235.0,116207.0,7029.925200000001,40474.0,380710.0,14520.693700000002
2021-22,33,Tamil Nadu,2021-06,2021-06-01,67012.0,3175941.0,65415.9816,54290.0,1710210.0,61010.627,87668.0,1222006.0,61789.374800000005
2021-22,34,Puducherry,2021-06,2021-06-01,860.0,30519.0,1337.2689,1649.0,82947.0,3188.2228000000005,4634.0,78212.0,2702.3487
2021-22,35,ANDAMAN AND NICOBAR,2021-06,2021-06-01,20.0,427.0,15.886400000000002,30.0,89.0,14.1429,605.0,4514.0,112.9469
2021-22,36,Telangana,2021-06,2021-06-01,36315.0,1743132.0,32061.5443,28152.0,639601.0,29421.057,54897.0,1007823.0,36224.9951
2021-22,37,Andhra Pradesh,2021-06,2021-06-01,28869.0,1365012.0,24180.545299999998,18215.0,374330.0,31198.525,60748.0,710754.0,31477.0322
2021-22,38,Ladakh,2021-06,2021-06-01,34.0,400.0,22.8813,22.0,241.0,8.815900000000001,1078.0,11400.0,403.92589999999996
2021-22,97,Other Territory,2021-06,2021-06-01,6.0,136.0,52.9566,24.0,2355.0,739.6819,180.0,9281.0,1998.1034
2021-22,01,Jammu and Kashmir,2021-05,2021-05-01,3664.0,117635.0,2445.2191000000003,2056.0,28256.0,2552.0411,12446.0,106195.0,4659.8325
2021-22,02,Himachal Pradesh,2021-05,2021-05-01,6749.0,203926.0,4540.3711,4313.0,220040.0,10144.233,14915.0,211825.0,8729.1787
2021-22,03,Punjab,2021-05,2021-05-01,55508.0,1281716.0,31568.7636,34986.0,520950.0,21145.4557,53199.0,616083.0,23614.0055
2021-22,04,Chandigarh,2021-05,2021-05-01,1689.0,17892.0,247.71580000000003,4102.0,59607.0,1318.1716000000001,6158.0,70577.0,1869.4154999999998
2021-22,05,Uttarakhand,2021-05,2021-05-01,8866.0,308178.0,6788.326,6249.0,220109.0,12465.3943,15394.0,261182.0,10392.2483
2021-22,06,Haryana,2021-05,2021-05-01,51869.0,1583140.0,31736.2579,44891.0,1816331.0,45393.2571,69183.0,1199702.0,46529.4575
2021-22,07,Delhi,2021-05,2021-05-01,32506.0,387048.0,17334.2125,62577.0,687913.0,26011.0835,64732.0,668223.0,29364.087799999998
2021-22,08,Rajasthan,2021-05,2021-05-01,44457.0,812837.0,24194.2874,33367.0,673457.0,25835.6553,56136.0,560659.0,28612.285
2021-22,09,Uttar Pradesh,2021-05,2021-05-01,82199.0,2263064.0,51680.2254,50428.0,774136.0,39159.5798,117948.0,1253187.0,52559.4486
2021-22,10,Bihar,2021-05,2021-05-01,5525.0,340056.0,7221.993399999999,4410.0,48623.0,2503.0338,40063.0,407577.0,12184.660800000001
2021-22,11,Sikkim,2021-05,2021-05-01,109.0,3149.0,52.04859999999999,122.0,5976.0,2652.2646000000004,1194.0,20959.0,1015.4973
2021-22,12,Arunachal Pradesh,2021-05,2021-05-01,115.0,1445.0,30.702199999999998,164.0,908.0,63.559,2305.0,19081.0,442.54040000000003
2021-22,13,Nagaland,2021-05,2021-05-01,78.0,514.0,38.3682,186.0,1253.0,55.21810000000001,1749.0,18221.0,402.0238
2021-22,14,Manipur,2021-05,2021-05-01,45.0,2452.0,54.5186,66.0,437.0,23.3418,1776.0,23016.0,468.5328
2021-22,15,Mizoram,2021-05,2021-05-01,29.0,603.0,14.538900000000002,40.0,158.0,18.1444,1200.0,15390.0,267.9644
2021-22,16,Tripura,2021-05,2021-05-01,1112.0,21214.0,416.2862,304.0,1669.0,181.68169999999998,3450.0,26058.0,689.9633
2021-22,17,Meghalaya,2021-05,2021-05-01,239.0,5110.0,138.442,319.0,23412.0,501.7002,2149.0,21311.0,657.852
2021-22,18,Assam,2021-05,2021-05-01,9824.0,322694.0,6299.2811,7499.0,127497.0,4683.4756,17395.0,179198.0,7805.785699999999
2021-22,19,West Bengal,2021-05,2021-05-01,30788.0,1122686.0,30810.2831,26548.0,400754.0,24486.012799999997,41604.0,680784.0,30487.2034
2021-22,20,Jharkhand,2021-05,2021-05-01,7197.0,313717.0,8213.2433,5918.0,163704.0,12053.2869,17675.0,223331.0,9718.989399999999
2021-22,21,Odisha,2021-05,2021-05-01,11548.0,719429.0,17871.4705,4382.0,209684.0,23541.9154,22585.0,235521.0,12074.085700000001
2021-22,22,Chhattisgarh,2021-05,2021-05-01,4328.0,172556.0,7008.616,5944.0,128815.0,13666.031799999999,15959.0,202974.0,10840.8057
2021-22,23,Madhya Pradesh,2021-05,2021-05-01,11429.0,286367.0,8120.8672,13776.0,289261.0,17349.197,42758.0,422186.0,20354.474299999998
2021-22,24,Gujarat,2021-05,2021-05-01,115453.0,2747070.0,87850.9838,94019.0,1710317.0,86014.0393,89210.0,1120574.0,68892.99530000001
2021-22,25,Daman and Diu,2021-05,2021-05-01,0.0,0.0,0.0,3.0,6.0,0.041299999999999996,5.0,94.0,1.3237999999999999
2021-22,26,Dadra and Nagar Haveli,2021-05,2021-05-01,2474.0,89649.0,3497.4552000000003,3372.0,270757.0,12450.614,4440.0,136538.0,10062.2657
2021-22,27,Maharashtra,2021-05,2021-05-01,104073.0,4047626.0,113583.9713,78729.0,2379551.0,100938.9982,132656.0,1657229.0,102016.85119999999
2021-22,29,Karnataka,2021-05,2021-05-01,56422.0,2182293.0,39285.9341,28705.0,1112234.0,38981.2479,63150.0,864288.0,42332.3287
2021-22,30,Goa,2021-05,2021-05-01,1330.0,45458.0,957.8588000000001,1137.0,44226.0,3643.9761,4667.0,75162.0,3457.1724
2021-22,31,Lakshadweep,2021-05,2021-05-01,0.0,0.0,0.0,1.0,1.0,0.0262,18.0,159.0,2.7136
2021-22,32,Kerala,2021-05,2021-05-01,23976.0,524409.0,9407.1527,7681.0,70597.0,5093.8471,29279.0,231852.0,10015.679100000001
2021-22,33,Tamil Nadu,2021-05,2021-05-01,57252.0,2359094.0,47590.3994,42000.0,1133230.0,47741.12730000001,68438.0,992440.0,55740.3002
2021-22,34,Puducherry,2021-05,2021-05-01,736.0,22681.0,760.2402000000001,1350.0,66715.0,2288.3948,3289.0,58044.0,2409.2455
2021-22,35,ANDAMAN AND NICOBAR,2021-05,2021-05-01,24.0,376.0,15.6,33.0,177.0,14.8023,552.0,3608.0,98.4575
2021-22,36,Telangana,2021-05,2021-05-01,32175.0,1441252.0,26382.3452,23690.0,534293.0,24445.121499999997,44782.0,813049.0,31299.8086
2021-22,37,Andhra Pradesh,2021-05,2021-05-01,26511.0,1063148.0,20839.033,15346.0,311599.0,27903.6858,49596.0,558416.0,26511.2225
2021-22,38,Ladakh,2021-05,2021-05-01,27.0,420.0,16.8985,19.0,156.0,3.9795999999999996,774.0,7816.0,250.1667
2021-22,97,Other Territory,2021-05,2021-05-01,8.0,175.0,659.1347000000001,28.0,2401.0,710.4528,197.0,8996.0,1531.4085
2021-22,01,Jammu and Kashmir,2021-04,2021-04-01,5101.0,183787.0,3227.2358000000004,2519.0,33182.0,2475.826,18453.0,197813.0,6284.535699999999
2021-22,02,Himachal Pradesh,2021-04,2021-04-01,7967.0,262751.0,6042.8619,4984.0,241188.0,10768.2989,21525.0,302548.0,9605.1339
2021-22,03,Punjab,2021-04,2021-04-01,61961.0,1594888.0,37843.8782,45104.0,826358.0,26061.9399,65432.0,838816.0,27891.032400000004
2021-22,04,Chandigarh,2021-04,2021-04-01,2052.0,27423.0,382.7428,4804.0,79506.0,1529.65,7757.0,106389.0,2341.8714999999997
2021-22,05,Uttarakhand,2021-04,2021-04-01,11281.0,540875.0,9695.3642,7729.0,298516.0,15962.441499999999,23669.0,433212.0,13735.4025
2021-22,06,Haryana,2021-04,2021-04-01,64662.0,2680840.0,49620.541600000004,56787.0,2599535.0,63114.8887,92283.0,1801348.0,61414.86519999999
2021-22,07,Delhi,2021-04,2021-04-01,51636.0,610341.0,21405.309900000004,106489.0,1214757.0,33171.3263,102442.0,1193522.0,37381.5614
2021-22,08,Rajasthan,2021-04,2021-04-01,62168.0,1289385.0,34753.716400000005,45712.0,1150215.0,33896.9669,89558.0,1096710.0,39783.068999999996
2021-22,09,Uttar Pradesh,2021-04,2021-04-01,106897.0,3085167.0,65837.7772,71250.0,1236223.0,51331.9898,168255.0,2198127.0,69166.1911
2021-22,10,Bihar,2021-04,2021-04-01,7020.0,444339.0,9454.7197,6423.0,70881.0,2956.15,55763.0,804653.0,17311.4053
2021-22,11,Sikkim,2021-04,2021-04-01,129.0,4359.0,83.94,176.0,7019.0,2696.9939,1721.0,32217.0,1016.0754
2021-22,12,Arunachal Pradesh,2021-04,2021-04-01,130.0,2448.0,53.1621,204.0,1478.0,93.26469999999999,2811.0,32166.0,638.4455
2021-22,13,Nagaland,2021-04,2021-04-01,123.0,1566.0,54.8446,259.0,2091.0,107.5716,2418.0,30440.0,610.3263
2021-22,14,Manipur,2021-04,2021-04-01,66.0,4085.0,69.1304,97.0,567.0,19.5213,2575.0,40135.0,788.9897
2021-22,15,Mizoram,2021-04,2021-04-01,60.0,911.0,15.706199999999999,77.0,490.0,117.3919,1779.0,27744.0,497.99660000000006
2021-22,16,Tripura,2021-04,2021-04-01,1207.0,29475.0,534.1609,377.0,2349.0,243.7394,4026.0,36855.0,947.2012
2021-22,17,Meghalaya,2021-04,2021-04-01,335.0,12351.0,234.2459,423.0,32651.0,653.8475,3466.0,43825.0,1011.4749
2021-22,18,Assam,2021-04,2021-04-01,11625.0,462441.0,8545.5028,9404.0,198937.0,6189.6476,23957.0,294931.0,10421.2624
2021-22,19,West Bengal,2021-04,2021-04-01,40000.0,1655563.0,44045.9575,37862.0,728182.0,32482.0995,59056.0,1047510.0,39109.8459
2021-22,20,Jharkhand,2021-04,2021-04-01,8796.0,444297.0,10645.9095,7681.0,215773.0,13391.7197,24606.0,387296.0,12544.7618
2021-22,21,Odisha,2021-04,2021-04-01,14369.0,894330.0,19671.633700000002,5813.0,231830.0,23782.763199999998,30475.0,394543.0,18840.906000000003
2021-22,22,Chhattisgarh,2021-04,2021-04-01,4091.0,159809.0,6537.0126,6123.0,139816.0,14140.1119,17824.0,239940.0,10463.5209
2021-22,23,Madhya Pradesh,2021-04,2021-04-01,14620.0,367664.0,9746.118199999999,16954.0,361112.0,19108.4914,59720.0,666435.0,24441.2422
2021-22,24,Gujarat,2021-04,2021-04-01,129106.0,3293021.0,98996.5222,121492.0,3758570.0,100937.9975,114895.0,1469013.0,77888.7558
2021-22,25,Daman and Diu,2021-04,2021-04-01,0.0,0.0,0.0,3.0,15.0,0.0967,6.0,88.0,4.3669
2021-22,26,Dadra and Nagar Haveli,2021-04,2021-04-01,2615.0,102352.0,3865.0457,3551.0,337187.0,13667.866000000002,4844.0,158574.0,11770.0804
2021-22,27,Maharashtra,2021-04,2021-04-01,112291.0,4674344.0,123196.35539999999,97899.0,3476756.0,119334.53779999999,156290.0,1951500.0,107801.51220000001
2021-22,29,Karnataka,2021-04,2021-04-01,89399.0,3591660.0,61943.3909,44808.0,1639141.0,51798.6496,101001.0,1600704.0,57193.3684
2021-22,30,Goa,2021-04,2021-04-01,1613.0,75458.0,1327.3935000000001,1454.0,59640.0,4327.4992999999995,6591.0,104042.0,3941.0447999999997
2021-22,31,Lakshadweep,2021-04,2021-04-01,1.0,1.0,0.065,2.0,7.0,0.17739999999999997,41.0,467.0,6.6427
2021-22,32,Kerala,2021-04,2021-04-01,38462.0,1328259.0,20594.2417,13535.0,148692.0,7529.1389,51119.0,612370.0,17533.1364
2021-22,33,Tamil Nadu,2021-04,2021-04-01,81947.0,4104988.0,80772.2963,65244.0,1806333.0,68733.3882,104206.0,1752439.0,71119.5843
2021-22,34,Puducherry,2021-04,2021-04-01,953.0,34868.0,897.6592999999999,1803.0,96213.0,2948.2919,5015.0,97422.0,2878.5674
2021-22,35,ANDAMAN AND NICOBAR,2021-04,2021-04-01,39.0,971.0,22.929699999999997,59.0,217.0,24.5686,888.0,9190.0,210.65220000000002
2021-22,36,Telangana,2021-04,2021-04-01,38027.0,1848657.0,31316.9166,29845.0,657883.0,27520.777400000003,56576.0,1105713.0,38448.4477
2021-22,37,Andhra Pradesh,2021-04,2021-04-01,32426.0,1448788.0,25479.4365,20163.0,418812.0,31769.527400000003,65415.0,869644.0,33436.6004
2021-22,38,Ladakh,2021-04,2021-04-01,15.0,87.0,19.3657,9.0,18.0,1.0227,613.0,4532.0,131.9266
2021-22,97,Other Territory,2021-04,2021-04-01,9.0,233.0,992.2983,28.0,2855.0,730.5989,204.0,9168.0,1708.3757
2022-23,01,Jammu and Kashmir,2023-03,2023-03-01,8140.0,303509.0,5733.0938,3440.0,45254.0,3123.1856,22691.0,272040.0,8447.1184
2022-23,02,Himachal Pradesh,2023-03,2023-03-01,10103.0,339519.0,7643.505999999999,6253.0,329994.0,14672.203500000001,25241.0,374947.0,13188.2245
2022-23,03,Punjab,2023-03,2023-03-01,77991.0,2157236.0,57596.5587,53925.0,1127338.0,38319.1429,78022.0,1139152.0,40932.6564
2022-23,04,Chandigarh,2023-03,2023-03-01,2638.0,30586.0,517.8498000000001,5578.0,99933.0,2247.4659,9355.0,155745.0,3728.7702000000004
2022-23,05,Uttarakhand,2023-03,2023-03-01,15536.0,745559.0,14495.0327,10297.0,425875.0,24092.9129,30680.0,587040.0,19367.6549
2022-23,06,Haryana,2023-03,2023-03-01,85274.0,3634895.0,70384.77900000001,72170.0,4015107.0,99540.0183,113940.0,2388400.0,94680.09939999999
2022-23,07,Delhi,2023-03,2023-03-01,83038.0,1269483.0,48178.65059999999,137433.0,1948308.0,58577.0584,140393.0,2385143.0,67594.3892
2022-23,08,Rajasthan,2023-03,2023-03-01,69652.0,1779626.0,52623.3303,56696.0,1562065.0,50181.173200000005,110268.0,1555594.0,60888.2783
2022-23,09,Uttar Pradesh,2023-03,2023-03-01,149464.0,4870641.0,102387.25880000001,96487.0,2015317.0,80985.8352,217032.0,3149933.0,109581.84419999999
2022-23,10,Bihar,2023-03,2023-03-01,11771.0,744281.0,14747.266000000001,9806.0,121870.0,4586.937800000001,66960.0,939366.0,22931.106499999998
2022-23,11,Sikkim,2023-03,2023-03-01,174.0,13212.0,250.2971,221.0,8244.0,3168.8105,2794.0,55092.0,1355.1898
2022-23,12,Arunachal Pradesh,2023-03,2023-03-01,322.0,8304.0,196.0948,318.0,2439.0,168.3309,4103.0,48863.0,1310.8036
2022-23,13,Nagaland,2023-03,2023-03-01,240.0,4601.0,159.9995,384.0,9609.0,277.03770000000003,2830.0,41311.0,831.0802
2022-23,14,Manipur,2023-03,2023-03-01,184.0,6396.0,217.6388,191.0,1235.0,50.517399999999995,3154.0,47461.0,1154.0569
2022-23,15,Mizoram,2023-03,2023-03-01,66.0,2272.0,36.6254,122.0,642.0,33.2975,2194.0,33875.0,694.2096
2022-23,16,Tripura,2023-03,2023-03-01,1751.0,46026.0,870.7177,565.0,3239.0,280.2328,4781.0,44529.0,1208.7142999999999
2022-23,17,Meghalaya,2023-03,2023-03-01,529.0,21960.0,579.1186,589.0,45283.0,1079.0042999999998,3978.0,54798.0,1649.6501999999998
2022-23,18,Assam,2023-03,2023-03-01,15590.0,661510.0,13043.412900000001,11807.0,245369.0,8498.1289,30961.0,432078.0,15748.0236
2022-23,19,West Bengal,2023-03,2023-03-01,55633.0,2687691.0,65878.9668,47225.0,1135878.0,48878.4843,72858.0,1356769.0,55295.5862
2022-23,20,Jharkhand,2023-03,2023-03-01,11898.0,702107.0,19285.0403,9553.0,289975.0,22407.320200000002,30295.0,541537.0,20857.8545
2022-23,21,Odisha,2023-03,2023-03-01,19845.0,1307624.0,30057.096800000003,8112.0,344044.0,35792.6896,38146.0,534171.0,28067.0058
2022-23,22,Chhattisgarh,2023-03,2023-03-01,7454.0,372361.0,12789.4951,9587.0,218712.0,22067.293999999998,26927.0,496838.0,20779.2637
2022-23,23,Madhya Pradesh,2023-03,2023-03-01,28182.0,1053290.0,24224.931800000002,24286.0,613141.0,31492.537999999997,80556.0,1130856.0,40383.3833
2022-23,24,Gujarat,2023-03,2023-03-01,174925.0,5383214.0,159574.7442,148408.0,5205849.0,158968.2017,148247.0,2147894.0,115031.7102
2022-23,25,Daman and Diu,2023-03,2023-03-01,0.0,0.0,0.0,1.0,2.0,0.0173,15.0,33.0,1.9404
2022-23,26,Dadra and Nagar Haveli,2023-03,2023-03-01,3141.0,136068.0,6175.9448,3997.0,481223.0,21637.333599999998,5761.0,205147.0,16557.5276
2022-23,27,Maharashtra,2023-03,2023-03-01,169339.0,9005218.0,225412.1361,125766.0,4924456.0,187907.14579999997,222009.0,3408640.0,174562.753
2022-23,29,Karnataka,2023-03,2023-03-01,121243.0,5946483.0,108278.8008,58783.0,2369420.0,85953.3502,127874.0,2372219.0,90777.8793
2022-23,30,Goa,2023-03,2023-03-01,2142.0,118241.0,2179.4682000000003,1933.0,74813.0,5984.5073,8516.0,139526.0,5661.9614
2022-23,31,Lakshadweep,2023-03,2023-03-01,0.0,0.0,0.0,2.0,2.0,0.023799999999999998,62.0,595.0,8.1649
2022-23,32,Kerala,2023-03,2023-03-01,48732.0,2056332.0,30210.1779,18085.0,204237.0,10516.683200000001,62121.0,900712.0,24065.617299999998
2022-23,33,Tamil Nadu,2023-03,2023-03-01,125664.0,6883251.0,136192.7618,79637.0,2635711.0,111056.14300000001,127524.0,2393893.0,110274.3324
2022-23,34,Puducherry,2023-03,2023-03-01,1306.0,51840.0,2506.9707,2218.0,129934.0,4892.1413,6193.0,137064.0,4044.092
2022-23,35,ANDAMAN AND NICOBAR,2023-03,2023-03-01,67.0,2938.0,70.9034,121.0,528.0,71.6958,1229.0,13904.0,335.39779999999996
2022-23,36,Telangana,2023-03,2023-03-01,51291.0,2702577.0,53745.0606,35518.0,861512.0,45541.760700000006,69261.0,1348051.0,51060.8051
2022-23,37,Andhra Pradesh,2023-03,2023-03-01,40139.0,2141078.0,37980.074,24156.0,559948.0,46084.9334,73957.0,1064539.0,44100.696299999996
2022-23,38,Ladakh,2023-03,2023-03-01,81.0,758.0,20.6076,22.0,52.0,4.2581,514.0,3737.0,169.89970000000002
2022-23,97,Other Territory,2023-03,2023-03-01,9.0,133.0,54.671899999999994,33.0,2740.0,755.8004,371.0,11533.0,3075.2003999999997
2022-23,01,Jammu and Kashmir,2023-02,2023-02-01,7179.0,229467.0,4106.0872,2898.0,35680.0,2553.1451,19651.0,204109.0,6535.9082
2022-23,02,Himachal Pradesh,2023-02,2023-02-01,9304.0,277918.0,6370.2392,5901.0,276586.0,12668.9301,23603.0,326516.0,11103.988899999998
2022-23,03,Punjab,2023-02,2023-02-01,72943.0,1925793.0,49798.325899999996,51054.0,982175.0,32941.1254,76214.0,1044211.0,36203.2979
2022-23,04,Chandigarh,2023-02,2023-02-01,2426.0,26690.0,442.23220000000003,5260.0,85421.0,1883.5392000000002,8913.0,135605.0,3002.1321000000003
2022-23,05,Uttarakhand,2023-02,2023-02-01,14266.0,674690.0,12342.613500000001,9760.0,372938.0,19991.2775,29080.0,531745.0,17208.5312
2022-23,06,Haryana,2023-02,2023-02-01,79016.0,3343509.0,62028.6454,68805.0,3607198.0,87808.6728,110273.0,2208761.0,83156.24
2022-23,07,Delhi,2023-02,2023-02-01,76184.0,1118945.0,39001.2577,132754.0,1817041.0,50640.1071,135603.0,2179069.0,58796.4112
2022-23,08,Rajasthan,2023-02,2023-02-01,64882.0,1627477.0,44592.980599999995,55047.0,1545924.0,46133.066900000005,108093.0,1453148.0,56089.712
2022-23,09,Uttar Pradesh,2023-02,2023-02-01,142095.0,4446053.0,91613.6926,92454.0,1861922.0,72185.9121,211151.0,2933340.0,94854.89869999999
2022-23,10,Bihar,2023-02,2023-02-01,10849.0,650540.0,12606.5528,9359.0,110257.0,3845.3365999999996,66113.0,898730.0,20701.6192
2022-23,11,Sikkim,2023-02,2023-02-01,160.0,10902.0,211.5744,203.0,7066.0,2786.9759999999997,2652.0,49334.0,1056.2241999999999
2022-23,12,Arunachal Pradesh,2023-02,2023-02-01,252.0,4621.0,112.61280000000001,287.0,1715.0,96.58670000000001,3558.0,38019.0,905.0746
2022-23,13,Nagaland,2023-02,2023-02-01,218.0,2908.0,91.6952,353.0,9730.0,245.5478,2686.0,33858.0,636.0193
2022-23,14,Manipur,2023-02,2023-02-01,168.0,5822.0,163.4356,164.0,939.0,39.7108,3162.0,44922.0,1018.32
2022-23,15,Mizoram,2023-02,2023-02-01,68.0,2713.0,38.1609,90.0,516.0,27.127,2089.0,31227.0,584.6536
2022-23,16,Tripura,2023-02,2023-02-01,1785.0,42396.0,737.558,516.0,3067.0,260.6946,4484.0,38703.0,967.5553
2022-23,17,Meghalaya,2023-02,2023-02-01,496.0,20226.0,442.42449999999997,499.0,37235.0,839.7991000000001,3814.0,47603.0,1278.7345
2022-23,18,Assam,2023-02,2023-02-01,14351.0,563901.0,10560.0982,10953.0,210891.0,7157.2366,28477.0,389555.0,13698.997299999999
2022-23,19,West Bengal,2023-02,2023-02-01,52243.0,2348367.0,56498.6188,45509.0,1058316.0,42458.668399999995,70278.0,1289829.0,49048.1476
2022-23,20,Jharkhand,2023-02,2023-02-01,11219.0,640642.0,16556.521200000003,9203.0,268603.0,19347.6695,29699.0,523136.0,18573.3528
2022-23,21,Odisha,2023-02,2023-02-01,18364.0,1174578.0,25652.128500000003,7719.0,334362.0,33418.3548,37056.0,505805.0,24325.6171
2022-23,22,Chhattisgarh,2023-02,2023-02-01,7084.0,340306.0,11480.5069,9170.0,207414.0,19804.4717,26669.0,509374.0,19296.5738
2022-23,23,Madhya Pradesh,2023-02,2023-02-01,27342.0,967199.0,22969.8809,23234.0,539994.0,27877.7758,78470.0,1045688.0,36209.4127
2022-23,24,Gujarat,2023-02,2023-02-01,169030.0,5053431.0,148244.8142,144509.0,4846715.0,139989.7189,146109.0,1976745.0,102834.3423
2022-23,25,Daman and Diu,2023-02,2023-02-01,0.0,0.0,0.0,1.0,1.0,0.012,17.0,25.0,1.2953999999999999
2022-23,26,Dadra and Nagar Haveli,2023-02,2023-02-01,3030.0,124300.0,5640.8759,3919.0,430501.0,17836.841399999998,5611.0,185930.0,14363.6856
2022-23,27,Maharashtra,2023-02,2023-02-01,158904.0,8035752.0,194416.22199999998,121336.0,4366321.0,161350.0035,214156.0,3130427.0,152091.9816
2022-23,29,Karnataka,2023-02,2023-02-01,112863.0,5240348.0,91559.3753,55698.0,2169818.0,71342.465,121806.0,2079682.0,78180.8
2022-23,30,Goa,2023-02,2023-02-01,1988.0,105962.0,1985.9045999999998,1830.0,65819.0,5247.366,8135.0,123124.0,4833.9862
2022-23,31,Lakshadweep,2023-02,2023-02-01,0.0,0.0,0.0,2.0,3.0,0.0346,48.0,362.0,5.249
2022-23,32,Kerala,2023-02,2023-02-01,46157.0,1723903.0,24988.377200000003,16961.0,180470.0,9057.040799999999,58170.0,746560.0,20328.064599999998
2022-23,33,Tamil Nadu,2023-02,2023-02-01,116775.0,6012887.0,115780.6277,75822.0,2377665.0,92274.7962,120897.0,2039110.0,94729.72460000002
2022-23,34,Puducherry,2023-02,2023-02-01,1197.0,44986.0,1557.9425,2101.0,114195.0,3858.7557,5973.0,119806.0,3509.3635
2022-23,35,ANDAMAN AND NICOBAR,2023-02,2023-02-01,66.0,2395.0,59.301,123.0,486.0,52.571000000000005,1199.0,11603.0,280.6117
2022-23,36,Telangana,2023-02,2023-02-01,48427.0,2410679.0,45175.867300000005,34029.0,804149.0,38135.2022,67371.0,1248193.0,45588.0961
2022-23,37,Andhra Pradesh,2023-02,2023-02-01,38025.0,1951436.0,33498.5044,23230.0,512985.0,40531.8463,72307.0,994229.0,40308.9356
2022-23,38,Ladakh,2023-02,2023-02-01,42.0,411.0,16.7392,10.0,21.0,1.097,241.0,1452.0,56.1529
2022-23,97,Other Territory,2023-02,2023-02-01,9.0,101.0,54.0047,33.0,3552.0,782.8341,333.0,11038.0,2908.7945
2022-23,01,Jammu and Kashmir,2023-01,2023-01-01,6884.0,205360.0,3797.7561,2994.0,35230.0,2480.4464000000003,18724.0,182249.0,6208.7309
2022-23,02,Himachal Pradesh,2023-01,2023-01-01,9086.0,269960.0,6274.302299999999,5781.0,266442.0,12541.4055,22911.0,322657.0,11348.1441
2022-23,03,Punjab,2023-01,2023-01-01,71821.0,1872956.0,48655.9337,52059.0,951070.0,32709.904700000003,73759.0,1005589.0,36355.1016
2022-23,04,Chandigarh,2023-01,2023-01-01,2338.0,25657.0,457.9092,5187.0,83313.0,1820.5681,8776.0,132727.0,3038.0844
2022-23,05,Uttarakhand,2023-01,2023-01-01,14098.0,681149.0,12545.1505,9630.0,377139.0,19564.0415,27985.0,532665.0,17147.2681
2022-23,06,Haryana,2023-01,2023-01-01,77682.0,3452733.0,64041.073099999994,68234.0,3775717.0,87874.0571,108108.0,2207341.0,84690.52859999999
2022-23,07,Delhi,2023-01,2023-01-01,74380.0,1094983.0,38242.2008,129959.0,1775763.0,49643.602999999996,133464.0,2116207.0,58930.003300000004
2022-23,08,Rajasthan,2023-01,2023-01-01,64453.0,1622482.0,44471.0606,54816.0,1490915.0,46251.1953,108032.0,1515910.0,56235.2658
2022-23,09,Uttar Pradesh,2023-01,2023-01-01,138415.0,4246862.0,89669.71830000001,91131.0,1818772.0,72452.4528,203916.0,2942413.0,93694.8161
2022-23,10,Bihar,2023-01,2023-01-01,10250.0,613973.0,12188.938600000001,8960.0,102455.0,3896.4736,62940.0,842027.0,20246.9427
2022-23,11,Sikkim,2023-01,2023-01-01,158.0,10727.0,224.891,204.0,7127.0,2843.2866999999997,2696.0,52960.0,1103.7109
2022-23,12,Arunachal Pradesh,2023-01,2023-01-01,236.0,4355.0,91.92139999999999,267.0,1999.0,112.625,3483.0,38311.0,895.8148
2022-23,13,Nagaland,2023-01,2023-01-01,191.0,2585.0,92.6842,354.0,9506.0,258.1201,2659.0,33763.0,704.2471
2022-23,14,Manipur,2023-01,2023-01-01,176.0,5199.0,151.9216,167.0,956.0,37.643,3066.0,41994.0,921.9113000000001
2022-23,15,Mizoram,2023-01,2023-01-01,62.0,2049.0,35.329899999999995,95.0,470.0,25.076700000000002,2073.0,30585.0,594.3683
2022-23,16,Tripura,2023-01,2023-01-01,1705.0,44485.0,801.7464,522.0,3264.0,281.8543,4582.0,41834.0,1060.9297
2022-23,17,Meghalaya,2023-01,2023-01-01,469.0,21152.0,504.673,544.0,42508.0,965.1636,3849.0,49230.0,1374.7367000000002
2022-23,18,Assam,2023-01,2023-01-01,14089.0,542625.0,10346.8574,10806.0,211088.0,7480.3541000000005,27420.0,373646.0,13009.7843
2022-23,19,West Bengal,2023-01,2023-01-01,50753.0,2279085.0,57195.7506,45065.0,984647.0,42185.82980000001,68497.0,1278677.0,49951.5854
2022-23,20,Jharkhand,2023-01,2023-01-01,10797.0,620639.0,16488.333899999998,8829.0,261982.0,19503.5587,28527.0,496567.0,18284.2202
2022-23,21,Odisha,2023-01,2023-01-01,18077.0,1168226.0,25910.4236,7557.0,337423.0,32677.6048,36460.0,502891.0,24815.1356
2022-23,22,Chhattisgarh,2023-01,2023-01-01,7027.0,341710.0,11761.8896,9251.0,213075.0,20458.7371,26798.0,506260.0,19197.3949
2022-23,23,Madhya Pradesh,2023-01,2023-01-01,26971.0,974425.0,23336.371499999997,23099.0,532887.0,28268.585600000002,77853.0,1059146.0,36108.3866
2022-23,24,Gujarat,2023-01,2023-01-01,168525.0,5217405.0,149208.5522,143658.0,4712520.0,141215.04619999998,147032.0,2035087.0,106279.56480000001
2022-23,25,Daman and Diu,2023-01,2023-01-01,0.0,0.0,0.0,0.0,0.0,0.0,20.0,25.0,0.9886
2022-23,26,Dadra and Nagar Haveli,2023-01,2023-01-01,3015.0,134123.0,5847.382,3937.0,462867.0,19159.0642,5629.0,197572.0,16195.0125
2022-23,27,Maharashtra,2023-01,2023-01-01,159314.0,8461392.0,202765.59,121754.0,4453898.0,165651.8621,216119.0,3169746.0,159496.3886
2022-23,29,Karnataka,2023-01,2023-01-01,113775.0,5469644.0,96143.7211,56189.0,2318775.0,74216.8644,121807.0,2073310.0,82479.5984
2022-23,30,Goa,2023-01,2023-01-01,2025.0,110084.0,1936.7031,1819.0,68845.0,5161.6638,8174.0,129431.0,5118.6098999999995
2022-23,31,Lakshadweep,2023-01,2023-01-01,1.0,1.0,0.40399999999999997,2.0,5.0,0.1906,41.0,357.0,5.8074
2022-23,32,Kerala,2023-01,2023-01-01,46892.0,1870094.0,26574.6496,17194.0,182467.0,9189.7672,58313.0,736160.0,20621.117299999998
2022-23,33,Tamil Nadu,2023-01,2023-01-01,113944.0,5855802.0,111792.3085,75117.0,2270449.0,92341.5466,120336.0,2079775.0,91511.2457
2022-23,34,Puducherry,2023-01,2023-01-01,1172.0,43379.0,1372.5327,2052.0,113845.0,3745.6557000000003,5836.0,120275.0,3556.3547999999996
2022-23,35,ANDAMAN AND NICOBAR,2023-01,2023-01-01,65.0,2364.0,43.9326,91.0,417.0,38.354099999999995,1174.0,11089.0,255.71290000000002
2022-23,36,Telangana,2023-01,2023-01-01,47839.0,2471123.0,45941.4273,33934.0,827668.0,36263.316,67345.0,1306705.0,46044.723600000005
2022-23,37,Andhra Pradesh,2023-01,2023-01-01,37284.0,2004886.0,34235.0829,22812.0,512484.0,40798.597799999996,72490.0,962675.0,40685.265400000004
2022-23,38,Ladakh,2023-01,2023-01-01,57.0,472.0,18.9501,19.0,32.0,4.0794,274.0,1535.0,44.7226
2022-23,97,Other Territory,2023-01,2023-01-01,7.0,111.0,53.5237,35.0,3625.0,717.2581,322.0,10726.0,2848.816
2022-23,01,Jammu and Kashmir,2022-12,2022-12-01,7173.0,239879.0,4182.6422999999995,3619.0,40819.0,2545.7294,19755.0,202858.0,6402.3828
2022-23,02,Himachal Pradesh,2022-12,2022-12-01,9084.0,301026.0,6657.7744999999995,5868.0,291199.0,13524.2278,23682.0,340219.0,11856.469099999998
2022-23,03,Punjab,2022-12,2022-12-01,73098.0,1977088.0,49108.7193,54526.0,1068419.0,33521.846099999995,75898.0,1043584.0,37057.75
2022-23,04,Chandigarh,2022-12,2022-12-01,2375.0,28654.0,473.0357,5270.0,88287.0,1896.4379999999999,8927.0,141727.0,3111.4004
2022-23,05,Uttarakhand,2022-12,2022-12-01,14240.0,676154.0,12134.2763,9783.0,404983.0,19955.275,28751.0,545332.0,17076.5665
2022-23,06,Haryana,2022-12,2022-12-01,78431.0,3358795.0,62777.0809,69228.0,3776322.0,88887.3237,109526.0,2252660.0,83966.36839999999
2022-23,07,Delhi,2022-12,2022-12-01,75652.0,1175991.0,39765.3269,131969.0,1835656.0,51464.3911,135596.0,2084499.0,60401.403
2022-23,08,Rajasthan,2022-12,2022-12-01,65782.0,1734134.0,47334.2153,56044.0,1489616.0,47468.9516,108258.0,1470526.0,54140.4871
2022-23,09,Uttar Pradesh,2022-12,2022-12-01,140181.0,4349041.0,87661.9145,93224.0,1856961.0,71187.6433,205601.0,2752194.0,92449.4289
2022-23,10,Bihar,2022-12,2022-12-01,10119.0,641648.0,12299.361799999999,9222.0,115949.0,4155.1626,60627.0,658046.0,20005.4091
2022-23,11,Sikkim,2022-12,2022-12-01,163.0,10987.0,224.1956,226.0,8032.0,3190.3645,2874.0,58261.0,1257.2329
2022-23,12,Arunachal Pradesh,2022-12,2022-12-01,255.0,4290.0,93.6021,282.0,2113.0,115.9738,3534.0,41494.0,906.2521
2022-23,13,Nagaland,2022-12,2022-12-01,177.0,2801.0,91.43790000000001,381.0,8133.0,249.21900000000002,2710.0,36844.0,646.8761
2022-23,14,Manipur,2022-12,2022-12-01,167.0,5016.0,129.1351,172.0,1187.0,40.6397,3098.0,50262.0,955.2212
2022-23,15,Mizoram,2022-12,2022-12-01,68.0,1643.0,27.53,92.0,604.0,15.0296,2050.0,34342.0,604.8652
2022-23,16,Tripura,2022-12,2022-12-01,1709.0,47887.0,896.4116,545.0,3772.0,323.9921,4762.0,45687.0,1100.6736
2022-23,17,Meghalaya,2022-12,2022-12-01,476.0,20274.0,460.3258,559.0,39153.0,996.2122,4049.0,54418.0,1502.2009
2022-23,18,Assam,2022-12,2022-12-01,14340.0,582120.0,11135.929199999999,11233.0,244903.0,8060.8251,28108.0,385269.0,13763.136
2022-23,19,West Bengal,2022-12,2022-12-01,50525.0,2360243.0,59319.5142,45671.0,985182.0,44014.872599999995,69532.0,1236179.0,51403.065
2022-23,20,Jharkhand,2022-12,2022-12-01,10752.0,635643.0,16398.255,8873.0,259276.0,19164.233200000002,28753.0,451010.0,18529.891
2022-23,21,Odisha,2022-12,2022-12-01,17804.0,1173620.0,26185.7986,7640.0,313614.0,32333.639900000002,36389.0,496215.0,25380.0905
2022-23,22,Chhattisgarh,2022-12,2022-12-01,6943.0,339630.0,11347.0122,9222.0,209089.0,19490.3616,26894.0,470167.0,19085.931200000003
2022-23,23,Madhya Pradesh,2022-12,2022-12-01,27001.0,1010403.0,23268.0004,23800.0,575101.0,29413.9829,78626.0,1004474.0,35146.5706
2022-23,24,Gujarat,2022-12,2022-12-01,168055.0,5338599.0,153830.4595,144148.0,4407999.0,145241.52289999998,150929.0,2100857.0,106421.5824
2022-23,25,Daman and Diu,2022-12,2022-12-01,0.0,0.0,0.0,1.0,1.0,0.0191,18.0,20.0,1.0066
2022-23,26,Dadra and Nagar Haveli,2022-12,2022-12-01,3011.0,135234.0,5611.023499999999,3933.0,480521.0,20007.578700000002,5609.0,201468.0,16404.4917
2022-23,27,Maharashtra,2022-12,2022-12-01,158375.0,8279391.0,200203.2839,122633.0,4533097.0,172524.1446,219786.0,3288560.0,160562.9092
2022-23,29,Karnataka,2022-12,2022-12-01,114296.0,5445779.0,95947.6364,57287.0,2329864.0,76152.6384,124342.0,2117396.0,82598.6095
2022-23,30,Goa,2022-12,2022-12-01,2040.0,117045.0,2121.7324,1859.0,75013.0,5769.5913,8601.0,136614.0,5416.2723
2022-23,31,Lakshadweep,2022-12,2022-12-01,0.0,0.0,0.0,2.0,3.0,0.3169,50.0,415.0,5.8844
2022-23,32,Kerala,2022-12,2022-12-01,46931.0,1920331.0,26935.768399999997,17404.0,189899.0,9448.6399,59689.0,776666.0,20801.4456
2022-23,33,Tamil Nadu,2022-12,2022-12-01,115554.0,6193461.0,115837.95980000001,77198.0,2377949.0,97230.5167,126409.0,2271428.0,97320.0117
2022-23,34,Puducherry,2022-12,2022-12-01,1185.0,45427.0,1979.1179000000002,2117.0,123912.0,4235.0635999999995,6139.0,125458.0,3391.7071
2022-23,35,ANDAMAN AND NICOBAR,2022-12,2022-12-01,72.0,2410.0,51.9014,101.0,486.0,54.881,1188.0,12472.0,277.062
2022-23,36,Telangana,2022-12,2022-12-01,48500.0,2690330.0,47079.6526,35012.0,912590.0,39566.8028,70058.0,1371872.0,48824.056
2022-23,37,Andhra Pradesh,2022-12,2022-12-01,38341.0,2144947.0,40306.2714,23263.0,523220.0,42099.2475,79240.0,1211002.0,43955.2154
2022-23,38,Ladakh,2022-12,2022-12-01,77.0,816.0,24.7902,40.0,146.0,21.4685,744.0,4073.0,156.9458
2022-23,97,Other Territory,2022-12,2022-12-01,7.0,106.0,52.261,34.0,2616.0,575.5169000000001,312.0,11787.0,2839.6784000000002
2022-23,01,Jammu and Kashmir,2022-11,2022-11-01,7040.0,243366.0,4200.3012,3787.0,44088.0,2657.2481,20892.0,227090.0,6855.1301
2022-23,02,Himachal Pradesh,2022-11,2022-11-01,9191.0,313024.0,6499.262900000001,5844.0,299118.0,13063.162199999999,24449.0,354357.0,11573.6366
2022-23,03,Punjab,2022-11,2022-11-01,70324.0,1944975.0,46103.8808,55417.0,1218869.0,33751.4761,74613.0,1016051.0,34898.0127
2022-23,04,Chandigarh,2022-11,2022-11-01,2321.0,27036.0,443.61809999999997,5328.0,88700.0,1794.4923000000001,8994.0,139596.0,2977.3167
2022-23,05,Uttarakhand,2022-11,2022-11-01,13897.0,666148.0,11662.9547,9719.0,387630.0,19245.5105,29211.0,546841.0,16527.1248
2022-23,06,Haryana,2022-11,2022-11-01,77045.0,3431888.0,62375.037800000006,68420.0,3716185.0,84185.30029999999,107675.0,2228996.0,81066.7827
2022-23,07,Delhi,2022-11,2022-11-01,73966.0,1127498.0,36840.5216,130924.0,1867511.0,49083.8729,133251.0,2080261.0,57468.388
2022-23,08,Rajasthan,2022-11,2022-11-01,64540.0,1683934.0,47432.9189,54461.0,1427948.0,46437.128300000004,108821.0,1479818.0,52623.128899999996
2022-23,09,Uttar Pradesh,2022-11,2022-11-01,135670.0,4298671.0,86577.6961,91028.0,1807244.0,67616.8017,207330.0,2706408.0,90028.90539999999
2022-23,10,Bihar,2022-11,2022-11-01,9802.0,620880.0,12017.787199999999,8739.0,106378.0,3786.4144,62176.0,652099.0,19218.1835
2022-23,11,Sikkim,2022-11,2022-11-01,167.0,9740.0,207.8965,224.0,8041.0,3362.8423,2993.0,63994.0,1268.7839999999999
2022-23,12,Arunachal Pradesh,2022-11,2022-11-01,241.0,4502.0,84.8228,283.0,2280.0,109.6986,3454.0,40900.0,821.023
2022-23,13,Nagaland,2022-11,2022-11-01,163.0,2234.0,75.2556,357.0,5691.0,172.6907,2875.0,40085.0,718.0285
2022-23,14,Manipur,2022-11,2022-11-01,158.0,4797.0,121.7861,194.0,1136.0,54.603699999999996,3169.0,48056.0,975.5483
2022-23,15,Mizoram,2022-11,2022-11-01,63.0,1789.0,28.983600000000003,86.0,577.0,23.476599999999998,2199.0,33716.0,572.3135
2022-23,16,Tripura,2022-11,2022-11-01,1699.0,45516.0,842.8595,533.0,3547.0,298.6891,4560.0,42188.0,999.7953
2022-23,17,Meghalaya,2022-11,2022-11-01,455.0,17706.0,393.37019999999995,507.0,31176.0,767.6841000000001,3943.0,52101.0,1325.0757
2022-23,18,Assam,2022-11,2022-11-01,14015.0,556636.0,10732.7759,10935.0,234733.0,8078.610500000001,28446.0,368962.0,12883.6364
2022-23,19,West Bengal,2022-11,2022-11-01,49977.0,2231487.0,57170.7226,45382.0,960407.0,41426.0067,69638.0,1193399.0,49493.7669
2022-23,20,Jharkhand,2022-11,2022-11-01,10482.0,613473.0,15863.175500000001,8657.0,249256.0,18009.3518,28826.0,447119.0,17959.0389
2022-23,21,Odisha,2022-11,2022-11-01,17189.0,1054153.0,24871.6852,7296.0,303542.0,31344.7987,35650.0,456992.0,23162.767200000002
2022-23,22,Chhattisgarh,2022-11,2022-11-01,6544.0,306114.0,10005.2583,8769.0,191227.0,17723.6836,26289.0,430299.0,18533.962
2022-23,23,Madhya Pradesh,2022-11,2022-11-01,26896.0,990616.0,24239.2104,23109.0,535758.0,27831.6198,79073.0,1010451.0,35253.6517
2022-23,24,Gujarat,2022-11,2022-11-01,162646.0,4994988.0,146897.5118,139452.0,4009453.0,137822.0606,147486.0,1987956.0,108976.10470000001
2022-23,25,Daman and Diu,2022-11,2022-11-01,0.0,0.0,0.0,2.0,3.0,0.4633,20.0,57.0,1.8588999999999998
2022-23,26,Dadra and Nagar Haveli,2022-11,2022-11-01,2953.0,126523.0,5328.1115,3868.0,440954.0,18136.3132,5576.0,190817.0,15359.4981
2022-23,27,Maharashtra,2022-11,2022-11-01,153783.0,8055797.0,189858.7221,119871.0,4321954.0,157897.1862,215483.0,3154520.0,156361.8458
2022-23,29,Karnataka,2022-11,2022-11-01,111704.0,5159030.0,88032.6302,55954.0,2160340.0,69730.6312,120642.0,2013248.0,78665.4471
2022-23,30,Goa,2022-11,2022-11-01,1981.0,111882.0,2008.3905,1815.0,72113.0,5282.7851,8559.0,131928.0,5023.0303
2022-23,31,Lakshadweep,2022-11,2022-11-01,0.0,0.0,0.0,1.0,1.0,0.0264,53.0,386.0,16.6409
2022-23,32,Kerala,2022-11,2022-11-01,46331.0,1813873.0,24982.0465,17174.0,187907.0,9111.3124,58491.0,730310.0,19840.5665
2022-23,33,Tamil Nadu,2022-11,2022-11-01,110191.0,5800259.0,110733.7464,75522.0,2303818.0,91488.1304,120512.0,2044974.0,91434.56910000001
2022-23,34,Puducherry,2022-11,2022-11-01,1160.0,46891.0,1646.316,2095.0,117859.0,3917.9876,5833.0,117250.0,3378.6269
2022-23,35,ANDAMAN AND NICOBAR,2022-11,2022-11-01,65.0,2533.0,41.2601,115.0,432.0,57.7553,1144.0,12011.0,269.4407
2022-23,36,Telangana,2022-11,2022-11-01,47542.0,2462695.0,42892.325099999995,34389.0,835571.0,34940.0942,67284.0,1222829.0,44617.5727
2022-23,37,Andhra Pradesh,2022-11,2022-11-01,36772.0,1962067.0,34194.2372,22645.0,496550.0,40397.4311,76682.0,1108608.0,41791.4732
2022-23,38,Ladakh,2022-11,2022-11-01,84.0,945.0,24.987399999999997,66.0,388.0,43.4912,1278.0,10541.0,345.8333
2022-23,97,Other Territory,2022-11,2022-11-01,7.0,123.0,547.5247,35.0,2569.0,1308.8247999999999,363.0,10899.0,2715.4734000000003
2022-23,01,Jammu and Kashmir,2022-10,2022-10-01,6965.0,244516.0,4234.281,3646.0,41843.0,2650.6384000000003,20722.0,239621.0,6714.5234
2022-23,02,Himachal Pradesh,2022-10,2022-10-01,9148.0,307761.0,6456.8051000000005,5703.0,271174.0,12088.0721,24794.0,350656.0,11210.0078
2022-23,03,Punjab,2022-10,2022-10-01,70517.0,1943833.0,46682.4983,54679.0,1232990.0,33586.131499999996,73091.0,1023055.0,33952.2872
2022-23,04,Chandigarh,2022-10,2022-10-01,2340.0,30075.0,500.50800000000004,5263.0,87082.0,1782.8007,8930.0,144499.0,3120.592
2022-23,05,Uttarakhand,2022-10,2022-10-01,13507.0,667202.0,11663.2218,9177.0,356617.0,18782.3704,29192.0,526477.0,16029.3698
2022-23,06,Haryana,2022-10,2022-10-01,75667.0,3397096.0,61508.602199999994,66995.0,3825565.0,82665.62599999999,106884.0,2127674.0,81089.07519999999
2022-23,07,Delhi,2022-10,2022-10-01,71493.0,1101950.0,35423.887200000005,129127.0,1739819.0,47089.6771,131414.0,2072753.0,56064.3883
2022-23,08,Rajasthan,2022-10,2022-10-01,62382.0,1594869.0,43351.226500000004,52161.0,1358402.0,42357.593499999995,107477.0,1486758.0,50725.3813
2022-23,09,Uttar Pradesh,2022-10,2022-10-01,130117.0,3955112.0,83528.9373,87834.0,1711615.0,67988.8772,199676.0,2752369.0,87830.6302
2022-23,10,Bihar,2022-10,2022-10-01,9098.0,553706.0,11321.5552,7487.0,83448.0,3125.7670000000003,60158.0,708917.0,18782.7609
2022-23,11,Sikkim,2022-10,2022-10-01,154.0,7372.0,171.3254,183.0,6404.0,2286.4403,2789.0,51156.0,1068.2896
2022-23,12,Arunachal Pradesh,2022-10,2022-10-01,223.0,3252.0,78.2948,253.0,1807.0,108.8361,3245.0,34406.0,713.3018
2022-23,13,Nagaland,2022-10,2022-10-01,160.0,1985.0,78.7898,312.0,3975.0,176.8347,2683.0,35120.0,598.3894
2022-23,14,Manipur,2022-10,2022-10-01,144.0,4524.0,112.7375,163.0,1098.0,45.24,2989.0,43977.0,901.8972
2022-23,15,Mizoram,2022-10,2022-10-01,64.0,1603.0,27.0896,74.0,488.0,29.723000000000003,2114.0,33033.0,541.0123
2022-23,16,Tripura,2022-10,2022-10-01,1537.0,34576.0,653.7318,448.0,2755.0,353.0948,4231.0,36451.0,898.8113000000001
2022-23,17,Meghalaya,2022-10,2022-10-01,442.0,15731.0,354.296,479.0,28773.0,713.7896000000001,3789.0,47361.0,1124.8851
2022-23,18,Assam,2022-10,2022-10-01,12909.0,485026.0,9549.612,10296.0,206431.0,7262.6403,26308.0,330503.0,11477.520900000001
2022-23,19,West Bengal,2022-10,2022-10-01,44026.0,1876140.0,48628.5195,40549.0,818028.0,37263.5322,64105.0,1128216.0,44564.7034
2022-23,20,Jharkhand,2022-10,2022-10-01,9886.0,563438.0,14935.005,7659.0,217878.0,17149.8383,27194.0,408164.0,17143.796000000002
2022-23,21,Odisha,2022-10,2022-10-01,16208.0,955702.0,22740.9019,6637.0,287274.0,30890.247000000003,32534.0,416920.0,21246.0915
2022-23,22,Chhattisgarh,2022-10,2022-10-01,6077.0,274260.0,9123.3895,8032.0,159492.0,15313.346200000002,24770.0,393530.0,17289.5693
2022-23,23,Madhya Pradesh,2022-10,2022-10-01,25316.0,911084.0,21205.6433,21772.0,475896.0,24399.5873,75336.0,944749.0,32806.296800000004
2022-23,24,Gujarat,2022-10,2022-10-01,157211.0,4335706.0,127051.70550000001,137981.0,4154462.0,129416.4319,137934.0,1867304.0,96971.4686
2022-23,25,Daman and Diu,2022-10,2022-10-01,0.0,0.0,0.0,1.0,1.0,0.0141,17.0,55.0,2.8511
2022-23,26,Dadra and Nagar Haveli,2022-10,2022-10-01,2891.0,116901.0,4814.3231,3785.0,409074.0,16945.7988,5498.0,175382.0,13417.3913
2022-23,27,Maharashtra,2022-10,2022-10-01,148791.0,7814944.0,179772.6184,114804.0,4161094.0,153828.071,208972.0,3105627.0,153073.9914
2022-23,29,Karnataka,2022-10,2022-10-01,106716.0,5093341.0,85407.02699999999,52929.0,2204148.0,66650.813,116325.0,1948651.0,82046.4092
2022-23,30,Goa,2022-10,2022-10-01,1973.0,106010.0,1850.1817999999998,1711.0,68489.0,5039.0494,8148.0,123521.0,7000.4025
2022-23,31,Lakshadweep,2022-10,2022-10-01,0.0,0.0,0.0,1.0,1.0,1.5978999999999999,53.0,376.0,6.7544
2022-23,32,Kerala,2022-10,2022-10-01,45397.0,1742991.0,24250.308399999998,16702.0,179508.0,8634.5098,55416.0,663150.0,18627.818600000002
2022-23,33,Tamil Nadu,2022-10,2022-10-01,103958.0,5386381.0,103761.2744,71731.0,2163308.0,86834.521,118303.0,2130394.0,87230.5284
2022-23,34,Puducherry,2022-10,2022-10-01,1121.0,45007.0,1373.0519,1985.0,112655.0,3669.6546999999996,5802.0,117340.0,3394.8918
2022-23,35,ANDAMAN AND NICOBAR,2022-10,2022-10-01,63.0,2155.0,45.4586,95.0,468.0,56.673199999999994,1049.0,11005.0,273.8125
2022-23,36,Telangana,2022-10,2022-10-01,44783.0,2371165.0,40802.314,32217.0,756864.0,31427.842,63906.0,1176484.0,42666.1034
2022-23,37,Andhra Pradesh,2022-10,2022-10-01,34794.0,1910383.0,31463.2276,21174.0,460632.0,48405.546500000004,71785.0,922757.0,38311.1155
2022-23,38,Ladakh,2022-10,2022-10-01,95.0,1669.0,40.5181,90.0,543.0,67.8741,1611.0,17400.0,479.6149
2022-23,97,Other Territory,2022-10,2022-10-01,6.0,106.0,46.3628,31.0,2644.0,898.2139999999999,332.0,9560.0,2459.0447
2022-23,01,Jammu and Kashmir,2022-09,2022-09-01,6818.0,246842.0,4256.128,3731.0,45614.0,3109.8312,20797.0,249769.0,7539.5361
2022-23,02,Himachal Pradesh,2022-09,2022-09-01,9134.0,322845.0,6831.295999999999,5803.0,307197.0,13695.3086,24690.0,382815.0,12215.646499999999
2022-23,03,Punjab,2022-09,2022-09-01,70418.0,2019690.0,49554.5507,54279.0,1243629.0,35748.849,74723.0,1111183.0,36092.171800000004
2022-23,04,Chandigarh,2022-09,2022-09-01,2394.0,28970.0,509.14050000000003,5272.0,93179.0,1964.0218,9081.0,153321.0,3192.5912
2022-23,05,Uttarakhand,2022-09,2022-09-01,13628.0,700884.0,13173.3183,9469.0,390968.0,20753.3389,29399.0,573107.0,17745.014
2022-23,06,Haryana,2022-09,2022-09-01,75696.0,3634895.0,68600.31349999999,67624.0,4323122.0,91414.4232,109113.0,2342356.0,92714.0934
2022-23,07,Delhi,2022-09,2022-09-01,74450.0,1199034.0,39181.548500000004,133116.0,2003195.0,52450.0896,136855.0,2267822.0,62916.1296
2022-23,08,Rajasthan,2022-09,2022-09-01,61259.0,1651349.0,41486.6143,53928.0,1549221.0,45049.626299999996,109242.0,1625788.0,56603.649900000004
2022-23,09,Uttar Pradesh,2022-09,2022-09-01,131046.0,4114143.0,90368.52119999999,90564.0,1932936.0,80402.353,203805.0,3022787.0,98536.2928
2022-23,10,Bihar,2022-09,2022-09-01,9397.0,619622.0,11755.1533,8473.0,98441.0,3751.9188,62986.0,871227.0,20367.4856
2022-23,11,Sikkim,2022-09,2022-09-01,156.0,10419.0,221.335,228.0,7746.0,3131.466,2975.0,65651.0,1242.9519
2022-23,12,Arunachal Pradesh,2022-09,2022-09-01,233.0,3819.0,90.3814,270.0,2156.0,119.9206,3450.0,39453.0,813.9892
2022-23,13,Nagaland,2022-09,2022-09-01,160.0,2217.0,95.2544,315.0,4825.0,180.6783,2814.0,38969.0,678.6147
2022-23,14,Manipur,2022-09,2022-09-01,132.0,4542.0,122.39309999999999,166.0,1311.0,59.3838,3112.0,48694.0,1000.2416000000001
2022-23,15,Mizoram,2022-09,2022-09-01,69.0,1511.0,23.288,87.0,456.0,36.5189,2122.0,31078.0,558.1018
2022-23,16,Tripura,2022-09,2022-09-01,1572.0,39981.0,759.6967999999999,497.0,3246.0,277.494,4781.0,45516.0,1096.9197
2022-23,17,Meghalaya,2022-09,2022-09-01,431.0,17611.0,387.55440000000004,513.0,30525.0,785.2845,3911.0,52869.0,1142.6271000000002
2022-23,18,Assam,2022-09,2022-09-01,13823.0,571448.0,10859.514799999999,10940.0,231872.0,8520.0848,28889.0,422779.0,13107.8672
2022-23,19,West Bengal,2022-09,2022-09-01,49536.0,2317225.0,59665.0318,45999.0,1142572.0,45453.1587,68185.0,1302401.0,51927.7976
2022-23,20,Jharkhand,2022-09,2022-09-01,10042.0,576820.0,14484.063999999998,8132.0,219824.0,16908.1688,29052.0,472125.0,18053.5759
2022-23,21,Odisha,2022-09,2022-09-01,16637.0,997976.0,23363.756800000003,7047.0,267219.0,28756.4729,35493.0,495125.0,24194.906000000003
2022-23,22,Chhattisgarh,2022-09,2022-09-01,6085.0,292539.0,9645.6989,8546.0,183275.0,15966.592700000001,26455.0,450145.0,19043.618300000002
2022-23,23,Madhya Pradesh,2022-09,2022-09-01,24735.0,926201.0,18547.42,22504.0,546491.0,25572.8121,77927.0,1032613.0,34325.4413
2022-23,24,Gujarat,2022-09,2022-09-01,161496.0,4862390.0,137517.4938,142381.0,4906020.0,141561.5617,149751.0,2205027.0,107635.74470000001
2022-23,25,Daman and Diu,2022-09,2022-09-01,0.0,0.0,0.0,3.0,10.0,0.0786,15.0,47.0,2.6936
2022-23,26,Dadra and Nagar Haveli,2022-09,2022-09-01,2973.0,128761.0,5449.6391,3878.0,467683.0,19093.0318,5554.0,195870.0,15436.1127
2022-23,27,Maharashtra,2022-09,2022-09-01,150721.0,8198741.0,189172.7748,118960.0,4826805.0,165638.5758,216135.0,3489751.0,164829.3365
2022-23,29,Karnataka,2022-09,2022-09-01,110211.0,5351846.0,95548.02029999999,55525.0,2411034.0,74214.2154,121176.0,2302708.0,86105.5367
2022-23,30,Goa,2022-09,2022-09-01,1900.0,100112.0,2251.3426,1763.0,71112.0,5402.7573,7922.0,123952.0,4845.4818
2022-23,31,Lakshadweep,2022-09,2022-09-01,0.0,0.0,0.0,1.0,1.0,0.0194,42.0,269.0,5.8492
2022-23,32,Kerala,2022-09,2022-09-01,44188.0,1677379.0,23482.9201,16498.0,182667.0,9056.601999999999,54881.0,670540.0,19018.1584
2022-23,33,Tamil Nadu,2022-09,2022-09-01,105918.0,5869229.0,115797.18449999999,74517.0,2466016.0,98053.94789999998,125731.0,2650972.0,98366.2854
2022-23,34,Puducherry,2022-09,2022-09-01,1127.0,48474.0,1925.7564000000002,2025.0,122473.0,4558.4104,5927.0,132530.0,3908.0844
2022-23,35,ANDAMAN AND NICOBAR,2022-09,2022-09-01,53.0,1760.0,28.3573,93.0,421.0,49.5717,1137.0,14098.0,288.0389
2022-23,36,Telangana,2022-09,2022-09-01,45311.0,2482904.0,44700.2441,33192.0,854402.0,34995.4864,69096.0,1462652.0,49381.252
2022-23,37,Andhra Pradesh,2022-09,2022-09-01,35260.0,1994584.0,35566.8497,22268.0,507581.0,42908.122,74684.0,1043448.0,41943.1821
2022-23,38,Ladakh,2022-09,2022-09-01,102.0,1642.0,35.9856,71.0,371.0,28.1691,1527.0,17512.0,575.0414
2022-23,97,Other Territory,2022-09,2022-09-01,7.0,112.0,611.2976,33.0,2658.0,759.9083999999999,380.0,9808.0,2612.3321
2022-23,01,Jammu and Kashmir,2022-08,2022-08-01,6659.0,240884.0,4062.6841,3617.0,44896.0,3451.8131,19550.0,207941.0,6972.2462
2022-23,02,Himachal Pradesh,2022-08,2022-08-01,8842.0,310101.0,6746.2439,5607.0,288359.0,13450.2401,22578.0,349331.0,11722.495700000001
2022-23,03,Punjab,2022-08,2022-08-01,67681.0,1948329.0,49314.8712,51268.0,1070023.0,33967.3254,71147.0,1016253.0,35516.8691
2022-23,04,Chandigarh,2022-08,2022-08-01,2281.0,28425.0,462.45459999999997,5228.0,89155.0,1837.0230999999999,8728.0,138902.0,3014.8554
2022-23,05,Uttarakhand,2022-08,2022-08-01,13427.0,678127.0,11413.827800000001,9205.0,390823.0,20778.4391,27204.0,522135.0,16839.9964
2022-23,06,Haryana,2022-08,2022-08-01,73812.0,3237646.0,61821.466799999995,65850.0,3667154.0,84568.6251,103891.0,2206970.0,86070.9492
2022-23,07,Delhi,2022-08,2022-08-01,72080.0,1131368.0,36155.597200000004,128128.0,1900201.0,48764.422699999996,130014.0,1976815.0,58254.5342
2022-23,08,Rajasthan,2022-08,2022-08-01,57969.0,1485553.0,38149.5377,51551.0,1405270.0,42696.17860000001,98099.0,1384372.0,53660.698300000004
2022-23,09,Uttar Pradesh,2022-08,2022-08-01,126130.0,3901351.0,84679.19210000001,86960.0,1769146.0,74067.1742,186453.0,2499604.0,94609.8107
2022-23,10,Bihar,2022-08,2022-08-01,8880.0,574181.0,11140.2199,8207.0,94600.0,3710.0705,56449.0,724610.0,19505.811
2022-23,11,Sikkim,2022-08,2022-08-01,154.0,10274.0,227.92430000000002,195.0,7618.0,3295.2171000000003,1952.0,38910.0,1175.5955999999999
2022-23,12,Arunachal Pradesh,2022-08,2022-08-01,229.0,3763.0,89.41969999999999,232.0,1955.0,103.2604,3422.0,39492.0,785.2507
2022-23,13,Nagaland,2022-08,2022-08-01,162.0,2007.0,73.6342,324.0,4956.0,170.4816,2657.0,39330.0,649.5897
2022-23,14,Manipur,2022-08,2022-08-01,136.0,4742.0,116.9066,171.0,1129.0,45.3543,2958.0,47147.0,972.2437
2022-23,15,Mizoram,2022-08,2022-08-01,49.0,1992.0,29.708000000000002,92.0,494.0,38.745599999999996,2090.0,31773.0,534.8503
2022-23,16,Tripura,2022-08,2022-08-01,1536.0,41208.0,784.0928,502.0,3522.0,326.7716,4869.0,50014.0,1119.7014
2022-23,17,Meghalaya,2022-08,2022-08-01,417.0,17133.0,353.0836,486.0,33368.0,794.0255999999999,3807.0,51288.0,1192.4208
2022-23,18,Assam,2022-08,2022-08-01,13449.0,548176.0,10592.3771,10597.0,230153.0,8263.8851,28491.0,410488.0,12988.2716
2022-23,19,West Bengal,2022-08,2022-08-01,48794.0,2207127.0,57460.241799999996,43584.0,969876.0,43615.6291,68346.0,1341476.0,53353.9802
2022-23,20,Jharkhand,2022-08,2022-08-01,9711.0,542602.0,13928.743999999999,7539.0,221237.0,17815.7727,27208.0,439832.0,18040.6352
2022-23,21,Odisha,2022-08,2022-08-01,15968.0,901429.0,21463.098700000002,6782.0,243810.0,31714.1334,33264.0,430525.0,21245.368700000003
2022-23,22,Chhattisgarh,2022-08,2022-08-01,5840.0,254585.0,8835.5724,8146.0,162868.0,15875.3577,24728.0,418513.0,17344.389
2022-23,23,Madhya Pradesh,2022-08,2022-08-01,22921.0,841585.0,17058.4214,21181.0,492298.0,24655.0262,70795.0,894219.0,32116.8177
2022-23,24,Gujarat,2022-08,2022-08-01,152826.0,4417096.0,128887.12759999999,136034.0,4203315.0,138013.9498,139443.0,1912493.0,112756.91789999999
2022-23,25,Daman and Diu,2022-08,2022-08-01,0.0,0.0,0.0,1.0,1.0,0.0077,19.0,51.0,1.4328999999999998
2022-23,26,Dadra and Nagar Haveli,2022-08,2022-08-01,2945.0,128203.0,5350.626,3823.0,453593.0,18706.5494,5387.0,187808.0,15469.5648
2022-23,27,Maharashtra,2022-08,2022-08-01,147484.0,7929184.0,183933.07390000002,116269.0,4350992.0,158221.0175,206502.0,3175694.0,159329.4288
2022-23,29,Karnataka,2022-08,2022-08-01,107385.0,4868747.0,87676.8994,54328.0,2185853.0,67532.6287,118259.0,2095236.0,82228.1824
2022-23,30,Goa,2022-08,2022-08-01,1923.0,102546.0,1938.2444,1713.0,68896.0,5654.4539,7895.0,125128.0,4685.193
2022-23,31,Lakshadweep,2022-08,2022-08-01,0.0,0.0,0.0,0.0,0.0,0.0,35.0,273.0,4.1612
2022-23,32,Kerala,2022-08,2022-08-01,46499.0,1991134.0,28794.487599999997,16797.0,185319.0,9295.3887,60291.0,867211.0,23260.016099999997
2022-23,33,Tamil Nadu,2022-08,2022-08-01,103815.0,5561871.0,111428.07269999999,74620.0,2507733.0,92953.7114,120327.0,2253200.0,93238.373
2022-23,34,Puducherry,2022-08,2022-08-01,1117.0,46089.0,1921.9233,1992.0,117096.0,3949.1663,5790.0,121392.0,3667.236
2022-23,35,ANDAMAN AND NICOBAR,2022-08,2022-08-01,53.0,1965.0,40.0969,86.0,383.0,45.8591,1118.0,12363.0,275.4992
2022-23,36,Telangana,2022-08,2022-08-01,44161.0,2422627.0,42059.176100000004,32472.0,793655.0,31617.8056,66350.0,1337275.0,47407.9587
2022-23,37,Andhra Pradesh,2022-08,2022-08-01,34287.0,1889150.0,33741.1918,21431.0,475111.0,41683.9386,73652.0,1004438.0,40983.324700000005
2022-23,38,Ladakh,2022-08,2022-08-01,95.0,2084.0,38.3604,62.0,363.0,17.057000000000002,1518.0,17592.0,450.26849999999996
2022-23,97,Other Territory,2022-08,2022-08-01,7.0,71.0,80.3417,27.0,2470.0,770.4228999999999,335.0,9841.0,2924.3955
2022-23,01,Jammu and Kashmir,2022-07,2022-07-01,6353.0,225502.0,3947.2827,3452.0,43406.0,3501.5209999999997,19522.0,203864.0,7209.3258
2022-23,02,Himachal Pradesh,2022-07,2022-07-01,8914.0,313043.0,6738.060699999999,5574.0,289426.0,13314.233799999998,22881.0,350892.0,11927.8457
2022-23,03,Punjab,2022-07,2022-07-01,64690.0,1828394.0,46133.3076,49017.0,966856.0,32798.372,69406.0,941604.0,34216.6579
2022-23,04,Chandigarh,2022-07,2022-07-01,2302.0,28244.0,438.5373,5096.0,89470.0,1795.3716,8622.0,131743.0,2887.657
2022-23,05,Uttarakhand,2022-07,2022-07-01,13094.0,638871.0,10968.8423,8702.0,354772.0,18628.551,26041.0,503237.0,16390.808100000002
2022-23,06,Haryana,2022-07,2022-07-01,72404.0,3269765.0,62139.86059999999,64995.0,3593723.0,83746.8375,102388.0,2218882.0,81181.50200000001
2022-23,07,Delhi,2022-07,2022-07-01,70769.0,1098207.0,35024.5648,125806.0,1794377.0,47596.2534,127570.0,1806209.0,55386.2509
2022-23,08,Rajasthan,2022-07,2022-07-01,58155.0,1493407.0,37487.6755,51582.0,1338710.0,42314.46599999999,98576.0,1356256.0,51575.2886
2022-23,09,Uttar Pradesh,2022-07,2022-07-01,123376.0,3855972.0,81454.9617,83788.0,1648951.0,70530.4331,183651.0,2446790.0,88816.6673
2022-23,10,Bihar,2022-07,2022-07-01,8699.0,583417.0,11404.791000000001,8291.0,95434.0,3595.6512,54324.0,586077.0,18687.1047
2022-23,11,Sikkim,2022-07,2022-07-01,150.0,9772.0,238.0357,188.0,7219.0,3164.6702,1877.0,36025.0,1184.7085
2022-23,12,Arunachal Pradesh,2022-07,2022-07-01,209.0,3423.0,62.312,230.0,1594.0,90.7993,3340.0,38876.0,784.6475999999999
2022-23,13,Nagaland,2022-07,2022-07-01,149.0,1781.0,72.95020000000001,294.0,4553.0,159.7262,2631.0,38018.0,594.8178
2022-23,14,Manipur,2022-07,2022-07-01,120.0,4094.0,115.05239999999999,146.0,1137.0,43.6166,2918.0,46191.0,866.4924000000001
2022-23,15,Mizoram,2022-07,2022-07-01,49.0,1066.0,20.9967,92.0,507.0,39.2205,2085.0,32445.0,558.9536
2022-23,16,Tripura,2022-07,2022-07-01,1497.0,36373.0,747.0714999999999,487.0,3104.0,288.4257,4365.0,43148.0,1063.2478999999998
2022-23,17,Meghalaya,2022-07,2022-07-01,435.0,15646.0,347.5833,470.0,30103.0,714.4634,3671.0,47150.0,1080.1893
2022-23,18,Assam,2022-07,2022-07-01,13091.0,520286.0,9763.1289,10519.0,226571.0,7608.8166,25504.0,333204.0,11183.8179
2022-23,19,West Bengal,2022-07,2022-07-01,46689.0,2102146.0,54879.7175,41707.0,871268.0,42744.208399999996,66280.0,1195947.0,49226.71599999999
2022-23,20,Jharkhand,2022-07,2022-07-01,9644.0,573416.0,14400.4784,7505.0,222986.0,18088.5774,26909.0,385642.0,18054.5382
2022-23,21,Odisha,2022-07,2022-07-01,15910.0,926861.0,22639.601899999998,6906.0,231657.0,30029.7928,32571.0,404499.0,21399.7555
2022-23,22,Chhattisgarh,2022-07,2022-07-01,5995.0,263003.0,8835.627700000001,8018.0,167476.0,16637.525,24921.0,400326.0,17151.591200000003
2022-23,23,Madhya Pradesh,2022-07,2022-07-01,22742.0,905058.0,18272.4826,21348.0,477096.0,24965.6482,71739.0,944410.0,32703.4817
2022-23,24,Gujarat,2022-07,2022-07-01,153736.0,4419092.0,132996.9423,135601.0,3914087.0,137222.2892,138973.0,1936831.0,110200.86349999999
2022-23,25,Daman and Diu,2022-07,2022-07-01,0.0,0.0,0.0,2.0,4.0,0.0415,22.0,56.0,1.7368999999999999
2022-23,26,Dadra and Nagar Haveli,2022-07,2022-07-01,2905.0,124950.0,5304.376700000001,3788.0,430258.0,18299.5241,5299.0,184400.0,15676.6607
2022-23,27,Maharashtra,2022-07,2022-07-01,144297.0,7619951.0,176753.2336,114760.0,4265113.0,151928.8095,201163.0,2983960.0,157795.7462
2022-23,29,Karnataka,2022-07,2022-07-01,106793.0,4800178.0,85213.36480000001,53944.0,2199936.0,67544.2604,116963.0,2058711.0,81951.2923
2022-23,30,Goa,2022-07,2022-07-01,1863.0,90369.0,1794.7298999999998,1678.0,67400.0,5596.6622,7410.0,121168.0,7098.5514
2022-23,31,Lakshadweep,2022-07,2022-07-01,0.0,0.0,0.0,1.0,3.0,0.050300000000000004,40.0,270.0,7.223400000000001
2022-23,32,Kerala,2022-07,2022-07-01,44362.0,1689973.0,24679.4306,16096.0,183290.0,8725.4661,56900.0,802572.0,21579.9787
2022-23,33,Tamil Nadu,2022-07,2022-07-01,101192.0,5458408.0,109161.1615,73806.0,2452850.0,94118.67289999999,119483.0,2198250.0,91287.0473
2022-23,34,Puducherry,2022-07,2022-07-01,1086.0,46007.0,1949.0409,2009.0,117125.0,4138.6082,5713.0,119897.0,3803.3271999999997
2022-23,35,ANDAMAN AND NICOBAR,2022-07,2022-07-01,55.0,1974.0,35.248200000000004,74.0,422.0,44.0358,1053.0,11060.0,257.7652
2022-23,36,Telangana,2022-07,2022-07-01,43685.0,2303623.0,41435.033599999995,32376.0,789810.0,32113.807099999998,65387.0,1322391.0,47505.1564
2022-23,37,Andhra Pradesh,2022-07,2022-07-01,34734.0,1824267.0,33423.9444,21419.0,476914.0,42421.0111,73859.0,1032669.0,41719.3957
2022-23,38,Ladakh,2022-07,2022-07-01,88.0,2130.0,48.448299999999996,54.0,349.0,16.8271,1532.0,18047.0,519.6127
2022-23,97,Other Territory,2022-07,2022-07-01,7.0,86.0,68.729,31.0,2394.0,738.8807,292.0,10483.0,2472.7083
2022-23,01,Jammu and Kashmir,2022-06,2022-06-01,6352.0,232953.0,3962.6738,3629.0,45425.0,3477.4832,20144.0,207648.0,7144.5118
2022-23,02,Himachal Pradesh,2022-06,2022-06-01,8990.0,320030.0,7014.3575,5590.0,300755.0,13433.9282,23219.0,342418.0,11962.9732
2022-23,03,Punjab,2022-06,2022-06-01,64219.0,1777358.0,44678.784100000004,48298.0,919284.0,32488.8063,68713.0,909756.0,33880.892
2022-23,04,Chandigarh,2022-06,2022-06-01,2239.0,28718.0,406.24940000000004,5064.0,88872.0,1734.2741,8489.0,127395.0,2907.3248
2022-23,05,Uttarakhand,2022-06,2022-06-01,13195.0,667743.0,12210.735,9081.0,377557.0,20583.9165,26902.0,526865.0,17424.3197
2022-23,06,Haryana,2022-06,2022-06-01,72210.0,3102200.0,60222.3361,64524.0,3485810.0,81770.25349999999,102595.0,2076045.0,78700.5613
2022-23,07,Delhi,2022-06,2022-06-01,70011.0,1045889.0,35355.8052,125376.0,1700999.0,46112.5226,125771.0,1804536.0,54107.98360000001
2022-23,08,Rajasthan,2022-06,2022-06-01,59313.0,1519358.0,39723.068999999996,52119.0,1348932.0,43967.694,100031.0,1341753.0,54052.9404
2022-23,09,Uttar Pradesh,2022-06,2022-06-01,125470.0,3930106.0,84779.5107,85312.0,1659844.0,69388.9853,186844.0,2364650.0,87884.9673
2022-23,10,Bihar,2022-06,2022-06-01,8619.0,576998.0,11722.832900000001,8230.0,95512.0,3712.743,55488.0,584322.0,18511.548899999998
2022-23,11,Sikkim,2022-06,2022-06-01,137.0,9362.0,223.99349999999998,182.0,6497.0,3039.941,1867.0,35333.0,1169.3187
2022-23,12,Arunachal Pradesh,2022-06,2022-06-01,220.0,3420.0,67.7162,247.0,1682.0,103.82,3335.0,37969.0,731.7091
2022-23,13,Nagaland,2022-06,2022-06-01,142.0,1725.0,58.2615,308.0,5158.0,174.0323,2622.0,35267.0,601.8264
2022-23,14,Manipur,2022-06,2022-06-01,119.0,4067.0,108.2397,150.0,1192.0,45.795100000000005,2910.0,42574.0,861.3746000000001
2022-23,15,Mizoram,2022-06,2022-06-01,42.0,938.0,17.9827,84.0,353.0,31.3252,1956.0,25095.0,479.3764
2022-23,16,Tripura,2022-06,2022-06-01,1476.0,32181.0,729.6005,447.0,2843.0,275.1726,4084.0,33968.0,788.128
2022-23,17,Meghalaya,2022-06,2022-06-01,387.0,13825.0,294.96139999999997,455.0,25912.0,658.5678999999999,3599.0,44980.0,997.7818
2022-23,18,Assam,2022-06,2022-06-01,12763.0,463678.0,8755.2814,10361.0,210469.0,7138.9164,25378.0,308588.0,10957.917800000001
2022-23,19,West Bengal,2022-06,2022-06-01,47062.0,2032204.0,53431.0675,41741.0,838209.0,41124.1855,65097.0,1095565.0,46653.9312
2022-23,20,Jharkhand,2022-06,2022-06-01,9755.0,555097.0,14188.018799999998,7974.0,226581.0,17059.6377,26485.0,373924.0,18018.56
2022-23,21,Odisha,2022-06,2022-06-01,15901.0,926107.0,22384.1632,6845.0,216745.0,30745.9762,33160.0,412504.0,23064.783900000002
2022-23,22,Chhattisgarh,2022-06,2022-06-01,5907.0,282986.0,9290.3089,8186.0,177148.0,17483.7727,24838.0,367325.0,16818.2751
2022-23,23,Madhya Pradesh,2022-06,2022-06-01,23596.0,924369.0,19970.1339,21294.0,482090.0,25710.2738,72155.0,889409.0,33837.0792
2022-23,24,Gujarat,2022-06,2022-06-01,155393.0,4443763.0,136856.2223,136455.0,3637812.0,137807.3731,139636.0,1878076.0,105906.3364
2022-23,25,Daman and Diu,2022-06,2022-06-01,0.0,0.0,0.0,3.0,8.0,0.1726,19.0,72.0,1.8143
2022-23,26,Dadra and Nagar Haveli,2022-06,2022-06-01,2936.0,124408.0,5443.1427,3870.0,437265.0,19464.7317,5438.0,188667.0,16559.9824
2022-23,27,Maharashtra,2022-06,2022-06-01,144639.0,7700017.0,182776.8948,114972.0,4055413.0,154513.854,203272.0,2933921.0,156795.23679999998
2022-23,29,Karnataka,2022-06,2022-06-01,106112.0,4689991.0,86209.0392,53724.0,2063788.0,67770.6402,116578.0,1947031.0,79292.803
2022-23,30,Goa,2022-06,2022-06-01,1843.0,96130.0,1749.7495999999999,1719.0,71356.0,5633.528,7572.0,120765.0,6268.405600000001
2022-23,31,Lakshadweep,2022-06,2022-06-01,0.0,0.0,0.0,4.0,4.0,0.3337,43.0,419.0,5.8866
2022-23,32,Kerala,2022-06,2022-06-01,44509.0,1765617.0,24745.678,16363.0,190689.0,9461.7443,57270.0,742250.0,20704.7603
2022-23,33,Tamil Nadu,2022-06,2022-06-01,98380.0,5221074.0,105818.2005,72233.0,2361696.0,91015.9499,118388.0,2145873.0,89243.7697
2022-23,34,Puducherry,2022-06,2022-06-01,1096.0,45863.0,2075.3847,1950.0,116197.0,4192.5373,5620.0,115465.0,3723.4503000000004
2022-23,35,ANDAMAN AND NICOBAR,2022-06,2022-06-01,46.0,1813.0,32.3899,79.0,272.0,35.1429,1078.0,10870.0,232.2439
2022-23,36,Telangana,2022-06,2022-06-01,44359.0,2286886.0,42460.032,32663.0,773906.0,33680.9726,64402.0,1233920.0,50408.47519999999
2022-23,37,Andhra Pradesh,2022-06,2022-06-01,34450.0,1753337.0,33275.8523,21340.0,467792.0,45340.013399999996,71422.0,966011.0,39979.8535
2022-23,38,Ladakh,2022-06,2022-06-01,76.0,1818.0,38.3894,53.0,381.0,16.6299,1598.0,19496.0,569.5768
2022-23,97,Other Territory,2022-06,2022-06-01,6.0,50.0,8.0357,35.0,2384.0,732.8485000000001,286.0,10687.0,2358.5018
2022-23,01,Jammu and Kashmir,2022-05,2022-05-01,6224.0,225682.0,3876.1512,3564.0,45628.0,3444.6608,20000.0,220593.0,7177.0455
2022-23,02,Himachal Pradesh,2022-05,2022-05-01,8825.0,311443.0,6979.0441,5572.0,298063.0,13163.5079,23456.0,341318.0,12249.3901
2022-23,03,Punjab,2022-05,2022-05-01,65841.0,1779499.0,46704.957800000004,48638.0,919344.0,32550.6479,70616.0,932301.0,34467.6714
2022-23,04,Chandigarh,2022-05,2022-05-01,2216.0,26527.0,412.6575,5100.0,87495.0,1761.0634,8446.0,128791.0,2799.9487
2022-23,05,Uttarakhand,2022-05,2022-05-01,13236.0,652420.0,12101.5144,9061.0,366348.0,20407.248799999998,27040.0,518118.0,17292.4844
2022-23,06,Haryana,2022-05,2022-05-01,72953.0,3100061.0,60763.322199999995,64806.0,3498558.0,82521.6262,102998.0,1993915.0,78241.8962
2022-23,07,Delhi,2022-05,2022-05-01,69465.0,1018751.0,35380.5905,125540.0,1660969.0,46364.687699999995,125160.0,1829910.0,55197.7651
2022-23,08,Rajasthan,2022-05,2022-05-01,60247.0,1473130.0,40815.426400000004,52452.0,1398642.0,45636.2388,100805.0,1357365.0,52365.13190000001
2022-23,09,Uttar Pradesh,2022-05,2022-05-01,125018.0,3959065.0,87311.6201,84206.0,1660675.0,69567.54950000001,193125.0,2536447.0,91368.365
2022-23,10,Bihar,2022-05,2022-05-01,8570.0,558495.0,11711.9767,7852.0,92141.0,3765.946,60323.0,782090.0,19635.9683
2022-23,11,Sikkim,2022-05,2022-05-01,143.0,8317.0,198.03029999999998,172.0,6253.0,3021.5325,1915.0,36786.0,1112.4223
2022-23,12,Arunachal Pradesh,2022-05,2022-05-01,200.0,3175.0,68.68220000000001,242.0,1663.0,103.86040000000001,3465.0,38589.0,757.5285
2022-23,13,Nagaland,2022-05,2022-05-01,143.0,1906.0,66.3052,294.0,5604.0,178.5257,2678.0,34355.0,593.6254
2022-23,14,Manipur,2022-05,2022-05-01,112.0,4212.0,112.4896,148.0,1216.0,91.17,2912.0,41351.0,875.4022
2022-23,15,Mizoram,2022-05,2022-05-01,47.0,1562.0,30.9118,89.0,354.0,46.2927,2070.0,29182.0,563.4182
2022-23,16,Tripura,2022-05,2022-05-01,1487.0,35220.0,715.9267,466.0,2884.0,283.0575,4350.0,38336.0,949.082
2022-23,17,Meghalaya,2022-05,2022-05-01,404.0,16447.0,324.29110000000003,632.0,34045.0,825.3216,3698.0,47730.0,1080.3913
2022-23,18,Assam,2022-05,2022-05-01,13009.0,498810.0,9155.3419,10485.0,214065.0,6912.403499999999,25954.0,327690.0,11350.668
2022-23,19,West Bengal,2022-05,2022-05-01,46355.0,2005292.0,54379.8105,41216.0,848040.0,41160.9048,65371.0,1125746.0,50321.215599999996
2022-23,20,Jharkhand,2022-05,2022-05-01,9969.0,582957.0,14386.9346,8375.0,240678.0,17737.963600000003,26989.0,431288.0,18581.6246
2022-23,21,Odisha,2022-05,2022-05-01,16157.0,986697.0,24402.880699999998,6814.0,269247.0,33614.1339,34323.0,464407.0,22984.475499999997
2022-23,22,Chhattisgarh,2022-05,2022-05-01,5985.0,278420.0,10065.892,8174.0,181382.0,19544.2716,24599.0,371509.0,17405.262600000002
2022-23,23,Madhya Pradesh,2022-05,2022-05-01,24080.0,863040.0,19360.2175,21276.0,475951.0,25548.320099999997,72819.0,912102.0,33681.7167
2022-23,24,Gujarat,2022-05,2022-05-01,152872.0,4296793.0,137383.8523,135338.0,3928498.0,139276.8289,136753.0,1821579.0,96605.8985
2022-23,25,Daman and Diu,2022-05,2022-05-01,0.0,0.0,0.0,5.0,9.0,0.15,15.0,49.0,0.9451999999999999
2022-23,26,Dadra and Nagar Haveli,2022-05,2022-05-01,2931.0,123369.0,5571.3874,3794.0,432542.0,19138.5823,5319.0,184176.0,15546.832
2022-23,27,Maharashtra,2022-05,2022-05-01,142320.0,7420054.0,182979.26789999998,113872.0,3999804.0,152888.5307,201907.0,2924374.0,147708.4949
2022-23,29,Karnataka,2022-05,2022-05-01,103517.0,4459872.0,81838.9811,52293.0,2009990.0,66019.7084,114283.0,1873862.0,77281.2275
2022-23,30,Goa,2022-05,2022-05-01,1850.0,99950.0,1898.8973999999998,1694.0,70210.0,5423.6004,7725.0,122034.0,4990.3692
2022-23,31,Lakshadweep,2022-05,2022-05-01,0.0,0.0,0.0,2.0,2.0,0.3251,49.0,331.0,5.9091
2022-23,32,Kerala,2022-05,2022-05-01,43887.0,1732551.0,24233.372400000004,15782.0,184700.0,9423.935,56031.0,697520.0,19354.0985
2022-23,33,Tamil Nadu,2022-05,2022-05-01,97143.0,5116362.0,103617.6741,72404.0,2322561.0,88739.36550000001,115620.0,2003208.0,89594.5081
2022-23,34,Puducherry,2022-05,2022-05-01,1102.0,46155.0,1985.9893,1966.0,118643.0,3934.5375,5548.0,113810.0,3654.4817
2022-23,35,ANDAMAN AND NICOBAR,2022-05,2022-05-01,42.0,1816.0,38.672399999999996,89.0,331.0,52.1171,1041.0,10446.0,248.268
2022-23,36,Telangana,2022-05,2022-05-01,44468.0,2219750.0,40529.6515,32225.0,757028.0,32142.7859,63222.0,1196746.0,45696.4055
2022-23,37,Andhra Pradesh,2022-05,2022-05-01,34549.0,1651520.0,30802.526400000002,21349.0,455479.0,40535.7393,69753.0,939960.0,38491.6795
2022-23,38,Ladakh,2022-05,2022-05-01,76.0,1918.0,33.6644,49.0,310.0,12.218599999999999,1657.0,18938.0,504.6561
2022-23,97,Other Territory,2022-05,2022-05-01,7.0,48.0,9.3474,31.0,2276.0,1100.3005,279.0,10292.0,2081.0963
2022-23,01,Jammu and Kashmir,2022-04,2022-04-01,6243.0,230962.0,4078.8257,3434.0,43614.0,2991.8137,20576.0,239641.0,7350.5569
2022-23,02,Himachal Pradesh,2022-04,2022-04-01,9043.0,305914.0,6864.471500000001,5610.0,277976.0,12718.6368,24345.0,340930.0,11868.864599999999
2022-23,03,Punjab,2022-04,2022-04-01,66623.0,1797788.0,48479.5016,49077.0,964284.0,33127.9378,71745.0,983183.0,34892.3682
2022-23,04,Chandigarh,2022-04,2022-04-01,2237.0,29182.0,435.9946,5104.0,90888.0,1796.2249,8642.0,131857.0,3033.3621999999996
2022-23,05,Uttarakhand,2022-04,2022-04-01,13194.0,646245.0,11862.1279,9003.0,354217.0,19441.4057,27796.0,513652.0,17164.0123
2022-23,06,Haryana,2022-04,2022-04-01,72836.0,2960085.0,61097.3809,64660.0,3412979.0,82830.7963,104728.0,2068805.0,79455.3995
2022-23,07,Delhi,2022-04,2022-04-01,69940.0,1048493.0,37051.662599999996,127435.0,1817776.0,49881.2517,127556.0,1969519.0,55815.007300000005
2022-23,08,Rajasthan,2022-04,2022-04-01,62843.0,1559718.0,46856.39980000001,52851.0,1466862.0,47425.92860000001,105396.0,1500031.0,58808.0351
2022-23,09,Uttar Pradesh,2022-04,2022-04-01,126569.0,4076488.0,91780.0972,85422.0,1755417.0,73025.2957,199390.0,2938647.0,95913.2793
2022-23,10,Bihar,2022-04,2022-04-01,8598.0,536100.0,11597.783500000001,7938.0,95356.0,3631.3179999999998,63318.0,967926.0,20480.0038
2022-23,11,Sikkim,2022-04,2022-04-01,145.0,7351.0,174.9332,183.0,6412.0,3002.8941999999997,1981.0,35575.0,1111.2563
2022-23,12,Arunachal Pradesh,2022-04,2022-04-01,196.0,3479.0,81.39609999999999,239.0,1820.0,124.4368,3481.0,37574.0,761.4402
2022-23,13,Nagaland,2022-04,2022-04-01,141.0,2887.0,80.0954,313.0,7136.0,215.5185,2680.0,34341.0,654.6518
2022-23,14,Manipur,2022-04,2022-04-01,108.0,5645.0,120.0857,151.0,903.0,55.0005,2975.0,43640.0,980.4614
2022-23,15,Mizoram,2022-04,2022-04-01,58.0,1556.0,28.9194,77.0,399.0,20.1177,2082.0,29245.0,568.7878
2022-23,16,Tripura,2022-04,2022-04-01,1482.0,37524.0,742.9205999999999,448.0,3103.0,351.1243,4519.0,41198.0,1098.1453
2022-23,17,Meghalaya,2022-04,2022-04-01,421.0,16467.0,368.033,506.0,37930.0,991.3038,3846.0,48254.0,1175.8108
2022-23,18,Assam,2022-04,2022-04-01,13119.0,519675.0,9892.1052,10675.0,215026.0,7209.171700000001,27067.0,364675.0,11932.6386
2022-23,19,West Bengal,2022-04,2022-04-01,46585.0,2058899.0,56570.72519999999,42285.0,955818.0,43046.096900000004,67164.0,1216525.0,49136.1764
2022-23,20,Jharkhand,2022-04,2022-04-01,9903.0,579175.0,14706.6445,8095.0,234315.0,17808.1948,28147.0,494174.0,18741.0103
2022-23,21,Odisha,2022-04,2022-04-01,16052.0,995326.0,24008.7416,6761.0,284827.0,33291.2011,34404.0,471516.0,22455.040800000002
2022-23,22,Chhattisgarh,2022-04,2022-04-01,5996.0,275290.0,10345.9571,8279.0,177399.0,19599.7595,25408.0,440128.0,17704.6442
2022-23,23,Madhya Pradesh,2022-04,2022-04-01,24914.0,878721.0,20148.618899999998,21682.0,481724.0,27089.1486,75809.0,1065638.0,35803.5418
2022-23,24,Gujarat,2022-04,2022-04-01,155527.0,4383647.0,144918.3399,138747.0,5173598.0,141320.8276,138273.0,1826994.0,99046.026
2022-23,25,Daman and Diu,2022-04,2022-04-01,0.0,0.0,0.0,3.0,8.0,0.09759999999999999,16.0,53.0,0.9621
2022-23,26,Dadra and Nagar Haveli,2022-04,2022-04-01,2879.0,118868.0,5211.3851,3869.0,420871.0,18554.5796,5451.0,180840.0,15245.133600000001
2022-23,27,Maharashtra,2022-04,2022-04-01,143974.0,7089250.0,180900.0613,115497.0,4195968.0,152442.2812,204610.0,3011480.0,146059.4467
2022-23,29,Karnataka,2022-04,2022-04-01,103887.0,4371812.0,81717.1077,52679.0,2023157.0,69084.2466,116008.0,1946455.0,73161.1551
2022-23,30,Goa,2022-04,2022-04-01,1875.0,100661.0,1888.1857,1671.0,65518.0,5155.6602,7831.0,118470.0,5311.9573
2022-23,31,Lakshadweep,2022-04,2022-04-01,1.0,1.0,0.12,3.0,3.0,0.3583,56.0,510.0,8.859
2022-23,32,Kerala,2022-04,2022-04-01,44222.0,1756204.0,25597.0853,15729.0,184275.0,9319.8333,57461.0,725396.0,21468.5849
2022-23,33,Tamil Nadu,2022-04,2022-04-01,95928.0,4982317.0,102825.9586,72568.0,2305090.0,87888.4776,116165.0,2024765.0,86651.42880000001
2022-23,34,Puducherry,2022-04,2022-04-01,1081.0,42339.0,1549.3344,1901.0,112602.0,3753.2785999999996,5578.0,111564.0,3535.042
2022-23,35,ANDAMAN AND NICOBAR,2022-04,2022-04-01,38.0,2092.0,35.1013,84.0,358.0,56.5709,1053.0,11367.0,259.8433
2022-23,36,Telangana,2022-04,2022-04-01,44436.0,2241829.0,40687.9107,32638.0,745095.0,32832.205,63628.0,1298119.0,43815.1266
2022-23,37,Andhra Pradesh,2022-04,2022-04-01,34979.0,1716411.0,32352.962000000003,21637.0,459583.0,76456.80219999999,71353.0,976365.0,39179.5159
2022-23,38,Ladakh,2022-04,2022-04-01,63.0,972.0,28.1987,40.0,216.0,8.9213,1476.0,12785.0,358.2713
2022-23,97,Other Territory,2022-04,2022-04-01,6.0,40.0,9.7952,36.0,2066.0,528.2345,248.0,9957.0,1896.5976999999998
2023-24,01,Jammu and Kashmir,2024-03,2024-03-01,9667.0,328251.0,6175.299599999999,3768.0,43393.0,3349.5103000000004,23024.0,271509.0,8790.6563
2023-24,02,Himachal Pradesh,2024-03,2024-03-01,10621.0,343028.0,7356.5088,6719.0,336529.0,14806.125800000002,26033.0,374337.0,12425.565700000001
2023-24,03,Punjab,2024-03,2024-03-01,84639.0,2448306.0,60498.0763,56235.0,1208362.0,40520.7052,80623.0,1169774.0,40771.200899999996
2023-24,04,Chandigarh,2024-03,2024-03-01,2853.0,32629.0,700.6942,5650.0,100918.0,2341.2911,9606.0,181160.0,3913.4835
2023-24,05,Uttarakhand,2024-03,2024-03-01,16931.0,801627.0,15221.5551,11087.0,443024.0,24228.799300000002,32526.0,610342.0,19322.0589
2023-24,06,Haryana,2024-03,2024-03-01,92335.0,4484276.0,79495.538,77226.0,5925605.0,110153.0003,121184.0,2571390.0,102477.1496
2023-24,07,Delhi,2024-03,2024-03-01,86211.0,1372559.0,51085.8621,140949.0,2079005.0,60919.42110000001,145888.0,3417814.0,71211.829
2023-24,08,Rajasthan,2024-03,2024-03-01,75298.0,2008229.0,56200.6738,61458.0,1680927.0,54640.205700000006,114917.0,1611890.0,69090.9428
2023-24,09,Uttar Pradesh,2024-03,2024-03-01,162401.0,6357886.0,112989.2784,103702.0,2188705.0,87256.5773,229093.0,3651751.0,112819.1534
2023-24,10,Bihar,2024-03,2024-03-01,15040.0,880411.0,16979.7036,11236.0,134387.0,4968.7021,70538.0,932428.0,24174.938700000002
2023-24,11,Sikkim,2024-03,2024-03-01,217.0,14058.0,332.6627,226.0,8074.0,3662.9152000000004,2541.0,47280.0,1185.0089
2023-24,12,Arunachal Pradesh,2024-03,2024-03-01,445.0,9409.0,221.6487,359.0,3524.0,154.0926,4402.0,50762.0,1170.3678
2023-24,13,Nagaland,2024-03,2024-03-01,260.0,5617.0,171.4822,427.0,6136.0,213.5376,2958.0,37092.0,783.0253
2023-24,14,Manipur,2024-03,2024-03-01,212.0,5334.0,185.4898,236.0,3427.0,269.3445,2988.0,40094.0,1025.0575
2023-24,15,Mizoram,2024-03,2024-03-01,82.0,2797.0,43.6163,141.0,1552.0,38.7331,2241.0,32248.0,653.1095
2023-24,16,Tripura,2024-03,2024-03-01,2306.0,61718.0,1391.0267000000001,686.0,4417.0,489.2015,5385.0,52853.0,1427.8248
2023-24,17,Meghalaya,2024-03,2024-03-01,652.0,27446.0,669.1969,723.0,44369.0,900.408,4389.0,59134.0,1718.8378
2023-24,18,Assam,2024-03,2024-03-01,17240.0,719471.0,14371.3128,12619.0,251614.0,9107.7111,31734.0,483352.0,16820.8277
2023-24,19,West Bengal,2024-03,2024-03-01,65216.0,3336608.0,74035.1079,48615.0,1150487.0,51528.3209,76155.0,1311747.0,57882.1244
2023-24,20,Jharkhand,2024-03,2024-03-01,13355.0,733023.0,18729.4531,10486.0,299186.0,22039.3731,32606.0,534581.0,20256.148100000002
2023-24,21,Odisha,2024-03,2024-03-01,22128.0,1440894.0,32217.030499999997,9161.0,418425.0,35702.2696,41142.0,576250.0,29243.800499999998
2023-24,22,Chhattisgarh,2024-03,2024-03-01,9767.0,457486.0,14881.8361,10424.0,253537.0,23039.2205,28840.0,565544.0,21868.5122
2023-24,23,Madhya Pradesh,2024-03,2024-03-01,31862.0,1188207.0,27698.0819,26129.0,647214.0,32613.1414,85653.0,1182755.0,42974.3237
2023-24,24,Gujarat,2024-03,2024-03-01,192227.0,6087946.0,175188.6821,154935.0,5250689.0,164583.8178,157472.0,2317900.0,119369.7937
2023-24,25,Daman and Diu,2024-03,2024-03-01,0.0,0.0,0.0,0.0,0.0,0.0,29.0,51.0,1.9658000000000002
2023-24,26,Dadra and Nagar Haveli,2024-03,2024-03-01,3218.0,137510.0,5773.2480000000005,4103.0,483708.0,21715.536,5924.0,209124.0,16361.004299999999
2023-24,27,Maharashtra,2024-03,2024-03-01,181738.0,10192415.0,242020.21370000002,131157.0,5149461.0,196207.087,234233.0,3832326.0,174186.1246
2023-24,29,Karnataka,2024-03,2024-03-01,129095.0,6954560.0,119879.93220000001,63777.0,2676254.0,92856.7926,135445.0,2645260.0,101168.3333
2023-24,30,Goa,2024-03,2024-03-01,2285.0,126773.0,2520.2878,2047.0,73893.0,6166.0204,8828.0,164987.0,5577.2282
2023-24,31,Lakshadweep,2024-03,2024-03-01,1.0,1.0,0.0005,2.0,2.0,0.0946,69.0,718.0,9.6762
2023-24,32,Kerala,2024-03,2024-03-01,49019.0,2036114.0,30582.177200000002,18966.0,244265.0,11176.659,62502.0,906809.0,24081.2485
2023-24,33,Tamil Nadu,2024-03,2024-03-01,144208.0,8068952.0,164226.0991,82907.0,2759956.0,113665.24630000001,134058.0,2685071.0,112379.0956
2023-24,34,Puducherry,2024-03,2024-03-01,1456.0,58354.0,2150.0395000000003,2365.0,136544.0,5067.6955,6538.0,141358.0,4212.6952
2023-24,35,ANDAMAN AND NICOBAR,2024-03,2024-03-01,122.0,3644.0,92.4111,128.0,386.0,46.7138,1258.0,13013.0,325.5578
2023-24,36,Telangana,2024-03,2024-03-01,57207.0,3267005.0,58088.5719,38230.0,995809.0,47899.2196,72856.0,1563800.0,52622.4258
2023-24,37,Andhra Pradesh,2024-03,2024-03-01,42021.0,2317279.0,40498.702900000004,25883.0,623615.0,46843.7666,77265.0,1130623.0,46388.919400000006
2023-24,38,Ladakh,2024-03,2024-03-01,135.0,1216.0,43.6856,33.0,78.0,4.9308,478.0,3171.0,124.6948
2023-24,97,Other Territory,2024-03,2024-03-01,7.0,76.0,17.7273,31.0,3598.0,611.293,246.0,15217.0,3167.3722
2023-24,01,Jammu and Kashmir,2024-02,2024-02-01,8572.0,257089.0,4527.5602,3309.0,38836.0,2762.7834999999995,20856.0,223368.0,7199.3786
2023-24,02,Himachal Pradesh,2024-02,2024-02-01,9815.0,314561.0,6784.3344,6279.0,314476.0,13530.1452,24246.0,346455.0,11523.433
2023-24,03,Punjab,2024-02,2024-02-01,79022.0,2240648.0,53385.684,53498.0,1093922.0,35792.377400000005,77384.0,1111656.0,36742.2664
2023-24,04,Chandigarh,2024-02,2024-02-01,2532.0,29645.0,556.6223,5368.0,92559.0,2005.9016000000001,9152.0,166474.0,3387.6169
2023-24,05,Uttarakhand,2024-02,2024-02-01,15759.0,753482.0,13732.9405,10559.0,421910.0,21452.373399999997,30687.0,593384.0,18162.0037
2023-24,06,Haryana,2024-02,2024-02-01,85927.0,4290782.0,72062.13889999999,73916.0,5252552.0,101621.9001,116698.0,2467914.0,93473.8908
2023-24,07,Delhi,2024-02,2024-02-01,80753.0,1241775.0,41545.2652,136579.0,1971680.0,54307.1934,141738.0,3124342.0,62390.2811
2023-24,08,Rajasthan,2024-02,2024-02-01,70088.0,1837682.0,48087.441,59424.0,1635292.0,51317.639299999995,115204.0,1603088.0,64630.33349999999
2023-24,09,Uttar Pradesh,2024-02,2024-02-01,155629.0,5932828.0,101890.2022,99920.0,2156285.0,78879.93980000001,223828.0,3408577.0,101867.8546
2023-24,10,Bihar,2024-02,2024-02-01,13686.0,779005.0,14279.2857,10802.0,126825.0,4705.7468,68572.0,881901.0,21691.0108
2023-24,11,Sikkim,2024-02,2024-02-01,199.0,12812.0,265.6381,240.0,7444.0,3137.0496999999996,2534.0,46969.0,1157.4981
2023-24,12,Arunachal Pradesh,2024-02,2024-02-01,372.0,6336.0,154.74620000000002,341.0,3215.0,131.1421,4014.0,43750.0,974.4485000000001
2023-24,13,Nagaland,2024-02,2024-02-01,246.0,4513.0,109.83049999999999,392.0,5431.0,163.4795,2883.0,40352.0,691.1310000000001
2023-24,14,Manipur,2024-02,2024-02-01,188.0,4336.0,141.7831,198.0,2347.0,192.64610000000002,2926.0,41652.0,835.1561999999999
2023-24,15,Mizoram,2024-02,2024-02-01,68.0,2129.0,33.9027,125.0,1325.0,33.1383,2208.0,35186.0,594.3739
2023-24,16,Tripura,2024-02,2024-02-01,2159.0,53948.0,1066.8548,610.0,3912.0,411.2407,5129.0,49688.0,1203.8139
2023-24,17,Meghalaya,2024-02,2024-02-01,609.0,25063.0,516.5033,658.0,44679.0,890.0758000000001,4192.0,55987.0,1537.2788
2023-24,18,Assam,2024-02,2024-02-01,16192.0,659426.0,12492.678600000001,11916.0,247200.0,7917.965,30254.0,444691.0,14580.862
2023-24,19,West Bengal,2024-02,2024-02-01,63890.0,3068798.0,66109.3146,48237.0,1166885.0,46633.825999999994,74959.0,1285048.0,53197.9604
2023-24,20,Jharkhand,2024-02,2024-02-01,12435.0,674699.0,16834.3144,9973.0,281103.0,19438.6816,31692.0,533353.0,18618.0379
2023-24,21,Odisha,2024-02,2024-02-01,21141.0,1401592.0,28982.989700000002,8709.0,400134.0,33546.7011,40570.0,569379.0,28200.8863
2023-24,22,Chhattisgarh,2024-02,2024-02-01,8991.0,425512.0,13426.669199999998,10259.0,243867.0,20806.6385,28925.0,571093.0,20040.2984
2023-24,23,Madhya Pradesh,2024-02,2024-02-01,30556.0,1101202.0,25061.222400000002,25565.0,625148.0,30689.0588,84859.0,1155553.0,40224.397000000004
2023-24,24,Gujarat,2024-02,2024-02-01,186146.0,5903986.0,165801.4152,153634.0,5126739.0,151592.5891,157651.0,2239137.0,112150.25660000001
2023-24,25,Daman and Diu,2024-02,2024-02-01,0.0,0.0,0.0,0.0,0.0,0.0,23.0,39.0,1.5829
2023-24,26,Dadra and Nagar Haveli,2024-02,2024-02-01,3145.0,132805.0,5462.9076000000005,4064.0,463453.0,19270.781499999997,5847.0,205643.0,15195.2742
2023-24,27,Maharashtra,2024-02,2024-02-01,173419.0,9649685.0,221426.7216,128771.0,4875563.0,179844.1289,230827.0,3624120.0,166354.0824
2023-24,29,Karnataka,2024-02,2024-02-01,122285.0,6450394.0,109174.59800000001,60964.0,2505262.0,82436.8832,132275.0,2467421.0,93629.9574
2023-24,30,Goa,2024-02,2024-02-01,2186.0,123893.0,2431.1646,1956.0,70517.0,5399.183000000001,8757.0,150160.0,5285.0044
2023-24,31,Lakshadweep,2024-02,2024-02-01,0.0,0.0,0.0,2.0,5.0,0.2814,56.0,487.0,8.1651
2023-24,32,Kerala,2024-02,2024-02-01,47665.0,1914740.0,28359.559100000002,18467.0,243021.0,10310.553399999999,60754.0,829919.0,22141.145699999997
2023-24,33,Tamil Nadu,2024-02,2024-02-01,136259.0,7437611.0,147588.2483,80707.0,2607079.0,105191.575,131165.0,2500960.0,104783.3999
2023-24,34,Puducherry,2024-02,2024-02-01,1354.0,53598.0,1696.1034,2260.0,127977.0,4371.5807,6335.0,135066.0,3891.0512
2023-24,35,ANDAMAN AND NICOBAR,2024-02,2024-02-01,101.0,2925.0,62.866800000000005,112.0,308.0,40.5841,1266.0,12857.0,295.2127
2023-24,36,Telangana,2024-02,2024-02-01,55242.0,3061284.0,53313.020300000004,37495.0,977743.0,41372.885,72932.0,1457460.0,48400.558600000004
2023-24,37,Andhra Pradesh,2024-02,2024-02-01,40665.0,2211058.0,37291.154500000004,25242.0,591501.0,43665.287800000006,76682.0,1081256.0,42664.6017
2023-24,38,Ladakh,2024-02,2024-02-01,111.0,758.0,23.088,21.0,47.0,3.5134,274.0,1922.0,85.5077
2023-24,97,Other Territory,2024-02,2024-02-01,5.0,45.0,8.6874,31.0,2573.0,792.5183000000001,262.0,14870.0,3107.8097
2023-24,01,Jammu and Kashmir,2024-01,2024-01-01,8435.0,260566.0,4535.2922,3508.0,40118.0,2675.7623,19749.0,199136.0,6495.4912
2023-24,02,Himachal Pradesh,2024-01,2024-01-01,9560.0,317273.0,6773.806500000001,6161.0,314213.0,13351.8381,23761.0,345089.0,11553.6439
2023-24,03,Punjab,2024-01,2024-01-01,76585.0,2176962.0,51085.99,53710.0,1071079.0,34583.694500000005,76204.0,1075757.0,37778.2087
2023-24,04,Chandigarh,2024-01,2024-01-01,2463.0,28731.0,477.46389999999997,5325.0,88229.0,1991.4718,9042.0,165124.0,3424.7603000000004
2023-24,05,Uttarakhand,2024-01,2024-01-01,15317.0,758349.0,13712.4794,10248.0,399909.0,20462.2609,29601.0,601483.0,17970.3916
2023-24,06,Haryana,2024-01,2024-01-01,84045.0,4233229.0,73052.88530000001,72866.0,5157763.0,100353.7941,114724.0,2409132.0,94264.181
2023-24,07,Delhi,2024-01,2024-01-01,77631.0,1219282.0,39414.0269,132822.0,1876528.0,53023.760599999994,139680.0,2958089.0,62390.178499999995
2023-24,08,Rajasthan,2024-01,2024-01-01,68124.0,1818059.0,48209.1887,57737.0,1612114.0,50224.875,112866.0,1639814.0,63448.7675
2023-24,09,Uttar Pradesh,2024-01,2024-01-01,148997.0,5303894.0,97940.0995,96861.0,2060357.0,79860.5759,214488.0,3469618.0,103487.52380000001
2023-24,10,Bihar,2024-01,2024-01-01,13064.0,717810.0,13278.316100000002,10171.0,121351.0,4725.7001,64999.0,888251.0,21679.243300000002
2023-24,11,Sikkim,2024-01,2024-01-01,187.0,11466.0,215.0158,215.0,6911.0,3317.012,2520.0,46596.0,1167.825
2023-24,12,Arunachal Pradesh,2024-01,2024-01-01,351.0,6292.0,136.9335,318.0,2879.0,123.5616,3884.0,41503.0,909.5288
2023-24,13,Nagaland,2024-01,2024-01-01,214.0,3749.0,112.34110000000001,342.0,5436.0,165.38299999999998,2790.0,35425.0,672.8839999999999
2023-24,14,Manipur,2024-01,2024-01-01,188.0,4493.0,160.5568,198.0,2580.0,220.3598,2798.0,38782.0,817.3461
2023-24,15,Mizoram,2024-01,2024-01-01,67.0,1803.0,26.0576,116.0,1147.0,23.648699999999998,2108.0,30830.0,565.9169999999999
2023-24,16,Tripura,2024-01,2024-01-01,2080.0,51773.0,1121.2467,635.0,4033.0,441.25239999999997,4983.0,45887.0,1142.535
2023-24,17,Meghalaya,2024-01,2024-01-01,561.0,22736.0,467.56419999999997,549.0,35978.0,721.9989,3971.0,49307.0,1256.8624
2023-24,18,Assam,2024-01,2024-01-01,15420.0,592292.0,11301.854299999999,11425.0,225852.0,7259.484200000001,28485.0,409357.0,13892.0182
2023-24,19,West Bengal,2024-01,2024-01-01,62308.0,3054636.0,64284.751500000006,46894.0,1415664.0,46298.3806,72789.0,1226130.0,53155.4432
2023-24,20,Jharkhand,2024-01,2024-01-01,11796.0,653121.0,16947.7202,9537.0,273309.0,19177.127,30070.0,520738.0,18579.0356
2023-24,21,Odisha,2024-01,2024-01-01,20407.0,1331974.0,29293.7156,8265.0,379548.0,35225.0586,39088.0,553822.0,28277.5341
2023-24,22,Chhattisgarh,2024-01,2024-01-01,8662.0,399664.0,12856.355800000001,9907.0,226395.0,20338.611699999998,27900.0,537660.0,19056.6726
2023-24,23,Madhya Pradesh,2024-01,2024-01-01,29041.0,1093708.0,24149.113599999997,24352.0,594063.0,29884.0139,81681.0,1142727.0,39615.005099999995
2023-24,24,Gujarat,2024-01,2024-01-01,184510.0,6084779.0,162800.69199999998,151272.0,5152606.0,149079.018,156966.0,2350057.0,111267.0463
2023-24,25,Daman and Diu,2024-01,2024-01-01,0.0,0.0,0.0,0.0,0.0,0.0,24.0,29.0,0.7709
2023-24,26,Dadra and Nagar Haveli,2024-01,2024-01-01,3144.0,133665.0,5766.850699999999,4027.0,471208.0,19373.9695,5821.0,204498.0,15444.608100000001
2023-24,27,Maharashtra,2024-01,2024-01-01,170835.0,9743538.0,219713.4535,126346.0,4867222.0,175447.926,228147.0,3660025.0,163139.86800000002
2023-24,29,Karnataka,2024-01,2024-01-01,120528.0,6614902.0,107507.8174,60377.0,2597500.0,80622.60190000001,128985.0,2424235.0,93619.49050000001
2023-24,30,Goa,2024-01,2024-01-01,2099.0,122686.0,2362.9183,1892.0,69554.0,5373.6787,8734.0,154002.0,5512.0845
2023-24,31,Lakshadweep,2024-01,2024-01-01,1.0,1.0,0.0297,2.0,2.0,0.0625,56.0,517.0,5.1391
2023-24,32,Kerala,2024-01,2024-01-01,48116.0,2030242.0,30169.31,18284.0,230934.0,10540.2936,60301.0,791526.0,21506.8523
2023-24,33,Tamil Nadu,2024-01,2024-01-01,131116.0,7008261.0,138529.8334,77948.0,2439412.0,101345.8269,127902.0,2497071.0,101664.36279999999
2023-24,34,Puducherry,2024-01,2024-01-01,1318.0,49741.0,1485.8742000000002,2228.0,123195.0,4040.8385,6187.0,131612.0,3571.4040999999997
2023-24,35,ANDAMAN AND NICOBAR,2024-01,2024-01-01,103.0,2856.0,60.82770000000001,91.0,307.0,41.0754,1201.0,12177.0,285.1548
2023-24,36,Telangana,2024-01,2024-01-01,53424.0,3042594.0,52781.74309999999,36565.0,941077.0,40163.3448,70940.0,1516535.0,48393.68429999999
2023-24,37,Andhra Pradesh,2024-01,2024-01-01,38820.0,2211391.0,37118.815299999995,24054.0,555567.0,42091.7492,75890.0,1044291.0,42934.2142
2023-24,38,Ladakh,2024-01,2024-01-01,125.0,812.0,29.557399999999998,34.0,111.0,6.501,535.0,2841.0,81.0639
2023-24,97,Other Territory,2024-01,2024-01-01,8.0,110.0,552.7944,28.0,3885.0,984.3328999999999,194.0,14095.0,2855.1427000000003
2023-24,01,Jammu and Kashmir,2023-12,2023-12-01,8501.0,278541.0,4672.6209,4051.0,44568.0,2995.5231,20957.0,221781.0,7083.7661
2023-24,02,Himachal Pradesh,2023-12,2023-12-01,9622.0,327862.0,6646.7872,6292.0,340280.0,13775.141599999999,24910.0,363378.0,11986.773799999999
2023-24,03,Punjab,2023-12,2023-12-01,75546.0,2205255.0,50296.1698,57004.0,1214096.0,36529.1375,78112.0,1106968.0,38579.5742
2023-24,04,Chandigarh,2023-12,2023-12-01,2472.0,29221.0,518.5383999999999,5360.0,89654.0,1937.4677,9236.0,167545.0,3390.0535999999997
2023-24,05,Uttarakhand,2023-12,2023-12-01,15267.0,724927.0,12814.1856,10486.0,421748.0,20685.9964,30462.0,599404.0,18012.093999999997
2023-24,06,Haryana,2023-12,2023-12-01,84390.0,3970510.0,69949.8446,73688.0,4861834.0,100583.1671,116571.0,2453241.0,91574.9469
2023-24,07,Delhi,2023-12,2023-12-01,78500.0,1231250.0,40794.8164,134931.0,1935801.0,54429.1743,140686.0,2771678.0,64472.5319
2023-24,08,Rajasthan,2023-12,2023-12-01,68348.0,1860396.0,49204.9337,58481.0,1602569.0,51040.7872,113438.0,1585048.0,59289.052599999995
2023-24,09,Uttar Pradesh,2023-12,2023-12-01,150661.0,5355429.0,96796.26710000001,99143.0,2153057.0,75344.0163,220019.0,3205467.0,102860.3302
2023-24,10,Bihar,2023-12,2023-12-01,12588.0,788145.0,14133.6025,10310.0,123724.0,4954.9064,65046.0,736882.0,21722.4437
2023-24,11,Sikkim,2023-12,2023-12-01,182.0,12076.0,229.1644,223.0,7151.0,3343.6892,2552.0,48541.0,1198.5505
2023-24,12,Arunachal Pradesh,2023-12,2023-12-01,342.0,6345.0,142.19209999999998,328.0,3176.0,188.6491,3983.0,45178.0,970.7831
2023-24,13,Nagaland,2023-12,2023-12-01,208.0,3504.0,84.66860000000001,369.0,5779.0,200.0164,2853.0,38877.0,669.1567
2023-24,14,Manipur,2023-12,2023-12-01,183.0,4134.0,126.7308,200.0,2607.0,196.6512,2918.0,46054.0,812.5374
2023-24,15,Mizoram,2023-12,2023-12-01,58.0,1622.0,25.403000000000002,124.0,926.0,19.7482,2089.0,33067.0,536.543
2023-24,16,Tripura,2023-12,2023-12-01,2060.0,52027.0,1083.6283,654.0,4432.0,457.04879999999997,5086.0,49463.0,1284.6913
2023-24,17,Meghalaya,2023-12,2023-12-01,586.0,23702.0,490.5065,645.0,37724.0,788.081,4164.0,55203.0,1389.6519
2023-24,18,Assam,2023-12,2023-12-01,15661.0,623062.0,11963.520700000001,11678.0,252743.0,7920.9196999999995,29582.0,408876.0,14427.163799999998
2023-24,19,West Bengal,2023-12,2023-12-01,66715.0,3170334.0,65822.2844,46253.0,1122754.0,45695.586500000005,73820.0,1185208.0,53586.3987
2023-24,20,Jharkhand,2023-12,2023-12-01,11519.0,648704.0,16459.3675,9582.0,271457.0,19441.7491,30253.0,494296.0,19377.7242
2023-24,21,Odisha,2023-12,2023-12-01,19777.0,1336278.0,27471.2014,8188.0,362621.0,32818.3611,38938.0,543811.0,26390.6437
2023-24,22,Chhattisgarh,2023-12,2023-12-01,8618.0,401423.0,12811.7627,9759.0,218858.0,19519.4951,27816.0,506239.0,19534.3897
2023-24,23,Madhya Pradesh,2023-12,2023-12-01,28677.0,1099534.0,24448.001,24659.0,619851.0,30298.2706,83055.0,1124019.0,39816.6015
2023-24,24,Gujarat,2023-12,2023-12-01,183084.0,5989236.0,163107.1634,150395.0,4975892.0,153399.0072,159316.0,2333321.0,115827.5419
2023-24,25,Daman and Diu,2023-12,2023-12-01,0.0,0.0,0.0,0.0,0.0,0.0,25.0,46.0,1.5159
2023-24,26,Dadra and Nagar Haveli,2023-12,2023-12-01,3121.0,132027.0,5864.0224,4014.0,489321.0,20471.9487,5802.0,205598.0,16210.1132
2023-24,27,Maharashtra,2023-12,2023-12-01,168104.0,9522042.0,215216.6859,126097.0,4889645.0,182000.7927,229349.0,3771241.0,166861.4001
2023-24,29,Karnataka,2023-12,2023-12-01,119083.0,6467013.0,106195.7858,60531.0,2546557.0,82882.8043,129672.0,2448397.0,90788.1161
2023-24,30,Goa,2023-12,2023-12-01,2111.0,121661.0,2386.7831,1860.0,69185.0,5670.7729,8923.0,161413.0,5844.7936
2023-24,31,Lakshadweep,2023-12,2023-12-01,0.0,0.0,0.0,0.0,0.0,0.0,48.0,447.0,10.056000000000001
2023-24,32,Kerala,2023-12,2023-12-01,47520.0,1965328.0,29004.266200000002,18002.0,222607.0,10315.659,60613.0,817579.0,21753.0762
2023-24,33,Tamil Nadu,2023-12,2023-12-01,130576.0,6968049.0,136653.59720000002,78377.0,2492154.0,100340.6025,129474.0,2502926.0,102975.7278
2023-24,34,Puducherry,2023-12,2023-12-01,1332.0,51903.0,2166.7728,2201.0,131483.0,4581.8924,6174.0,134653.0,3796.6925
2023-24,35,ANDAMAN AND NICOBAR,2023-12,2023-12-01,100.0,2391.0,53.943999999999996,92.0,326.0,32.7257,1169.0,12342.0,294.4789
2023-24,36,Telangana,2023-12,2023-12-01,53247.0,3034943.0,53488.5628,37188.0,993973.0,42876.041600000004,71824.0,1500827.0,49289.935300000005
2023-24,37,Andhra Pradesh,2023-12,2023-12-01,38563.0,2235240.0,37505.9402,23724.0,551806.0,41475.0199,79938.0,1268615.0,45908.8739
2023-24,38,Ladakh,2023-12,2023-12-01,141.0,1240.0,34.6462,62.0,191.0,30.636999999999997,996.0,6381.0,233.59130000000002
2023-24,97,Other Territory,2023-12,2023-12-01,7.0,148.0,27.9177,29.0,3237.0,661.6133,241.0,14914.0,3275.3846999999996
2023-24,01,Jammu and Kashmir,2023-11,2023-11-01,8180.0,274096.0,4694.4054,3988.0,43917.0,2680.9857,21140.0,228166.0,6810.8511
2023-24,02,Himachal Pradesh,2023-11,2023-11-01,9513.0,308112.0,6300.8204000000005,5973.0,298057.0,12394.2854,25317.0,347095.0,10863.4818
2023-24,03,Punjab,2023-11,2023-11-01,74276.0,2124760.0,47772.2581,55956.0,1285020.0,34747.3735,75451.0,1041974.0,35334.8693
2023-24,04,Chandigarh,2023-11,2023-11-01,2410.0,28999.0,449.8703,5245.0,87268.0,1814.8509,9130.0,156219.0,3189.6101
2023-24,05,Uttarakhand,2023-11,2023-11-01,14654.0,696590.0,11611.2621,9886.0,376733.0,18554.867299999998,30602.0,588562.0,16579.8856
2023-24,06,Haryana,2023-11,2023-11-01,82019.0,3892685.0,65434.8137,71218.0,4587340.0,90899.2766,112907.0,2329313.0,85780.2659
2023-24,07,Delhi,2023-11,2023-11-01,75234.0,1133055.0,35671.536,131006.0,1780987.0,48904.7488,136325.0,2665620.0,57320.092300000004
2023-24,08,Rajasthan,2023-11,2023-11-01,65252.0,1664771.0,44802.115300000005,53766.0,1325737.0,44169.0813,110868.0,1469586.0,56937.405199999994
2023-24,09,Uttar Pradesh,2023-11,2023-11-01,144730.0,5062289.0,89386.1108,93878.0,1952981.0,67670.4257,215726.0,2975690.0,91941.7423
2023-24,10,Bihar,2023-11,2023-11-01,11831.0,725536.0,13020.724699999999,8914.0,95943.0,3946.2554,64579.0,716274.0,19875.0207
2023-24,11,Sikkim,2023-11,2023-11-01,170.0,10126.0,205.18689999999998,207.0,6016.0,2877.4224,2526.0,41303.0,1054.647
2023-24,12,Arunachal Pradesh,2023-11,2023-11-01,324.0,5611.0,132.06629999999998,321.0,2789.0,143.3758,3900.0,43008.0,892.6061
2023-24,13,Nagaland,2023-11,2023-11-01,207.0,3424.0,93.7437,344.0,6215.0,191.1738,3022.0,41415.0,715.3194
2023-24,14,Manipur,2023-11,2023-11-01,156.0,3427.0,107.9192,164.0,1374.0,78.3366,2737.0,36975.0,649.8837
2023-24,15,Mizoram,2023-11,2023-11-01,73.0,1882.0,32.3475,103.0,1226.0,23.847399999999997,2171.0,36951.0,576.5242
2023-24,16,Tripura,2023-11,2023-11-01,2014.0,50098.0,997.0069,589.0,3796.0,378.777,5048.0,47421.0,1144.0336
2023-24,17,Meghalaya,2023-11,2023-11-01,562.0,22349.0,483.93730000000005,529.0,31045.0,716.5962,4210.0,55127.0,1355.2072
2023-24,18,Assam,2023-11,2023-11-01,15367.0,603044.0,11522.4755,11370.0,240912.0,7899.7982999999995,29245.0,372742.0,13012.003999999999
2023-24,19,West Bengal,2023-11,2023-11-01,54832.0,2649450.0,59038.405,44955.0,1026211.0,43075.3168,70629.0,1135344.0,49568.3454
2023-24,20,Jharkhand,2023-11,2023-11-01,11203.0,662535.0,16985.5924,8915.0,256267.0,18444.662,29908.0,466726.0,18447.2281
2023-24,21,Odisha,2023-11,2023-11-01,19460.0,1296943.0,26806.978799999997,7689.0,345057.0,31216.5298,37694.0,500537.0,24173.9981
2023-24,22,Chhattisgarh,2023-11,2023-11-01,8444.0,366670.0,11521.0422,9118.0,193800.0,17315.2449,26101.0,433406.0,18026.458700000003
2023-24,23,Madhya Pradesh,2023-11,2023-11-01,28839.0,1028291.0,24332.4038,23086.0,525127.0,26312.112999999998,79664.0,1002197.0,36561.3503
2023-24,24,Gujarat,2023-11,2023-11-01,169484.0,4752055.0,130561.7365,142003.0,4061521.0,131277.9467,142320.0,1896568.0,99335.3347
2023-24,25,Daman and Diu,2023-11,2023-11-01,0.0,0.0,0.0,1.0,1.0,0.0151,24.0,35.0,1.6438
2023-24,26,Dadra and Nagar Haveli,2023-11,2023-11-01,2971.0,114501.0,5113.1278999999995,3854.0,399985.0,17481.6769,5615.0,177680.0,14590.756200000002
2023-24,27,Maharashtra,2023-11,2023-11-01,161974.0,8826095.0,193535.95489999998,119458.0,4291248.0,157089.6627,216377.0,3214713.0,152730.8572
2023-24,29,Karnataka,2023-11,2023-11-01,116155.0,6117303.0,96920.95019999999,58707.0,2385273.0,73425.3198,124774.0,2157104.0,82982.4812
2023-24,30,Goa,2023-11,2023-11-01,2127.0,121686.0,2201.2663000000002,1861.0,67656.0,5075.5145,8639.0,151501.0,5107.5284
2023-24,31,Lakshadweep,2023-11,2023-11-01,0.0,0.0,0.0,1.0,1.0,0.0063,53.0,451.0,8.6232
2023-24,32,Kerala,2023-11,2023-11-01,47291.0,1867599.0,26166.3335,17784.0,212793.0,9832.0813,58200.0,734533.0,19716.1335
2023-24,33,Tamil Nadu,2023-11,2023-11-01,127404.0,6735237.0,129860.1107,76902.0,2370515.0,94999.0543,123663.0,2177915.0,94197.72
2023-24,34,Puducherry,2023-11,2023-11-01,1326.0,50323.0,1662.941,2195.0,121572.0,3974.974,6155.0,126582.0,3652.3686
2023-24,35,ANDAMAN AND NICOBAR,2023-11,2023-11-01,107.0,2403.0,46.9548,109.0,383.0,46.328100000000006,1151.0,11266.0,250.8195
2023-24,36,Telangana,2023-11,2023-11-01,52572.0,2876814.0,46808.91190000001,35387.0,918205.0,37706.1848,69574.0,1289365.0,45164.5195
2023-24,37,Andhra Pradesh,2023-11,2023-11-01,38070.0,2209382.0,34172.7395,23324.0,528657.0,40197.8969,77207.0,1107624.0,41476.650499999996
2023-24,38,Ladakh,2023-11,2023-11-01,167.0,2194.0,51.1132,97.0,436.0,35.3579,1495.0,12463.0,414.414
2023-24,97,Other Territory,2023-11,2023-11-01,7.0,232.0,597.5998000000001,31.0,3733.0,882.2359,317.0,12636.0,2512.2255
2023-24,01,Jammu and Kashmir,2023-10,2023-10-01,8267.0,283999.0,4801.4078,4132.0,51040.0,3183.0696000000003,22233.0,278363.0,7760.485500000001
2023-24,02,Himachal Pradesh,2023-10,2023-10-01,9755.0,348672.0,7271.1418,6234.0,345532.0,14285.1936,27355.0,419026.0,12578.7101
2023-24,03,Punjab,2023-10,2023-10-01,77331.0,2434714.0,54808.145,58039.0,1476162.0,39713.6853,81417.0,1250351.0,41015.5887
2023-24,04,Chandigarh,2023-10,2023-10-01,2572.0,32863.0,509.7059,5454.0,101149.0,1992.0306,9611.0,185089.0,3767.4076
2023-24,05,Uttarakhand,2023-10,2023-10-01,15437.0,829083.0,13609.0145,10419.0,435054.0,21903.2612,33506.0,692036.0,18835.6325
2023-24,06,Haryana,2023-10,2023-10-01,84740.0,4600706.0,79540.7358,74146.0,5672663.0,107279.29199999999,120924.0,2696198.0,101013.20939999999
2023-24,07,Delhi,2023-10,2023-10-01,79617.0,1339300.0,41551.076499999996,138782.0,2186153.0,57637.0463,147513.0,3187436.0,68922.8614
2023-24,08,Rajasthan,2023-10,2023-10-01,70974.0,2036084.0,53550.1563,59252.0,1752162.0,52075.685099999995,124206.0,1911538.0,67756.3183
2023-24,09,Uttar Pradesh,2023-10,2023-10-01,150798.0,5618137.0,101448.17259999999,100210.0,2291821.0,84066.7327,232963.0,3775651.0,107677.3225
2023-24,10,Bihar,2023-10,2023-10-01,12039.0,729264.0,13058.3556,9437.0,106390.0,4119.9831,68593.0,962111.0,21500.223599999998
2023-24,11,Sikkim,2023-10,2023-10-01,172.0,7864.0,161.0543,175.0,4763.0,2430.9724,2267.0,32853.0,820.6103999999999
2023-24,12,Arunachal Pradesh,2023-10,2023-10-01,338.0,6158.0,139.7308,306.0,2925.0,154.3424,3893.0,43634.0,876.8414
2023-24,13,Nagaland,2023-10,2023-10-01,194.0,3023.0,79.3988,371.0,4999.0,160.4668,2985.0,40771.0,691.0064
2023-24,14,Manipur,2023-10,2023-10-01,169.0,3805.0,112.8338,165.0,1802.0,143.23329999999999,2828.0,37136.0,790.8066
2023-24,15,Mizoram,2023-10,2023-10-01,60.0,1957.0,29.287399999999998,94.0,1085.0,15.1126,2186.0,32475.0,575.9549
2023-24,16,Tripura,2023-10,2023-10-01,1945.0,44788.0,886.4808,556.0,3421.0,320.1007,4780.0,44805.0,1111.7336
2023-24,17,Meghalaya,2023-10,2023-10-01,549.0,18793.0,437.1594,521.0,28620.0,683.6052000000001,4060.0,52046.0,1275.6699
2023-24,18,Assam,2023-10,2023-10-01,15276.0,590063.0,11575.2273,11307.0,232907.0,7902.2078,29606.0,414410.0,13904.561599999999
2023-24,19,West Bengal,2023-10,2023-10-01,53115.0,2481274.0,56450.689699999995,45223.0,1102403.0,42885.7324,71327.0,1357627.0,51234.52940000001
2023-24,20,Jharkhand,2023-10,2023-10-01,11421.0,652990.0,16861.7447,8905.0,253830.0,18989.7935,30783.0,525565.0,18747.8037
2023-24,21,Odisha,2023-10,2023-10-01,19326.0,1244883.0,26441.161099999998,7893.0,362101.0,32731.7361,39176.0,572966.0,25227.819900000002
2023-24,22,Chhattisgarh,2023-10,2023-10-01,8708.0,410745.0,13027.833200000001,9537.0,225727.0,18716.4278,29322.0,563734.0,19862.6444
2023-24,23,Madhya Pradesh,2023-10,2023-10-01,30501.0,1193105.0,26947.0582,24931.0,623216.0,29429.5665,88611.0,1302461.0,42189.4712
2023-24,24,Gujarat,2023-10,2023-10-01,185329.0,6216787.0,163310.3241,154831.0,6002328.0,154638.111,161525.0,2472560.0,117407.5375
2023-24,25,Daman and Diu,2023-10,2023-10-01,0.0,0.0,0.0,1.0,1.0,0.4163,36.0,58.0,2.1390000000000002
2023-24,26,Dadra and Nagar Haveli,2023-10,2023-10-01,3089.0,129098.0,5411.7886,4016.0,479273.0,19239.3397,5915.0,204989.0,15771.9993
2023-24,27,Maharashtra,2023-10,2023-10-01,170884.0,10267900.0,224185.43899999998,127957.0,5322471.0,177166.672,237437.0,4016036.0,183071.99289999998
2023-24,29,Karnataka,2023-10,2023-10-01,116637.0,6375456.0,105558.8588,59877.0,2801102.0,78222.1312,130870.0,2555350.0,91195.5934
2023-24,30,Goa,2023-10,2023-10-01,2143.0,119800.0,2336.2382000000002,1881.0,72620.0,5308.628100000001,9008.0,166183.0,5362.477
2023-24,31,Lakshadweep,2023-10,2023-10-01,0.0,0.0,0.0,0.0,0.0,0.0,60.0,392.0,6.605
2023-24,32,Kerala,2023-10,2023-10-01,46614.0,1795689.0,25938.7165,17988.0,228848.0,10297.8362,58308.0,759231.0,20125.3577
2023-24,33,Tamil Nadu,2023-10,2023-10-01,132503.0,7291235.0,140541.42630000002,79457.0,2606388.0,104963.2729,135068.0,2847421.0,107002.96830000001
2023-24,34,Puducherry,2023-10,2023-10-01,1349.0,52528.0,1767.694,2261.0,131664.0,4314.9024,6527.0,148341.0,4017.8813
2023-24,35,ANDAMAN AND NICOBAR,2023-10,2023-10-01,96.0,2283.0,50.560100000000006,103.0,338.0,47.504799999999996,1167.0,11398.0,259.3475
2023-24,36,Telangana,2023-10,2023-10-01,52174.0,2918889.0,49893.918099999995,35592.0,905445.0,39051.628,72986.0,1596850.0,49338.6171
2023-24,37,Andhra Pradesh,2023-10,2023-10-01,37647.0,2253035.0,35879.3136,23685.0,572194.0,42658.7482,78548.0,1166442.0,43497.8451
2023-24,38,Ladakh,2023-10,2023-10-01,152.0,2881.0,66.453,112.0,652.0,68.00880000000001,1781.0,21394.0,628.982
2023-24,97,Other Territory,2023-10,2023-10-01,8.0,197.0,69.7514,33.0,4744.0,876.7049000000001,289.0,12688.0,2748.5278000000003
2023-24,01,Jammu and Kashmir,2023-09,2023-09-01,8232.0,289163.0,4893.6362,4275.0,51316.0,3373.8031,21370.0,249128.0,7955.6791
2023-24,02,Himachal Pradesh,2023-09,2023-09-01,9606.0,335127.0,7221.9074,6120.0,345368.0,14424.395400000001,25362.0,386224.0,12076.311399999999
2023-24,03,Punjab,2023-09,2023-09-01,74626.0,2316202.0,53600.8882,55800.0,1303055.0,38323.679,77460.0,1126491.0,39690.2198
2023-24,04,Chandigarh,2023-09,2023-09-01,2514.0,30947.0,506.2151,5391.0,97451.0,2030.4048,9259.0,162741.0,3613.0343
2023-24,05,Uttarakhand,2023-09,2023-09-01,14791.0,764673.0,12525.2137,10110.0,429350.0,21425.076,30165.0,612295.0,17864.693
2023-24,06,Haryana,2023-09,2023-09-01,82453.0,4056323.0,75838.7235,72317.0,5080345.0,102675.4292,115045.0,2495360.0,103410.1024
2023-24,07,Delhi,2023-09,2023-09-01,78322.0,1249588.0,39043.079,134228.0,1963080.0,54416.36980000001,140054.0,2664283.0,64657.1762
2023-24,08,Rajasthan,2023-09,2023-09-01,65385.0,1811761.0,47193.994000000006,56388.0,1557832.0,48084.6285,111542.0,1612546.0,62052.9994
2023-24,09,Uttar Pradesh,2023-09,2023-09-01,143490.0,5043367.0,97871.5728,96057.0,2148829.0,83295.9208,212877.0,3095444.0,103176.8452
2023-24,10,Bihar,2023-09,2023-09-01,11523.0,719540.0,12997.964,9360.0,110129.0,4024.9396,64012.0,837554.0,20476.623600000003
2023-24,11,Sikkim,2023-09,2023-09-01,193.0,12063.0,231.274,230.0,7278.0,3302.8664000000003,2705.0,49886.0,1147.745
2023-24,12,Arunachal Pradesh,2023-09,2023-09-01,341.0,5984.0,117.7775,300.0,3089.0,132.5331,3819.0,44210.0,902.9578
2023-24,13,Nagaland,2023-09,2023-09-01,197.0,2914.0,72.5011,366.0,6296.0,240.06799999999998,2905.0,39948.0,757.8254
2023-24,14,Manipur,2023-09,2023-09-01,146.0,3488.0,97.1357,132.0,1419.0,80.45859999999999,2586.0,29249.0,608.7464
2023-24,15,Mizoram,2023-09,2023-09-01,66.0,1815.0,28.369699999999998,106.0,1009.0,24.1252,2145.0,31462.0,555.6231
2023-24,16,Tripura,2023-09,2023-09-01,1904.0,45312.0,839.5574,593.0,3665.0,280.5048,5366.0,52391.0,1294.4117999999999
2023-24,17,Meghalaya,2023-09,2023-09-01,535.0,18415.0,409.9221,495.0,27849.0,658.4733,3974.0,50351.0,1257.0922
2023-24,18,Assam,2023-09,2023-09-01,15146.0,602917.0,11831.423600000002,11254.0,229509.0,7974.506600000001,30731.0,485164.0,14118.468
2023-24,19,West Bengal,2023-09,2023-09-01,55517.0,2788146.0,61329.96690000001,46662.0,1158050.0,44228.1365,73765.0,1524904.0,57348.9526
2023-24,20,Jharkhand,2023-09,2023-09-01,11209.0,642699.0,16580.5335,8906.0,256763.0,19525.1796,30620.0,522612.0,18461.9116
2023-24,21,Odisha,2023-09,2023-09-01,18670.0,1180599.0,24810.8919,7801.0,351827.0,32072.406600000002,37299.0,529627.0,24239.354700000004
2023-24,22,Chhattisgarh,2023-09,2023-09-01,8049.0,355514.0,12162.6173,9186.0,203134.0,18084.2099,27413.0,483732.0,18633.000500000002
2023-24,23,Madhya Pradesh,2023-09,2023-09-01,27023.0,1006504.0,20442.7081,22956.0,569793.0,27260.4076,79575.0,1029321.0,37413.1704
2023-24,24,Gujarat,2023-09,2023-09-01,175188.0,5529275.0,147852.0798,147784.0,4903878.0,146059.8283,152946.0,2317578.0,108321.96720000001
2023-24,25,Daman and Diu,2023-09,2023-09-01,0.0,0.0,0.0,1.0,1.0,0.0013,14.0,22.0,0.8679000000000001
2023-24,26,Dadra and Nagar Haveli,2023-09,2023-09-01,3102.0,127742.0,5338.918100000001,3987.0,472099.0,19515.4143,5845.0,199341.0,15445.3979
2023-24,27,Maharashtra,2023-09,2023-09-01,162803.0,8755850.0,203919.7225,123214.0,4857832.0,174319.7972,222419.0,3591501.0,167861.01989999998
2023-24,29,Karnataka,2023-09,2023-09-01,114284.0,5660401.0,99978.5381,58168.0,2534975.0,77859.8388,126992.0,2415562.0,92232.5031
2023-24,30,Goa,2023-09,2023-09-01,2089.0,105672.0,2020.8595,1854.0,66687.0,5048.535800000001,8398.0,136134.0,4908.1741
2023-24,31,Lakshadweep,2023-09,2023-09-01,0.0,0.0,0.0,1.0,1.0,0.031,49.0,339.0,3.2368
2023-24,32,Kerala,2023-09,2023-09-01,46148.0,1874628.0,26520.037999999997,17819.0,229997.0,10155.5883,57085.0,704182.0,20313.1783
2023-24,33,Tamil Nadu,2023-09,2023-09-01,131168.0,7265026.0,148298.6451,78464.0,2546922.0,110862.5396,130482.0,2666806.0,104306.95
2023-24,34,Puducherry,2023-09,2023-09-01,1321.0,55226.0,2037.5038,2196.0,130571.0,4554.3096000000005,6374.0,143428.0,4159.4994
2023-24,35,ANDAMAN AND NICOBAR,2023-09,2023-09-01,90.0,2322.0,48.9249,101.0,346.0,40.081199999999995,1200.0,13038.0,263.1928
2023-24,36,Telangana,2023-09,2023-09-01,49386.0,2595813.0,46826.243200000004,34344.0,849585.0,38851.8482,70693.0,1590749.0,49422.5902
2023-24,37,Andhra Pradesh,2023-09,2023-09-01,36436.0,2184229.0,35155.9009,22865.0,537924.0,41388.847,75704.0,1047972.0,42252.174699999996
2023-24,38,Ladakh,2023-09,2023-09-01,158.0,3409.0,71.8801,108.0,568.0,37.8652,1849.0,24353.0,616.8254000000001
2023-24,97,Other Territory,2023-09,2023-09-01,8.0,172.0,64.7205,32.0,4260.0,733.4162,305.0,14479.0,2920.3195
2023-24,01,Jammu and Kashmir,2023-08,2023-08-01,8268.0,294597.0,5018.8937,4197.0,52226.0,3611.723,20745.0,222962.0,8181.416
2023-24,02,Himachal Pradesh,2023-08,2023-08-01,9414.0,309811.0,6657.6489,5933.0,337461.0,13718.1621,23203.0,357404.0,11480.259399999999
2023-24,03,Punjab,2023-08,2023-08-01,72653.0,2294411.0,52521.5812,53218.0,1193430.0,36313.2319,76353.0,1096718.0,38618.270099999994
2023-24,04,Chandigarh,2023-08,2023-08-01,2470.0,30574.0,487.4947,5277.0,94203.0,1886.9154,9125.0,162107.0,3195.1655
2023-24,05,Uttarakhand,2023-08,2023-08-01,14344.0,712158.0,12591.5331,9833.0,429275.0,20566.2654,28952.0,581211.0,17245.7646
2023-24,06,Haryana,2023-08,2023-08-01,79407.0,3918043.0,70012.53,70619.0,4691450.0,94935.52029999999,112743.0,2454320.0,92329.73869999999
2023-24,07,Delhi,2023-08,2023-08-01,76547.0,1208234.0,37239.3286,132319.0,1846366.0,50863.2702,139111.0,2640135.0,61396.3758
2023-24,08,Rajasthan,2023-08,2023-08-01,65503.0,1878622.0,47706.6835,56014.0,1540021.0,46393.879,110909.0,1581776.0,59214.9171
2023-24,09,Uttar Pradesh,2023-08,2023-08-01,141220.0,4943652.0,94132.6712,93751.0,2108464.0,79224.0757,207356.0,2885731.0,99535.89730000001
2023-24,10,Bihar,2023-08,2023-08-01,11254.0,705313.0,12688.553899999999,9324.0,107980.0,3954.0565,59769.0,698463.0,19215.1075
2023-24,11,Sikkim,2023-08,2023-08-01,181.0,13169.0,259.65319999999997,207.0,7043.0,3335.4877,2631.0,49071.0,1135.5665
2023-24,12,Arunachal Pradesh,2023-08,2023-08-01,333.0,6104.0,117.53139999999999,278.0,2651.0,113.9794,3764.0,42416.0,873.8823
2023-24,13,Nagaland,2023-08,2023-08-01,207.0,3301.0,86.84629999999999,366.0,4864.0,175.1787,2807.0,39379.0,644.1569999999999
2023-24,14,Manipur,2023-08,2023-08-01,138.0,3472.0,99.2851,129.0,1109.0,79.6631,2498.0,26568.0,571.4022
2023-24,15,Mizoram,2023-08,2023-08-01,62.0,1878.0,30.7448,102.0,646.0,20.2302,2124.0,32707.0,525.0876999999999
2023-24,16,Tripura,2023-08,2023-08-01,1815.0,43497.0,771.2632000000001,563.0,3422.0,298.2301,5067.0,51837.0,1201.6857
2023-24,17,Meghalaya,2023-08,2023-08-01,519.0,16985.0,376.218,501.0,28895.0,669.4205000000001,3897.0,50081.0,1307.0334
2023-24,18,Assam,2023-08,2023-08-01,15120.0,607846.0,11479.4047,11162.0,227965.0,7631.5054,28842.0,409051.0,13203.1541
2023-24,19,West Bengal,2023-08,2023-08-01,55367.0,2841146.0,59677.854100000004,46443.0,1100371.0,44709.9171,73266.0,1490193.0,53738.782
2023-24,20,Jharkhand,2023-08,2023-08-01,11053.0,640130.0,16340.251,8711.0,252396.0,18274.6425,29177.0,481187.0,18417.7241
2023-24,21,Odisha,2023-08,2023-08-01,18950.0,1209244.0,25528.9179,7816.0,365607.0,33677.4919,36629.0,492726.0,22909.4746
2023-24,22,Chhattisgarh,2023-08,2023-08-01,7685.0,366399.0,12037.4706,9154.0,208557.0,18743.2325,26988.0,525074.0,19220.881
2023-24,23,Madhya Pradesh,2023-08,2023-08-01,27321.0,1054798.0,21011.053,23124.0,555744.0,26639.5939,80361.0,1101917.0,37422.7436
2023-24,24,Gujarat,2023-08,2023-08-01,177581.0,5839797.0,153484.0377,148791.0,4871604.0,148600.3671,153406.0,2303941.0,112851.2384
2023-24,25,Daman and Diu,2023-08,2023-08-01,0.0,0.0,0.0,1.0,4.0,0.0069,18.0,23.0,1.0425
2023-24,26,Dadra and Nagar Haveli,2023-08,2023-08-01,3097.0,137006.0,5805.3251,3958.0,474746.0,19939.4089,5817.0,205941.0,15539.0225
2023-24,27,Maharashtra,2023-08,2023-08-01,164788.0,9274854.0,207355.363,125078.0,4942143.0,172878.95429999998,224921.0,3635909.0,169317.5624
2023-24,29,Karnataka,2023-08,2023-08-01,116376.0,6132852.0,102703.05589999999,59587.0,2584468.0,76550.5622,129006.0,2492259.0,88142.3184
2023-24,30,Goa,2023-08,2023-08-01,2103.0,117488.0,2141.7954999999997,1896.0,74430.0,5701.6145,8519.0,156684.0,5207.3107
2023-24,31,Lakshadweep,2023-08,2023-08-01,0.0,0.0,0.0,4.0,5.0,0.1315,38.0,241.0,4.111000000000001
2023-24,32,Kerala,2023-08,2023-08-01,48201.0,2109149.0,30950.728300000002,17608.0,218286.0,9592.1672,62279.0,886108.0,24689.1839
2023-24,33,Tamil Nadu,2023-08,2023-08-01,131424.0,7396727.0,145403.39429999999,80415.0,2629483.0,102110.15550000001,129766.0,2517498.0,105520.2468
2023-24,34,Puducherry,2023-08,2023-08-01,1327.0,54532.0,1760.0176999999999,2272.0,130814.0,4226.4829,6395.0,140859.0,3997.3932
2023-24,35,ANDAMAN AND NICOBAR,2023-08,2023-08-01,108.0,2642.0,59.8684,107.0,423.0,39.588899999999995,1186.0,10925.0,257.9251
2023-24,36,Telangana,2023-08,2023-08-01,50211.0,2778332.0,48441.3785,35141.0,907467.0,38286.030099999996,71442.0,1507760.0,49083.2037
2023-24,37,Andhra Pradesh,2023-08,2023-08-01,37367.0,2251627.0,36951.1166,23298.0,562254.0,44379.0027,77668.0,1133857.0,42902.4514
2023-24,38,Ladakh,2023-08,2023-08-01,162.0,3250.0,66.1114,95.0,478.0,34.6,1798.0,21966.0,589.672
2023-24,97,Other Territory,2023-08,2023-08-01,6.0,173.0,91.7775,34.0,4729.0,989.6997,304.0,13526.0,3544.3353
2023-24,01,Jammu and Kashmir,2023-07,2023-07-01,7845.0,278052.0,4885.2114,3951.0,49811.0,3422.58,20067.0,215171.0,7605.748199999999
2023-24,02,Himachal Pradesh,2023-07,2023-07-01,9103.0,292195.0,6284.7778,5753.0,309368.0,12859.8795,22729.0,339590.0,11012.972
2023-24,03,Punjab,2023-07,2023-07-01,68802.0,2050350.0,47118.4919,50670.0,1033433.0,33157.684700000005,72582.0,960646.0,36397.329300000005
2023-24,04,Chandigarh,2023-07,2023-07-01,2289.0,27106.0,429.25089999999994,5116.0,84421.0,1723.3757999999998,8668.0,145168.0,2986.5812
2023-24,05,Uttarakhand,2023-07,2023-07-01,13958.0,676594.0,11340.106699999998,9433.0,381862.0,18264.478600000002,27310.0,536270.0,15939.8218
2023-24,06,Haryana,2023-07,2023-07-01,77779.0,3940061.0,66959.8491,69036.0,4550550.0,91551.55029999999,108629.0,2259078.0,89199.16769999999
2023-24,07,Delhi,2023-07,2023-07-01,73415.0,1120910.0,35529.7696,128071.0,1687057.0,48132.1939,134013.0,2385452.0,57305.3725
2023-24,08,Rajasthan,2023-07,2023-07-01,63494.0,1773335.0,44817.3507,54760.0,1433603.0,44370.302599999995,107070.0,1464676.0,53520.8291
2023-24,09,Uttar Pradesh,2023-07,2023-07-01,135380.0,4791199.0,88054.451,90051.0,1904993.0,74388.3162,197309.0,2713281.0,95226.1456
2023-24,10,Bihar,2023-07,2023-07-01,10868.0,736836.0,12768.4098,9285.0,108557.0,3774.1946000000003,58175.0,619978.0,19179.0312
2023-24,11,Sikkim,2023-07,2023-07-01,180.0,13768.0,297.65139999999997,232.0,7391.0,3443.6569,2619.0,48113.0,1306.5599
2023-24,12,Arunachal Pradesh,2023-07,2023-07-01,281.0,5604.0,105.0133,275.0,2279.0,120.18180000000001,3642.0,39924.0,817.7134
2023-24,13,Nagaland,2023-07,2023-07-01,186.0,2611.0,77.2929,341.0,3987.0,143.51049999999998,2803.0,36255.0,628.2204
2023-24,14,Manipur,2023-07,2023-07-01,107.0,2990.0,83.2956,121.0,1187.0,78.3821,2278.0,20967.0,584.4490000000001
2023-24,15,Mizoram,2023-07,2023-07-01,57.0,1839.0,26.7938,101.0,635.0,17.2175,2096.0,28667.0,564.7891000000001
2023-24,16,Tripura,2023-07,2023-07-01,1798.0,46329.0,865.951,550.0,3581.0,309.3472,4740.0,45091.0,1128.0181
2023-24,17,Meghalaya,2023-07,2023-07-01,472.0,15564.0,353.8499,479.0,28966.0,641.4271,3676.0,44645.0,1162.4206
2023-24,18,Assam,2023-07,2023-07-01,14527.0,569907.0,10922.8934,10933.0,212831.0,7653.701899999999,27093.0,354480.0,12470.796299999998
2023-24,19,West Bengal,2023-07,2023-07-01,52242.0,2626837.0,56625.764800000004,44375.0,970168.0,42805.65440000001,69557.0,1304235.0,51191.6855
2023-24,20,Jharkhand,2023-07,2023-07-01,10851.0,639184.0,16596.7534,8644.0,252072.0,17619.241,28690.0,440293.0,18671.0242
2023-24,21,Odisha,2023-07,2023-07-01,18517.0,1189290.0,25607.2728,7877.0,350365.0,31792.250699999997,35515.0,469340.0,23498.0194
2023-24,22,Chhattisgarh,2023-07,2023-07-01,7310.0,364211.0,11845.5718,8979.0,210637.0,18463.0683,26359.0,456206.0,18105.2145
2023-24,23,Madhya Pradesh,2023-07,2023-07-01,26214.0,1070645.0,21585.2822,23167.0,550323.0,26973.3644,77537.0,1027483.0,36677.4269
2023-24,24,Gujarat,2023-07,2023-07-01,170994.0,5418563.0,145272.3404,143993.0,4022646.0,141439.6145,149030.0,2173225.0,107280.3592
2023-24,25,Daman and Diu,2023-07,2023-07-01,0.0,0.0,0.0,0.0,0.0,0.0,15.0,28.0,1.4353
2023-24,26,Dadra and Nagar Haveli,2023-07,2023-07-01,3094.0,135758.0,5519.0673,3945.0,470954.0,19420.4041,5588.0,199474.0,15344.9104
2023-24,27,Maharashtra,2023-07,2023-07-01,157756.0,8904109.0,198092.5021,120507.0,4705255.0,166187.138,214707.0,3326995.0,161098.9362
2023-24,29,Karnataka,2023-07,2023-07-01,112795.0,5748309.0,96960.0391,58433.0,2496668.0,74079.65980000001,122860.0,2325313.0,87207.046
2023-24,30,Goa,2023-07,2023-07-01,1986.0,98944.0,1863.1341,1825.0,71500.0,5396.4929,7850.0,144354.0,4940.351
2023-24,31,Lakshadweep,2023-07,2023-07-01,0.0,0.0,0.0,2.0,3.0,0.3436,41.0,276.0,5.8161000000000005
2023-24,32,Kerala,2023-07,2023-07-01,46248.0,1855820.0,27249.6081,17439.0,197628.0,9458.3835,59501.0,882030.0,23076.013
2023-24,33,Tamil Nadu,2023-07,2023-07-01,128071.0,7093105.0,137364.9829,78802.0,2523631.0,102737.55140000001,127380.0,2482424.0,104002.17439999999
2023-24,34,Puducherry,2023-07,2023-07-01,1290.0,53505.0,1529.1629999999998,2220.0,132124.0,4295.0984,6292.0,138326.0,3648.7993
2023-24,35,ANDAMAN AND NICOBAR,2023-07,2023-07-01,79.0,2479.0,42.0671,117.0,385.0,47.4511,1159.0,10663.0,251.38
2023-24,36,Telangana,2023-07,2023-07-01,48053.0,2579683.0,45489.5184,33727.0,842339.0,35662.1132,68636.0,1331548.0,46961.546200000004
2023-24,37,Andhra Pradesh,2023-07,2023-07-01,36267.0,2111269.0,35104.373700000004,22725.0,521519.0,42295.8371,74146.0,1052315.0,42463.2775
2023-24,38,Ladakh,2023-07,2023-07-01,128.0,2851.0,59.728,77.0,338.0,12.1509,1726.0,20548.0,537.7926
2023-24,97,Other Territory,2023-07,2023-07-01,7.0,123.0,54.3336,31.0,3333.0,916.5121,347.0,12771.0,2507.0053
2023-24,01,Jammu and Kashmir,2023-06,2023-06-01,7745.0,276972.0,4664.920300000001,3956.0,47955.0,3295.4435,20816.0,222284.0,7464.129
2023-24,02,Himachal Pradesh,2023-06,2023-06-01,9474.0,333334.0,7119.7584,6021.0,330368.0,13600.9389,24318.0,362472.0,11451.239399999999
2023-24,03,Punjab,2023-06,2023-06-01,68526.0,2103253.0,48120.1667,51185.0,1039621.0,33349.342000000004,73755.0,983245.0,36151.038700000005
2023-24,04,Chandigarh,2023-06,2023-06-01,2279.0,27441.0,455.6426,5232.0,87287.0,1909.0507,8822.0,146951.0,2979.3995
2023-24,05,Uttarakhand,2023-06,2023-06-01,14371.0,678383.0,12004.1959,9777.0,396055.0,19638.252099999998,29154.0,548608.0,16650.0983
2023-24,06,Haryana,2023-06,2023-06-01,78332.0,3611981.0,63785.8308,69361.0,4092289.0,89308.39779999999,110859.0,2229077.0,84571.5948
2023-24,07,Delhi,2023-06,2023-06-01,73669.0,1126976.0,36016.8331,129250.0,1712253.0,47130.0541,134270.0,2188550.0,56541.5774
2023-24,08,Rajasthan,2023-06,2023-06-01,63002.0,1743933.0,43016.9497,54482.0,1407619.0,43414.7581,107414.0,1413880.0,51313.22059999999
2023-24,09,Uttar Pradesh,2023-06,2023-06-01,137854.0,4813291.0,91302.86349999999,92170.0,1919555.0,72735.3272,203756.0,2637910.0,93162.0265
2023-24,10,Bihar,2023-06,2023-06-01,10724.0,752706.0,13919.4207,9332.0,104175.0,3701.6393,59493.0,634109.0,19399.5745
2023-24,11,Sikkim,2023-06,2023-06-01,173.0,13702.0,289.9214,210.0,7678.0,3554.9716,2681.0,52229.0,1368.2660999999998
2023-24,12,Arunachal Pradesh,2023-06,2023-06-01,290.0,6900.0,132.5039,287.0,2250.0,110.7108,3740.0,42445.0,863.7021000000001
2023-24,13,Nagaland,2023-06,2023-06-01,207.0,2885.0,86.7268,351.0,3514.0,134.0965,2798.0,38822.0,650.9457
2023-24,14,Manipur,2023-06,2023-06-01,61.0,2032.0,61.3617,118.0,1057.0,51.2626,1915.0,17383.0,461.5276
2023-24,15,Mizoram,2023-06,2023-06-01,56.0,1716.0,26.9863,99.0,642.0,23.2767,2123.0,33845.0,558.1016000000001
2023-24,16,Tripura,2023-06,2023-06-01,1743.0,41882.0,791.5437,559.0,3331.0,297.9664,4519.0,40619.0,996.1597
2023-24,17,Meghalaya,2023-06,2023-06-01,485.0,16218.0,387.602,565.0,28253.0,645.2744,3903.0,46460.0,1201.4642
2023-24,18,Assam,2023-06,2023-06-01,14551.0,569847.0,10572.9525,11089.0,219281.0,7355.05,27388.0,349730.0,12237.4322
2023-24,19,West Bengal,2023-06,2023-06-01,52267.0,2598860.0,56841.6118,44704.0,978704.0,42021.551699999996,68979.0,1197236.0,49469.153399999996
2023-24,20,Jharkhand,2023-06,2023-06-01,10776.0,674842.0,17061.3748,8888.0,253175.0,18665.3607,28618.0,439036.0,18037.0298
2023-24,21,Odisha,2023-06,2023-06-01,18220.0,1162610.0,25263.412599999996,7672.0,328037.0,31632.6715,35444.0,466086.0,23583.774900000004
2023-24,22,Chhattisgarh,2023-06,2023-06-01,7256.0,380908.0,12233.1056,8902.0,207860.0,18608.000500000002,26320.0,441518.0,18948.6501
2023-24,23,Madhya Pradesh,2023-06,2023-06-01,25617.0,1098423.0,22726.107200000002,22763.0,549972.0,27235.521800000002,77665.0,986893.0,37356.5077
2023-24,24,Gujarat,2023-06,2023-06-01,168072.0,5097974.0,139292.3527,142877.0,3837291.0,133202.9316,145787.0,2028176.0,101447.5513
2023-24,25,Daman and Diu,2023-06,2023-06-01,0.0,0.0,0.0,0.0,0.0,0.0,21.0,33.0,2.1855
2023-24,26,Dadra and Nagar Haveli,2023-06,2023-06-01,3056.0,129680.0,5454.253299999999,3921.0,448578.0,18947.3178,5605.0,193447.0,14722.5334
2023-24,27,Maharashtra,2023-06,2023-06-01,157013.0,8822737.0,200355.43649999998,120798.0,4469531.0,167379.3891,214502.0,3207088.0,156883.6986
2023-24,29,Karnataka,2023-06,2023-06-01,112711.0,5721637.0,98186.5265,57178.0,2386306.0,74092.8045,123436.0,2246815.0,83734.9066
2023-24,30,Goa,2023-06,2023-06-01,2007.0,110123.0,1955.8599,1904.0,71914.0,5534.6915,8055.0,138593.0,4785.6736
2023-24,31,Lakshadweep,2023-06,2023-06-01,0.0,0.0,0.0,2.0,2.0,0.0848,41.0,280.0,3.6589
2023-24,32,Kerala,2023-06,2023-06-01,46301.0,1863665.0,26084.2421,17263.0,187164.0,8846.8781,59136.0,801976.0,21673.8408
2023-24,33,Tamil Nadu,2023-06,2023-06-01,125179.0,6897197.0,132092.553,77603.0,2483655.0,102524.80990000001,125531.0,2377429.0,97743.0683
2023-24,34,Puducherry,2023-06,2023-06-01,1276.0,50791.0,1754.8041,2202.0,128044.0,4420.7882,6125.0,135022.0,3808.1552
2023-24,35,ANDAMAN AND NICOBAR,2023-06,2023-06-01,74.0,2156.0,41.9658,120.0,434.0,52.4524,1167.0,10227.0,261.8492
2023-24,36,Telangana,2023-06,2023-06-01,47793.0,2579230.0,46463.691100000004,33973.0,851985.0,37163.5229,67908.0,1283065.0,45976.5854
2023-24,37,Andhra Pradesh,2023-06,2023-06-01,36175.0,2124634.0,35392.606,22571.0,525735.0,41388.7094,73289.0,1029000.0,42515.683300000004
2023-24,38,Ladakh,2023-06,2023-06-01,127.0,2894.0,60.1382,78.0,419.0,17.476300000000002,1855.0,22706.0,606.6925
2023-24,97,Other Territory,2023-06,2023-06-01,7.0,162.0,68.5926,35.0,3389.0,832.2946000000001,354.0,11818.0,2757.7115999999996
2023-24,01,Jammu and Kashmir,2023-05,2023-05-01,7859.0,282959.0,4763.1485999999995,4198.0,51543.0,3473.5728000000004,21640.0,244090.0,7680.4648
2023-24,02,Himachal Pradesh,2023-05,2023-05-01,9491.0,333482.0,7522.689200000001,6093.0,328836.0,14017.8461,25021.0,372549.0,12100.5538
2023-24,03,Punjab,2023-05,2023-05-01,69547.0,2106951.0,48762.224500000004,51859.0,1074052.0,34392.956099999996,75324.0,1024971.0,37204.303199999995
2023-24,04,Chandigarh,2023-05,2023-05-01,2353.0,28467.0,448.93910000000005,5331.0,93503.0,1894.4184,8943.0,151105.0,3004.0690000000004
2023-24,05,Uttarakhand,2023-05,2023-05-01,14599.0,748708.0,13160.6742,10037.0,402823.0,20839.118000000002,30040.0,584977.0,17785.3115
2023-24,06,Haryana,2023-05,2023-05-01,79398.0,3774395.0,66932.79269999999,69739.0,4190465.0,91082.39279999999,111865.0,2268877.0,88246.92779999999
2023-24,07,Delhi,2023-05,2023-05-01,75532.0,1161095.0,37515.9753,131610.0,1800633.0,50314.8053,136228.0,2300649.0,58177.183300000004
2023-24,08,Rajasthan,2023-05,2023-05-01,64966.0,1763333.0,45588.3534,56047.0,1581367.0,46123.8021,110657.0,1486953.0,55701.2218
2023-24,09,Uttar Pradesh,2023-05,2023-05-01,140008.0,4986511.0,93360.7382,92773.0,1958715.0,72387.2996,212153.0,2980078.0,94841.1927
2023-24,10,Bihar,2023-05,2023-05-01,10794.0,739916.0,13581.130500000001,9400.0,106858.0,4002.8988,65515.0,886999.0,21631.202999999998
2023-24,11,Sikkim,2023-05,2023-05-01,169.0,13480.0,257.9964,222.0,7412.0,3289.5222999999996,2785.0,54624.0,1358.0162
2023-24,12,Arunachal Pradesh,2023-05,2023-05-01,298.0,6260.0,109.23,295.0,2262.0,129.2349,3921.0,44383.0,970.6433000000001
2023-24,13,Nagaland,2023-05,2023-05-01,191.0,2898.0,89.5745,366.0,5383.0,175.62009999999998,2862.0,39964.0,705.9653
2023-24,14,Manipur,2023-05,2023-05-01,87.0,1542.0,40.4877,137.0,776.0,40.0825,2033.0,16136.0,371.74080000000004
2023-24,15,Mizoram,2023-05,2023-05-01,66.0,2287.0,41.7611,108.0,757.0,36.481700000000004,2130.0,32497.0,626.0091
2023-24,16,Tripura,2023-05,2023-05-01,1786.0,49444.0,999.6714,591.0,3465.0,351.0273,4839.0,47492.0,1166.2409
2023-24,17,Meghalaya,2023-05,2023-05-01,538.0,24018.0,527.6327,701.0,41920.0,857.5588,3942.0,54256.0,1341.6588000000002
2023-24,18,Assam,2023-05,2023-05-01,15021.0,642628.0,11700.5625,11349.0,224860.0,7501.931500000001,28812.0,386182.0,13541.286699999999
2023-24,19,West Bengal,2023-05,2023-05-01,52642.0,2624973.0,58116.6224,45771.0,1048040.0,43202.4877,70547.0,1283599.0,51162.415499999996
2023-24,20,Jharkhand,2023-05,2023-05-01,10980.0,659925.0,16792.999499999998,9123.0,268039.0,19177.5202,29680.0,497166.0,19527.9264
2023-24,21,Odisha,2023-05,2023-05-01,18779.0,1264366.0,28045.971400000002,7989.0,350775.0,33437.932799999995,37285.0,538934.0,25280.5174
2023-24,22,Chhattisgarh,2023-05,2023-05-01,7321.0,380292.0,12668.6749,9239.0,219217.0,21939.7799,26536.0,463915.0,19643.0197
2023-24,23,Madhya Pradesh,2023-05,2023-05-01,26257.0,1063525.0,22145.4006,23144.0,571856.0,26712.9632,79628.0,1069756.0,37470.986899999996
2023-24,24,Gujarat,2023-05,2023-05-01,170716.0,5391754.0,148361.95140000002,145323.0,4561351.0,143152.98810000002,147002.0,2081271.0,109534.0125
2023-24,25,Daman and Diu,2023-05,2023-05-01,0.0,0.0,0.0,0.0,0.0,0.0,13.0,20.0,0.8499
2023-24,26,Dadra and Nagar Haveli,2023-05,2023-05-01,2987.0,127223.0,5620.453399999999,3946.0,443196.0,18719.5143,5677.0,195864.0,15169.058899999998
2023-24,27,Maharashtra,2023-05,2023-05-01,158217.0,8680011.0,200812.9038,121548.0,4497269.0,167845.1644,218421.0,3290892.0,163908.9184
2023-24,29,Karnataka,2023-05,2023-05-01,112591.0,5665241.0,94726.62789999999,56603.0,2345994.0,73618.74769999999,122987.0,2249823.0,84939.2651
2023-24,30,Goa,2023-05,2023-05-01,2022.0,118242.0,2140.43,1912.0,71026.0,5422.4682999999995,8231.0,139587.0,5189.4406
2023-24,31,Lakshadweep,2023-05,2023-05-01,1.0,1.0,0.11470000000000001,2.0,3.0,0.1435,51.0,415.0,6.7402
2023-24,32,Kerala,2023-05,2023-05-01,47138.0,2030071.0,28492.4268,17459.0,191250.0,9464.0331,59978.0,794208.0,22340.517999999996
2023-24,33,Tamil Nadu,2023-05,2023-05-01,123382.0,6705078.0,129907.7601,77326.0,2507041.0,101835.5878,124549.0,2257365.0,100501.96630000001
2023-24,34,Puducherry,2023-05,2023-05-01,1225.0,50716.0,1628.8852,2172.0,124011.0,3987.9877,6130.0,133260.0,3615.1953999999996
2023-24,35,ANDAMAN AND NICOBAR,2023-05,2023-05-01,83.0,2598.0,63.321400000000004,107.0,468.0,55.075500000000005,1121.0,10583.0,239.8592
2023-24,36,Telangana,2023-05,2023-05-01,48084.0,2604209.0,45239.994000000006,34203.0,843459.0,36707.017400000004,67915.0,1301927.0,46637.9909
2023-24,37,Andhra Pradesh,2023-05,2023-05-01,37112.0,2081015.0,35165.8111,23072.0,522002.0,41332.9556,72650.0,1055348.0,42421.4945
2023-24,38,Ladakh,2023-05,2023-05-01,129.0,2679.0,55.1354,66.0,393.0,23.5873,1971.0,22882.0,621.5181
2023-24,97,Other Territory,2023-05,2023-05-01,6.0,156.0,89.15270000000001,31.0,3626.0,887.7608,351.0,13068.0,2781.0639
2023-24,01,Jammu and Kashmir,2023-04,2023-04-01,7251.0,249022.0,4325.0509999999995,3604.0,42624.0,2948.2077000000004,21012.0,228589.0,7312.9229000000005
2023-24,02,Himachal Pradesh,2023-04,2023-04-01,9575.0,317077.0,6879.116800000001,5969.0,306845.0,13249.3711,25523.0,367189.0,12077.998700000002
2023-24,03,Punjab,2023-04,2023-04-01,69355.0,1957440.0,47214.4693,51679.0,1058258.0,33857.5945,75447.0,1023491.0,36340.344300000004
2023-24,04,Chandigarh,2023-04,2023-04-01,2268.0,27438.0,434.4679,5258.0,92687.0,1876.9307999999999,9040.0,147040.0,3082.5454999999997
2023-24,05,Uttarakhand,2023-04,2023-04-01,14309.0,702783.0,12711.766899999999,9718.0,376179.0,19461.2494,30387.0,562511.0,17555.6558
2023-24,06,Haryana,2023-04,2023-04-01,77464.0,3451042.0,63712.1641,68887.0,4012397.0,88353.5499,110826.0,2220737.0,86052.2421
2023-24,07,Delhi,2023-04,2023-04-01,73602.0,1135412.0,37452.0726,130931.0,1799385.0,49259.598399999995,134635.0,2240446.0,56515.366200000004
2023-24,08,Rajasthan,2023-04,2023-04-01,64652.0,1694089.0,46374.7414,55623.0,1526540.0,46488.948099999994,111964.0,1547012.0,54662.54980000001
2023-24,09,Uttar Pradesh,2023-04,2023-04-01,136841.0,4676690.0,90351.3916,91559.0,1897561.0,71570.0804,211125.0,3067958.0,95587.6575
2023-24,10,Bihar,2023-04,2023-04-01,10836.0,714696.0,13247.058500000001,9276.0,111703.0,4572.6674,66260.0,903062.0,21060.9771
2023-24,11,Sikkim,2023-04,2023-04-01,174.0,12815.0,243.3599,203.0,7164.0,3265.3660999999997,2801.0,53376.0,1284.2529
2023-24,12,Arunachal Pradesh,2023-04,2023-04-01,298.0,6050.0,122.53379999999999,289.0,2259.0,128.0433,3973.0,43567.0,992.3062
2023-24,13,Nagaland,2023-04,2023-04-01,185.0,2726.0,64.33670000000001,365.0,8787.0,270.14419999999996,2813.0,36387.0,680.1898
2023-24,14,Manipur,2023-04,2023-04-01,176.0,5696.0,158.0378,180.0,902.0,40.8328,3110.0,44643.0,998.0074000000001
2023-24,15,Mizoram,2023-04,2023-04-01,53.0,1624.0,24.9919,101.0,584.0,35.2987,2073.0,29312.0,552.9604
2023-24,16,Tripura,2023-04,2023-04-01,1694.0,43493.0,816.2718,493.0,2870.0,281.4117,4692.0,43891.0,1096.3441
2023-24,17,Meghalaya,2023-04,2023-04-01,467.0,22211.0,467.8707,614.0,40217.0,862.505,3997.0,50830.0,1374.533
2023-24,18,Assam,2023-04,2023-04-01,14494.0,579517.0,10955.248899999999,11377.0,227669.0,7474.9202000000005,28198.0,363514.0,13378.1444
2023-24,19,West Bengal,2023-04,2023-04-01,51306.0,2435424.0,56518.496,45240.0,999815.0,42333.862199999996,70050.0,1247671.0,50281.3557
2023-24,20,Jharkhand,2023-04,2023-04-01,11094.0,639034.0,16424.9136,9130.0,260574.0,18706.8716,29685.0,501363.0,19075.201399999998
2023-24,21,Odisha,2023-04,2023-04-01,18498.0,1234205.0,27490.1923,7651.0,335931.0,32697.6211,36890.0,514622.0,24560.626
2023-24,22,Chhattisgarh,2023-04,2023-04-01,7014.0,359195.0,11987.8175,9200.0,209845.0,19544.2405,26886.0,479332.0,19916.8872
2023-24,23,Madhya Pradesh,2023-04,2023-04-01,26353.0,978817.0,21374.2808,23256.0,555729.0,27641.654700000003,80525.0,1121547.0,37394.4198
2023-24,24,Gujarat,2023-04,2023-04-01,168363.0,5146595.0,145999.3326,145706.0,4918808.0,139928.0413,147443.0,2046277.0,105862.9637
2023-24,25,Daman and Diu,2023-04,2023-04-01,0.0,0.0,0.0,0.0,0.0,0.0,11.0,20.0,0.5968
2023-24,26,Dadra and Nagar Haveli,2023-04,2023-04-01,2972.0,120194.0,5103.8381,3932.0,425171.0,18130.7778,5684.0,186394.0,14598.311000000002
2023-24,27,Maharashtra,2023-04,2023-04-01,156716.0,8288901.0,194026.6697,121567.0,4538178.0,165471.45679999999,217521.0,3233858.0,153115.2496
2023-24,29,Karnataka,2023-04,2023-04-01,113584.0,5344350.0,91859.4769,56875.0,2286333.0,70361.0566,123453.0,2190809.0,82715.7019
2023-24,30,Goa,2023-04,2023-04-01,2018.0,111621.0,2072.506,1840.0,66453.0,5089.039000000001,8245.0,131970.0,5042.7390000000005
2023-24,31,Lakshadweep,2023-04,2023-04-01,0.0,0.0,0.0,0.0,0.0,0.0,49.0,411.0,5.6722
2023-24,32,Kerala,2023-04,2023-04-01,45493.0,1736041.0,25140.0821,16147.0,166147.0,8391.0692,57997.0,721321.0,20362.8419
2023-24,33,Tamil Nadu,2023-04,2023-04-01,120194.0,6327118.0,121996.6917,76736.0,2340717.0,96879.8016,123117.0,2208830.0,95791.55380000001
2023-24,34,Puducherry,2023-04,2023-04-01,1183.0,46235.0,1477.0729000000001,2114.0,118056.0,3948.8781,6032.0,125128.0,3474.3412
2023-24,35,ANDAMAN AND NICOBAR,2023-04,2023-04-01,76.0,2353.0,52.186899999999994,115.0,419.0,54.1016,1125.0,10706.0,274.3386
2023-24,36,Telangana,2023-04,2023-04-01,47495.0,2492421.0,44576.2978,33839.0,822396.0,36163.465299999996,66782.0,1283830.0,44686.010800000004
2023-24,37,Andhra Pradesh,2023-04,2023-04-01,37236.0,1980509.0,33717.1876,23056.0,512053.0,41647.442599999995,72255.0,1002941.0,40141.7693
2023-24,38,Ladakh,2023-04,2023-04-01,71.0,1018.0,26.0446,37.0,146.0,5.9408,1324.0,10790.0,330.25559999999996
2023-24,97,Other Territory,2023-04,2023-04-01,8.0,153.0,83.8193,37.0,3725.0,685.3889,372.0,11856.0,2598.9757999999997
2024-25,01,Jammu and Kashmir,2025-03,2025-03-01,10942.0,352696.0,6625.496700000001,3981.0,51023.0,3861.8889,23285.0,302097.0,9643.7405
2024-25,02,Himachal Pradesh,2025-03,2025-03-01,11210.0,377099.0,8381.135,7073.0,353409.0,15933.5586,27112.0,409882.0,13883.4436
2024-25,03,Punjab,2025-03,2025-03-01,87782.0,2924475.0,66022.2411,56782.0,1402816.0,45077.2917,84197.0,1338517.0,46475.5229
2024-25,04,Chandigarh,2025-03,2025-03-01,2863.0,34969.0,715.6053999999999,5689.0,127022.0,2683.6894,9706.0,226015.0,4550.717000000001
2024-25,05,Uttarakhand,2025-03,2025-03-01,17824.0,905020.0,17438.2792,11467.0,542435.0,26361.2939,34351.0,835156.0,21694.2528
2024-25,06,Haryana,2025-03,2025-03-01,97284.0,5962292.0,90573.4859,81825.0,8038770.0,128368.20460000001,129307.0,3847244.0,118306.2493
2024-25,07,Delhi,2025-03,2025-03-01,89469.0,1505972.0,57838.9189,142665.0,2672687.0,67847.2191,151475.0,5045262.0,79034.8959
2024-25,08,Rajasthan,2025-03,2025-03-01,77649.0,2436377.0,64342.8122,62035.0,1842706.0,59895.620599999995,121023.0,1917897.0,70795.8847
2024-25,09,Uttar Pradesh,2025-03,2025-03-01,173739.0,8392882.0,135346.5319,109306.0,3254254.0,102338.1207,244393.0,4309679.0,129716.8036
2024-25,10,Bihar,2025-03,2025-03-01,16796.0,1036934.0,19792.0179,11675.0,159798.0,5838.525500000001,74832.0,1153113.0,27303.5138
2024-25,11,Sikkim,2025-03,2025-03-01,241.0,7304.0,176.0163,283.0,7978.0,3903.3612,3372.0,75656.0,1461.3437
2024-25,12,Arunachal Pradesh,2025-03,2025-03-01,500.0,11574.0,265.7805,390.0,5547.0,317.5073,4690.0,53844.0,1440.6376
2024-25,13,Nagaland,2025-03,2025-03-01,308.0,5179.0,170.8938,420.0,4017.0,173.05419999999998,3013.0,38359.0,811.6725
2024-25,14,Manipur,2025-03,2025-03-01,221.0,6271.0,193.2916,270.0,6383.0,492.5255,3082.0,39284.0,1007.813
2024-25,15,Mizoram,2025-03,2025-03-01,95.0,2566.0,43.113,136.0,1301.0,29.7478,2368.0,35033.0,713.3346
2024-25,16,Tripura,2025-03,2025-03-01,2590.0,66143.0,1390.1188,762.0,4695.0,466.1522,5556.0,55714.0,1480.951
2024-25,17,Meghalaya,2025-03,2025-03-01,778.0,27935.0,602.7762,780.0,48902.0,1015.1416,4289.0,54790.0,1525.2398999999998
2024-25,18,Assam,2025-03,2025-03-01,17898.0,745195.0,15081.2695,13183.0,269301.0,9464.539200000001,31895.0,533961.0,17124.8583
2024-25,19,West Bengal,2025-03,2025-03-01,67964.0,4018557.0,81508.55559999999,52157.0,1416737.0,56130.162000000004,79435.0,1604251.0,63267.917199999996
2024-25,20,Jharkhand,2025-03,2025-03-01,14434.0,870001.0,21462.8024,10946.0,355436.0,23586.0751,34275.0,625271.0,23052.7497
2024-25,21,Odisha,2025-03,2025-03-01,24378.0,1676419.0,35107.2293,9487.0,424259.0,39159.7007,43072.0,634001.0,38519.7586
2024-25,22,Chhattisgarh,2025-03,2025-03-01,20535.0,1102427.0,29614.9365,12014.0,352369.0,27245.8654,30474.0,708188.0,23981.292
2024-25,23,Madhya Pradesh,2025-03,2025-03-01,33977.0,1449783.0,32728.770699999997,27500.0,703938.0,36958.8491,89575.0,1410716.0,48589.4237
2024-25,24,Gujarat,2025-03,2025-03-01,205827.0,6949406.0,205773.951,160552.0,5824520.0,181218.58010000002,163598.0,2642124.0,135021.5433
2024-25,25,Daman and Diu,2025-03,2025-03-01,0.0,0.0,0.0,0.0,0.0,0.0,27.0,51.0,1.4445
2024-25,26,Dadra and Nagar Haveli,2025-03,2025-03-01,3270.0,144395.0,7179.0545999999995,4159.0,501883.0,23962.5134,6072.0,219714.0,18879.0861
2024-25,27,Maharashtra,2025-03,2025-03-01,191575.0,12549307.0,284798.0548,134924.0,5894982.0,218343.46289999998,242559.0,4303605.0,203191.9816
2024-25,29,Karnataka,2025-03,2025-03-01,132872.0,8198732.0,141879.9294,66175.0,3342177.0,104912.4953,139954.0,2928764.0,113208.6026
2024-25,30,Goa,2025-03,2025-03-01,2327.0,190371.0,2875.9238,2046.0,77655.0,6721.254599999999,9105.0,163498.0,6570.152700000001
2024-25,31,Lakshadweep,2025-03,2025-03-01,1.0,3.0,0.0638,4.0,22.0,0.7137,82.0,883.0,13.277899999999999
2024-25,32,Kerala,2025-03,2025-03-01,50984.0,2258218.0,57380.86519999999,19365.0,266499.0,12329.708700000001,63945.0,1025007.0,26215.9437
2024-25,33,Tamil Nadu,2025-03,2025-03-01,147976.0,8866157.0,177024.1202,83413.0,3008955.0,134890.7432,138089.0,2976121.0,125064.3982
2024-25,34,Puducherry,2025-03,2025-03-01,1465.0,58700.0,1971.0724,2348.0,150099.0,6076.7485,6501.0,155531.0,4963.1858
2024-25,35,ANDAMAN AND NICOBAR,2025-03,2025-03-01,115.0,3836.0,103.2075,128.0,957.0,124.65370000000001,1260.0,14356.0,432.2133
2024-25,36,Telangana,2025-03,2025-03-01,59349.0,4091143.0,64755.1976,39601.0,1136800.0,51804.0087,74536.0,1744673.0,59677.6278
2024-25,37,Andhra Pradesh,2025-03,2025-03-01,43815.0,2606539.0,43673.7481,26024.0,634405.0,49257.7917,77514.0,1219457.0,49774.2724
2024-25,38,Ladakh,2025-03,2025-03-01,146.0,1106.0,46.279799999999994,43.0,110.0,14.6119,472.0,3107.0,124.01100000000001
2024-25,97,Other Territory,2025-03,2025-03-01,13.0,363.0,60.227700000000006,64.0,4360.0,609.7037,209.0,15526.0,3574.5053000000003
2024-25,01,Jammu and Kashmir,2025-02,2025-02-01,9694.0,287069.0,5108.233499999999,3768.0,42638.0,3099.6461,21835.0,259962.0,7828.775699999999
2024-25,02,Himachal Pradesh,2025-02,2025-02-01,10215.0,325015.0,7256.8297999999995,6448.0,319336.0,13746.2568,25088.0,358582.0,11872.139099999999
2024-25,03,Punjab,2025-02,2025-02-01,81183.0,2551180.0,54456.3408,54049.0,1224859.0,38589.8427,81097.0,1202515.0,40261.9458
2024-25,04,Chandigarh,2025-02,2025-02-01,2532.0,29050.0,522.5975,5378.0,110581.0,2275.1494000000002,9264.0,200764.0,3707.4130999999998
2024-25,05,Uttarakhand,2025-02,2025-02-01,16442.0,827178.0,14456.1889,10753.0,460542.0,21785.999900000003,32362.0,730577.0,18942.0514
2024-25,06,Haryana,2025-02,2025-02-01,90309.0,5473703.0,79055.0169,78331.0,7185119.0,111414.851,123661.0,3421351.0,101512.52949999999
2024-25,07,Delhi,2025-02,2025-02-01,81612.0,1280490.0,45593.1819,137574.0,2417332.0,58339.1601,144928.0,4438632.0,69443.4786
2024-25,08,Rajasthan,2025-02,2025-02-01,71263.0,2155601.0,53007.418099999995,60187.0,1770958.0,53423.7928,118305.0,1789382.0,61480.9792
2024-25,09,Uttar Pradesh,2025-02,2025-02-01,162602.0,7092027.0,109273.65039999998,103352.0,2953818.0,86716.8501,234668.0,3936933.0,109294.47720000001
2024-25,10,Bihar,2025-02,2025-02-01,15627.0,874414.0,15741.6845,10954.0,146075.0,5397.0184,71367.0,1039049.0,23201.9487
2024-25,11,Sikkim,2025-02,2025-02-01,217.0,6231.0,107.6013,268.0,7061.0,3298.7697,3119.0,65072.0,1128.3923
2024-25,12,Arunachal Pradesh,2025-02,2025-02-01,396.0,8250.0,200.8211,348.0,3516.0,199.4114,4189.0,42439.0,941.5754
2024-25,13,Nagaland,2025-02,2025-02-01,255.0,3952.0,103.9367,390.0,3725.0,145.8828,2901.0,35233.0,705.2076
2024-25,14,Manipur,2025-02,2025-02-01,184.0,4935.0,142.0394,253.0,3943.0,321.3714,3047.0,38194.0,865.2184
2024-25,15,Mizoram,2025-02,2025-02-01,71.0,2239.0,40.9636,147.0,1448.0,37.7055,2303.0,31820.0,601.4094
2024-25,16,Tripura,2025-02,2025-02-01,2311.0,55466.0,1127.0677,674.0,4188.0,395.2625,5298.0,49383.0,1249.4871
2024-25,17,Meghalaya,2025-02,2025-02-01,665.0,22551.0,433.2888,729.0,43545.0,984.1569999999999,4086.0,48274.0,1319.0929
2024-25,18,Assam,2025-02,2025-02-01,16458.0,642734.0,12315.326399999998,12418.0,235992.0,8162.9971,30719.0,491998.0,14628.273899999998
2024-25,19,West Bengal,2025-02,2025-02-01,64464.0,3626457.0,68912.5865,50118.0,1291376.0,48610.1083,77891.0,1492669.0,56025.6772
2024-25,20,Jharkhand,2025-02,2025-02-01,13498.0,773036.0,17886.555500000002,10304.0,310627.0,19384.5402,33068.0,588660.0,19977.4989
2024-25,21,Odisha,2025-02,2025-02-01,22308.0,1427443.0,28951.593999999997,8832.0,370292.0,33200.0275,41318.0,579920.0,25192.1008
2024-25,22,Chhattisgarh,2025-02,2025-02-01,18974.0,970499.0,24562.5084,11565.0,309857.0,23287.215299999996,29415.0,662657.0,21147.5905
2024-25,23,Madhya Pradesh,2025-02,2025-02-01,31227.0,1304586.0,27493.2072,26075.0,620931.0,31599.8711,86460.0,1265198.0,42068.3966
2024-25,24,Gujarat,2025-02,2025-02-01,197041.0,6520364.0,181142.99730000002,157121.0,5479858.0,157443.809,161867.0,2467900.0,121245.2358
2024-25,25,Daman and Diu,2025-02,2025-02-01,0.0,0.0,0.0,0.0,0.0,0.0,26.0,40.0,0.6656
2024-25,26,Dadra and Nagar Haveli,2025-02,2025-02-01,3163.0,134345.0,6431.5446999999995,4068.0,467249.0,20371.126,5927.0,201084.0,15670.8405
2024-25,27,Maharashtra,2025-02,2025-02-01,180855.0,11211012.0,241330.9051,131709.0,5263826.0,185658.99649999998,236841.0,3907750.0,175517.14760000003
2024-25,29,Karnataka,2025-02,2025-02-01,124742.0,7447793.0,120373.5845,62782.0,2895047.0,86865.3558,134908.0,2594374.0,97122.4456
2024-25,30,Goa,2025-02,2025-02-01,2248.0,172158.0,3106.3265,1970.0,68188.0,5723.4351,8756.0,151102.0,5378.370400000001
2024-25,31,Lakshadweep,2025-02,2025-02-01,0.0,0.0,0.0,4.0,23.0,0.9594,92.0,791.0,15.0907
2024-25,32,Kerala,2025-02,2025-02-01,49322.0,2040033.0,52216.5763,18766.0,238779.0,10974.7126,62052.0,922741.0,23199.2366
2024-25,33,Tamil Nadu,2025-02,2025-02-01,140940.0,7945014.0,155420.5946,80861.0,2735293.0,116632.26539999999,133045.0,2665063.0,109359.86189999999
2024-25,34,Puducherry,2025-02,2025-02-01,1360.0,50560.0,1445.4417,2275.0,134691.0,4715.9821999999995,6380.0,137689.0,3963.6437
2024-25,35,ANDAMAN AND NICOBAR,2025-02,2025-02-01,115.0,3330.0,74.9151,122.0,411.0,83.52959999999999,1232.0,12812.0,317.6526
2024-25,36,Telangana,2025-02,2025-02-01,56212.0,3706834.0,53713.573099999994,37990.0,1011130.0,43030.134699999995,72901.0,1597723.0,50665.8517
2024-25,37,Andhra Pradesh,2025-02,2025-02-01,41213.0,2382352.0,37593.5476,24683.0,579414.0,43469.3133,75525.0,1104063.0,43486.8131
2024-25,38,Ladakh,2025-02,2025-02-01,120.0,647.0,25.946199999999997,31.0,93.0,5.394400000000001,474.0,2829.0,79.4182
2024-25,97,Other Territory,2025-02,2025-02-01,11.0,359.0,513.5177,70.0,4486.0,607.6342,195.0,14339.0,2730.3866
2024-25,01,Jammu and Kashmir,2025-01,2025-01-01,9637.0,290985.0,5090.6115,4068.0,48133.0,3394.1459000000004,21283.0,238173.0,7731.6367
2024-25,02,Himachal Pradesh,2025-01,2025-01-01,10384.0,359932.0,7681.7116000000005,6537.0,341818.0,14937.8917,25374.0,393867.0,13247.065200000001
2024-25,03,Punjab,2025-01,2025-01-01,82344.0,2728238.0,59018.3834,56752.0,1296322.0,41018.9148,81811.0,1261109.0,44304.79150000001
2024-25,04,Chandigarh,2025-01,2025-01-01,2568.0,31438.0,549.3805,5452.0,118654.0,2333.8337,9395.0,209187.0,3718.7906
2024-25,05,Uttarakhand,2025-01,2025-01-01,16643.0,882163.0,15735.350400000001,11101.0,476031.0,23553.242299999998,32045.0,738012.0,20740.3676
2024-25,06,Haryana,2025-01,2025-01-01,91907.0,5723277.0,82572.7337,79932.0,7752153.0,118939.9454,125040.0,3547967.0,111652.6291
2024-25,07,Delhi,2025-01,2025-01-01,83205.0,1367066.0,47181.009000000005,139524.0,2518772.0,61898.4664,148860.0,4684905.0,72956.1513
2024-25,08,Rajasthan,2025-01,2025-01-01,73646.0,2254363.0,57196.148799999995,61631.0,1851861.0,57469.197400000005,122121.0,1954684.0,67048.3587
2024-25,09,Uttar Pradesh,2025-01,2025-01-01,164869.0,7216670.0,115477.9904,106340.0,3000363.0,94275.79220000001,237923.0,4219659.0,122041.23640000001
2024-25,10,Bihar,2025-01,2025-01-01,15524.0,886069.0,15848.3433,11462.0,161095.0,6163.7776,71590.0,1111986.0,24849.294500000004
2024-25,11,Sikkim,2025-01,2025-01-01,210.0,7011.0,123.072,280.0,8182.0,3590.9590999999996,3196.0,72332.0,1307.3573
2024-25,12,Arunachal Pradesh,2025-01,2025-01-01,407.0,7573.0,159.4831,357.0,3286.0,266.5231,4207.0,44532.0,991.9549000000001
2024-25,13,Nagaland,2025-01,2025-01-01,251.0,3499.0,118.4266,373.0,3366.0,117.7158,2900.0,35544.0,705.1447000000001
2024-25,14,Manipur,2025-01,2025-01-01,197.0,4928.0,145.7487,254.0,4678.0,401.3178,3096.0,42192.0,972.1186
2024-25,15,Mizoram,2025-01,2025-01-01,73.0,2140.0,38.3876,139.0,1560.0,38.0803,2270.0,34501.0,620.5785
2024-25,16,Tripura,2025-01,2025-01-01,2348.0,57737.0,1261.0186,712.0,4479.0,496.4788,5392.0,51449.0,1320.307
2024-25,17,Meghalaya,2025-01,2025-01-01,665.0,25380.0,471.4025,724.0,43916.0,963.7364,4187.0,53168.0,1406.832
2024-25,18,Assam,2025-01,2025-01-01,16368.0,646419.0,12246.180400000001,12448.0,256514.0,8735.652399999999,30262.0,471228.0,14795.101999999999
2024-25,19,West Bengal,2025-01,2025-01-01,65147.0,3854583.0,72893.145,50764.0,1273404.0,52422.1613,79405.0,1592675.0,60560.4252
2024-25,20,Jharkhand,2025-01,2025-01-01,13373.0,768601.0,18888.0869,10452.0,323518.0,21442.191000000003,33102.0,618022.0,20769.5534
2024-25,21,Odisha,2025-01,2025-01-01,22143.0,1441630.0,29911.3054,9081.0,412570.0,35984.9879,41937.0,618844.0,27073.549700000003
2024-25,22,Chhattisgarh,2025-01,2025-01-01,19440.0,1061395.0,26456.0727,11946.0,334539.0,24697.6815,30502.0,718092.0,23891.6134
2024-25,23,Madhya Pradesh,2025-01,2025-01-01,31827.0,1397815.0,29185.402400000003,26507.0,685561.0,34384.213599999995,88695.0,1370998.0,45965.8475
2024-25,24,Gujarat,2025-01,2025-01-01,200850.0,7062454.0,194365.9338,160316.0,5856499.0,167207.5583,168988.0,2756476.0,132063.68
2024-25,25,Daman and Diu,2025-01,2025-01-01,0.0,0.0,0.0,0.0,0.0,0.0,34.0,59.0,2.9977
2024-25,26,Dadra and Nagar Haveli,2025-01,2025-01-01,3287.0,150345.0,7218.0139,4092.0,522238.0,22381.269900000003,5991.0,225164.0,17829.9395
2024-25,27,Maharashtra,2025-01,2025-01-01,185228.0,12067736.0,263501.6901,135092.0,5634699.0,199686.9905,245180.0,4269621.0,193439.5792
2024-25,29,Karnataka,2025-01,2025-01-01,128020.0,7953451.0,129959.4537,65014.0,3175758.0,94093.0408,137458.0,2738254.0,105976.74119999999
2024-25,30,Goa,2025-01,2025-01-01,2293.0,187514.0,2940.6113,2111.0,73761.0,6169.3371,9212.0,179263.0,6120.312099999999
2024-25,31,Lakshadweep,2025-01,2025-01-01,0.0,0.0,0.0,4.0,15.0,0.36829999999999996,68.0,690.0,11.8848
2024-25,32,Kerala,2025-01,2025-01-01,50464.0,2263549.0,48619.013399999996,19362.0,251931.0,12123.0244,62873.0,947159.0,24568.424
2024-25,33,Tamil Nadu,2025-01,2025-01-01,140642.0,8093381.0,157111.0963,81417.0,2767812.0,122122.93130000001,135469.0,2713531.0,119331.8243
2024-25,34,Puducherry,2025-01,2025-01-01,1415.0,53350.0,1501.3941,2286.0,142305.0,4514.4125,6443.0,145054.0,4096.8636
2024-25,35,ANDAMAN AND NICOBAR,2025-01,2025-01-01,114.0,3524.0,77.9996,130.0,501.0,62.392700000000005,1210.0,13522.0,414.69870000000003
2024-25,36,Telangana,2025-01,2025-01-01,56650.0,3932307.0,59451.0449,38589.0,1105681.0,45629.847,74221.0,1704040.0,53559.465899999996
2024-25,37,Andhra Pradesh,2025-01,2025-01-01,40887.0,2571813.0,40072.4455,24764.0,606656.0,45609.183,77668.0,1142470.0,47606.9823
2024-25,38,Ladakh,2025-01,2025-01-01,142.0,904.0,67.3507,46.0,103.0,4.6627,524.0,3209.0,101.90969999999999
2024-25,97,Other Territory,2025-01,2025-01-01,11.0,422.0,52.364399999999996,62.0,4118.0,732.4176,209.0,14647.0,2905.1135999999997
2024-25,01,Jammu and Kashmir,2024-12,2024-12-01,9692.0,298384.0,4886.8587,4490.0,47192.0,3115.3983000000003,21588.0,241749.0,7252.0799
2024-25,02,Himachal Pradesh,2024-12,2024-12-01,10018.0,345379.0,7078.8711,6473.0,337213.0,14154.595500000001,25551.0,383964.0,12550.0049
2024-25,03,Punjab,2024-12,2024-12-01,81237.0,2540856.0,53555.5071,58203.0,1355643.0,39319.8327,80442.0,1181151.0,41495.2537
2024-25,04,Chandigarh,2024-12,2024-12-01,2492.0,30773.0,498.70459999999997,5424.0,109102.0,2134.3298,9297.0,203162.0,3745.6884000000005
2024-25,05,Uttarakhand,2024-12,2024-12-01,16441.0,833846.0,14563.6033,10956.0,451619.0,21899.470299999997,31991.0,681804.0,19562.3862
2024-25,06,Haryana,2024-12,2024-12-01,89859.0,5335733.0,79333.9388,78326.0,7232347.0,114314.138,123029.0,3316776.0,104443.3827
2024-25,07,Delhi,2024-12,2024-12-01,81157.0,1307011.0,44880.3526,137115.0,2341463.0,58463.859599999996,145069.0,4285840.0,69548.1421
2024-25,08,Rajasthan,2024-12,2024-12-01,70872.0,2148555.0,53600.220499999996,60468.0,1664428.0,54218.4617,119470.0,1762060.0,63820.2256
2024-25,09,Uttar Pradesh,2024-12,2024-12-01,161428.0,6734915.0,106598.32539999999,105499.0,2807638.0,84890.6297,231375.0,3810263.0,107828.9518
2024-25,10,Bihar,2024-12,2024-12-01,15015.0,866226.0,15627.1189,11300.0,151382.0,5407.4162,67957.0,857822.0,22356.5554
2024-25,11,Sikkim,2024-12,2024-12-01,218.0,6497.0,111.07,237.0,7783.0,3609.1545,2987.0,59530.0,1271.3951
2024-25,12,Arunachal Pradesh,2024-12,2024-12-01,364.0,6932.0,151.953,339.0,3501.0,235.3324,4198.0,45012.0,1043.4289999999999
2024-25,13,Nagaland,2024-12,2024-12-01,230.0,3153.0,79.1916,383.0,4670.0,159.1911,2836.0,36295.0,703.9648
2024-25,14,Manipur,2024-12,2024-12-01,172.0,4708.0,160.481,259.0,4679.0,413.07529999999997,2988.0,40715.0,909.6802
2024-25,15,Mizoram,2024-12,2024-12-01,67.0,1580.0,32.108200000000004,112.0,1138.0,17.896,2228.0,32588.0,579.6138
2024-25,16,Tripura,2024-12,2024-12-01,2335.0,56023.0,1310.3228,693.0,4392.0,498.6582,5248.0,50866.0,1264.3531
2024-25,17,Meghalaya,2024-12,2024-12-01,637.0,24722.0,454.2877,692.0,41360.0,905.3096,4212.0,54185.0,1335.86
2024-25,18,Assam,2024-12,2024-12-01,16323.0,640479.0,12386.2661,12163.0,252617.0,9026.6822,29776.0,425620.0,14462.7877
2024-25,19,West Bengal,2024-12,2024-12-01,63138.0,3617256.0,69431.132,49630.0,1158051.0,50451.6884,77851.0,1464712.0,57148.3199
2024-25,20,Jharkhand,2024-12,2024-12-01,13069.0,739179.0,17705.0313,10283.0,322650.0,20129.7526,31802.0,535523.0,19833.8037
2024-25,21,Odisha,2024-12,2024-12-01,21236.0,1350974.0,27971.069300000003,8799.0,391071.0,34851.2349,40056.0,568244.0,26897.9305
2024-25,22,Chhattisgarh,2024-12,2024-12-01,18111.0,935215.0,23569.5773,11211.0,304571.0,22566.782400000004,29686.0,618902.0,21948.3046
2024-25,23,Madhya Pradesh,2024-12,2024-12-01,30348.0,1326992.0,27515.8866,26083.0,673181.0,32899.8308,86318.0,1227660.0,43717.4313
2024-25,24,Gujarat,2024-12,2024-12-01,196954.0,6848629.0,187895.05980000002,157239.0,5137266.0,163228.0982,165905.0,2681859.0,128828.8407
2024-25,25,Daman and Diu,2024-12,2024-12-01,0.0,0.0,0.0,1.0,1.0,0.0,29.0,50.0,1.5831
2024-25,26,Dadra and Nagar Haveli,2024-12,2024-12-01,3208.0,148496.0,6828.554,4063.0,510849.0,22298.134100000003,5942.0,219735.0,17291.4025
2024-25,27,Maharashtra,2024-12,2024-12-01,179555.0,11301447.0,245805.2018,131922.0,5504885.0,195423.0043,240041.0,4131305.0,190452.022
2024-25,29,Karnataka,2024-12,2024-12-01,124586.0,7436140.0,121539.487,64181.0,3051202.0,92671.1142,134487.0,2671514.0,100819.3246
2024-25,30,Goa,2024-12,2024-12-01,2242.0,174544.0,2611.3287,2070.0,68506.0,5857.928100000001,9228.0,169449.0,5957.875400000001
2024-25,31,Lakshadweep,2024-12,2024-12-01,0.0,0.0,0.0,6.0,19.0,0.29600000000000004,78.0,691.0,14.3114
2024-25,32,Kerala,2024-12,2024-12-01,48038.0,2048393.0,29943.208199999997,18686.0,233222.0,11118.067,61790.0,893537.0,23053.007700000002
2024-25,33,Tamil Nadu,2024-12,2024-12-01,140239.0,8004718.0,154474.1308,81088.0,2723281.0,121289.2688,134581.0,2703083.0,116792.8548
2024-25,34,Puducherry,2024-12,2024-12-01,1373.0,51462.0,1839.4347,2221.0,139006.0,5021.8542,6374.0,140240.0,4463.7922
2024-25,35,ANDAMAN AND NICOBAR,2024-12,2024-12-01,106.0,3015.0,65.3016,117.0,775.0,74.2406,1246.0,13553.0,470.3913
2024-25,36,Telangana,2024-12,2024-12-01,55988.0,3781967.0,60592.067,38568.0,1095869.0,47405.0953,74078.0,1742723.0,54126.8471
2024-25,37,Andhra Pradesh,2024-12,2024-12-01,40754.0,2465892.0,38635.8273,24307.0,572801.0,43808.4219,80288.0,1281860.0,46675.8892
2024-25,38,Ladakh,2024-12,2024-12-01,193.0,1449.0,60.2883,88.0,357.0,19.4952,1154.0,7672.0,231.18009999999998
2024-25,97,Other Territory,2024-12,2024-12-01,8.0,115.0,28.351799999999997,43.0,4775.0,723.0825,274.0,15574.0,3661.9238
2024-25,01,Jammu and Kashmir,2024-11,2024-11-01,9551.0,307918.0,4982.0367,4714.0,50168.0,3195.2445000000002,21968.0,244316.0,7279.4023
2024-25,02,Himachal Pradesh,2024-11,2024-11-01,9983.0,335635.0,7002.7148,6259.0,314009.0,13383.216499999999,25943.0,372642.0,11718.0742
2024-25,03,Punjab,2024-11,2024-11-01,79107.0,2456945.0,51669.1293,57454.0,1402532.0,38036.1179,78563.0,1099029.0,38350.7365
2024-25,04,Chandigarh,2024-11,2024-11-01,2454.0,30242.0,468.9705,5304.0,101386.0,2011.6919,9168.0,190334.0,3346.7086
2024-25,05,Uttarakhand,2024-11,2024-11-01,15730.0,806092.0,13285.294399999999,10549.0,415458.0,20129.5927,32004.0,641203.0,18040.2047
2024-25,06,Haryana,2024-11,2024-11-01,86958.0,4870185.0,72843.7712,75896.0,6420652.0,103457.1143,119610.0,2881731.0,94308.17820000001
2024-25,07,Delhi,2024-11,2024-11-01,77751.0,1230511.0,40017.5928,132042.0,2110158.0,53923.2725,140183.0,3739731.0,62942.3366
2024-25,08,Rajasthan,2024-11,2024-11-01,67896.0,1990037.0,50244.6132,57266.0,1510551.0,49074.8505,115977.0,1596310.0,58697.0584
2024-25,09,Uttar Pradesh,2024-11,2024-11-01,155617.0,6248616.0,99522.53050000001,100051.0,2429846.0,75623.4344,227235.0,3487384.0,104550.01289999999
2024-25,10,Bihar,2024-11,2024-11-01,13944.0,777804.0,13949.1513,9665.0,127731.0,4732.1897,66326.0,817392.0,20548.546000000002
2024-25,11,Sikkim,2024-11,2024-11-01,213.0,5764.0,89.2754,227.0,7009.0,3258.6002000000003,2626.0,47442.0,1168.1782
2024-25,12,Arunachal Pradesh,2024-11,2024-11-01,353.0,6875.0,135.2472,370.0,3341.0,237.3878,4128.0,41859.0,890.4886
2024-25,13,Nagaland,2024-11,2024-11-01,224.0,3015.0,71.9017,357.0,3927.0,139.76930000000002,3049.0,38369.0,706.5512
2024-25,14,Manipur,2024-11,2024-11-01,183.0,3923.0,162.9975,212.0,3562.0,373.98220000000003,2760.0,31480.0,743.5606
2024-25,15,Mizoram,2024-11,2024-11-01,78.0,2237.0,43.9885,122.0,1269.0,28.796999999999997,2310.0,35627.0,609.0353
2024-25,16,Tripura,2024-11,2024-11-01,2305.0,53119.0,1211.3335,706.0,4738.0,452.16900000000004,5379.0,49520.0,1232.6017
2024-25,17,Meghalaya,2024-11,2024-11-01,639.0,24079.0,442.4634,600.0,33346.0,744.2922,4230.0,54021.0,1319.1953
2024-25,18,Assam,2024-11,2024-11-01,16126.0,620997.0,12055.1661,12042.0,241385.0,9003.9063,29458.0,380666.0,13125.596200000002
2024-25,19,West Bengal,2024-11,2024-11-01,61750.0,3334654.0,65706.7735,47373.0,1128885.0,47354.695999999996,74987.0,1322907.0,54066.7721
2024-25,20,Jharkhand,2024-11,2024-11-01,12569.0,700573.0,16503.4963,9554.0,281009.0,18506.88,30219.0,476993.0,18570.8225
2024-25,21,Odisha,2024-11,2024-11-01,21073.0,1332832.0,27292.192000000003,8478.0,391522.0,33532.192,39080.0,525369.0,23720.382400000002
2024-25,22,Chhattisgarh,2024-11,2024-11-01,16792.0,822983.0,21324.5582,10509.0,255408.0,20803.743000000002,28023.0,535961.0,19390.0991
2024-25,23,Madhya Pradesh,2024-11,2024-11-01,29979.0,1230475.0,26795.752200000003,24682.0,579810.0,29642.0449,84562.0,1108535.0,40314.81
2024-25,24,Gujarat,2024-11,2024-11-01,180238.0,5608217.0,160354.8442,144648.0,4115780.0,143336.0675,154813.0,2291327.0,115736.75480000001
2024-25,25,Daman and Diu,2024-11,2024-11-01,0.0,0.0,0.0,0.0,0.0,0.0,29.0,49.0,2.1913
2024-25,26,Dadra and Nagar Haveli,2024-11,2024-11-01,3034.0,131730.0,6312.2058,3938.0,438048.0,19740.7513,5700.0,193590.0,15664.4949
2024-25,27,Maharashtra,2024-11,2024-11-01,169946.0,10113174.0,213441.32280000002,124839.0,4728030.0,168703.40600000002,225300.0,3634101.0,172805.6316
2024-25,29,Karnataka,2024-11,2024-11-01,121651.0,6953432.0,114429.60380000001,62236.0,2808802.0,84754.4677,130232.0,2425422.0,91868.4285
2024-25,30,Goa,2024-11,2024-11-01,2205.0,168858.0,2875.6162,1994.0,70076.0,5413.993399999999,8999.0,165982.0,5750.6596
2024-25,31,Lakshadweep,2024-11,2024-11-01,0.0,0.0,0.0,2.0,10.0,0.0527,67.0,617.0,10.0792
2024-25,32,Kerala,2024-11,2024-11-01,47612.0,2003289.0,29262.687400000003,18676.0,229355.0,11003.0833,60036.0,808440.0,21617.454100000003
2024-25,33,Tamil Nadu,2024-11,2024-11-01,135222.0,7537967.0,145118.3928,78749.0,2570217.0,110044.8938,127259.0,2326464.0,106576.079
2024-25,34,Puducherry,2024-11,2024-11-01,1309.0,51904.0,1622.5114,2200.0,131262.0,4639.2026000000005,6107.0,129801.0,4049.342
2024-25,35,ANDAMAN AND NICOBAR,2024-11,2024-11-01,109.0,3020.0,79.86359999999999,124.0,710.0,81.53649999999999,1232.0,12588.0,366.5887
2024-25,36,Telangana,2024-11,2024-11-01,55166.0,3528668.0,54076.911100000005,37802.0,1058033.0,43097.7679,71521.0,1565472.0,48136.5297
2024-25,37,Andhra Pradesh,2024-11,2024-11-01,39286.0,2423504.0,37713.9876,24121.0,557145.0,43053.3705,78028.0,1139272.0,41819.3909
2024-25,38,Ladakh,2024-11,2024-11-01,192.0,2180.0,93.59909999999999,131.0,592.0,40.0623,1837.0,15873.0,521.232
2024-25,97,Other Territory,2024-11,2024-11-01,6.0,126.0,16.2073,43.0,3964.0,527.9362,207.0,13583.0,2516.741
2024-25,01,Jammu and Kashmir,2024-10,2024-10-01,9677.0,330348.0,5334.4713,4820.0,56598.0,3609.4260999999997,23418.0,298740.0,8452.482
2024-25,02,Himachal Pradesh,2024-10,2024-10-01,10457.0,377377.0,7928.1496,6481.0,346486.0,14623.4927,28483.0,442554.0,12961.523200000001
2024-25,03,Punjab,2024-10,2024-10-01,82580.0,2848914.0,59115.6051,59982.0,1661724.0,43804.0932,84554.0,1337523.0,42573.3799
2024-25,04,Chandigarh,2024-10,2024-10-01,2555.0,38443.0,600.0398,5599.0,116340.0,2324.0870999999997,9872.0,238624.0,3955.8745
2024-25,05,Uttarakhand,2024-10,2024-10-01,16560.0,911778.0,15140.3169,11057.0,471418.0,22906.937,35132.0,753567.0,20181.7114
2024-25,06,Haryana,2024-10,2024-10-01,89487.0,5773293.0,84022.1694,78844.0,7593206.0,117787.1167,127436.0,3439280.0,110179.0808
2024-25,07,Delhi,2024-10,2024-10-01,82691.0,1486793.0,47540.763399999996,141304.0,2564748.0,64289.0252,154607.0,4655555.0,75773.05410000001
2024-25,08,Rajasthan,2024-10,2024-10-01,72770.0,2328369.0,56568.0776,60864.0,1862929.0,55405.0755,130120.0,2063530.0,67368.7623
2024-25,09,Uttar Pradesh,2024-10,2024-10-01,163437.0,7213268.0,114139.4609,106851.0,2740634.0,91353.95039999999,249444.0,4523076.0,118557.6359
2024-25,10,Bihar,2024-10,2024-10-01,14625.0,890410.0,15724.8375,10451.0,133226.0,4854.0928,73533.0,1169052.0,23765.658
2024-25,11,Sikkim,2024-10,2024-10-01,184.0,5654.0,96.0175,241.0,6966.0,3338.0493,2716.0,49984.0,1190.6099000000002
2024-25,12,Arunachal Pradesh,2024-10,2024-10-01,346.0,6204.0,132.4693,327.0,3262.0,207.4497,3958.0,40968.0,850.16
2024-25,13,Nagaland,2024-10,2024-10-01,225.0,3376.0,73.6158,336.0,3259.0,131.1421,3007.0,37849.0,667.2130000000001
2024-25,14,Manipur,2024-10,2024-10-01,196.0,4964.0,177.335,229.0,3873.0,302.83209999999997,3019.0,41252.0,839.7954
2024-25,15,Mizoram,2024-10,2024-10-01,60.0,1597.0,21.9227,115.0,1369.0,24.215,2185.0,31053.0,541.864
2024-25,16,Tripura,2024-10,2024-10-01,2082.0,43906.0,964.8689999999999,643.0,3943.0,394.60760000000005,4954.0,45938.0,1124.8298
2024-25,17,Meghalaya,2024-10,2024-10-01,619.0,21569.0,440.17650000000003,553.0,29229.0,604.3405,4117.0,53700.0,1273.8209
2024-25,18,Assam,2024-10,2024-10-01,15641.0,602713.0,12158.255,11758.0,238778.0,9013.1326,29797.0,417057.0,13065.938300000002
2024-25,19,West Bengal,2024-10,2024-10-01,59194.0,3161053.0,61734.100999999995,46983.0,1232742.0,47926.9926,74686.0,1475900.0,55423.1205
2024-25,20,Jharkhand,2024-10,2024-10-01,12594.0,743692.0,17773.5939,9721.0,281949.0,19188.6562,32783.0,567029.0,19807.286799999998
2024-25,21,Odisha,2024-10,2024-10-01,20448.0,1322310.0,27674.689700000003,8390.0,401121.0,32151.5374,40234.0,562429.0,25181.485099999998
2024-25,22,Chhattisgarh,2024-10,2024-10-01,17447.0,927948.0,24125.167999999998,11112.0,278897.0,21760.6698,30194.0,646705.0,22084.9219
2024-25,23,Madhya Pradesh,2024-10,2024-10-01,31058.0,1377046.0,29145.3778,25788.0,664362.0,30949.685,92259.0,1398570.0,44054.6342
2024-25,24,Gujarat,2024-10,2024-10-01,198347.0,6908828.0,184046.06960000002,161405.0,6717608.0,172640.8459,164224.0,2699838.0,126059.40779999999
2024-25,25,Daman and Diu,2024-10,2024-10-01,0.0,0.0,0.0,1.0,1.0,0.0,35.0,54.0,3.0162
2024-25,26,Dadra and Nagar Haveli,2024-10,2024-10-01,3197.0,145684.0,6780.3174,4062.0,513983.0,21372.3583,6059.0,221765.0,17220.9492
2024-25,27,Maharashtra,2024-10,2024-10-01,182422.0,12176482.0,250654.2837,133102.0,5763736.0,193385.21219999998,249039.0,4559003.0,193519.7046
2024-25,29,Karnataka,2024-10,2024-10-01,121802.0,7527579.0,119612.8143,63271.0,3247540.0,87984.9677,137353.0,2733514.0,99557.00039999999
2024-25,30,Goa,2024-10,2024-10-01,2215.0,164934.0,2477.7406,2026.0,71855.0,5916.6376,9425.0,179224.0,5870.7022
2024-25,31,Lakshadweep,2024-10,2024-10-01,1.0,1.0,0.014499999999999999,1.0,3.0,0.057800000000000004,72.0,662.0,10.5022
2024-25,32,Kerala,2024-10,2024-10-01,47231.0,1988475.0,29173.675600000002,19097.0,245854.0,11214.5697,61039.0,839391.0,22268.505699999998
2024-25,33,Tamil Nadu,2024-10,2024-10-01,140158.0,8245114.0,155565.5988,80419.0,2721221.0,120729.7466,137307.0,2918332.0,111696.4037
2024-25,34,Puducherry,2024-10,2024-10-01,1419.0,54773.0,1769.0493,2289.0,133877.0,4613.1039,6571.0,150869.0,4061.2275
2024-25,35,ANDAMAN AND NICOBAR,2024-10,2024-10-01,99.0,2804.0,51.242399999999996,136.0,693.0,82.3381,1212.0,12812.0,330.7713
2024-25,36,Telangana,2024-10,2024-10-01,54710.0,3710305.0,53730.709800000004,37175.0,1051047.0,42970.4851,74469.0,1765209.0,52448.871
2024-25,37,Andhra Pradesh,2024-10,2024-10-01,37645.0,2424981.0,39047.3594,23792.0,564328.0,42781.875499999995,79204.0,1217075.0,44396.302800000005
2024-25,38,Ladakh,2024-10,2024-10-01,198.0,2938.0,98.8474,148.0,844.0,71.2231,2030.0,25030.0,707.6969
2024-25,97,Other Territory,2024-10,2024-10-01,6.0,167.0,465.5252,44.0,3375.0,585.1151,221.0,14653.0,2667.4928999999997
2024-25,01,Jammu and Kashmir,2024-09,2024-09-01,9258.0,303000.0,5040.2644,4539.0,53388.0,3730.961,22470.0,276743.0,8206.1499
2024-25,02,Himachal Pradesh,2024-09,2024-09-01,10047.0,350994.0,7425.7056,6380.0,342152.0,14708.4574,27053.0,422427.0,12477.9902
2024-25,03,Punjab,2024-09,2024-09-01,77888.0,2608795.0,56935.87820000001,57587.0,1463385.0,41198.9781,81820.0,1268723.0,41790.836299999995
2024-25,04,Chandigarh,2024-09,2024-09-01,2512.0,33005.0,558.3116,5434.0,107043.0,2098.3692,9467.0,198643.0,3583.9728999999998
2024-25,05,Uttarakhand,2024-09,2024-09-01,15859.0,819718.0,14544.208400000001,10651.0,458829.0,22941.5215,33044.0,678935.0,19278.714099999997
2024-25,06,Haryana,2024-09,2024-09-01,88150.0,5370683.0,83503.1109,76710.0,6865927.0,117411.8046,122846.0,3424642.0,116797.37980000001
2024-25,07,Delhi,2024-09,2024-09-01,81305.0,1374437.0,43209.2443,138410.0,2496353.0,61391.6579,150263.0,3846433.0,71527.1305
2024-25,08,Rajasthan,2024-09,2024-09-01,68428.0,2016668.0,50857.9356,58637.0,1723259.0,52335.2518,120243.0,1809621.0,63703.628099999994
2024-25,09,Uttar Pradesh,2024-09,2024-09-01,156280.0,6365992.0,104668.7942,103001.0,2612989.0,92116.0792,233910.0,3904025.0,113577.2124
2024-25,10,Bihar,2024-09,2024-09-01,14239.0,804969.0,14623.393,10362.0,142939.0,5087.5307,70508.0,1052222.0,23282.0251
2024-25,11,Sikkim,2024-09,2024-09-01,191.0,5523.0,104.12200000000001,219.0,7136.0,3417.1328000000003,2787.0,51444.0,1177.3328999999999
2024-25,12,Arunachal Pradesh,2024-09,2024-09-01,344.0,6359.0,147.3291,332.0,3249.0,201.8628,4075.0,43892.0,923.5172
2024-25,13,Nagaland,2024-09,2024-09-01,237.0,3351.0,76.4144,368.0,3375.0,142.489,2959.0,36245.0,653.9452
2024-25,14,Manipur,2024-09,2024-09-01,182.0,4062.0,146.2529,209.0,3696.0,272.0818,2801.0,32782.0,739.1808
2024-25,15,Mizoram,2024-09,2024-09-01,65.0,1611.0,24.8845,105.0,1225.0,20.9661,2132.0,25852.0,450.9196
2024-25,16,Tripura,2024-09,2024-09-01,2153.0,46621.0,1055.4385,663.0,4196.0,433.00260000000003,5424.0,51371.0,1290.1458
2024-25,17,Meghalaya,2024-09,2024-09-01,600.0,20996.0,449.8519,562.0,28613.0,569.714,4129.0,52169.0,1214.3589
2024-25,18,Assam,2024-09,2024-09-01,16150.0,632878.0,12344.760400000001,12010.0,228282.0,9103.4189,31302.0,526354.0,14611.921
2024-25,19,West Bengal,2024-09,2024-09-01,63168.0,3364246.0,68840.4028,49100.0,1314152.0,49421.0217,77887.0,1616912.0,62314.4582
2024-25,20,Jharkhand,2024-09,2024-09-01,12102.0,686664.0,16350.0198,9610.0,274041.0,18426.7853,32971.0,569962.0,18989.2493
2024-25,21,Odisha,2024-09,2024-09-01,20332.0,1233960.0,25648.742299999998,8364.0,373209.0,32600.171400000003,39681.0,589638.0,25554.671400000003
2024-25,22,Chhattisgarh,2024-09,2024-09-01,16650.0,760528.0,20899.3402,10538.0,265312.0,20072.280600000002,29507.0,590304.0,20166.4996
2024-25,23,Madhya Pradesh,2024-09,2024-09-01,30122.0,1221072.0,25325.7476,25000.0,648696.0,31074.2401,87303.0,1218040.0,40937.6698
2024-25,24,Gujarat,2024-09,2024-09-01,190631.0,6431377.0,171139.6509,155332.0,5763918.0,161622.4877,163024.0,2579807.0,120653.008
2024-25,25,Daman and Diu,2024-09,2024-09-01,0.0,0.0,0.0,1.0,1.0,0.0321,27.0,35.0,1.1687
2024-25,26,Dadra and Nagar Haveli,2024-09,2024-09-01,3143.0,143471.0,6546.9185,4051.0,499729.0,21357.764,5810.0,209201.0,17257.5739
2024-25,27,Maharashtra,2024-09,2024-09-01,173737.0,10638173.0,228768.7774,128272.0,5545151.0,188647.9621,236530.0,4160120.0,191796.9025
2024-25,29,Karnataka,2024-09,2024-09-01,121636.0,7045289.0,124808.86349999999,61815.0,3058626.0,92876.89730000001,133463.0,2690748.0,103296.1261
2024-25,30,Goa,2024-09,2024-09-01,2150.0,137509.0,2066.7524,1909.0,67747.0,5589.0664,8479.0,158021.0,5458.4607
2024-25,31,Lakshadweep,2024-09,2024-09-01,0.0,0.0,0.0,0.0,0.0,0.0,65.0,476.0,8.120800000000001
2024-25,32,Kerala,2024-09,2024-09-01,47194.0,2014178.0,30255.8973,18216.0,233419.0,10818.940900000001,59763.0,824243.0,22793.9362
2024-25,33,Tamil Nadu,2024-09,2024-09-01,140391.0,8178215.0,154831.407,80295.0,2707713.0,115598.4148,137353.0,2928830.0,120008.8158
2024-25,34,Puducherry,2024-09,2024-09-01,1367.0,53999.0,1940.8501,2274.0,137236.0,5054.3782,6477.0,150646.0,4435.9586
2024-25,35,ANDAMAN AND NICOBAR,2024-09,2024-09-01,107.0,2583.0,56.314499999999995,118.0,314.0,57.0395,1227.0,14035.0,314.7858
2024-25,36,Telangana,2024-09,2024-09-01,53741.0,3506779.0,52742.615099999995,36159.0,1017737.0,42084.065599999994,73648.0,1763387.0,53520.3474
2024-25,37,Andhra Pradesh,2024-09,2024-09-01,36552.0,2219590.0,38581.4777,23082.0,563608.0,43086.2564,77055.0,1122499.0,43245.0133
2024-25,38,Ladakh,2024-09,2024-09-01,189.0,3518.0,116.1727,134.0,510.0,29.0431,1961.0,25506.0,625.4127
2024-25,97,Other Territory,2024-09,2024-09-01,5.0,129.0,28.5114,39.0,3407.0,616.8655,218.0,13731.0,2412.993
2024-25,01,Jammu and Kashmir,2024-08,2024-08-01,9276.0,313163.0,5165.972,4591.0,54642.0,3744.0362,21567.0,234072.0,8038.149
2024-25,02,Himachal Pradesh,2024-08,2024-08-01,9879.0,345390.0,7279.400799999999,6250.0,340909.0,15023.7413,24868.0,396613.0,12162.648899999998
2024-25,03,Punjab,2024-08,2024-08-01,76293.0,2515734.0,54940.4805,54842.0,1294089.0,38975.3041,78248.0,1175963.0,39315.0964
2024-25,04,Chandigarh,2024-08,2024-08-01,2438.0,32846.0,543.6635,5336.0,100656.0,2042.0607,9183.0,187863.0,3415.3396999999995
2024-25,05,Uttarakhand,2024-08,2024-08-01,15642.0,759519.0,13260.0912,10365.0,445492.0,21784.501600000003,30995.0,627830.0,18968.0866
2024-25,06,Haryana,2024-08,2024-08-01,85502.0,4915356.0,75216.5799,75126.0,6534053.0,105335.12869999999,118411.0,2915770.0,101581.1713
2024-25,07,Delhi,2024-08,2024-08-01,79147.0,1293065.0,41536.831600000005,134185.0,2169218.0,56696.345499999996,141131.0,3661681.0,65489.5312
2024-25,08,Rajasthan,2024-08,2024-08-01,64983.0,1823316.0,44264.960199999994,56259.0,1587424.0,48117.7845,110069.0,1589570.0,57546.489199999996
2024-25,09,Uttar Pradesh,2024-08,2024-08-01,151722.0,5896787.0,98751.57560000001,98909.0,2239118.0,86395.7047,216569.0,3526105.0,108951.40310000001
2024-25,10,Bihar,2024-08,2024-08-01,13933.0,810350.0,14007.3457,9928.0,126050.0,4542.6623,63849.0,862557.0,20666.1685
2024-25,11,Sikkim,2024-08,2024-08-01,186.0,5825.0,80.2783,210.0,7238.0,3520.6278,2415.0,44619.0,1164.9397999999999
2024-25,12,Arunachal Pradesh,2024-08,2024-08-01,376.0,6858.0,146.2718,308.0,3035.0,168.0625,4073.0,43954.0,899.8527
2024-25,13,Nagaland,2024-08,2024-08-01,241.0,3409.0,98.70309999999999,363.0,3273.0,134.8368,2903.0,35577.0,630.7621
2024-25,14,Manipur,2024-08,2024-08-01,191.0,4157.0,170.3459,218.0,3060.0,287.3012,2819.0,32740.0,677.0749000000001
2024-25,15,Mizoram,2024-08,2024-08-01,61.0,1661.0,25.964899999999997,116.0,1251.0,22.6881,2192.0,28955.0,471.3539
2024-25,16,Tripura,2024-08,2024-08-01,2045.0,37961.0,841.7656,612.0,4142.0,437.865,5234.0,51249.0,1006.3294000000001
2024-25,17,Meghalaya,2024-08,2024-08-01,583.0,18731.0,352.9418,547.0,28101.0,582.036,4017.0,48974.0,1166.1995
2024-25,18,Assam,2024-08,2024-08-01,16170.0,640744.0,12215.0007,11724.0,228095.0,8717.6999,30019.0,462472.0,13508.0432
2024-25,19,West Bengal,2024-08,2024-08-01,62698.0,3186824.0,64910.8219,47841.0,1154594.0,47164.142199999995,76716.0,1599637.0,57523.0932
2024-25,20,Jharkhand,2024-08,2024-08-01,11890.0,671733.0,15594.086399999998,9094.0,247350.0,17214.7775,30842.0,513360.0,18887.4172
2024-25,21,Odisha,2024-08,2024-08-01,20472.0,1240052.0,25613.754100000002,8324.0,343444.0,31808.5484,38595.0,539617.0,24534.3598
2024-25,22,Chhattisgarh,2024-08,2024-08-01,16177.0,727498.0,19932.723400000003,10176.0,250144.0,19889.3126,27743.0,579139.0,18882.4892
2024-25,23,Madhya Pradesh,2024-08,2024-08-01,28694.0,1146312.0,21959.341099999998,23836.0,587875.0,28349.627099999998,81139.0,1121452.0,37713.9978
2024-25,24,Gujarat,2024-08,2024-08-01,184119.0,5905742.0,154131.48,151967.0,5209396.0,147080.8,155266.0,2443961.0,117164.8083
2024-25,25,Daman and Diu,2024-08,2024-08-01,0.0,0.0,0.0,0.0,0.0,0.0,33.0,42.0,1.3744999999999998
2024-25,26,Dadra and Nagar Haveli,2024-08,2024-08-01,3131.0,139439.0,6302.467900000001,3994.0,480926.0,20419.2638,5810.0,209448.0,16599.5295
2024-25,27,Maharashtra,2024-08,2024-08-01,173747.0,10725722.0,226802.7915,128462.0,5476926.0,181227.1018,231841.0,3984710.0,184175.1888
2024-25,29,Karnataka,2024-08,2024-08-01,123138.0,7156392.0,117836.1808,62685.0,2960039.0,83687.802,133822.0,2765122.0,100028.131
2024-25,30,Goa,2024-08,2024-08-01,2191.0,154149.0,2513.6381,1980.0,74015.0,5733.933000000001,8689.0,165802.0,5618.9768
2024-25,31,Lakshadweep,2024-08,2024-08-01,0.0,0.0,0.0,1.0,1.0,0.025,45.0,537.0,8.8354
2024-25,32,Kerala,2024-08,2024-08-01,48884.0,2223935.0,32616.8469,18704.0,247422.0,11080.3815,63864.0,1034627.0,26012.306200000003
2024-25,33,Tamil Nadu,2024-08,2024-08-01,141924.0,8348912.0,157165.229,82252.0,2798442.0,109663.3819,134524.0,2708535.0,114330.5698
2024-25,34,Puducherry,2024-08,2024-08-01,1376.0,57729.0,2007.0498,2286.0,138477.0,4854.7067,6429.0,146671.0,4550.3963
2024-25,35,ANDAMAN AND NICOBAR,2024-08,2024-08-01,111.0,2921.0,59.8089,116.0,420.0,79.6886,1202.0,12455.0,264.8313
2024-25,36,Telangana,2024-08,2024-08-01,54764.0,3660079.0,52110.790499999996,36593.0,1036523.0,41562.8972,74274.0,1735576.0,52082.6622
2024-25,37,Andhra Pradesh,2024-08,2024-08-01,37180.0,2310044.0,38545.119399999996,23559.0,566905.0,42771.445999999996,77632.0,1152231.0,43506.3779
2024-25,38,Ladakh,2024-08,2024-08-01,189.0,3963.0,97.0714,117.0,569.0,38.0148,1974.0,25618.0,659.4307000000001
2024-25,97,Other Territory,2024-08,2024-08-01,7.0,152.0,34.3779,27.0,2901.0,522.0426,223.0,12690.0,2296.4043
2024-25,01,Jammu and Kashmir,2024-07,2024-07-01,9208.0,327851.0,5349.9506,4570.0,57705.0,3964.3164,21634.0,241950.0,8006.2017000000005
2024-25,02,Himachal Pradesh,2024-07,2024-07-01,9950.0,360611.0,7544.7163,6379.0,353770.0,14677.043,25138.0,402466.0,12315.453000000001
2024-25,03,Punjab,2024-07,2024-07-01,75276.0,2510908.0,54319.5922,53739.0,1211888.0,37817.413199999995,76980.0,1125557.0,39197.696
2024-25,04,Chandigarh,2024-07,2024-07-01,2501.0,33284.0,525.9794,5362.0,103815.0,2166.3298,9186.0,194912.0,3347.6054999999997
2024-25,05,Uttarakhand,2024-07,2024-07-01,15426.0,774820.0,13111.3077,10071.0,398906.0,19191.1811,29345.0,599878.0,17654.904599999998
2024-25,06,Haryana,2024-07,2024-07-01,86311.0,5063060.0,76157.0173,74840.0,6609242.0,103809.2859,118841.0,3224884.0,102168.4493
2024-25,07,Delhi,2024-07,2024-07-01,79314.0,1292771.0,42412.6134,133607.0,2513652.0,55901.9453,141569.0,3583655.0,64734.021100000005
2024-25,08,Rajasthan,2024-07,2024-07-01,67840.0,2041382.0,48235.00889999999,58241.0,1641569.0,51670.3756,113943.0,1635819.0,59954.8445
2024-25,09,Uttar Pradesh,2024-07,2024-07-01,149520.0,5927510.0,97278.3452,96803.0,2096308.0,83297.9108,212909.0,3413089.0,105640.2824
2024-25,10,Bihar,2024-07,2024-07-01,13608.0,806262.0,14099.928500000002,9932.0,119498.0,4181.9808,62666.0,859871.0,20217.1553
2024-25,11,Sikkim,2024-07,2024-07-01,179.0,5614.0,91.51350000000001,195.0,7264.0,3562.4684,2216.0,40220.0,1117.7967999999998
2024-25,12,Arunachal Pradesh,2024-07,2024-07-01,345.0,6291.0,135.7163,314.0,2949.0,151.5753,3996.0,41081.0,796.811
2024-25,13,Nagaland,2024-07,2024-07-01,242.0,3889.0,87.54459999999999,370.0,3390.0,145.3683,2850.0,33348.0,622.4565
2024-25,14,Manipur,2024-07,2024-07-01,183.0,4704.0,162.0678,225.0,3268.0,319.3827,2927.0,34513.0,788.3611999999999
2024-25,15,Mizoram,2024-07,2024-07-01,58.0,1939.0,29.3768,123.0,1609.0,29.741300000000003,2180.0,27736.0,497.29540000000003
2024-25,16,Tripura,2024-07,2024-07-01,2138.0,45450.0,929.3241,666.0,4374.0,398.07739999999995,5077.0,48664.0,1132.3297
2024-25,17,Meghalaya,2024-07,2024-07-01,615.0,19765.0,365.5121,562.0,27579.0,585.2692,3995.0,45687.0,1057.1582
2024-25,18,Assam,2024-07,2024-07-01,15788.0,612579.0,11397.4225,11755.0,227896.0,8788.768100000001,28069.0,373863.0,12923.6833
2024-25,19,West Bengal,2024-07,2024-07-01,62281.0,3213171.0,65818.2305,47341.0,1063523.0,47642.657999999996,75525.0,1474443.0,56924.51
2024-25,20,Jharkhand,2024-07,2024-07-01,12127.0,718708.0,16918.165,9350.0,265935.0,18117.7879,30937.0,493567.0,19074.0844
2024-25,21,Odisha,2024-07,2024-07-01,20560.0,1262912.0,26694.428900000003,8437.0,366322.0,33158.2421,38337.0,524507.0,24192.807
2024-25,22,Chhattisgarh,2024-07,2024-07-01,16139.0,764149.0,21025.6059,10316.0,246501.0,20569.8945,28340.0,556795.0,20792.8532
2024-25,23,Madhya Pradesh,2024-07,2024-07-01,29018.0,1259487.0,24183.373900000002,24499.0,611961.0,29287.808100000002,82812.0,1168125.0,38892.6521
2024-25,24,Gujarat,2024-07,2024-07-01,188344.0,6248124.0,165313.388,152149.0,4782282.0,150654.6697,156881.0,2499493.0,119589.5047
2024-25,25,Daman and Diu,2024-07,2024-07-01,0.0,0.0,0.0,0.0,0.0,0.0,32.0,49.0,3.5032
2024-25,26,Dadra and Nagar Haveli,2024-07,2024-07-01,3176.0,142347.0,6047.9048,4025.0,477343.0,20543.9863,5759.0,210631.0,16620.6751
2024-25,27,Maharashtra,2024-07,2024-07-01,172163.0,10452661.0,221412.3744,127113.0,5258731.0,180151.4197,227543.0,3817993.0,177984.1995
2024-25,29,Karnataka,2024-07,2024-07-01,121449.0,6918571.0,113712.4734,61974.0,2917232.0,81850.7838,131536.0,2665619.0,98614.0707
2024-25,30,Goa,2024-07,2024-07-01,2186.0,141594.0,2264.3565,1888.0,71628.0,5400.9914,8104.0,149787.0,5236.7999
2024-25,31,Lakshadweep,2024-07,2024-07-01,0.0,0.0,0.0,2.0,2.0,0.1326,40.0,361.0,4.6799
2024-25,32,Kerala,2024-07,2024-07-01,46597.0,1926748.0,28528.510899999997,18279.0,239433.0,10572.0918,59431.0,903079.0,23301.695699999997
2024-25,33,Tamil Nadu,2024-07,2024-07-01,141661.0,8299254.0,160287.0933,81213.0,2744701.0,109466.9001,134315.0,2682372.0,112046.7656
2024-25,34,Puducherry,2024-07,2024-07-01,1409.0,58415.0,2017.7205999999999,2311.0,140378.0,4704.7433,6465.0,147644.0,4377.2862
2024-25,35,ANDAMAN AND NICOBAR,2024-07,2024-07-01,108.0,2727.0,53.67979999999999,105.0,351.0,66.0315,1164.0,12223.0,243.6313
2024-25,36,Telangana,2024-07,2024-07-01,54715.0,3555848.0,51134.59190000001,36963.0,1035451.0,42084.1597,72795.0,1670885.0,50852.353200000005
2024-25,37,Andhra Pradesh,2024-07,2024-07-01,37231.0,2218858.0,37378.0551,23478.0,566337.0,42896.110199999996,76036.0,1161418.0,42128.643200000006
2024-25,38,Ladakh,2024-07,2024-07-01,169.0,3413.0,81.2913,108.0,571.0,21.8657,2040.0,25804.0,693.0664999999999
2024-25,97,Other Territory,2024-07,2024-07-01,8.0,155.0,35.1385,26.0,4781.0,601.6328,217.0,13708.0,2869.2132
2024-25,01,Jammu and Kashmir,2024-06,2024-06-01,8917.0,308309.0,5047.9915,4402.0,55357.0,3906.83,21332.0,237361.0,7845.72
2024-25,02,Himachal Pradesh,2024-06,2024-06-01,9820.0,352342.0,7022.538299999999,6309.0,342852.0,14061.555900000001,24984.0,390616.0,12229.1409
2024-25,03,Punjab,2024-06,2024-06-01,74047.0,2389127.0,53081.2383,52307.0,1187394.0,37058.3184,76146.0,1080474.0,38116.7304
2024-25,04,Chandigarh,2024-06,2024-06-01,2431.0,30594.0,450.9325,5290.0,95513.0,2092.3160000000003,8948.0,179268.0,3529.1447
2024-25,05,Uttarakhand,2024-06,2024-06-01,15635.0,833677.0,14147.5977,10276.0,434181.0,21538.1363,30636.0,637459.0,19276.2108
2024-25,06,Haryana,2024-06,2024-06-01,85050.0,4627021.0,71322.5854,73720.0,6294870.0,101175.4547,117952.0,2476274.0,95933.73939999999
2024-25,07,Delhi,2024-06,2024-06-01,76473.0,1247672.0,39262.1714,130615.0,1827493.0,53329.739,137646.0,3395219.0,62916.7452
2024-25,08,Rajasthan,2024-06,2024-06-01,68301.0,1999090.0,48429.792199999996,57936.0,1622274.0,49828.1597,113648.0,1587248.0,58028.6662
2024-25,09,Uttar Pradesh,2024-06,2024-06-01,148167.0,6070626.0,100353.8246,95837.0,2049426.0,80267.7738,214059.0,3360684.0,102458.9752
2024-25,10,Bihar,2024-06,2024-06-01,13689.0,858390.0,15228.1703,9742.0,114370.0,4235.7751,64585.0,887630.0,21198.673199999997
2024-25,11,Sikkim,2024-06,2024-06-01,191.0,5518.0,81.0184,236.0,6865.0,3387.7246999999998,2401.0,40678.0,1119.1675
2024-25,12,Arunachal Pradesh,2024-06,2024-06-01,360.0,6486.0,132.6891,314.0,3059.0,158.7749,3981.0,41402.0,812.4622999999999
2024-25,13,Nagaland,2024-06,2024-06-01,216.0,3717.0,96.2858,349.0,4528.0,164.6913,2790.0,33383.0,669.0297
2024-25,14,Manipur,2024-06,2024-06-01,176.0,4047.0,168.6681,202.0,2099.0,193.56419999999997,2821.0,31703.0,751.5856
2024-25,15,Mizoram,2024-06,2024-06-01,54.0,1648.0,22.1967,110.0,1507.0,23.1719,2142.0,27247.0,492.9012
2024-25,16,Tripura,2024-06,2024-06-01,2007.0,42491.0,881.7625999999999,631.0,3529.0,317.5098,4643.0,43026.0,1133.5513
2024-25,17,Meghalaya,2024-06,2024-06-01,614.0,18561.0,357.0491,595.0,27738.0,588.1123,3891.0,45989.0,1148.5985
2024-25,18,Assam,2024-06,2024-06-01,15686.0,592222.0,11041.832199999999,11682.0,223389.0,8782.386,27437.0,387485.0,13162.2989
2024-25,19,West Bengal,2024-06,2024-06-01,60069.0,3071265.0,62853.2246,45758.0,987527.0,44865.9415,72677.0,1280299.0,53552.9279
2024-25,20,Jharkhand,2024-06,2024-06-01,12162.0,725262.0,16816.4593,9693.0,267870.0,18972.6288,30814.0,501715.0,19006.282900000002
2024-25,21,Odisha,2024-06,2024-06-01,19946.0,1376666.0,27859.7676,8498.0,382326.0,34046.8468,38209.0,522394.0,24857.656499999997
2024-25,22,Chhattisgarh,2024-06,2024-06-01,15524.0,778187.0,22588.2046,10360.0,238054.0,20467.288,28262.0,529523.0,21444.633199999997
2024-25,23,Madhya Pradesh,2024-06,2024-06-01,28935.0,1278131.0,26439.94,24286.0,604407.0,29571.3436,82980.0,1128594.0,40069.400499999996
2024-25,24,Gujarat,2024-06,2024-06-01,186546.0,6141048.0,165347.2807,150678.0,4493931.0,149345.5597,154531.0,2367894.0,114872.0657
2024-25,25,Daman and Diu,2024-06,2024-06-01,0.0,0.0,0.0,1.0,2.0,0.1001,29.0,44.0,1.9606999999999999
2024-25,26,Dadra and Nagar Haveli,2024-06,2024-06-01,3151.0,137334.0,6253.6515,4024.0,478154.0,20595.5109,5838.0,207638.0,17266.87
2024-25,27,Maharashtra,2024-06,2024-06-01,169506.0,10105984.0,216518.6771,124852.0,5001516.0,176161.9711,225202.0,3596699.0,167603.61539999998
2024-25,29,Karnataka,2024-06,2024-06-01,118204.0,6462724.0,109867.03880000001,59742.0,2646208.0,80979.9056,129207.0,2465880.0,94030.92369999998
2024-25,30,Goa,2024-06,2024-06-01,2147.0,132327.0,2268.0026000000003,1904.0,74311.0,5524.608,8212.0,152601.0,5540.469
2024-25,31,Lakshadweep,2024-06,2024-06-01,0.0,0.0,0.0,0.0,0.0,0.0,40.0,288.0,3.3457999999999997
2024-25,32,Kerala,2024-06,2024-06-01,46082.0,1847754.0,27318.286200000002,17718.0,225850.0,10103.284300000001,58611.0,815988.0,21637.020299999996
2024-25,33,Tamil Nadu,2024-06,2024-06-01,137063.0,7703219.0,149725.3208,78649.0,2599774.0,105264.67210000001,130381.0,2601686.0,105851.4391
2024-25,34,Puducherry,2024-06,2024-06-01,1362.0,53937.0,1869.5266000000001,2259.0,132488.0,4738.8315,6343.0,139384.0,4060.7359
2024-25,35,ANDAMAN AND NICOBAR,2024-06,2024-06-01,96.0,2370.0,45.9623,122.0,341.0,53.0353,1119.0,10932.0,241.75009999999997
2024-25,36,Telangana,2024-06,2024-06-01,53523.0,3274373.0,50817.8834,35966.0,966688.0,39990.0726,70424.0,1560654.0,48868.9378
2024-25,37,Andhra Pradesh,2024-06,2024-06-01,36167.0,2115164.0,35579.6827,22592.0,559775.0,42843.5915,73429.0,1056529.0,40081.6322
2024-25,38,Ladakh,2024-06,2024-06-01,177.0,3210.0,79.9125,91.0,650.0,24.2088,2115.0,26354.0,658.3858
2024-25,97,Other Territory,2024-06,2024-06-01,7.0,148.0,24.396,27.0,2695.0,486.9203,223.0,13363.0,2781.2286
2024-25,01,Jammu and Kashmir,2024-05,2024-05-01,9356.0,338580.0,5550.2020999999995,4650.0,59703.0,3942.4353,22579.0,261638.0,8479.300500000001
2024-25,02,Himachal Pradesh,2024-05,2024-05-01,10109.0,373352.0,7557.0922,6579.0,359601.0,14895.993999999999,25928.0,405580.0,12462.5119
2024-25,03,Punjab,2024-05,2024-05-01,76675.0,2543269.0,56588.9335,54184.0,1256258.0,38951.0098,78663.0,1134968.0,39802.0206
2024-25,04,Chandigarh,2024-05,2024-05-01,2516.0,33520.0,488.0222,5390.0,105202.0,2140.0276,9236.0,186677.0,3455.9366999999997
2024-25,05,Uttarakhand,2024-05,2024-05-01,16080.0,883910.0,14736.367,10772.0,457806.0,23032.423,32138.0,668615.0,20085.2221
2024-25,06,Haryana,2024-05,2024-05-01,86236.0,4926315.0,77045.8443,75256.0,6168288.0,104748.1073,120202.0,2573248.0,97133.4357
2024-25,07,Delhi,2024-05,2024-05-01,78170.0,1347834.0,42091.260700000006,134861.0,1939200.0,55026.759900000005,141836.0,3368013.0,63768.8029
2024-25,08,Rajasthan,2024-05,2024-05-01,70202.0,2098564.0,51520.43519999999,59854.0,1748307.0,53272.2724,117553.0,1654376.0,62166.688799999996
2024-25,09,Uttar Pradesh,2024-05,2024-05-01,152781.0,6449703.0,111587.8481,99289.0,2167173.0,82848.7025,224025.0,3416442.0,106348.22300000001
2024-25,10,Bihar,2024-05,2024-05-01,14488.0,889604.0,15863.47,10534.0,128123.0,4586.433,67636.0,845365.0,22147.868
2024-25,11,Sikkim,2024-05,2024-05-01,221.0,13183.0,274.66540000000003,248.0,7159.0,3350.0927,2665.0,52219.0,1192.1275
2024-25,12,Arunachal Pradesh,2024-05,2024-05-01,345.0,7216.0,140.7497,336.0,3034.0,152.9423,4372.0,49217.0,992.6327
2024-25,13,Nagaland,2024-05,2024-05-01,234.0,4187.0,101.3208,368.0,4544.0,165.02939999999998,2979.0,38007.0,729.6874
2024-25,14,Manipur,2024-05,2024-05-01,192.0,4421.0,161.0928,199.0,2277.0,228.4768,2955.0,36190.0,851.4643
2024-25,15,Mizoram,2024-05,2024-05-01,69.0,2277.0,42.1695,117.0,1189.0,32.9429,2252.0,29974.0,553.8093
2024-25,16,Tripura,2024-05,2024-05-01,2048.0,48199.0,911.3579,668.0,3977.0,338.8125,5155.0,49183.0,1187.7051
2024-25,17,Meghalaya,2024-05,2024-05-01,600.0,22109.0,416.82989999999995,661.0,34463.0,678.8613,4129.0,52338.0,1279.0118
2024-25,18,Assam,2024-05,2024-05-01,16360.0,682165.0,12608.288400000001,12337.0,247398.0,8799.0397,30180.0,443324.0,14413.5712
2024-25,19,West Bengal,2024-05,2024-05-01,61589.0,3220626.0,66792.86660000001,46890.0,1047178.0,47478.191399999996,75159.0,1391989.0,56098.0721
2024-25,20,Jharkhand,2024-05,2024-05-01,12568.0,735488.0,17300.778700000003,10269.0,282730.0,19244.0107,31518.0,514174.0,19651.9663
2024-25,21,Odisha,2024-05,2024-05-01,20816.0,1469932.0,30530.657400000004,8770.0,412523.0,35265.0969,40335.0,607674.0,26358.091
2024-25,22,Chhattisgarh,2024-05,2024-05-01,11577.0,510885.0,16267.186200000002,10199.0,243401.0,22279.733900000003,29003.0,548558.0,21538.0916
2024-25,23,Madhya Pradesh,2024-05,2024-05-01,29804.0,1257729.0,26117.322799999998,25121.0,630514.0,30099.105,84638.0,1138693.0,40627.2898
2024-25,24,Gujarat,2024-05,2024-05-01,187572.0,6332256.0,172745.3166,152417.0,4557195.0,155338.06769999999,157387.0,2389650.0,116006.2158
2024-25,25,Daman and Diu,2024-05,2024-05-01,0.0,0.0,0.0,0.0,0.0,0.0,38.0,65.0,2.4221
2024-25,26,Dadra and Nagar Haveli,2024-05,2024-05-01,3170.0,138253.0,6218.8727,4092.0,478417.0,20260.2201,5895.0,210280.0,15954.2966
2024-25,27,Maharashtra,2024-05,2024-05-01,170672.0,10221546.0,220645.76320000002,127361.0,5072808.0,178800.8939,229523.0,3654901.0,167819.3334
2024-25,29,Karnataka,2024-05,2024-05-01,119544.0,6679998.0,112082.2648,60326.0,2668586.0,82730.9054,131274.0,2527131.0,94867.2134
2024-25,30,Goa,2024-05,2024-05-01,2205.0,138956.0,2735.5231,2015.0,75426.0,5914.278499999999,8593.0,169812.0,6611.4886
2024-25,31,Lakshadweep,2024-05,2024-05-01,0.0,0.0,0.0,2.0,3.0,0.1204,59.0,717.0,12.3772
2024-25,32,Kerala,2024-05,2024-05-01,47684.0,2084008.0,29833.1522,18514.0,237453.0,10708.1334,60970.0,859324.0,23120.2271
2024-25,33,Tamil Nadu,2024-05,2024-05-01,137737.0,7877276.0,151197.5785,80039.0,2680038.0,107205.12039999999,131721.0,2587998.0,107254.8618
2024-25,34,Puducherry,2024-05,2024-05-01,1393.0,55863.0,2251.3307,2303.0,137344.0,4698.5784,6406.0,143809.0,4194.2885
2024-25,35,ANDAMAN AND NICOBAR,2024-05,2024-05-01,105.0,2932.0,57.39,123.0,436.0,83.5886,1194.0,12209.0,278.6084
2024-25,36,Telangana,2024-05,2024-05-01,53967.0,3243990.0,50076.860199999996,36550.0,961295.0,39756.619399999996,70621.0,1466960.0,48706.8235
2024-25,37,Andhra Pradesh,2024-05,2024-05-01,37981.0,2186704.0,35794.1695,23522.0,564918.0,41892.7952,74282.0,1064868.0,40323.126299999996
2024-25,38,Ladakh,2024-05,2024-05-01,169.0,2805.0,66.0747,91.0,451.0,22.0575,2152.0,24546.0,666.0467
2024-25,97,Other Territory,2024-05,2024-05-01,8.0,132.0,24.5473,34.0,2616.0,491.44379999999995,206.0,14545.0,2926.1653
2024-25,01,Jammu and Kashmir,2024-04,2024-04-01,8692.0,283308.0,4814.6,3633.0,42481.0,3137.0121999999997,21662.0,238554.0,7241.7386
2024-25,02,Himachal Pradesh,2024-04,2024-04-01,10033.0,339155.0,6801.4128,6358.0,311785.0,13138.9515,26695.0,383805.0,11653.5648
2024-25,03,Punjab,2024-04,2024-04-01,76993.0,2320028.0,51637.30929999999,53694.0,1178035.0,36450.722799999996,78824.0,1111530.0,36427.0951
2024-25,04,Chandigarh,2024-04,2024-04-01,2438.0,29790.0,509.1386,5323.0,96945.0,2032.8587,9136.0,171196.0,3283.2924
2024-25,05,Uttarakhand,2024-04,2024-04-01,15440.0,772303.0,12953.5198,10304.0,399741.0,20726.7622,31915.0,583342.0,17810.588600000003
2024-25,06,Haryana,2024-04,2024-04-01,84568.0,4441143.0,72450.0611,73567.0,5706809.0,98949.9626,118085.0,2435536.0,92053.41560000001
2024-25,07,Delhi,2024-04,2024-04-01,76084.0,1220115.0,38505.7129,132739.0,1882719.0,51419.0472,138723.0,3155182.0,59745.2571
2024-25,08,Rajasthan,2024-04,2024-04-01,67857.0,1871645.0,47657.6037,58394.0,1624901.0,49931.0289,116091.0,1632359.0,64820.8097
2024-25,09,Uttar Pradesh,2024-04,2024-04-01,148425.0,5923427.0,100137.41050000001,96162.0,1990268.0,74557.6787,222327.0,3438341.0,99928.0889
2024-25,10,Bihar,2024-04,2024-04-01,14124.0,814879.0,14787.2546,10149.0,117276.0,4472.4001,67672.0,872308.0,21357.5359
2024-25,11,Sikkim,2024-04,2024-04-01,196.0,12011.0,259.9996,222.0,6571.0,3080.6811,2553.0,45266.0,1116.7326
2024-25,12,Arunachal Pradesh,2024-04,2024-04-01,347.0,6003.0,137.4244,302.0,2774.0,128.1354,4033.0,39973.0,853.3195
2024-25,13,Nagaland,2024-04,2024-04-01,226.0,3752.0,93.2703,338.0,4474.0,134.8218,2885.0,32136.0,657.8363
2024-25,14,Manipur,2024-04,2024-04-01,188.0,4516.0,133.2726,190.0,2366.0,170.3919,2912.0,33966.0,809.4455
2024-25,15,Mizoram,2024-04,2024-04-01,68.0,2206.0,33.5862,119.0,1335.0,37.0523,2216.0,28152.0,539.4259999999999
2024-25,16,Tripura,2024-04,2024-04-01,2112.0,50270.0,1033.1136999999999,621.0,3659.0,371.783,5002.0,46730.0,1236.2502
2024-25,17,Meghalaya,2024-04,2024-04-01,611.0,23211.0,540.7407,637.0,34874.0,682.9705,4201.0,52637.0,1474.2016
2024-25,18,Assam,2024-04,2024-04-01,15809.0,626462.0,11891.643600000001,11688.0,222978.0,7806.2529,28884.0,407183.0,13965.6033
2024-25,19,West Bengal,2024-04,2024-04-01,60386.0,3130060.0,65384.9294,45875.0,1009535.0,44805.581399999995,73460.0,1275519.0,52081.2036
2024-25,20,Jharkhand,2024-04,2024-04-01,12256.0,704269.0,16891.1121,9916.0,261586.0,18137.8464,31372.0,502082.0,18356.4243
2024-25,21,Odisha,2024-04,2024-04-01,20554.0,1388961.0,28320.575,8546.0,374501.0,32732.3971,39782.0,546289.0,26980.685899999997
2024-25,22,Chhattisgarh,2024-04,2024-04-01,9499.0,434019.0,13935.1679,9991.0,235916.0,21105.925499999998,28621.0,553973.0,19801.6674
2024-25,23,Madhya Pradesh,2024-04,2024-04-01,29245.0,1115815.0,23075.572999999997,24420.0,585730.0,28457.7123,83799.0,1161075.0,37944.739
2024-25,24,Gujarat,2024-04,2024-04-01,185012.0,5940300.0,160254.1292,152000.0,5003635.0,146834.29570000002,153854.0,2211987.0,109348.7981
2024-25,25,Daman and Diu,2024-04,2024-04-01,0.0,0.0,0.0,1.0,1.0,0.0083,20.0,35.0,0.9388
2024-25,26,Dadra and Nagar Haveli,2024-04,2024-04-01,3145.0,129592.0,4899.9385,3989.0,453364.0,18319.1281,5806.0,195697.0,14477.0076
2024-25,27,Maharashtra,2024-04,2024-04-01,168013.0,9572870.0,206782.93230000001,125294.0,4734699.0,166707.9994,226561.0,3566560.0,160274.139
2024-25,29,Karnataka,2024-04,2024-04-01,116946.0,6084668.0,99964.8607,58695.0,2469637.0,75021.7551,127193.0,2313272.0,87236.4666
2024-25,30,Goa,2024-04,2024-04-01,2174.0,125800.0,2347.8357,1949.0,69895.0,5508.6146,8533.0,152527.0,5296.5014
2024-25,31,Lakshadweep,2024-04,2024-04-01,0.0,0.0,0.0,3.0,5.0,0.2034,55.0,526.0,8.4952
2024-25,32,Kerala,2024-04,2024-04-01,46914.0,1930040.0,27578.230499999998,17352.0,213483.0,9491.2671,58492.0,730350.0,20375.2382
2024-25,33,Tamil Nadu,2024-04,2024-04-01,136582.0,7484873.0,143151.69150000002,78931.0,2461990.0,101529.7941,127687.0,2352984.0,99645.2959
2024-25,34,Puducherry,2024-04,2024-04-01,1402.0,52329.0,1687.9287,2276.0,125524.0,4111.766,6338.0,133285.0,3689.4509000000003
2024-25,35,ANDAMAN AND NICOBAR,2024-04,2024-04-01,102.0,2943.0,74.429,105.0,355.0,58.865,1170.0,12191.0,282.3238
2024-25,36,Telangana,2024-04,2024-04-01,52757.0,3073839.0,46906.5978,36004.0,911708.0,38228.9162,68908.0,1465010.0,44996.5308
2024-25,37,Andhra Pradesh,2024-04,2024-04-01,38910.0,2137577.0,35427.997599999995,23730.0,540880.0,40524.7408,74079.0,1035719.0,39308.003300000004
2024-25,38,Ladakh,2024-04,2024-04-01,103.0,979.0,18.3843,34.0,81.0,6.0915,1021.0,7499.0,206.01409999999998
2024-25,97,Other Territory,2024-04,2024-04-01,6.0,121.0,23.7998,26.0,4245.0,500.9715,211.0,13358.0,2774.3803000000003
2025-26,01,Jammu and Kashmir,2026-02,2026-02-01,10926.0,336593.0,6184.658399999999,4261.0,54741.0,3663.2069,23096.0,356323.0,8742.885600000001
2025-26,02,Himachal Pradesh,2026-02,2026-02-01,10919.0,367486.0,8055.1685,6855.0,364466.0,16271.1797,26593.0,452002.0,13586.652900000001
2025-26,03,Punjab,2026-02,2026-02-01,87128.0,3203708.0,64245.6155,56966.0,1657295.0,45033.4514,88499.0,1520731.0,47150.7796
2025-26,04,Chandigarh,2026-02,2026-02-01,2691.0,30866.0,600.3655,5535.0,129981.0,2589.3141,9578.0,267911.0,3976.3826
2025-26,05,Uttarakhand,2026-02,2026-02-01,17845.0,1177831.0,17196.9842,11551.0,538184.0,25151.0924,34899.0,797056.0,23389.757200000004
2025-26,06,Haryana,2026-02,2026-02-01,98351.0,6015680.0,95901.5657,84951.0,7410157.0,135536.0897,134983.0,3567134.0,124455.2077
2025-26,07,Delhi,2026-02,2026-02-01,88216.0,1511201.0,57777.797999999995,146438.0,2518736.0,73201.2856,156169.0,4908697.0,79920.24900000001
2025-26,08,Rajasthan,2026-02,2026-02-01,77375.0,2680186.0,64833.9042,64086.0,2037731.0,62851.1876,128613.0,2000635.0,73814.771
2025-26,09,Uttar Pradesh,2026-02,2026-02-01,178437.0,7925238.0,130957.3869,112688.0,3500269.0,102799.4032,257459.0,4195188.0,131417.80109999998
2025-26,10,Bihar,2026-02,2026-02-01,17957.0,1330481.0,19387.1373,12353.0,176828.0,6720.2717,80576.0,1331068.0,28026.1883
2025-26,11,Sikkim,2026-02,2026-02-01,242.0,7263.0,115.65469999999999,263.0,8375.0,3578.7996000000003,3192.0,67424.0,1296.4689
2025-26,12,Arunachal Pradesh,2026-02,2026-02-01,482.0,11206.0,377.66720000000004,439.0,7371.0,586.3226,4752.0,51260.0,1200.5591
2025-26,13,Nagaland,2026-02,2026-02-01,288.0,4447.0,116.4255,437.0,4874.0,182.53709999999998,3100.0,40262.0,801.6216000000001
2025-26,14,Manipur,2026-02,2026-02-01,231.0,7775.0,225.597,257.0,2722.0,246.704,3419.0,49325.0,1148.7745
2025-26,15,Mizoram,2026-02,2026-02-01,86.0,3244.0,55.9226,151.0,1317.0,60.4274,2450.0,35025.0,786.5812
2025-26,16,Tripura,2026-02,2026-02-01,2709.0,61347.0,1597.3863000000001,790.0,4685.0,580.0765,5790.0,56234.0,1368.0501000000002
2025-26,17,Meghalaya,2026-02,2026-02-01,826.0,28936.0,537.9854,815.0,49843.0,1052.4084,4476.0,54341.0,1403.0639999999999
2025-26,18,Assam,2026-02,2026-02-01,18184.0,859821.0,14641.4082,13493.0,330059.0,9369.2901,33795.0,577927.0,16396.5254
2025-26,19,West Bengal,2026-02,2026-02-01,68697.0,4790578.0,80631.3915,53248.0,1582152.0,56706.4905,84364.0,1806623.0,64141.0115
2025-26,20,Jharkhand,2026-02,2026-02-01,14765.0,1022499.0,21244.4402,11285.0,354890.0,23440.121499999997,36391.0,803353.0,23029.001800000002
2025-26,21,Odisha,2026-02,2026-02-01,24573.0,1735480.0,36132.9808,9644.0,411978.0,40066.2733,45021.0,724697.0,30434.1273
2025-26,22,Chhattisgarh,2026-02,2026-02-01,19874.0,1081948.0,30270.6258,12600.0,348404.0,27277.4698,32590.0,797985.0,24801.531499999997
2025-26,23,Madhya Pradesh,2026-02,2026-02-01,35156.0,1746596.0,33182.1363,28477.0,751073.0,38430.462,93824.0,1526188.0,50159.6476
2025-26,24,Gujarat,2026-02,2026-02-01,217894.0,8233672.0,228729.2206,167648.0,6609767.0,193006.6637,174842.0,2751268.0,146677.83130000002
2025-26,25,Daman and Diu,2026-02,2026-02-01,0.0,0.0,0.0,0.0,0.0,0.0,32.0,43.0,1.5795
2025-26,26,Dadra and Nagar Haveli,2026-02,2026-02-01,3287.0,135462.0,7484.224399999999,4239.0,486879.0,23312.4102,6239.0,221091.0,19152.934699999998
2025-26,27,Maharashtra,2026-02,2026-02-01,199224.0,14299667.0,295490.4385,140387.0,6381582.0,222158.08510000003,254113.0,4470214.0,213887.8761
2025-26,29,Karnataka,2026-02,2026-02-01,133465.0,9197729.0,139402.7343,67339.0,3298003.0,109314.502,145969.0,3147009.0,118144.6733
2025-26,30,Goa,2026-02,2026-02-01,2479.0,246373.0,2784.1369,2105.0,129528.0,6626.8086,9225.0,191076.0,6291.684300000001
2025-26,31,Lakshadweep,2026-02,2026-02-01,1.0,7.0,0.6928,3.0,30.0,0.40549999999999997,81.0,879.0,12.054
2025-26,32,Kerala,2026-02,2026-02-01,51472.0,2300358.0,73830.4093,20065.0,303191.0,12832.0814,66206.0,1188655.0,27446.631400000002
2025-26,33,Tamil Nadu,2026-02,2026-02-01,151093.0,9278001.0,181859.5966,84897.0,3197975.0,130711.9861,145410.0,3106103.0,134630.2905
2025-26,34,Puducherry,2026-02,2026-02-01,1469.0,59811.0,3343.9368,2320.0,143636.0,6148.8841,6659.0,166186.0,5383.6978
2025-26,35,ANDAMAN AND NICOBAR,2026-02,2026-02-01,115.0,3708.0,67.2282,149.0,1008.0,243.5998,1268.0,13817.0,335.9178
2025-26,36,Telangana,2026-02,2026-02-01,60590.0,4477402.0,63104.474500000004,40635.0,1152354.0,48837.1363,78590.0,1813855.0,61405.7301
2025-26,37,Andhra Pradesh,2026-02,2026-02-01,44582.0,2875954.0,43639.1051,26578.0,680506.0,50600.694299999996,82277.0,1375819.0,52155.1817
2025-26,38,Ladakh,2026-02,2026-02-01,116.0,740.0,40.8475,40.0,105.0,10.1518,457.0,3083.0,107.0097
2025-26,97,Other Territory,2026-02,2026-02-01,8.0,150.0,71.6794,24.0,2766.0,583.3019,208.0,13629.0,3745.6115999999997
2025-26,01,Jammu and Kashmir,2026-01,2026-01-01,10539.0,315223.0,5802.5837,4232.0,56720.0,3555.8842,21820.0,329435.0,8458.150300000001
2025-26,02,Himachal Pradesh,2026-01,2026-01-01,10701.0,370590.0,8097.2674,6758.0,368716.0,16293.899,26098.0,456693.0,14019.279199999999
2025-26,03,Punjab,2026-01,2026-01-01,85882.0,3215792.0,63768.248499999994,57632.0,1649833.0,45145.5043,86800.0,1513025.0,48185.420099999996
2025-26,04,Chandigarh,2026-01,2026-01-01,2593.0,31748.0,589.4437,5426.0,131438.0,2703.5475,9377.0,270180.0,4082.1023
2025-26,05,Uttarakhand,2026-01,2026-01-01,17571.0,1266514.0,17401.7248,11492.0,547443.0,25089.6869,33895.0,827106.0,23276.069900000002
2025-26,06,Haryana,2026-01,2026-01-01,97936.0,6442370.0,98340.53869999999,84568.0,7964931.0,135790.64560000002,133718.0,3703865.0,124100.0322
2025-26,07,Delhi,2026-01,2026-01-01,86285.0,1503045.0,59496.8322,144729.0,2487217.0,72965.5711,155474.0,5253912.0,81539.4212
2025-26,08,Rajasthan,2026-01,2026-01-01,76580.0,2749313.0,65985.2353,63896.0,1982989.0,63337.713200000006,128671.0,2059849.0,74265.38709999999
2025-26,09,Uttar Pradesh,2026-01,2026-01-01,175288.0,8142086.0,128661.31640000001,111963.0,3675453.0,101908.7377,252292.0,4299507.0,131692.48859999998
2025-26,10,Bihar,2026-01,2026-01-01,17116.0,1263972.0,19405.5682,12452.0,179882.0,6934.0311,77697.0,1289638.0,28098.6269
2025-26,11,Sikkim,2026-01,2026-01-01,230.0,6935.0,100.1075,262.0,8199.0,3550.3803000000003,3145.0,69122.0,1285.7345
2025-26,12,Arunachal Pradesh,2026-01,2026-01-01,481.0,10893.0,264.2633,411.0,6052.0,456.81300000000005,4637.0,51222.0,1171.1715
2025-26,13,Nagaland,2026-01,2026-01-01,272.0,3617.0,97.7182,375.0,4182.0,147.7717,3012.0,38515.0,759.4024000000001
2025-26,14,Manipur,2026-01,2026-01-01,226.0,6993.0,199.82150000000001,237.0,3188.0,348.85900000000004,3370.0,48331.0,1140.1648
2025-26,15,Mizoram,2026-01,2026-01-01,89.0,2395.0,44.2817,145.0,1478.0,27.8898,2460.0,33179.0,719.7375
2025-26,16,Tripura,2026-01,2026-01-01,2588.0,61338.0,1463.8732,712.0,4633.0,553.591,5643.0,54287.0,1337.7316
2025-26,17,Meghalaya,2026-01,2026-01-01,856.0,29693.0,569.5251000000001,757.0,47353.0,1050.2846,4469.0,54387.0,1382.9349
2025-26,18,Assam,2026-01,2026-01-01,17548.0,822649.0,13816.4951,13369.0,327343.0,9092.1745,31936.0,564676.0,15845.2117
2025-26,19,West Bengal,2026-01,2026-01-01,67075.0,4846900.0,79168.8443,52405.0,1518857.0,56212.383200000004,83096.0,1806125.0,63977.8029
2025-26,20,Jharkhand,2026-01,2026-01-01,14274.0,1009559.0,21228.2547,11155.0,355742.0,23607.9273,35173.0,767928.0,22698.8465
2025-26,21,Odisha,2026-01,2026-01-01,24246.0,1813590.0,37412.1127,9587.0,413483.0,40506.1448,44126.0,730834.0,30043.3521
2025-26,22,Chhattisgarh,2026-01,2026-01-01,19308.0,1075110.0,29775.6398,12313.0,358346.0,28534.6757,32234.0,790248.0,26195.105099999997
2025-26,23,Madhya Pradesh,2026-01,2026-01-01,34935.0,1820362.0,34344.9133,28270.0,753480.0,39020.7227,94246.0,1568872.0,50882.039699999994
2025-26,24,Gujarat,2026-01,2026-01-01,218599.0,8684520.0,234038.5014,167553.0,6361268.0,191115.7055,177398.0,2892251.0,155750.3059
2025-26,25,Daman and Diu,2026-01,2026-01-01,0.0,0.0,0.0,0.0,0.0,0.0,22.0,38.0,1.6672
2025-26,26,Dadra and Nagar Haveli,2026-01,2026-01-01,3324.0,147661.0,8054.4801,4233.0,509898.0,24341.910699999997,6283.0,229060.0,20477.5451
2025-26,27,Maharashtra,2026-01,2026-01-01,197890.0,15187499.0,304945.4989,139835.0,6664850.0,224497.0672,256762.0,4618000.0,220246.01940000002
2025-26,29,Karnataka,2026-01,2026-01-01,133214.0,9801250.0,148016.2083,67680.0,3405296.0,110529.70130000002,144841.0,3141400.0,117696.36720000001
2025-26,30,Goa,2026-01,2026-01-01,2394.0,275382.0,2863.611,2147.0,136998.0,6692.5079000000005,9462.0,205909.0,6550.633000000001
2025-26,31,Lakshadweep,2026-01,2026-01-01,2.0,11.0,0.6960999999999999,5.0,23.0,0.36840000000000006,75.0,729.0,11.996099999999998
2025-26,32,Kerala,2026-01,2026-01-01,52146.0,2539148.0,86017.5356,20329.0,315759.0,13237.6855,66067.0,1233955.0,27539.300099999997
2025-26,33,Tamil Nadu,2026-01,2026-01-01,147863.0,9227203.0,178197.4062,83622.0,3118600.0,130964.2547,143987.0,3002588.0,132577.6257
2025-26,34,Puducherry,2026-01,2026-01-01,1434.0,59864.0,3159.1125,2270.0,143399.0,5566.074100000001,6632.0,164364.0,5246.5957
2025-26,35,ANDAMAN AND NICOBAR,2026-01,2026-01-01,108.0,4301.0,74.1766,131.0,1078.0,204.4247,1245.0,13869.0,355.02660000000003
2025-26,36,Telangana,2026-01,2026-01-01,59320.0,4749982.0,64690.05,40139.0,1263754.0,49251.0056,77744.0,1862129.0,62138.4257
2025-26,37,Andhra Pradesh,2026-01,2026-01-01,43134.0,3072111.0,46255.741500000004,25849.0,681022.0,50052.607,81527.0,1346736.0,52235.280099999996
2025-26,38,Ladakh,2026-01,2026-01-01,127.0,855.0,39.322199999999995,60.0,154.0,14.921500000000002,572.0,3251.0,104.4757
2025-26,97,Other Territory,2026-01,2026-01-01,6.0,116.0,469.9935,25.0,5172.0,685.5843,201.0,13422.0,3066.1177000000002
2025-26,01,Jammu and Kashmir,2025-12,2025-12-01,10999.0,356180.0,6266.2146999999995,4982.0,61614.0,3511.3612,22525.0,355873.0,8294.4445
2025-26,02,Himachal Pradesh,2025-12,2025-12-01,10696.0,394798.0,8032.0464,6916.0,392005.0,16360.9487,26922.0,486069.0,14278.1471
2025-26,03,Punjab,2025-12,2025-12-01,86760.0,3338800.0,63748.9695,60302.0,1794210.0,44858.4917,87378.0,1562322.0,48860.5225
2025-26,04,Chandigarh,2025-12,2025-12-01,2630.0,33372.0,602.9336,5498.0,133973.0,2704.7975,9580.0,282461.0,4197.3408
2025-26,05,Uttarakhand,2025-12,2025-12-01,17620.0,1171624.0,16696.0721,11567.0,556753.0,24860.556,34339.0,817345.0,22272.647
2025-26,06,Haryana,2025-12,2025-12-01,97853.0,6504561.0,99159.94970000001,85058.0,8146181.0,138009.0949,134474.0,3682409.0,124282.6297
2025-26,07,Delhi,2025-12,2025-12-01,87552.0,1540309.0,57990.0412,144993.0,2437978.0,72413.3943,155472.0,5114828.0,82098.4097
2025-26,08,Rajasthan,2025-12,2025-12-01,76121.0,2780617.0,64771.999299999996,64184.0,1883539.0,62226.6658,127128.0,1976943.0,74342.1766
2025-26,09,Uttar Pradesh,2025-12,2025-12-01,173625.0,8096126.0,125285.33029999999,113182.0,3740623.0,100563.45060000001,247349.0,3925368.0,125971.25369999999
2025-26,10,Bihar,2025-12,2025-12-01,16506.0,1298129.0,19132.4931,12414.0,196785.0,6474.711899999999,73963.0,1005655.0,26998.2659
2025-26,11,Sikkim,2025-12,2025-12-01,232.0,6856.0,112.2772,271.0,8789.0,3948.5615999999995,3122.0,71578.0,1394.1079
2025-26,12,Arunachal Pradesh,2025-12,2025-12-01,446.0,11165.0,329.36480000000006,398.0,7074.0,605.7169,4600.0,52709.0,1190.3328
2025-26,13,Nagaland,2025-12,2025-12-01,258.0,3662.0,98.5857,380.0,4599.0,192.25150000000002,3013.0,40547.0,778.2816
2025-26,14,Manipur,2025-12,2025-12-01,217.0,7062.0,199.12900000000002,251.0,3077.0,266.4372,3378.0,52855.0,1155.3566
2025-26,15,Mizoram,2025-12,2025-12-01,82.0,2029.0,46.2141,149.0,1355.0,33.212199999999996,2389.0,39290.0,653.5504
2025-26,16,Tripura,2025-12,2025-12-01,2538.0,64062.0,1523.0034,752.0,5005.0,636.5641,5728.0,57764.0,1452.0397
2025-26,17,Meghalaya,2025-12,2025-12-01,772.0,29447.0,560.3152,760.0,48222.0,1058.1458,4563.0,60621.0,1446.9535
2025-26,18,Assam,2025-12,2025-12-01,18059.0,847443.0,14239.3822,13273.0,347724.0,10123.7909,32453.0,565650.0,17244.2421
2025-26,19,West Bengal,2025-12,2025-12-01,66803.0,4928676.0,78625.4399,52977.0,1493144.0,57168.8367,83217.0,1806961.0,65270.8171
2025-26,20,Jharkhand,2025-12,2025-12-01,14116.0,1040618.0,20816.171599999998,11157.0,353916.0,23257.2102,34451.0,684816.0,22191.6418
2025-26,21,Odisha,2025-12,2025-12-01,23787.0,1800367.0,35793.9563,9907.0,420099.0,39761.6843,44193.0,725216.0,32707.4543
2025-26,22,Chhattisgarh,2025-12,2025-12-01,18862.0,1008825.0,28283.579700000002,12152.0,354286.0,26490.1338,31775.0,715431.0,24186.960499999997
2025-26,23,Madhya Pradesh,2025-12,2025-12-01,34508.0,1854870.0,33715.4955,28537.0,771221.0,40496.3879,92603.0,1462703.0,49161.7668
2025-26,24,Gujarat,2025-12,2025-12-01,217643.0,8668944.0,231266.0931,166792.0,5528890.0,194199.1607,178370.0,3001362.0,153903.8498
2025-26,25,Daman and Diu,2025-12,2025-12-01,0.0,0.0,0.0,0.0,0.0,0.0,28.0,39.0,1.2787
2025-26,26,Dadra and Nagar Haveli,2025-12,2025-12-01,3317.0,151369.0,7406.081899999999,4205.0,518987.0,25716.593399999998,6231.0,233073.0,19392.923899999998
2025-26,27,Maharashtra,2025-12,2025-12-01,197060.0,14965334.0,302665.8728,140247.0,6852376.0,230238.3639,258361.0,4765341.0,222981.4852
2025-26,29,Karnataka,2025-12,2025-12-01,133679.0,9968404.0,148075.8761,68521.0,3447257.0,116133.1382,145799.0,3250975.0,118564.3793
2025-26,30,Goa,2025-12,2025-12-01,2481.0,281044.0,2680.4626000000003,2107.0,130351.0,6672.4537,9654.0,210307.0,6857.3301
2025-26,31,Lakshadweep,2025-12,2025-12-01,2.0,4.0,0.212,3.0,29.0,0.32530000000000003,81.0,758.0,12.2042
2025-26,32,Kerala,2025-12,2025-12-01,51470.0,2437559.0,213201.38780000003,19986.0,324075.0,13286.3129,65889.0,1195016.0,27244.4847
2025-26,33,Tamil Nadu,2025-12,2025-12-01,150602.0,9954154.0,182406.7818,85278.0,3308181.0,137162.2549,147963.0,3262712.0,140620.8205
2025-26,34,Puducherry,2025-12,2025-12-01,1426.0,65386.0,3113.7196000000004,2392.0,164694.0,6272.736,6703.0,173796.0,5287.5365
2025-26,35,ANDAMAN AND NICOBAR,2025-12,2025-12-01,111.0,3833.0,63.7525,130.0,990.0,139.2155,1296.0,15451.0,528.5629
2025-26,36,Telangana,2025-12,2025-12-01,59725.0,4926914.0,67919.1386,40765.0,1305821.0,51570.5688,79089.0,2005835.0,62876.0716
2025-26,37,Andhra Pradesh,2025-12,2025-12-01,44165.0,3224476.0,47767.7184,26232.0,706870.0,52286.0585,86507.0,1584931.0,53476.681500000006
2025-26,38,Ladakh,2025-12,2025-12-01,172.0,1506.0,55.346599999999995,123.0,465.0,22.1061,1167.0,8001.0,319.2292
2025-26,97,Other Territory,2025-12,2025-12-01,8.0,141.0,73.3083,25.0,3467.0,556.372,210.0,14335.0,3578.2771999999995
2025-26,01,Jammu and Kashmir,2025-11,2025-11-01,10671.0,356425.0,6145.6501,5081.0,59568.0,3717.1044,23188.0,368431.0,8308.446
2025-26,02,Himachal Pradesh,2025-11,2025-11-01,10318.0,372597.0,7457.8189,6660.0,364043.0,14794.597,27597.0,473664.0,13069.5553
2025-26,03,Punjab,2025-11,2025-11-01,81916.0,3299123.0,58975.2548,60077.0,1929132.0,43815.3907,85592.0,1500338.0,45423.1196
2025-26,04,Chandigarh,2025-11,2025-11-01,2522.0,30881.0,559.1599,5342.0,121648.0,2486.6717000000003,9423.0,270519.0,3793.5815999999995
2025-26,05,Uttarakhand,2025-11,2025-11-01,17014.0,1115267.0,15483.333,11286.0,518222.0,23894.314,34699.0,792687.0,21245.7314
2025-26,06,Haryana,2025-11,2025-11-01,94062.0,5974961.0,89010.3801,82537.0,7509377.0,124493.6772,131769.0,3533582.0,112416.8309
2025-26,07,Delhi,2025-11,2025-11-01,83159.0,1446761.0,50912.9059,142114.0,2362497.0,65670.8513,151957.0,4757996.0,72997.6142
2025-26,08,Rajasthan,2025-11,2025-11-01,73017.0,2553613.0,58177.9154,62142.0,1825514.0,57439.2108,127129.0,1991469.0,70408.1124
2025-26,09,Uttar Pradesh,2025-11,2025-11-01,168874.0,7698963.0,117126.9154,110154.0,3504674.0,92686.6175,248948.0,3841794.0,119895.9483
2025-26,10,Bihar,2025-11,2025-11-01,15562.0,1199737.0,17865.0066,11191.0,172119.0,5445.0770999999995,74806.0,1024729.0,26899.310699999998
2025-26,11,Sikkim,2025-11,2025-11-01,237.0,6709.0,103.16040000000001,289.0,8397.0,3707.6111,3226.0,68403.0,1333.4921
2025-26,12,Arunachal Pradesh,2025-11,2025-11-01,456.0,9464.0,195.28040000000001,424.0,6558.0,575.0838,4597.0,51117.0,1215.4911
2025-26,13,Nagaland,2025-11,2025-11-01,261.0,3398.0,88.8583,380.0,4042.0,157.517,3194.0,42259.0,755.9250999999999
2025-26,14,Manipur,2025-11,2025-11-01,201.0,7117.0,176.59740000000002,239.0,2950.0,245.4782,3245.0,47496.0,993.704
2025-26,15,Mizoram,2025-11,2025-11-01,84.0,2721.0,50.9117,154.0,1147.0,32.297399999999996,2573.0,42494.0,662.0594
2025-26,16,Tripura,2025-11,2025-11-01,2445.0,57296.0,1292.9332000000002,711.0,4995.0,539.4733,5722.0,54271.0,1209.8095
2025-26,17,Meghalaya,2025-11,2025-11-01,822.0,26357.0,503.0414,675.0,35615.0,846.9784,4606.0,67140.0,1397.4254
2025-26,18,Assam,2025-11,2025-11-01,17469.0,800297.0,13235.908300000001,13136.0,345146.0,10053.503499999999,32102.0,525064.0,15201.382
2025-26,19,West Bengal,2025-11,2025-11-01,65790.0,4564710.0,72768.9735,51968.0,1338948.0,53162.7939,81665.0,1642267.0,61099.8451
2025-26,20,Jharkhand,2025-11,2025-11-01,13374.0,1033706.0,19605.2393,10416.0,318342.0,20967.1797,34378.0,588770.0,20660.771399999998
2025-26,21,Odisha,2025-11,2025-11-01,23058.0,1667201.0,31713.709700000003,9399.0,419002.0,37342.907999999996,42600.0,658771.0,198122.97460000002
2025-26,22,Chhattisgarh,2025-11,2025-11-01,18130.0,945719.0,25212.2132,11836.0,319291.0,24593.0364,31298.0,683549.0,22982.663500000002
2025-26,23,Madhya Pradesh,2025-11,2025-11-01,33893.0,1787045.0,32288.654,27713.0,713087.0,37070.4503,92630.0,1428021.0,46441.7993
2025-26,24,Gujarat,2025-11,2025-11-01,207954.0,7853897.0,207809.1221,160727.0,5329552.0,178970.7402,173174.0,2782524.0,139431.6261
2025-26,25,Daman and Diu,2025-11,2025-11-01,0.0,0.0,0.0,0.0,0.0,0.0,23.0,32.0,1.5656999999999999
2025-26,26,Dadra and Nagar Haveli,2025-11,2025-11-01,3186.0,139419.0,6814.353,4094.0,479630.0,22674.0929,6120.0,217287.0,18180.0254
2025-26,27,Maharashtra,2025-11,2025-11-01,189650.0,14226714.0,272435.28469999996,135629.0,6264321.0,206824.6264,251780.0,4547374.0,204365.46300000002
2025-26,29,Karnataka,2025-11,2025-11-01,128855.0,9348490.0,131395.2526,66529.0,3185838.0,100264.549,141165.0,2957422.0,106212.4391
2025-26,30,Goa,2025-11,2025-11-01,2480.0,252332.0,2664.7967,2026.0,121830.0,6036.7273,9420.0,199812.0,6187.589599999999
2025-26,31,Lakshadweep,2025-11,2025-11-01,1.0,2.0,0.0215,4.0,16.0,1.3636000000000001,85.0,720.0,11.4427
2025-26,32,Kerala,2025-11,2025-11-01,50957.0,2274560.0,68118.2154,19680.0,295566.0,12677.5127,64774.0,1181701.0,25600.571
2025-26,33,Tamil Nadu,2025-11,2025-11-01,145691.0,9291353.0,168918.6871,83389.0,3129188.0,124652.0067,140615.0,2869911.0,125591.00259999999
2025-26,34,Puducherry,2025-11,2025-11-01,1414.0,58951.0,2400.4910999999997,2307.0,146530.0,5124.477800000001,6538.0,157969.0,4400.856400000001
2025-26,35,ANDAMAN AND NICOBAR,2025-11,2025-11-01,111.0,3654.0,64.00489999999999,120.0,741.0,112.0623,1258.0,13719.0,369.5814
2025-26,36,Telangana,2025-11,2025-11-01,57756.0,4531837.0,58080.3594,39677.0,1208752.0,46052.8188,76241.0,1747771.0,56245.8679
2025-26,37,Andhra Pradesh,2025-11,2025-11-01,41168.0,3034309.0,42388.7241,25139.0,651703.0,48684.465599999996,82323.0,1394850.0,46959.320700000004
2025-26,38,Ladakh,2025-11,2025-11-01,191.0,2032.0,71.8329,167.0,861.0,61.592600000000004,1768.0,15545.0,514.7011
2025-26,97,Other Territory,2025-11,2025-11-01,7.0,160.0,908.5531,27.0,4481.0,747.2108000000001,210.0,12352.0,2760.8540999999996
2025-26,01,Jammu and Kashmir,2025-10,2025-10-01,10657.0,372624.0,6543.5438,5018.0,60668.0,3608.8033,23561.0,385061.0,8832.9477
2025-26,02,Himachal Pradesh,2025-10,2025-10-01,10439.0,363403.0,7635.6361,6551.0,331278.0,13912.044199999998,27885.0,465494.0,12300.0306
2025-26,03,Punjab,2025-10,2025-10-01,82388.0,3225439.0,59179.840899999996,59327.0,1882395.0,44100.6795,85135.0,1477438.0,44324.806500000006
2025-26,04,Chandigarh,2025-10,2025-10-01,2549.0,34806.0,628.5151999999999,5392.0,125619.0,2444.3703,9608.0,286752.0,3998.329
2025-26,05,Uttarakhand,2025-10,2025-10-01,16879.0,1120970.0,14709.861,11036.0,495496.0,23214.8896,35014.0,781468.0,20165.1542
2025-26,06,Haryana,2025-10,2025-10-01,93790.0,6336216.0,89561.01869999999,81421.0,7806724.0,123808.17300000001,131757.0,3475980.0,113188.8309
2025-26,07,Delhi,2025-10,2025-10-01,82634.0,1488011.0,50927.0078,141480.0,2310588.0,65210.3109,153907.0,5399958.0,74128.5261
2025-26,08,Rajasthan,2025-10,2025-10-01,71740.0,2577340.0,55901.4687,60211.0,1720568.0,53326.6267,126563.0,1958591.0,67083.882
2025-26,09,Uttar Pradesh,2025-10,2025-10-01,166169.0,7898110.0,116596.2404,107920.0,3515275.0,91102.1241,247268.0,4011247.0,118876.192
2025-26,10,Bihar,2025-10,2025-10-01,15324.0,1152430.0,17319.341399999998,10092.0,162939.0,4867.3088,72449.0,1064242.0,24792.8908
2025-26,11,Sikkim,2025-10,2025-10-01,222.0,5293.0,79.94720000000001,228.0,6306.0,2916.5836,2941.0,55252.0,1156.4442999999999
2025-26,12,Arunachal Pradesh,2025-10,2025-10-01,414.0,8502.0,182.6082,384.0,5902.0,460.8783,4549.0,49508.0,1057.6738
2025-26,13,Nagaland,2025-10,2025-10-01,232.0,3425.0,80.1173,352.0,3575.0,147.987,3056.0,41895.0,698.4963
2025-26,14,Manipur,2025-10,2025-10-01,212.0,7006.0,164.7529,234.0,2947.0,245.3114,3200.0,49811.0,1070.0769
2025-26,15,Mizoram,2025-10,2025-10-01,74.0,2272.0,39.5463,126.0,1458.0,19.983,2519.0,43255.0,618.0477999999999
2025-26,16,Tripura,2025-10,2025-10-01,2308.0,49203.0,1039.0897,645.0,4159.0,401.111,5145.0,47676.0,1110.4013
2025-26,17,Meghalaya,2025-10,2025-10-01,779.0,23396.0,456.50809999999996,640.0,30499.0,703.2165,4383.0,70093.0,1299.6506
2025-26,18,Assam,2025-10,2025-10-01,16856.0,751554.0,13271.3333,12675.0,336118.0,9473.813100000001,30206.0,469798.0,13612.5504
2025-26,19,West Bengal,2025-10,2025-10-01,60643.0,4217513.0,65878.1799,47558.0,1391094.0,48266.9626,76396.0,1540350.0,54519.0291
2025-26,20,Jharkhand,2025-10,2025-10-01,12621.0,882060.0,18391.7716,9338.0,307857.0,19868.5849,33128.0,620473.0,20685.0559
2025-26,21,Odisha,2025-10,2025-10-01,22264.0,1543203.0,29966.806,8682.0,460731.0,37121.215,40481.0,616501.0,25810.7365
2025-26,22,Chhattisgarh,2025-10,2025-10-01,17471.0,878875.0,22786.6954,11182.0,280696.0,22205.952,30172.0,653749.0,22203.998399999997
2025-26,23,Madhya Pradesh,2025-10,2025-10-01,33019.0,1653110.0,30005.799,26337.0,643875.0,32951.4534,91251.0,1371150.0,45244.6033
2025-26,24,Gujarat,2025-10,2025-10-01,200937.0,7066952.0,182875.78100000002,157747.0,5348751.0,166930.1606,162960.0,2629364.0,133010.2083
2025-26,25,Daman and Diu,2025-10,2025-10-01,0.0,0.0,0.0,0.0,0.0,0.0,24.0,34.0,0.7156
2025-26,26,Dadra and Nagar Haveli,2025-10,2025-10-01,3154.0,132367.0,6791.4377,4060.0,443825.0,20920.548,6054.0,199396.0,17201.9439
2025-26,27,Maharashtra,2025-10,2025-10-01,182664.0,13921973.0,260425.8042,131291.0,6042073.0,194731.4882,246578.0,4411071.0,197463.8612
2025-26,29,Karnataka,2025-10,2025-10-01,125482.0,9445516.0,128962.66679999999,64167.0,3343048.0,96349.8951,138252.0,2916526.0,107978.72769999999
2025-26,30,Goa,2025-10,2025-10-01,2288.0,238644.0,2540.8426999999997,2016.0,107307.0,5895.280500000001,9316.0,186623.0,5957.0316
2025-26,31,Lakshadweep,2025-10,2025-10-01,1.0,3.0,0.0623,4.0,13.0,0.3497,80.0,638.0,13.103299999999999
2025-26,32,Kerala,2025-10,2025-10-01,50586.0,2311768.0,78433.7841,19470.0,283371.0,12727.206100000001,62358.0,1078107.0,23860.3338
2025-26,33,Tamil Nadu,2025-10,2025-10-01,142935.0,9089567.0,168122.83149999997,80806.0,3027400.0,119225.0749,138892.0,2796077.0,120875.16699999999
2025-26,34,Puducherry,2025-10,2025-10-01,1384.0,58791.0,2027.9026000000001,2253.0,138102.0,4485.2527,6612.0,156461.0,4243.5817
2025-26,35,ANDAMAN AND NICOBAR,2025-10,2025-10-01,110.0,3410.0,54.8812,119.0,744.0,92.4463,1223.0,11874.0,318.9902
2025-26,36,Telangana,2025-10,2025-10-01,55791.0,4483412.0,56475.5734,37583.0,1211716.0,43726.106900000006,74145.0,1723563.0,55718.567800000004
2025-26,37,Andhra Pradesh,2025-10,2025-10-01,39149.0,2873471.0,41803.109300000004,23866.0,607895.0,46581.6445,78532.0,1274764.0,45432.5365
2025-26,38,Ladakh,2025-10,2025-10-01,205.0,3098.0,89.86290000000001,163.0,720.0,60.1092,2141.0,23569.0,742.9708999999999
2025-26,97,Other Territory,2025-10,2025-10-01,8.0,149.0,911.8462,23.0,2266.0,612.1546,214.0,11456.0,2523.4145000000003
2025-26,01,Jammu and Kashmir,2025-09,2025-09-01,10038.0,320490.0,5451.8838,4682.0,58753.0,3828.5667,22232.0,343729.0,8138.8167
2025-26,02,Himachal Pradesh,2025-09,2025-09-01,10197.0,356837.0,7576.3407,6704.0,366070.0,15472.436200000002,27060.0,476249.0,13036.2218
2025-26,03,Punjab,2025-09,2025-09-01,82186.0,3110780.0,60800.1361,58564.0,1734860.0,45135.3286,86858.0,1526281.0,45838.753899999996
2025-26,04,Chandigarh,2025-09,2025-09-01,2576.0,32952.0,571.9912,5487.0,124821.0,2513.6524,9705.0,273407.0,4243.2932
2025-26,05,Uttarakhand,2025-09,2025-09-01,16743.0,1124438.0,16183.181299999998,11306.0,548792.0,24689.616,35407.0,851088.0,21293.9238
2025-26,06,Haryana,2025-09,2025-09-01,94535.0,6542663.0,105375.8792,82575.0,8231749.0,134651.2221,133768.0,3831643.0,133376.4037
2025-26,07,Delhi,2025-09,2025-09-01,85833.0,1550398.0,53936.515999999996,145309.0,2660824.0,73758.4871,162130.0,5345344.0,82183.532
2025-26,08,Rajasthan,2025-09,2025-09-01,72248.0,2541979.0,56025.0862,62144.0,1896173.0,55701.7044,131210.0,2131864.0,71517.8964
2025-26,09,Uttar Pradesh,2025-09,2025-09-01,168252.0,8320711.0,121912.0233,110542.0,3763769.0,105934.4466,255532.0,4363338.0,130064.6253
2025-26,10,Bihar,2025-09,2025-09-01,15547.0,1094141.0,16956.2852,11648.0,230605.0,5672.340200000001,76023.0,1311875.0,26714.683100000002
2025-26,11,Sikkim,2025-09,2025-09-01,259.0,6539.0,101.30069999999999,270.0,8433.0,3933.2676,3259.0,70546.0,1366.1807000000001
2025-26,12,Arunachal Pradesh,2025-09,2025-09-01,427.0,10054.0,246.2952,402.0,6065.0,459.62160000000006,4525.0,48850.0,1038.2597
2025-26,13,Nagaland,2025-09,2025-09-01,253.0,3431.0,80.1496,376.0,3156.0,146.9255,2967.0,40922.0,681.8158999999999
2025-26,14,Manipur,2025-09,2025-09-01,202.0,6239.0,155.8808,230.0,3797.0,245.6677,3158.0,46922.0,958.4255
2025-26,15,Mizoram,2025-09,2025-09-01,77.0,2339.0,35.6691,141.0,1297.0,19.787,2461.0,41962.0,601.9279
2025-26,16,Tripura,2025-09,2025-09-01,2373.0,50809.0,1046.2755,653.0,4071.0,353.7011,5474.0,52906.0,1213.9011
2025-26,17,Meghalaya,2025-09,2025-09-01,741.0,21756.0,406.1167,613.0,31433.0,703.3053,4325.0,65160.0,1261.2492
2025-26,18,Assam,2025-09,2025-09-01,16831.0,676373.0,12313.6279,12591.0,301497.0,9355.3847,31846.0,486878.0,14614.546
2025-26,19,West Bengal,2025-09,2025-09-01,65336.0,4275167.0,70750.1088,51989.0,1552944.0,53706.922699999996,79971.0,1751663.0,63402.151600000005
2025-26,20,Jharkhand,2025-09,2025-09-01,13258.0,852164.0,17783.4091,10158.0,316450.0,19821.8626,35104.0,674073.0,20779.735
2025-26,21,Odisha,2025-09,2025-09-01,22801.0,1527682.0,29922.3684,9120.0,444790.0,37832.6136,43425.0,721341.0,28024.5
2025-26,22,Chhattisgarh,2025-09,2025-09-01,18142.0,911240.0,24518.4481,11872.0,302071.0,24218.8357,32506.0,735626.0,23806.059500000003
2025-26,23,Madhya Pradesh,2025-09,2025-09-01,33116.0,1624250.0,29438.1641,27215.0,711391.0,34893.7362,95626.0,1506018.0,46399.6021
2025-26,24,Gujarat,2025-09,2025-09-01,209864.0,7925533.0,202510.599,164529.0,6603967.0,182752.21420000002,179091.0,2897895.0,142227.4172
2025-26,25,Daman and Diu,2025-09,2025-09-01,0.0,0.0,0.0,0.0,0.0,0.0,23.0,38.0,1.6439
2025-26,26,Dadra and Nagar Haveli,2025-09,2025-09-01,3282.0,146154.0,6940.2582999999995,4121.0,511301.0,23046.5598,6160.0,222963.0,18890.818799999997
2025-26,27,Maharashtra,2025-09,2025-09-01,187461.0,13812627.0,274394.0928,136946.0,6600202.0,212711.8446,259235.0,4972534.0,217189.26
2025-26,29,Karnataka,2025-09,2025-09-01,130285.0,9615686.0,147899.73630000002,66737.0,3616627.0,110698.0592,142764.0,3140526.0,116901.9173
2025-26,30,Goa,2025-09,2025-09-01,2270.0,197342.0,2515.6751,2064.0,90537.0,6139.8726,9167.0,201610.0,6051.4614
2025-26,31,Lakshadweep,2025-09,2025-09-01,0.0,0.0,0.0,3.0,9.0,0.608,66.0,553.0,49.97689999999999
2025-26,32,Kerala,2025-09,2025-09-01,48925.0,2173676.0,63293.2067,19317.0,285155.0,12233.8015,61584.0,1014578.0,23571.0822
2025-26,33,Tamil Nadu,2025-09,2025-09-01,149519.0,9650015.0,182399.3519,84220.0,3200875.0,127364.85310000001,148629.0,3473470.0,130590.68470000001
2025-26,34,Puducherry,2025-09,2025-09-01,1458.0,61569.0,2320.5762,2335.0,143494.0,5639.389,6840.0,171703.0,5013.7211
2025-26,35,ANDAMAN AND NICOBAR,2025-09,2025-09-01,113.0,3164.0,56.0317,112.0,916.0,198.338,1239.0,14116.0,349.1164
2025-26,36,Telangana,2025-09,2025-09-01,56533.0,4404224.0,59904.435999999994,38493.0,1233819.0,50720.65809999999,78709.0,1909447.0,61149.613600000004
2025-26,37,Andhra Pradesh,2025-09,2025-09-01,40403.0,2842145.0,44003.3834,25300.0,639474.0,49288.4761,81036.0,1357710.0,48054.9233
2025-26,38,Ladakh,2025-09,2025-09-01,206.0,2622.0,88.6641,129.0,371.0,43.2737,2017.0,19493.0,579.6188999999999
2025-26,97,Other Territory,2025-09,2025-09-01,8.0,158.0,46.4801,26.0,2984.0,487.6389,178.0,12090.0,2395.924
2025-26,01,Jammu and Kashmir,2025-08,2025-08-01,10032.0,310106.0,5213.204699999999,4600.0,56187.0,3605.8496,21163.0,280526.0,7349.509
2025-26,02,Himachal Pradesh,2025-08,2025-08-01,9864.0,332476.0,7090.3927,6355.0,347795.0,14994.4013,24792.0,427798.0,12189.893600000001
2025-26,03,Punjab,2025-08,2025-08-01,79094.0,2993042.0,56803.317599999995,55715.0,1520484.0,41501.5488,82524.0,1441468.0,43040.5305
2025-26,04,Chandigarh,2025-08,2025-08-01,2477.0,30965.0,541.3788,5278.0,117472.0,2305.0553,9278.0,244907.0,3694.0046999999995
2025-26,05,Uttarakhand,2025-08,2025-08-01,16108.0,923832.0,14357.113500000001,10896.0,534526.0,23213.6121,31666.0,837135.0,19543.358799999998
2025-26,06,Haryana,2025-08,2025-08-01,91025.0,6090134.0,85958.15699999999,79935.0,8017935.0,119180.11720000001,127274.0,3723340.0,121406.18109999999
2025-26,07,Delhi,2025-08,2025-08-01,82564.0,1408179.0,48020.5212,140257.0,2486810.0,61143.4634,149814.0,5088042.0,70447.3253
2025-26,08,Rajasthan,2025-08,2025-08-01,69310.0,2431416.0,52804.41559999999,59590.0,1776584.0,52630.7301,118634.0,1827801.0,64543.8511
2025-26,09,Uttar Pradesh,2025-08,2025-08-01,162720.0,8720653.0,112285.6351,106171.0,3645858.0,98323.0009,230576.0,3897245.0,120684.96179999999
2025-26,10,Bihar,2025-08,2025-08-01,15253.0,1073566.0,16279.492,10767.0,305396.0,5300.5844,69761.0,1240369.0,23706.928
2025-26,11,Sikkim,2025-08,2025-08-01,238.0,6481.0,95.632,236.0,7658.0,3782.6692,3035.0,62814.0,1234.7639
2025-26,12,Arunachal Pradesh,2025-08,2025-08-01,452.0,9756.0,202.8999,391.0,5670.0,472.63339999999994,4625.0,51724.0,1104.145
2025-26,13,Nagaland,2025-08,2025-08-01,259.0,3337.0,86.2648,399.0,3149.0,135.2234,2996.0,41160.0,715.2111
2025-26,14,Manipur,2025-08,2025-08-01,189.0,6670.0,176.62310000000002,224.0,3335.0,253.4759,3105.0,44550.0,880.9793
2025-26,15,Mizoram,2025-08,2025-08-01,80.0,2500.0,36.6948,137.0,1542.0,30.0119,2399.0,40816.0,608.852
2025-26,16,Tripura,2025-08,2025-08-01,2312.0,47498.0,977.3944,676.0,4572.0,371.9486,5959.0,62494.0,1269.0737
2025-26,17,Meghalaya,2025-08,2025-08-01,714.0,21620.0,405.43769999999995,616.0,34172.0,737.9814,4274.0,65893.0,1253.583
2025-26,18,Assam,2025-08,2025-08-01,17212.0,741457.0,13135.3202,12667.0,317315.0,9422.1965,32566.0,551307.0,15352.484699999999
2025-26,19,West Bengal,2025-08,2025-08-01,66191.0,4575727.0,72901.3089,52111.0,1473901.0,53449.3286,80695.0,1868396.0,60970.900499999996
2025-26,20,Jharkhand,2025-08,2025-08-01,12933.0,828119.0,16362.416200000001,9698.0,298659.0,19421.6906,33556.0,638442.0,19474.1678
2025-26,21,Odisha,2025-08,2025-08-01,22211.0,1482881.0,29323.5304,8874.0,393680.0,34894.0633,41517.0,685309.0,26731.7401
2025-26,22,Chhattisgarh,2025-08,2025-08-01,17698.0,884764.0,24463.731,11458.0,297503.0,23519.9001,30413.0,703055.0,22560.953999999998
2025-26,23,Madhya Pradesh,2025-08,2025-08-01,30943.0,1493857.0,27022.8581,25687.0,647722.0,32669.161200000002,86348.0,1277518.0,41830.5175
2025-26,24,Gujarat,2025-08,2025-08-01,202023.0,7482586.0,189312.272,159109.0,5741073.0,171375.98070000001,166604.0,2819545.0,131477.3813
2025-26,25,Daman and Diu,2025-08,2025-08-01,0.0,0.0,0.0,0.0,0.0,0.0,24.0,39.0,0.9276000000000001
2025-26,26,Dadra and Nagar Haveli,2025-08,2025-08-01,3165.0,143767.0,6933.7233,4046.0,505633.0,22261.407799999997,6052.0,213120.0,17268.8933
2025-26,27,Maharashtra,2025-08,2025-08-01,181156.0,13577793.0,248393.7471,131483.0,6345752.0,194511.6159,244084.0,4508786.0,193190.8169
2025-26,29,Karnataka,2025-08,2025-08-01,127105.0,9401701.0,133936.2869,64739.0,3488623.0,98756.8024,138650.0,2985131.0,109865.9941
2025-26,30,Goa,2025-08,2025-08-01,2189.0,184953.0,2423.6547,1944.0,73949.0,5814.9311,8706.0,186848.0,5391.384399999999
2025-26,31,Lakshadweep,2025-08,2025-08-01,0.0,0.0,0.0,5.0,16.0,0.3072,68.0,536.0,11.875
2025-26,32,Kerala,2025-08,2025-08-01,51714.0,2611838.0,74644.7861,19472.0,286891.0,12422.246399999998,66229.0,1235264.0,28926.4739
2025-26,33,Tamil Nadu,2025-08,2025-08-01,145528.0,9252410.0,167077.5105,83301.0,3098397.0,121991.2037,141073.0,3228490.0,123951.1342
2025-26,34,Puducherry,2025-08,2025-08-01,1403.0,55261.0,1982.5267999999999,2331.0,146879.0,5487.8297999999995,6611.0,158104.0,4996.5561
2025-26,35,ANDAMAN AND NICOBAR,2025-08,2025-08-01,115.0,3205.0,51.7481,128.0,724.0,119.49600000000001,1257.0,13993.0,370.1397
2025-26,36,Telangana,2025-08,2025-08-01,56032.0,4425310.0,55767.0236,37570.0,1161727.0,44008.7923,75671.0,1880855.0,57276.143099999994
2025-26,37,Andhra Pradesh,2025-08,2025-08-01,39399.0,2729353.0,41161.0212,24262.0,621052.0,46965.1221,78933.0,1265895.0,46000.0027
2025-26,38,Ladakh,2025-08,2025-08-01,226.0,3236.0,86.5644,151.0,594.0,28.8525,2030.0,20274.0,515.9438
2025-26,97,Other Territory,2025-08,2025-08-01,6.0,150.0,21.186700000000002,32.0,3876.0,542.5236,208.0,11768.0,2326.7719
2025-26,01,Jammu and Kashmir,2025-07,2025-07-01,10364.0,355599.0,5916.3077,5075.0,65914.0,4394.0409,22395.0,309803.0,8382.912900000001
2025-26,02,Himachal Pradesh,2025-07,2025-07-01,10412.0,378137.0,8092.1069,6721.0,378284.0,15989.038600000002,26236.0,452703.0,13447.6698
2025-26,03,Punjab,2025-07,2025-07-01,80013.0,3054363.0,59208.5262,55391.0,1457779.0,41618.0957,82918.0,1340056.0,44695.059400000006
2025-26,04,Chandigarh,2025-07,2025-07-01,2604.0,32900.0,555.212,5434.0,126913.0,2580.1276000000003,9399.0,228942.0,3925.8961
2025-26,05,Uttarakhand,2025-07,2025-07-01,16332.0,860883.0,14250.8578,10684.0,517784.0,21422.1423,31607.0,859824.0,19659.7221
2025-26,06,Haryana,2025-07,2025-07-01,91882.0,6707007.0,86571.3871,80404.0,8443136.0,120022.26150000001,128445.0,3944337.0,116077.6505
2025-26,07,Delhi,2025-07,2025-07-01,83383.0,1439108.0,49245.6095,140131.0,2582150.0,62835.5655,151466.0,5140780.0,71773.5168
2025-26,08,Rajasthan,2025-07,2025-07-01,70555.0,2508390.0,55907.785,60505.0,1794100.0,54803.128899999996,120958.0,1931251.0,65903.1717
2025-26,09,Uttar Pradesh,2025-07,2025-07-01,162910.0,8628898.0,113090.0303,105262.0,3572494.0,94827.5416,230746.0,3930823.0,120375.2508
2025-26,10,Bihar,2025-07,2025-07-01,15288.0,1098665.0,17086.7798,11137.0,270778.0,5101.3271,67524.0,1134084.0,23862.0713
2025-26,11,Sikkim,2025-07,2025-07-01,235.0,7392.0,125.73790000000001,261.0,8499.0,4258.1265,3174.0,69727.0,1333.2192000000002
2025-26,12,Arunachal Pradesh,2025-07,2025-07-01,438.0,10287.0,203.49919999999997,369.0,5574.0,373.7057,4765.0,52001.0,1060.9017999999999
2025-26,13,Nagaland,2025-07,2025-07-01,260.0,3738.0,134.67790000000002,361.0,3777.0,156.5823,2969.0,38394.0,724.1413
2025-26,14,Manipur,2025-07,2025-07-01,203.0,6245.0,152.2301,233.0,3331.0,337.7221,3132.0,42737.0,956.4119999999999
2025-26,15,Mizoram,2025-07,2025-07-01,88.0,2078.0,36.5253,130.0,1481.0,21.2187,2356.0,30594.0,527.2076000000001
2025-26,16,Tripura,2025-07,2025-07-01,2336.0,49006.0,1093.3110000000001,727.0,4811.0,483.38879999999995,5420.0,55090.0,1255.5446000000002
2025-26,17,Meghalaya,2025-07,2025-07-01,701.0,22749.0,430.0957,680.0,39180.0,873.6541000000001,4218.0,57258.0,1205.1583
2025-26,18,Assam,2025-07,2025-07-01,17293.0,761033.0,13736.2757,12814.0,295430.0,9678.955,30857.0,507278.0,14959.741399999999
2025-26,19,West Bengal,2025-07,2025-07-01,65965.0,4454348.0,71704.6,51228.0,1361987.0,52738.8271,80234.0,1752721.0,61476.832
2025-26,20,Jharkhand,2025-07,2025-07-01,12979.0,809251.0,16078.2064,9777.0,290147.0,19252.7723,32539.0,572435.0,18778.6425
2025-26,21,Odisha,2025-07,2025-07-01,22193.0,1407138.0,28758.7246,9061.0,378310.0,35648.2044,40733.0,651513.0,36113.4984
2025-26,22,Chhattisgarh,2025-07,2025-07-01,18208.0,924008.0,24528.734,11646.0,309317.0,24419.254500000003,30797.0,719998.0,22855.0876
2025-26,23,Madhya Pradesh,2025-07,2025-07-01,30702.0,1530953.0,27951.4717,26196.0,680172.0,33596.2919,88092.0,1448418.0,42973.6455
2025-26,24,Gujarat,2025-07,2025-07-01,206673.0,7912474.0,203336.56399999998,161219.0,5731158.0,175841.87769999998,169796.0,2882189.0,137793.8955
2025-26,25,Daman and Diu,2025-07,2025-07-01,0.0,0.0,0.0,0.0,0.0,0.0,30.0,60.0,1.6999000000000002
2025-26,26,Dadra and Nagar Haveli,2025-07,2025-07-01,3238.0,154056.0,7307.732,4127.0,524777.0,22780.1156,6025.0,229896.0,18754.6615
2025-26,27,Maharashtra,2025-07,2025-07-01,184198.0,13680624.0,256685.3464,134168.0,6211656.0,202314.1427,247270.0,4546765.0,200925.07350000003
2025-26,29,Karnataka,2025-07,2025-07-01,129035.0,9649033.0,135395.4573,66161.0,3627315.0,98757.6591,140696.0,3080897.0,112968.53279999999
2025-26,30,Goa,2025-07,2025-07-01,2274.0,194675.0,2592.5079,1997.0,82978.0,6419.5075,8851.0,188875.0,5883.5088
2025-26,31,Lakshadweep,2025-07,2025-07-01,0.0,0.0,0.0,1.0,1.0,0.1954,53.0,377.0,5.4613
2025-26,32,Kerala,2025-07,2025-07-01,49308.0,2240109.0,62283.5439,19236.0,281020.0,11681.4851,62936.0,1166163.0,26622.1407
2025-26,33,Tamil Nadu,2025-07,2025-07-01,147686.0,9603557.0,178803.74510000003,84548.0,3113487.0,127980.1005,143422.0,3201363.0,125897.1646
2025-26,34,Puducherry,2025-07,2025-07-01,1434.0,60501.0,2070.4727,2332.0,160795.0,5698.7519999999995,6726.0,165644.0,5051.9912
2025-26,35,ANDAMAN AND NICOBAR,2025-07,2025-07-01,116.0,3089.0,56.369,140.0,557.0,107.8686,1177.0,12487.0,291.9644
2025-26,36,Telangana,2025-07,2025-07-01,56958.0,4598057.0,59438.2158,38991.0,1209937.0,45251.748,77539.0,1914479.0,58896.4138
2025-26,37,Andhra Pradesh,2025-07,2025-07-01,40453.0,2813078.0,42661.7744,24925.0,638345.0,48435.7659,80713.0,1363248.0,47252.371100000004
2025-26,38,Ladakh,2025-07,2025-07-01,218.0,3240.0,87.3984,147.0,575.0,44.208,2189.0,25838.0,601.5761
2025-26,97,Other Territory,2025-07,2025-07-01,6.0,202.0,105.30770000000001,45.0,4034.0,781.4542,204.0,12938.0,2517.3391
2025-26,01,Jammu and Kashmir,2025-06,2025-06-01,9858.0,326554.0,5471.4971,4690.0,59414.0,4345.4628,21504.0,278562.0,7986.1787
2025-26,02,Himachal Pradesh,2025-06,2025-06-01,10226.0,369045.0,7633.6206999999995,6562.0,365553.0,15216.654199999999,25894.0,424132.0,12898.956699999999
2025-26,03,Punjab,2025-06,2025-06-01,78338.0,2786860.0,55052.2055,53513.0,1347489.0,40084.0286,80201.0,1174912.0,41571.2577
2025-26,04,Chandigarh,2025-06,2025-06-01,2492.0,31081.0,513.4953,5287.0,113992.0,2200.1119,9089.0,201642.0,3611.6092
2025-26,05,Uttarakhand,2025-06,2025-06-01,16276.0,832604.0,14425.301200000002,10810.0,525149.0,22589.5937,32447.0,838605.0,20311.083300000002
2025-26,06,Haryana,2025-06,2025-06-01,89818.0,5951119.0,79401.5248,78586.0,7979923.0,112673.3009,125813.0,3691131.0,107473.45619999999
2025-26,07,Delhi,2025-06,2025-06-01,79605.0,1351228.0,45108.6412,136426.0,2341302.0,57187.2771,144925.0,4607588.0,66948.7092
2025-26,08,Rajasthan,2025-06,2025-06-01,69444.0,2352659.0,53115.8171,59595.0,1690724.0,51539.5959,118071.0,1747067.0,65830.3017
2025-26,09,Uttar Pradesh,2025-06,2025-06-01,159986.0,8023400.0,113751.4908,102516.0,3207377.0,93215.9659,228038.0,3649774.0,113185.5683
2025-26,10,Bihar,2025-06,2025-06-01,14865.0,1048858.0,17430.8164,10898.0,214955.0,5080.9771,67081.0,949667.0,23205.0281
2025-26,11,Sikkim,2025-06,2025-06-01,237.0,6652.0,109.8397,273.0,8159.0,3867.6585999999998,3151.0,66170.0,1299.4977000000001
2025-26,12,Arunachal Pradesh,2025-06,2025-06-01,421.0,9132.0,174.92790000000002,365.0,4831.0,364.5793,4592.0,47115.0,1027.1213
2025-26,13,Nagaland,2025-06,2025-06-01,272.0,3702.0,95.94139999999999,330.0,3214.0,133.7278,2937.0,36301.0,666.6718
2025-26,14,Manipur,2025-06,2025-06-01,186.0,5002.0,128.36,233.0,2740.0,278.1628,2805.0,34181.0,721.0847
2025-26,15,Mizoram,2025-06,2025-06-01,69.0,1641.0,27.527800000000003,111.0,1284.0,23.328699999999998,2295.0,32103.0,521.8933999999999
2025-26,16,Tripura,2025-06,2025-06-01,2235.0,45297.0,979.8485000000001,605.0,3710.0,350.0493,4829.0,43423.0,994.4395
2025-26,17,Meghalaya,2025-06,2025-06-01,698.0,19129.0,366.1828,693.0,30821.0,696.9083999999999,4082.0,52068.0,1180.1124
2025-26,18,Assam,2025-06,2025-06-01,16489.0,690899.0,12615.2584,12396.0,268316.0,8744.2526,29129.0,444853.0,13470.975
2025-26,19,West Bengal,2025-06,2025-06-01,63362.0,4020702.0,68089.6684,49296.0,1212144.0,48955.5487,76797.0,1487698.0,56217.223600000005
2025-26,20,Jharkhand,2025-06,2025-06-01,13130.0,768558.0,16387.182099999998,9841.0,292739.0,18978.1725,32329.0,515523.0,19080.231
2025-26,21,Odisha,2025-06,2025-06-01,21788.0,1423844.0,28546.459,8911.0,390520.0,34186.6218,40076.0,623987.0,32838.328
2025-26,22,Chhattisgarh,2025-06,2025-06-01,17828.0,979113.0,25419.908900000002,11309.0,314058.0,23465.7042,30101.0,621561.0,22536.9827
2025-26,23,Madhya Pradesh,2025-06,2025-06-01,30273.0,1464028.0,28275.9142,25675.0,640700.0,32679.973599999998,86863.0,1284546.0,42112.1622
2025-26,24,Gujarat,2025-06,2025-06-01,197318.0,6945268.0,185927.1266,154328.0,4504907.0,162723.0087,161212.0,2551676.0,128220.5233
2025-26,25,Daman and Diu,2025-06,2025-06-01,0.0,0.0,0.0,0.0,0.0,0.0,25.0,45.0,1.8791
2025-26,26,Dadra and Nagar Haveli,2025-06,2025-06-01,3149.0,137825.0,6628.164699999999,4067.0,482164.0,22017.5043,6006.0,212937.0,17839.1064
2025-26,27,Maharashtra,2025-06,2025-06-01,176845.0,12446033.0,241031.9016,128683.0,5505268.0,190881.14429999999,236428.0,4077140.0,186450.32059999998
2025-26,29,Karnataka,2025-06,2025-06-01,123730.0,8597128.0,125304.4442,63254.0,3204383.0,91677.1624,134802.0,2787681.0,103436.5983
2025-26,30,Goa,2025-06,2025-06-01,2229.0,186678.0,2432.8435,1929.0,79283.0,6358.9506,8386.0,156788.0,5531.1501
2025-26,31,Lakshadweep,2025-06,2025-06-01,1.0,1.0,0.12,4.0,29.0,0.7125,43.0,311.0,8.455
2025-26,32,Kerala,2025-06,2025-06-01,47994.0,2072506.0,56755.9393,18521.0,252523.0,11026.2744,59908.0,974030.0,23494.0187
2025-26,33,Tamil Nadu,2025-06,2025-06-01,142850.0,8730135.0,164469.8665,80498.0,2870975.0,119483.3696,137069.0,2925008.0,117395.8631
2025-26,34,Puducherry,2025-06,2025-06-01,1391.0,55237.0,1819.6514000000002,2270.0,146090.0,5766.3722,6477.0,152133.0,4736.8282
2025-26,35,ANDAMAN AND NICOBAR,2025-06,2025-06-01,104.0,2686.0,47.3962,118.0,546.0,100.3331,1141.0,11020.0,387.50019999999995
2025-26,36,Telangana,2025-06,2025-06-01,54836.0,4087020.0,55762.574400000005,37669.0,1100840.0,43582.5575,73739.0,1715255.0,53649.2853
2025-26,37,Andhra Pradesh,2025-06,2025-06-01,39125.0,2533616.0,38497.5694,23882.0,592254.0,45238.812999999995,77195.0,1169970.0,43477.7937
2025-26,38,Ladakh,2025-06,2025-06-01,192.0,2919.0,87.8539,112.0,646.0,23.4051,2224.0,25072.0,657.4236999999999
2025-26,97,Other Territory,2025-06,2025-06-01,8.0,186.0,76.9795,39.0,4278.0,490.087,230.0,12320.0,2304.8542
2025-26,01,Jammu and Kashmir,2025-05,2025-05-01,9939.0,341754.0,5835.369000000001,4879.0,61292.0,4291.0293,22218.0,282430.0,8274.0895
2025-26,02,Himachal Pradesh,2025-05,2025-05-01,10364.0,386703.0,8078.576800000001,6643.0,373071.0,15536.6502,26902.0,438465.0,13510.5391
2025-26,03,Punjab,2025-05,2025-05-01,79584.0,2861793.0,57074.6354,54517.0,1383088.0,41494.793,82992.0,1230436.0,43116.6733
2025-26,04,Chandigarh,2025-05,2025-05-01,2509.0,32925.0,517.6803,5442.0,120655.0,2253.6332,9297.0,204836.0,3777.2582
2025-26,05,Uttarakhand,2025-05,2025-05-01,16728.0,937887.0,16548.5407,11105.0,546441.0,23793.7559,34197.0,863367.0,21438.139700000003
2025-26,06,Haryana,2025-05,2025-05-01,91291.0,6326689.0,85342.7742,79603.0,8108109.0,119105.94679999999,129283.0,3834167.0,109751.1689
2025-26,07,Delhi,2025-05,2025-05-01,80870.0,1417745.0,46030.6051,137334.0,2488914.0,59159.2713,148579.0,4633608.0,68231.32740000001
2025-26,08,Rajasthan,2025-05,2025-05-01,70968.0,2408845.0,56002.75519999999,60848.0,1871317.0,56188.2269,122762.0,1890615.0,64789.4113
2025-26,09,Uttar Pradesh,2025-05,2025-05-01,164574.0,8184143.0,119708.64189999999,105946.0,3297747.0,93331.92619999999,244502.0,4060203.0,118136.7889
2025-26,10,Bihar,2025-05,2025-05-01,15537.0,1069204.0,18096.3458,11316.0,189144.0,5456.5235999999995,73444.0,1104423.0,25299.3215
2025-26,11,Sikkim,2025-05,2025-05-01,235.0,7291.0,140.173,267.0,7965.0,3696.8257,3343.0,76487.0,1431.0119
2025-26,12,Arunachal Pradesh,2025-05,2025-05-01,440.0,10855.0,223.9975,358.0,4596.0,371.142,4791.0,51184.0,1162.3479
2025-26,13,Nagaland,2025-05,2025-05-01,255.0,4082.0,114.021,350.0,3030.0,121.6594,3019.0,37643.0,766.9086
2025-26,14,Manipur,2025-05,2025-05-01,196.0,5265.0,149.089,268.0,4246.0,471.64279999999997,3155.0,41838.0,1018.2484
2025-26,15,Mizoram,2025-05,2025-05-01,85.0,2285.0,46.1,151.0,1478.0,34.644800000000004,2454.0,35390.0,655.1218
2025-26,16,Tripura,2025-05,2025-05-01,2316.0,52331.0,1049.128,710.0,4274.0,395.9532,5411.0,53171.0,1219.623
2025-26,17,Meghalaya,2025-05,2025-05-01,743.0,23242.0,438.5715,725.0,40207.0,823.2324000000001,4226.0,53244.0,1244.9266
2025-26,18,Assam,2025-05,2025-05-01,16541.0,696511.0,12648.9173,12757.0,268597.0,8836.8752,30762.0,486954.0,15406.7379
2025-26,19,West Bengal,2025-05,2025-05-01,65556.0,4133887.0,72301.4485,51704.0,1313927.0,52019.218,79616.0,1581514.0,59349.3513
2025-26,20,Jharkhand,2025-05,2025-05-01,13316.0,853331.0,18725.559699999998,10544.0,318821.0,20330.58,34227.0,595076.0,20751.1605
2025-26,21,Odisha,2025-05,2025-05-01,22455.0,1589243.0,31933.5381,9227.0,422517.0,35832.303199999995,42913.0,723253.0,40504.8199
2025-26,22,Chhattisgarh,2025-05,2025-05-01,17722.0,990694.0,26187.861699999998,11504.0,322482.0,25246.0975,30333.0,633354.0,23498.9412
2025-26,23,Madhya Pradesh,2025-05,2025-05-01,30385.0,1473857.0,29398.8974,26132.0,677327.0,33162.0997,90028.0,1326540.0,44010.710999999996
2025-26,24,Gujarat,2025-05,2025-05-01,198443.0,7125849.0,192852.59649999999,157934.0,5067736.0,168846.3655,165016.0,2609306.0,135769.7699
2025-26,25,Daman and Diu,2025-05,2025-05-01,0.0,0.0,0.0,0.0,0.0,0.0,25.0,54.0,1.4936
2025-26,26,Dadra and Nagar Haveli,2025-05,2025-05-01,3151.0,136373.0,6739.453100000001,4062.0,487499.0,21838.0652,5999.0,214494.0,17403.7284
2025-26,27,Maharashtra,2025-05,2025-05-01,176778.0,12326302.0,245219.92789999998,130635.0,5672423.0,191257.54859999998,241370.0,4187748.0,192150.8743
2025-26,29,Karnataka,2025-05,2025-05-01,123645.0,8236401.0,125581.4722,63778.0,3196310.0,90485.7834,137412.0,2861298.0,104443.98849999999
2025-26,30,Goa,2025-05,2025-05-01,2213.0,184476.0,2633.6695,1974.0,76683.0,5793.9003,8674.0,160141.0,5914.0525
2025-26,31,Lakshadweep,2025-05,2025-05-01,2.0,3.0,0.0794,6.0,17.0,0.5647,87.0,627.0,14.785499999999999
2025-26,32,Kerala,2025-05,2025-05-01,49498.0,2286956.0,64036.758,18787.0,265201.0,11500.598600000001,63592.0,1003167.0,24814.502599999996
2025-26,33,Tamil Nadu,2025-05,2025-05-01,141884.0,8802704.0,164210.54929999998,81474.0,2953584.0,125290.2275,136995.0,2850542.0,121074.2657
2025-26,34,Puducherry,2025-05,2025-05-01,1403.0,58469.0,1695.6764,2291.0,146264.0,5119.1593,6522.0,154038.0,4568.6417
2025-26,35,ANDAMAN AND NICOBAR,2025-05,2025-05-01,113.0,3039.0,53.1668,138.0,802.0,116.7173,1197.0,12872.0,367.3057
2025-26,36,Telangana,2025-05,2025-05-01,54962.0,3972616.0,54675.0474,38041.0,1095849.0,43709.689900000005,73689.0,1722718.0,53780.7055
2025-26,37,Andhra Pradesh,2025-05,2025-05-01,40043.0,2571365.0,39327.4214,24336.0,610595.0,46903.9625,76717.0,1197797.0,44047.1216
2025-26,38,Ladakh,2025-05,2025-05-01,169.0,2464.0,75.4636,105.0,567.0,36.0429,2242.0,22560.0,575.1983
2025-26,97,Other Territory,2025-05,2025-05-01,9.0,163.0,76.4272,44.0,4930.0,922.738,232.0,13566.0,2458.0225
2025-26,01,Jammu and Kashmir,2025-04,2025-04-01,9917.0,338594.0,5803.2769,4371.0,54491.0,3888.6945,22533.0,287919.0,8144.0815
2025-26,02,Himachal Pradesh,2025-04,2025-04-01,10406.0,364910.0,7841.3253,6552.0,334041.0,14353.1518,27593.0,425428.0,12841.541799999999
2025-26,03,Punjab,2025-04,2025-04-01,79501.0,2833213.0,55846.962400000004,54653.0,1387983.0,40516.4937,82877.0,1246244.0,42367.99769999999
2025-26,04,Chandigarh,2025-04,2025-04-01,2463.0,33775.0,514.8324,5359.0,119650.0,2251.0660000000003,9387.0,218792.0,3754.355
2025-26,05,Uttarakhand,2025-04,2025-04-01,16358.0,898980.0,14811.8531,10617.0,482430.0,21319.7032,33885.0,835443.0,20119.0759
2025-26,06,Haryana,2025-04,2025-04-01,89076.0,5987192.0,82286.95730000001,78315.0,7872704.0,113063.0578,126780.0,3693757.0,108126.5574
2025-26,07,Delhi,2025-04,2025-04-01,79030.0,1387699.0,43132.3593,134859.0,2502600.0,57290.5156,146585.0,4799571.0,65782.9362
2025-26,08,Rajasthan,2025-04,2025-04-01,70439.0,2361733.0,56408.6407,60505.0,1857155.0,54951.170300000005,122703.0,1910855.0,64927.4888
2025-26,09,Uttar Pradesh,2025-04,2025-04-01,159472.0,8021110.0,116711.6599,102401.0,3161946.0,88554.25210000001,240620.0,4220266.0,116400.89189999999
2025-26,10,Bihar,2025-04,2025-04-01,15301.0,965416.0,16435.1851,10976.0,156054.0,5177.0294,73323.0,1194499.0,25141.6993
2025-26,11,Sikkim,2025-04,2025-04-01,217.0,6531.0,112.18700000000001,262.0,8000.0,3705.3728,3439.0,75980.0,1313.2281
2025-26,12,Arunachal Pradesh,2025-04,2025-04-01,434.0,10349.0,217.15650000000002,362.0,4474.0,288.0979,4846.0,51159.0,1260.6831
2025-26,13,Nagaland,2025-04,2025-04-01,262.0,3990.0,127.0958,366.0,3669.0,131.21280000000002,2975.0,37353.0,745.9923
2025-26,14,Manipur,2025-04,2025-04-01,177.0,5683.0,157.2311,245.0,4090.0,393.2275,3078.0,41212.0,926.0850999999999
2025-26,15,Mizoram,2025-04,2025-04-01,69.0,2154.0,38.0886,117.0,1274.0,28.914699999999996,2416.0,32694.0,631.4923
2025-26,16,Tripura,2025-04,2025-04-01,2229.0,53171.0,1102.9079,724.0,3901.0,374.4873,5294.0,50325.0,1279.8082000000002
2025-26,17,Meghalaya,2025-04,2025-04-01,674.0,25057.0,486.4043,646.0,38776.0,854.5161,4307.0,52032.0,1330.3559
2025-26,18,Assam,2025-04,2025-04-01,16451.0,688709.0,12664.2192,12634.0,260064.0,8432.0641,30251.0,476348.0,14775.1619
2025-26,19,West Bengal,2025-04,2025-04-01,63889.0,3868126.0,69442.57639999999,50088.0,1268529.0,49891.6443,77671.0,1553848.0,57845.3125
2025-26,20,Jharkhand,2025-04,2025-04-01,12976.0,814667.0,17987.063700000002,10418.0,316963.0,19403.608500000002,33596.0,623756.0,20384.8143
2025-26,21,Odisha,2025-04,2025-04-01,21813.0,1491827.0,29927.407900000002,8979.0,405712.0,34387.7899,41463.0,649646.0,34795.655699999996
2025-26,22,Chhattisgarh,2025-04,2025-04-01,17777.0,959313.0,26093.2416,11511.0,311913.0,24057.886000000002,30010.0,664197.0,22202.935699999998
2025-26,23,Madhya Pradesh,2025-04,2025-04-01,30813.0,1373027.0,27404.473700000002,25751.0,634905.0,31858.4659,89013.0,1400604.0,43206.860700000005
2025-26,24,Gujarat,2025-04,2025-04-01,198742.0,6982077.0,189228.78850000002,158777.0,5880650.0,164467.397,163993.0,2588983.0,124452.412
2025-26,25,Daman and Diu,2025-04,2025-04-01,0.0,0.0,0.0,0.0,0.0,0.0,34.0,57.0,2.0761000000000003
2025-26,26,Dadra and Nagar Haveli,2025-04,2025-04-01,3161.0,133101.0,6391.4726,4039.0,469484.0,20420.9179,6056.0,208871.0,16684.4855
2025-26,27,Maharashtra,2025-04,2025-04-01,177894.0,12048044.0,246195.82210000002,131240.0,5601223.0,188884.07570000002,240421.0,4133839.0,189659.73
2025-26,29,Karnataka,2025-04,2025-04-01,122283.0,7622655.0,122254.2449,63156.0,3139266.0,87352.2056,134821.0,2766760.0,100875.4032
2025-26,30,Goa,2025-04,2025-04-01,2185.0,186951.0,2728.6142999999997,1956.0,72845.0,5689.0034,8896.0,159408.0,5924.615
2025-26,31,Lakshadweep,2025-04,2025-04-01,2.0,2.0,0.0414,2.0,6.0,0.1259,86.0,863.0,18.5976
2025-26,32,Kerala,2025-04,2025-04-01,48767.0,2161619.0,65996.77679999999,18478.0,243889.0,10548.0998,61789.0,881239.0,22843.4221
2025-26,33,Tamil Nadu,2025-04,2025-04-01,141217.0,8392847.0,160962.56050000002,81469.0,2763011.0,117925.23730000001,134491.0,2734756.0,115612.42820000001
2025-26,34,Puducherry,2025-04,2025-04-01,1378.0,54801.0,1710.0271,2282.0,134008.0,4881.814,6439.0,143536.0,4115.7481
2025-26,35,ANDAMAN AND NICOBAR,2025-04,2025-04-01,111.0,2889.0,59.5493,140.0,776.0,164.0418,1213.0,12762.0,346.1003
2025-26,36,Telangana,2025-04,2025-04-01,54000.0,3799611.0,51624.8824,37934.0,1099425.0,42390.1688,71573.0,1709372.0,50406.0018
2025-26,37,Andhra Pradesh,2025-04,2025-04-01,40126.0,2486923.0,39121.7598,24285.0,589851.0,44286.312000000005,75288.0,1162469.0,43908.8991
2025-26,38,Ladakh,2025-04,2025-04-01,131.0,1316.0,38.0967,72.0,302.0,13.0186,1615.0,12251.0,309.9483
2025-26,97,Other Territory,2025-04,2025-04-01,11.0,214.0,214.9217,48.0,3765.0,663.5125,222.0,14129.0,3075.2237
