financial_year,state_code,state,month,month_date,cgst,sgst,igst,cess,total
2017-18,1,Jammu and Kashmir,2017-07,2017-07-01,49.5505424,6.15e-05,2.3e-06,1e-07,0.0001256
2017-18,1,Jammu and Kashmir,2017-08,2017-08-01,71.3052319,103.1564229,95.472805,17.1526355,265.3324058
2017-18,1,Jammu and Kashmir,2017-09,2017-09-01,63.3886318,136.5386566,107.0046987,4.9174581,319.7660453
2017-18,1,Jammu and Kashmir,2017-10,2017-10-01,66.2722073,113.1769893,108.0590888,3.0859659,287.7106758
2017-18,1,Jammu and Kashmir,2017-11,2017-11-01,86.142899,120.3191505,99.5263588,12.8260461,298.9437627
2017-18,1,Jammu and Kashmir,2017-12,2017-12-01,92.2078536,143.6735231,83.9737685,0.9239451,314.7141357
2017-18,1,Jammu and Kashmir,2018-01,2018-01-01,71.5804401,144.5840746,65.2115515,4.3726415,306.3761212
2017-18,1,Jammu and Kashmir,2018-02,2018-02-01,65.7712347,124.990154,71.1297637,1.5856329,269.2859907
2017-18,1,Jammu and Kashmir,2018-03,2018-03-01,65.7712347,114.292826,75.8861302,2.0296964,257.9798873
2017-18,2,Himachal Pradesh,2017-07,2017-07-01,88.0594898,0.0873693,0.0002056,1e-07,0.1749472
2017-18,2,Himachal Pradesh,2017-08,2017-08-01,90.2474973,133.7455991,600.5886974,1.103636,823.4974223
2017-18,2,Himachal Pradesh,2017-09,2017-09-01,70.7707847,134.9414029,518.7155355,1.6695002,745.5739359
2017-18,2,Himachal Pradesh,2017-10,2017-10-01,70.4894807,133.4158849,494.6760923,1.526841,700.3896029
2017-18,2,Himachal Pradesh,2017-11,2017-11-01,74.2427206,117.7803226,460.0816994,1.0529294,649.4044321
2017-18,2,Himachal Pradesh,2017-12,2017-12-01,78.4351514,109.6774523,432.6197533,1.2720989,617.8120251
2017-18,2,Himachal Pradesh,2018-01,2018-01-01,70.6433327,125.2484757,394.3831927,1.5925772,599.659397
2017-18,2,Himachal Pradesh,2018-02,2018-02-01,72.55716,106.801045,382.7985805,1.4508683,561.6938265
2017-18,2,Himachal Pradesh,2018-03,2018-03-01,72.55716,119.8665703,417.9777107,0.5581432,610.9595842
2017-18,3,Punjab,2017-07,2017-07-01,313.4519981,0.6503293,1.969441,1e-07,2.7232524
2017-18,3,Punjab,2017-08,2017-08-01,276.487185,577.3845015,618.4983556,12.5010669,1521.8359221
2017-18,3,Punjab,2017-09,2017-09-01,263.7973041,491.6501728,507.0273253,13.8748551,1289.0395382
2017-18,3,Punjab,2017-10,2017-10-01,245.9630234,477.6332186,522.0936516,13.4868215,1277.0109958
2017-18,3,Punjab,2017-11,2017-11-01,225.8315853,442.9073679,504.9265183,11.141439,1204.9383486
2017-18,3,Punjab,2017-12,2017-12-01,239.7302191,390.3454851,455.6675667,5.6241042,1077.4687413
2017-18,3,Punjab,2018-01,2018-01-01,240.1752684,424.3364906,410.8118245,12.6380899,1087.5166241
2017-18,3,Punjab,2018-02,2018-02-01,254.8529662,385.2827365,427.9497642,7.6679787,1061.0757478
2017-18,3,Punjab,2018-03,2018-03-01,254.8529662,411.2805802,444.5731497,10.2718042,1120.9785003
2017-18,4,Chandigarh,2017-07,2017-07-01,39.6548056,0.0292063,0.3255851,0.0,0.3740571
2017-18,4,Chandigarh,2017-08,2017-08-01,31.9431275,58.8880507,76.1456666,0.2893284,174.9778513
2017-18,4,Chandigarh,2017-09,2017-09-01,29.2535349,43.6828629,70.9854633,1.0305238,147.6419775
2017-18,4,Chandigarh,2017-10,2017-10-01,30.3327115,42.090451,72.2341059,1.0320485,144.6101403
2017-18,4,Chandigarh,2017-11,2017-11-01,26.7790931,45.769783,68.621873,0.5781229,145.3024904
2017-18,4,Chandigarh,2017-12,2017-12-01,27.0128345,37.598673,67.4587186,0.617049,132.4535337
2017-18,4,Chandigarh,2018-01,2018-01-01,28.0576155,41.5259537,77.641589,1.3465325,147.5269097
2017-18,4,Chandigarh,2018-02,2018-02-01,25.6728364,40.6326608,71.9460277,0.4245597,141.0608637
2017-18,4,Chandigarh,2018-03,2018-03-01,25.6728364,36.007385,74.2847142,0.1822168,136.1471524
2017-18,5,Uttarakhand,2017-07,2017-07-01,150.3813691,0.0695239,0.0439389,1e-07,0.1853849
2017-18,5,Uttarakhand,2017-08,2017-08-01,150.1348634,285.4311498,1241.9076625,15.1256928,1692.8458742
2017-18,5,Uttarakhand,2017-09,2017-09-01,143.495501,307.5287592,998.8076825,14.9510509,1471.422356
2017-18,5,Uttarakhand,2017-10,2017-10-01,143.5299044,278.7185118,1240.6174829,22.9700581,1685.8015538
2017-18,5,Uttarakhand,2017-11,2017-11-01,132.3868362,306.8650423,763.447361,24.2708336,1238.1131413
2017-18,5,Uttarakhand,2017-12,2017-12-01,153.5881025,263.5000102,778.4923313,11.7993618,1186.1785395
2017-18,5,Uttarakhand,2018-01,2018-01-01,140.6859352,268.7134704,825.158999,14.2724765,1261.7330484
2017-18,5,Uttarakhand,2018-02,2018-02-01,162.2889183,274.4461053,730.5432778,20.673688,1166.3490063
2017-18,5,Uttarakhand,2018-03,2018-03-01,162.2889183,303.4001355,777.714463,21.0380335,1264.4415503
2017-18,6,Haryana,2017-07,2017-07-01,799.7509955,0.1966987,0.5050322,1.3e-05,0.8969496
2017-18,6,Haryana,2017-08,2017-08-01,747.8864385,1271.5505023,2256.5389078,342.6847731,4670.5251787
2017-18,6,Haryana,2017-09,2017-09-01,700.0331862,1147.9582001,3181.0690572,363.2573264,5440.1710222
2017-18,6,Haryana,2017-10,2017-10-01,641.9689845,1144.4629117,2849.5611361,369.1547677,5063.2120017
2017-18,6,Haryana,2017-11,2017-11-01,603.4327616,1063.1725035,2589.7080884,373.7211381,4668.5707145
2017-18,6,Haryana,2017-12,2017-12-01,609.7826592,968.193934,2168.4857835,340.2643659,4080.376845
2017-18,6,Haryana,2018-01,2018-01-01,602.170508,965.7899085,2376.4157471,310.9354158,4262.9237306
2017-18,6,Haryana,2018-02,2018-02-01,666.2942985,942.4704625,2471.3869644,340.464588,4356.4925229
2017-18,6,Haryana,2018-03,2018-03-01,666.2942985,1032.5048628,2219.0620848,354.0523894,4271.9136355
2017-18,7,Delhi,2017-07,2017-07-01,732.5035129,0.6369504,2.0448241,0.0050905,3.3422655
2017-18,7,Delhi,2017-08,2017-08-01,745.2779928,1050.5792761,1381.4897283,90.106083,3254.6786003
2017-18,7,Delhi,2017-09,2017-09-01,760.1582121,1021.1551938,1535.0761753,103.2070814,3404.7164433
2017-18,7,Delhi,2017-10,2017-10-01,678.4459933,1069.1453867,1588.9545325,108.5730676,3526.8311989
2017-18,7,Delhi,2017-11,2017-11-01,646.2671656,951.4863247,1489.960372,111.6422445,3231.5349345
2017-18,7,Delhi,2017-12,2017-12-01,825.3709996,859.8085466,1450.7660995,93.6131518,3050.4549635
2017-18,7,Delhi,2018-01,2018-01-01,703.3390624,1099.6214679,1596.2835383,81.4475909,3602.7235967
2017-18,7,Delhi,2018-02,2018-02-01,807.2522373,930.1228433,1402.3767288,85.140511,3120.9791455
2017-18,7,Delhi,2018-03,2018-03-01,807.2522373,982.0230749,1387.3853653,72.6326409,3249.2933184
2017-18,8,Rajasthan,2017-07,2017-07-01,522.2867675,1.2275646,2.3993028,6e-07,4.9148175
2017-18,8,Rajasthan,2017-08,2017-08-01,518.8351392,806.1956442,1084.9688115,126.7355177,2540.1867409
2017-18,8,Rajasthan,2017-09,2017-09-01,530.7812222,774.1447245,833.4740813,157.7806164,2284.2345614
2017-18,8,Rajasthan,2017-10,2017-10-01,537.6337821,808.6595783,759.746047,156.5467211,2255.7335686
2017-18,8,Rajasthan,2017-11,2017-11-01,546.2879059,764.6589803,738.8477696,141.3585889,2182.4991209
2017-18,8,Rajasthan,2017-12,2017-12-01,599.4288441,746.4758344,723.166541,132.0479788,2147.9782601
2017-18,8,Rajasthan,2018-01,2018-01-01,565.2292556,858.5509901,781.4219105,154.8058999,2394.2076446
2017-18,8,Rajasthan,2018-02,2018-02-01,579.3221435,763.7220649,835.501315,142.929192,2307.3818275
2017-18,8,Rajasthan,2018-03,2018-03-01,579.3221435,789.7669005,845.3368802,131.7918967,2346.2178209
2017-18,9,Uttar Pradesh,2017-07,2017-07-01,931.0181494,0.6458371,1.8014287,0.0001818,3.1192147
2017-18,9,Uttar Pradesh,2017-08,2017-08-01,933.9949683,1569.6250278,1468.4193298,757.931978,4726.994485
2017-18,9,Uttar Pradesh,2017-09,2017-09-01,928.4177549,1438.6396474,1381.1026818,1085.9292351,4839.6665326
2017-18,9,Uttar Pradesh,2017-10,2017-10-01,838.1159826,1477.1341059,1340.5083006,930.6533253,4676.7134867
2017-18,9,Uttar Pradesh,2017-11,2017-11-01,842.9030436,1358.3671186,1197.4669008,774.1086084,4168.0586104
2017-18,9,Uttar Pradesh,2017-12,2017-12-01,926.9390786,1317.7740264,1220.738729,1007.3600771,4388.7758761
2017-18,9,Uttar Pradesh,2018-01,2018-01-01,847.7563967,1450.5832196,1339.5994401,957.2976538,4674.4193921
2017-18,9,Uttar Pradesh,2018-02,2018-02-01,989.8046692,1352.3726337,1267.6710045,1129.1346321,4596.934667
2017-18,9,Uttar Pradesh,2018-03,2018-03-01,989.8046692,1515.6576762,1338.5300803,939.0771665,4783.0695922
2017-18,10,Bihar,2017-07,2017-07-01,180.5049739,0.0219723,0.4661716,0.0406385,0.5483167
2017-18,10,Bihar,2017-08,2017-08-01,130.2529904,378.9580369,85.8436876,141.0295406,786.336239
2017-18,10,Bihar,2017-09,2017-09-01,140.7975165,260.96511,79.1676495,203.8547334,674.2404833
2017-18,10,Bihar,2017-10,2017-10-01,142.1780455,307.7135492,65.0183806,131.6292909,645.1587372
2017-18,10,Bihar,2017-11,2017-11-01,139.5733751,285.1687413,76.0279923,88.9309094,592.3056885
2017-18,10,Bihar,2017-12,2017-12-01,136.3746618,264.5162202,87.7974213,174.7055336,666.5925502
2017-18,10,Bihar,2018-01,2018-01-01,145.5940088,280.7428027,78.4484461,146.0031143,641.5690249
2017-18,10,Bihar,2018-02,2018-02-01,168.7261796,270.1907598,127.6229534,223.3886703,766.7963923
2017-18,10,Bihar,2018-03,2018-03-01,168.7261796,314.0250666,90.9504747,183.9705989,757.6723198
2017-18,11,Sikkim,2017-07,2017-07-01,5.0893655,0.0184008,1e-07,0.0,0.0368017
2017-18,11,Sikkim,2017-08,2017-08-01,4.0871021,24.8146406,130.0949073,0.044137,160.0430504
2017-18,11,Sikkim,2017-09,2017-09-01,10.1599464,7.1827026,144.9885679,0.021738,156.2801106
2017-18,11,Sikkim,2017-10,2017-10-01,10.3555713,13.3563709,116.7161794,0.0824302,140.3149269
2017-18,11,Sikkim,2017-11,2017-11-01,6.5300783,13.7514957,121.7360628,0.1038882,145.947018
2017-18,11,Sikkim,2017-12,2017-12-01,6.670134,10.1906709,147.0029012,0.0233956,163.747046
2017-18,11,Sikkim,2018-01,2018-01-01,5.5035165,11.4452632,133.5841073,0.0102811,151.7097856
2017-18,11,Sikkim,2018-02,2018-02-01,8.9069165,8.5800803,108.6441585,0.0175176,122.7452729
2017-18,11,Sikkim,2018-03,2018-03-01,8.9069165,16.1276186,119.6530846,0.4304026,145.1180223
2017-18,12,Arunachal Pradesh,2017-07,2017-07-01,3.4474096,1e-07,1e-07,0.0,3e-07
2017-18,12,Arunachal Pradesh,2017-08,2017-08-01,2.5514444,6.1748472,3.2071973,0.0244355,12.8538896
2017-18,12,Arunachal Pradesh,2017-09,2017-09-01,4.1603256,4.2870375,2.5031578,0.031088,9.3727277
2017-18,12,Arunachal Pradesh,2017-10,2017-10-01,2.9760469,6.0482555,2.2221834,0.2124745,12.643239
2017-18,12,Arunachal Pradesh,2017-11,2017-11-01,3.3338212,4.8619124,3.3720839,0.0047405,11.2147837
2017-18,12,Arunachal Pradesh,2017-12,2017-12-01,4.7172964,6.2736679,2.144711,0.1452121,11.8974122
2017-18,12,Arunachal Pradesh,2018-01,2018-01-01,3.9785113,8.571037,3.0332981,0.1427494,16.4643809
2017-18,12,Arunachal Pradesh,2018-02,2018-02-01,9.9750214,6.5869015,2.4862071,0.4010743,13.4526942
2017-18,12,Arunachal Pradesh,2018-03,2018-03-01,9.9750214,17.6519301,4.8017845,0.0062423,32.4349783
2017-18,13,Nagaland,2017-07,2017-07-01,2.6496532,0.0001002,1e-07,0.0,0.0002015
2017-18,13,Nagaland,2017-08,2017-08-01,2.9737468,5.5698156,5.4054445,0.101639,13.7265523
2017-18,13,Nagaland,2017-09,2017-09-01,3.7316848,5.6689079,4.3991382,0.1252345,13.1670274
2017-18,13,Nagaland,2017-10,2017-10-01,3.4817673,5.6854134,5.1685774,0.1210034,14.706679
2017-18,13,Nagaland,2017-11,2017-11-01,2.6150402,5.4643981,3.442954,0.0585417,12.4476611
2017-18,13,Nagaland,2017-12,2017-12-01,4.040246,4.2709018,2.9993353,0.4442401,10.3295174
2017-18,13,Nagaland,2018-01,2018-01-01,3.6686614,6.1938519,4.8207482,0.3756215,15.4304676
2017-18,13,Nagaland,2018-02,2018-02-01,2.5910272,4.9243026,3.2912574,0.2818946,12.166116
2017-18,13,Nagaland,2018-03,2018-03-01,2.5910272,5.5226172,3.853389,0.503275,12.4703084
2017-18,14,Manipur,2017-07,2017-07-01,3.6558887,7e-07,0.0354625,0.0,0.0354639
2017-18,14,Manipur,2017-08,2017-08-01,4.6035897,8.972443,0.8907899,0.16386,13.6829816
2017-18,14,Manipur,2017-09,2017-09-01,6.3141829,7.9113619,1.030487,0.1762757,13.7217143
2017-18,14,Manipur,2017-10,2017-10-01,4.1425509,12.2637581,0.9216,0.0076376,19.5071786
2017-18,14,Manipur,2017-11,2017-11-01,4.3885888,6.3741586,0.917096,0.01029,11.4440955
2017-18,14,Manipur,2017-12,2017-12-01,3.7106181,8.5234861,0.728712,0.0753849,13.7161718
2017-18,14,Manipur,2018-01,2018-01-01,3.7071806,7.5905287,0.8427714,0.159899,12.3038172
2017-18,14,Manipur,2018-02,2018-02-01,7.4027196,7.5930814,1.2267406,0.3185785,12.8455811
2017-18,14,Manipur,2018-03,2018-03-01,7.4027196,16.3825959,1.2132012,0.0708811,25.0693978
2017-18,15,Mizoram,2017-07,2017-07-01,1.5940029,1e-07,1e-07,0.0,3e-07
2017-18,15,Mizoram,2017-08,2017-08-01,2.4600565,4.1743629,0.2642649,0.0273714,6.0600021
2017-18,15,Mizoram,2017-09,2017-09-01,3.9285331,4.4560069,0.6004941,0.0030126,7.5195701
2017-18,15,Mizoram,2017-10,2017-10-01,2.8708997,5.5474912,0.9857878,0.003046,10.4648581
2017-18,15,Mizoram,2017-11,2017-11-01,2.03856,4.8300563,0.7375456,0.0415421,8.4800437
2017-18,15,Mizoram,2017-12,2017-12-01,2.0953058,3.5504333,0.9082906,0.0819298,6.5792137
2017-18,15,Mizoram,2018-01,2018-01-01,2.1824171,3.6891976,2.0293828,0.0229584,7.8368446
2017-18,15,Mizoram,2018-02,2018-02-01,2.8808752,4.7218099,1.138393,0.1717795,8.2143995
2017-18,15,Mizoram,2018-03,2018-03-01,2.8808752,7.2843275,1.2952574,0.0066494,11.4671095
2017-18,16,Tripura,2017-07,2017-07-01,11.3443784,2.2e-06,1e-07,0.0,4e-06
2017-18,16,Tripura,2017-08,2017-08-01,11.1316023,18.7127865,2.7973003,4.2408083,37.0952735
2017-18,16,Tripura,2017-09,2017-09-01,23.6197302,19.0840522,3.2922823,0.4943979,34.0023347
2017-18,16,Tripura,2017-10,2017-10-01,12.8833166,30.5417721,2.8925238,0.1597283,57.2137544
2017-18,16,Tripura,2017-11,2017-11-01,9.9120009,19.4296206,2.7030413,0.2812697,35.2972482
2017-18,16,Tripura,2017-12,2017-12-01,11.4487229,16.6564986,2.7897115,0.4361803,29.7943913
2017-18,16,Tripura,2018-01,2018-01-01,11.2111949,16.9468719,3.6605334,0.16657,32.2226982
2017-18,16,Tripura,2018-02,2018-02-01,15.2210379,19.1567208,3.8357996,0.1291294,34.3328447
2017-18,16,Tripura,2018-03,2018-03-01,15.2210379,22.7449051,7.3052398,0.1483807,45.4195635
2017-18,17,Meghalaya,2017-07,2017-07-01,12.1035105,0.0252373,0.0024121,0.0,0.0332429
2017-18,17,Meghalaya,2017-08,2017-08-01,8.4623719,20.5895516,37.9303474,6.8569149,77.4803244
2017-18,17,Meghalaya,2017-09,2017-09-01,10.5978214,14.0508046,39.9446433,0.0877787,62.5455985
2017-18,17,Meghalaya,2017-10,2017-10-01,11.8964807,16.6892574,38.0438078,0.1013994,65.432286
2017-18,17,Meghalaya,2017-11,2017-11-01,8.8156283,16.3152954,32.7171726,0.0902769,61.0192256
2017-18,17,Meghalaya,2017-12,2017-12-01,12.8920963,15.1193946,46.2642172,0.1760553,70.3752954
2017-18,17,Meghalaya,2018-01,2018-01-01,12.6585617,21.2464251,51.6062443,4.7159285,90.4606942
2017-18,17,Meghalaya,2018-02,2018-02-01,12.3247995,18.4106441,74.7177129,9.4541786,115.2410973
2017-18,17,Meghalaya,2018-03,2018-03-01,12.3247995,18.9518493,69.4497172,4.7008789,105.4272449
2017-18,18,Assam,2017-07,2017-07-01,161.7922117,0.0213564,0.2082377,0.0728628,0.3237936
2017-18,18,Assam,2017-08,2017-08-01,155.9682143,270.7058742,244.5061122,26.2156783,703.2198764
2017-18,18,Assam,2017-09,2017-09-01,147.9283862,250.9464272,234.0437706,31.8083525,672.7667646
2017-18,18,Assam,2017-10,2017-10-01,150.313475,237.6757831,200.2854649,38.6627404,624.5523746
2017-18,18,Assam,2017-11,2017-11-01,135.8070373,227.8467851,226.8357381,49.072243,654.0682412
2017-18,18,Assam,2017-12,2017-12-01,141.3900877,196.8669893,207.1319712,49.7007799,589.5067777
2017-18,18,Assam,2018-01,2018-01-01,132.6218827,222.1444904,175.9593552,38.4601075,577.9540408
2017-18,18,Assam,2018-02,2018-02-01,156.0782471,203.2343572,164.072016,27.9354264,527.8636823
2017-18,18,Assam,2018-03,2018-03-01,156.0782471,227.9854397,179.353312,55.0943074,618.5113062
2017-18,19,West Bengal,2017-07,2017-07-01,751.014369,0.5684537,1.5353058,0.1054466,2.7812456
2017-18,19,West Bengal,2017-08,2017-08-01,829.9606606,1118.823735,858.6452691,280.4190355,3008.9024086
2017-18,19,West Bengal,2017-09,2017-09-01,693.8690517,1183.0769031,670.448762,259.3098795,2942.7962052
2017-18,19,West Bengal,2017-10,2017-10-01,592.8964438,1042.514896,708.6719041,339.5156237,2784.5714755
2017-18,19,West Bengal,2017-11,2017-11-01,635.1144499,1000.5059463,654.3147226,210.1901068,2457.9072195
2017-18,19,West Bengal,2017-12,2017-12-01,669.5260487,957.4983319,703.8664256,252.0116255,2548.4908329
2017-18,19,West Bengal,2018-01,2018-01-01,923.9048906,990.8781611,714.5104955,282.9594189,2657.8741242
2017-18,19,West Bengal,2018-02,2018-02-01,1199.1907414,1183.2225497,711.3436005,355.0326973,3173.5037381
2017-18,19,West Bengal,2018-03,2018-03-01,1199.1907414,1494.3467967,765.2332166,297.0491649,3755.8199196
2017-18,20,Jharkhand,2017-07,2017-07-01,202.519961,0.0697608,0.012091,1.9e-06,0.1516968
2017-18,20,Jharkhand,2017-08,2017-08-01,210.0121917,334.1050595,685.6850494,359.6091037,1581.9191736
2017-18,20,Jharkhand,2017-09,2017-09-01,230.019568,295.2499352,697.3379461,437.8553404,1640.4554134
2017-18,20,Jharkhand,2017-10,2017-10-01,206.7246731,347.4804024,715.4549019,453.733479,1746.6883513
2017-18,20,Jharkhand,2017-11,2017-11-01,216.8255525,333.9569205,830.1929823,437.4339982,1808.3085741
2017-18,20,Jharkhand,2017-12,2017-12-01,242.1921579,328.4505216,739.069077,425.1837561,1709.5289072
2017-18,20,Jharkhand,2018-01,2018-01-01,260.0529828,354.2585789,883.396825,394.4359719,1874.2835337
2017-18,20,Jharkhand,2018-02,2018-02-01,293.0257408,341.2628679,795.1561464,360.6965892,1757.1685863
2017-18,20,Jharkhand,2018-03,2018-03-01,293.0257408,414.0043632,875.0498698,461.5863382,2043.666312
2017-18,21,Odisha,2017-07,2017-07-01,317.6819238,0.114062,0.1570414,8e-07,0.4174278
2017-18,21,Odisha,2017-08,2017-08-01,331.9951618,471.3748961,555.8943396,564.8132811,1909.7644406
2017-18,21,Odisha,2017-09,2017-09-01,321.877051,450.5259545,468.1122345,465.5641216,1716.1974724
2017-18,21,Odisha,2017-10,2017-10-01,308.6171422,529.8636098,481.1433503,468.0496865,1800.9336976
2017-18,21,Odisha,2017-11,2017-11-01,301.5673699,444.0187649,523.6076137,508.1315322,1784.375053
2017-18,21,Odisha,2017-12,2017-12-01,355.3612027,400.6833278,505.7363892,496.8463402,1704.8334271
2017-18,21,Odisha,2018-01,2018-01-01,356.5927546,470.5614479,542.2475385,590.3324494,1958.5026385
2017-18,21,Odisha,2018-02,2018-02-01,391.0736551,486.4270778,517.4344492,621.7917644,1982.246046
2017-18,21,Odisha,2018-03,2018-03-01,391.0736551,515.117929,559.9385242,525.3120613,1991.4421696
2017-18,22,Chhattisgarh,2017-07,2017-07-01,246.721001,0.5794174,0.0003029,0.0100002,1.1691376
2017-18,22,Chhattisgarh,2017-08,2017-08-01,237.2786135,328.3929497,473.2441732,581.6809159,1630.0390398
2017-18,22,Chhattisgarh,2017-09,2017-09-01,220.9332513,330.8392715,396.9727713,634.3374163,1599.4280726
2017-18,22,Chhattisgarh,2017-10,2017-10-01,209.8169432,306.2298227,479.9310026,547.9893487,1555.0834253
2017-18,22,Chhattisgarh,2017-11,2017-11-01,233.065618,302.3957406,467.7930872,523.724179,1503.72995
2017-18,22,Chhattisgarh,2017-12,2017-12-01,279.0282559,303.6996531,445.1334545,600.4000291,1582.2987547
2017-18,22,Chhattisgarh,2018-01,2018-01-01,307.6109732,367.3547718,530.3978851,597.2266227,1774.0075355
2017-18,22,Chhattisgarh,2018-02,2018-02-01,368.8541208,389.1395795,546.639261,290.2435286,1533.6333423
2017-18,22,Chhattisgarh,2018-03,2018-03-01,368.8541208,454.4432499,684.549591,321.192474,1829.0394357
2017-18,23,Madhya Pradesh,2017-07,2017-07-01,404.1457212,0.2545853,0.3865487,7e-07,0.8956595
2017-18,23,Madhya Pradesh,2017-08,2017-08-01,391.6276607,626.2533026,655.2653472,426.321379,2111.98575
2017-18,23,Madhya Pradesh,2017-09,2017-09-01,355.1401587,567.3071997,533.0715261,414.1380052,1906.1443917
2017-18,23,Madhya Pradesh,2017-10,2017-10-01,363.7107469,577.0681547,587.7755167,407.2407795,1927.2246096
2017-18,23,Madhya Pradesh,2017-11,2017-11-01,416.8843074,586.4548721,498.7949315,424.9983348,1873.9588853
2017-18,23,Madhya Pradesh,2017-12,2017-12-01,416.1799461,599.0866431,491.6934542,365.854673,1873.5190777
2017-18,23,Madhya Pradesh,2018-01,2018-01-01,424.0609831,613.8006014,489.9162381,369.971043,1889.8678286
2017-18,23,Madhya Pradesh,2018-02,2018-02-01,450.4089159,578.003071,560.6279733,397.5701709,1960.2621983
2017-18,23,Madhya Pradesh,2018-03,2018-03-01,450.4089159,615.6239457,556.9756713,376.8077077,1999.8162406
2017-18,24,Gujarat,2017-07,2017-07-01,1330.2580585,0.1866469,2.2014351,1.9e-06,2.5854997
2017-18,24,Gujarat,2017-08,2017-08-01,1401.9441393,1868.4652884,2602.8735777,213.2992811,6014.8962057
2017-18,24,Gujarat,2017-09,2017-09-01,1400.7650406,1877.4383005,2143.7338896,298.1094347,5721.2257641
2017-18,24,Gujarat,2017-10,2017-10-01,1330.4539079,1880.7641467,2286.6796594,314.5823328,5882.7911795
2017-18,24,Gujarat,2017-11,2017-11-01,1386.7077681,1748.0888573,1984.6589067,324.1346697,5387.3363416
2017-18,24,Gujarat,2017-12,2017-12-01,1532.2583743,1790.2086091,1894.1261811,301.1431007,5372.185659
2017-18,24,Gujarat,2018-01,2018-01-01,1590.5976601,2060.8033674,1876.0680814,309.5733834,5778.7032065
2017-18,24,Gujarat,2018-02,2018-02-01,1594.4327029,2030.5770713,1808.7787515,392.7751702,5822.7286531
2017-18,24,Gujarat,2018-03,2018-03-01,1594.4327029,2015.6641026,2006.1899103,305.9830964,5922.2698122
2017-18,25,Daman and Diu,2017-07,2017-07-01,7.8183214,3e-07,2e-07,0.0,0.0010008
2017-18,25,Daman and Diu,2017-08,2017-08-01,8.5021131,11.6655268,105.9180691,0.0564167,125.458334
2017-18,25,Daman and Diu,2017-09,2017-09-01,8.5077103,12.8615808,89.7067001,0.038772,111.109166
2017-18,25,Daman and Diu,2017-10,2017-10-01,7.9587186,14.5072588,105.4050259,0.0373457,128.4573407
2017-18,25,Daman and Diu,2017-11,2017-11-01,7.1524445,13.3390602,110.38563,0.0255868,131.7089956
2017-18,25,Daman and Diu,2017-12,2017-12-01,9.772395,11.9427639,70.1402989,0.0090395,89.2445468
2017-18,25,Daman and Diu,2018-01,2018-01-01,6.7694571,12.3141745,80.1567769,0.0559622,102.2993086
2017-18,25,Daman and Diu,2018-02,2018-02-01,8.2907038,10.5206472,79.3511796,0.0392576,96.6805415
2017-18,25,Daman and Diu,2018-03,2018-03-01,8.2907038,12.307835,115.9733792,0.0207499,136.5926679
2017-18,26,Dadra and Nagar Haveli,2017-07,2017-07-01,10.1199693,3e-07,0.0113815,0.0,0.0118821
2017-18,26,Dadra and Nagar Haveli,2017-08,2017-08-01,12.1081477,21.149188,126.0206809,0.2228293,157.5126675
2017-18,26,Dadra and Nagar Haveli,2017-09,2017-09-01,13.5996626,19.882065,149.2701537,0.1676095,181.4279759
2017-18,26,Dadra and Nagar Haveli,2017-10,2017-10-01,12.0711184,19.9066628,130.7375641,0.1682929,164.4121824
2017-18,26,Dadra and Nagar Haveli,2017-11,2017-11-01,12.8451424,17.9835094,123.0788137,0.2449191,153.3783606
2017-18,26,Dadra and Nagar Haveli,2017-12,2017-12-01,14.6420871,19.0840561,112.1675056,0.0480133,144.1447174
2017-18,26,Dadra and Nagar Haveli,2018-01,2018-01-01,12.448756,21.5821038,112.8519,0.2383297,149.3144206
2017-18,26,Dadra and Nagar Haveli,2018-02,2018-02-01,12.5611037,18.6621324,105.9744826,0.1419253,137.2272963
2017-18,26,Dadra and Nagar Haveli,2018-03,2018-03-01,12.5611037,19.174779,98.4644182,0.3316019,130.5319028
2017-18,27,Maharashtra,2017-07,2017-07-01,3504.2337924,1.3144568,5.1158419,0.0040968,7.6462412
2017-18,27,Maharashtra,2017-08,2017-08-01,3381.9030485,4855.666037,4383.4948198,847.1861802,13590.5808294
2017-18,27,Maharashtra,2017-09,2017-09-01,3559.8157525,4557.6232788,4162.2745341,945.8839623,13047.6848237
2017-18,27,Maharashtra,2017-10,2017-10-01,3206.9860635,4938.8981058,4765.3803081,1056.365278,14320.4594444
2017-18,27,Maharashtra,2017-11,2017-11-01,3359.817603,4347.1249493,3866.2452906,852.7625303,12273.1188337
2017-18,27,Maharashtra,2017-12,2017-12-01,3263.9485892,4361.3830462,4151.055493,937.7377973,12809.9939395
2017-18,27,Maharashtra,2018-01,2018-01-01,3265.8183197,4450.3411794,4657.3910775,984.9795903,13356.6604364
2017-18,27,Maharashtra,2018-02,2018-02-01,3660.4482895,4296.9635171,3849.3494149,1036.7856965,12448.9169482
2017-18,27,Maharashtra,2018-03,2018-03-01,3660.4482895,4586.5769881,4139.9097798,944.318354,13331.2534114
2017-18,29,Karnataka,2017-07,2017-07-01,1398.2598773,0.4034298,1.6085289,0.0005032,2.4298418
2017-18,29,Karnataka,2017-08,2017-08-01,1363.5845375,2107.2692897,2590.3085823,880.3736593,6976.2114086
2017-18,29,Karnataka,2017-09,2017-09-01,1283.3344738,1996.527492,1941.1663159,838.4432437,6139.7215891
2017-18,29,Karnataka,2017-10,2017-10-01,1151.0356354,1921.9218133,2232.1608107,811.0865067,6248.5036045
2017-18,29,Karnataka,2017-11,2017-11-01,1219.4334081,1709.7175951,1755.0782323,580.2532564,5196.0847192
2017-18,29,Karnataka,2017-12,2017-12-01,1257.7629751,1684.9908677,1760.6384665,903.4295112,5568.4922535
2017-18,29,Karnataka,2018-01,2018-01-01,1252.8566653,1810.4433282,2049.0069525,873.8409293,5991.0541851
2017-18,29,Karnataka,2018-02,2018-02-01,1299.1203787,1713.9911225,2063.6270891,988.0113489,6018.4862258
2017-18,29,Karnataka,2018-03,2018-03-01,1299.1203787,1750.5966276,2203.712432,743.6774731,5997.1069114
2017-18,30,Goa,2017-07,2017-07-01,76.0523457,0.0567119,2.3e-06,1e-07,0.1134272
2017-18,30,Goa,2017-08,2017-08-01,76.3942817,105.535238,221.4348084,1.7465478,404.7689399
2017-18,30,Goa,2017-09,2017-09-01,69.238695,109.2726689,163.5574837,2.5827283,351.8071626
2017-18,30,Goa,2017-10,2017-10-01,81.772817,105.5068068,168.5188808,2.9374754,346.201858
2017-18,30,Goa,2017-11,2017-11-01,73.4841248,114.9708295,145.4149913,2.4837577,344.6423955
2017-18,30,Goa,2017-12,2017-12-01,82.7575508,111.9359493,128.1888655,1.7241971,315.3331367
2017-18,30,Goa,2018-01,2018-01-01,93.2883261,116.779243,103.6962569,2.2707662,305.5038169
2017-18,30,Goa,2018-02,2018-02-01,92.7969121,127.2235938,134.4301202,2.3135848,357.2556249
2017-18,30,Goa,2018-03,2018-03-01,92.7969121,127.2145389,123.6627294,2.8063984,346.4805788
2017-18,31,Lakshadweep,2017-07,2017-07-01,0.1701281,,,,
2017-18,31,Lakshadweep,2017-08,2017-08-01,0.395973,0.1717997,0.0054257,0.0,0.3473535
2017-18,31,Lakshadweep,2017-09,2017-09-01,0.2814887,0.3995494,0.0330922,0.0,0.8286146
2017-18,31,Lakshadweep,2017-10,2017-10-01,0.7856989,0.3034568,0.0175332,0.0,0.6024787
2017-18,31,Lakshadweep,2017-11,2017-11-01,0.3728259,0.7963411,0.063788,0.0,1.645828
2017-18,31,Lakshadweep,2017-12,2017-12-01,0.2958352,0.3793883,0.0469209,0.0,0.7991351
2017-18,31,Lakshadweep,2018-01,2018-01-01,0.5716052,0.3501699,0.0296907,0.0,0.6756958
2017-18,31,Lakshadweep,2018-02,2018-02-01,0.3641077,0.5883919,0.1282763,0.0,1.2882734
2017-18,31,Lakshadweep,2018-03,2018-03-01,0.3641077,0.4057359,0.0737852,0.0,0.8436288
2017-18,32,Kerala,2017-07,2017-07-01,474.6466293,0.0336529,0.1739499,0.0,0.2412556
2017-18,32,Kerala,2017-08,2017-08-01,483.303406,799.1253905,249.9271874,10.0525929,1533.7518001
2017-18,32,Kerala,2017-09,2017-09-01,458.2358864,802.5793653,243.7141071,13.550647,1543.1475254
2017-18,32,Kerala,2017-10,2017-10-01,410.373559,736.9031991,254.3527239,7.6496259,1457.1414353
2017-18,32,Kerala,2017-11,2017-11-01,395.6700627,611.5182772,215.7361486,11.9017425,1249.5297273
2017-18,32,Kerala,2017-12,2017-12-01,413.656408,608.444707,238.6630532,6.2824819,1249.0603048
2017-18,32,Kerala,2018-01,2018-01-01,388.948451,698.4586299,244.3611897,11.2882798,1367.7645074
2017-18,32,Kerala,2018-02,2018-02-01,403.430596,621.1601689,191.1537968,5.5982098,1206.8606265
2017-18,32,Kerala,2018-03,2018-03-01,403.430596,613.0719699,228.0633435,4.6993374,1249.2652468
2017-18,33,Tamil Nadu,2017-07,2017-07-01,1505.1391923,0.3635947,4.9804899,1.13e-05,5.7139661
2017-18,33,Tamil Nadu,2017-08,2017-08-01,1487.8481348,2472.9297275,2218.6491249,429.3661438,6626.0841885
2017-18,33,Tamil Nadu,2017-09,2017-09-01,1457.134805,2220.6635825,1972.7973143,503.2749772,6184.5840088
2017-18,33,Tamil Nadu,2017-10,2017-10-01,1288.1583735,2132.2861283,1913.9156037,589.6108834,6092.9474204
2017-18,33,Tamil Nadu,2017-11,2017-11-01,1229.6798203,1912.9741655,1494.6423144,539.9400765,5235.7149299
2017-18,33,Tamil Nadu,2017-12,2017-12-01,1282.2718418,1796.2830316,1460.7435464,527.7543508,5014.4607491
2017-18,33,Tamil Nadu,2018-01,2018-01-01,1250.0301786,1889.3573462,1555.9886276,588.3149028,5315.9327184
2017-18,33,Tamil Nadu,2018-02,2018-02-01,1337.2050603,1900.9710127,1649.8728185,562.2504096,5363.1244194
2017-18,33,Tamil Nadu,2018-03,2018-03-01,1337.2050603,1874.3128542,1760.9999316,507.1065442,5479.6243903
2017-18,34,Puducherry,2017-07,2017-07-01,19.6918051,0.0008633,0.0020165,1e-07,0.0037432
2017-18,34,Puducherry,2017-08,2017-08-01,19.8279933,35.5537219,152.1597787,0.5380606,207.9433663
2017-18,34,Puducherry,2017-09,2017-09-01,19.8701837,32.5661855,131.5093509,0.4137022,184.3172319
2017-18,34,Puducherry,2017-10,2017-10-01,20.5865061,31.5345153,91.3391566,1.4895202,144.2333758
2017-18,34,Puducherry,2017-11,2017-11-01,16.8955552,31.7293649,121.9418308,0.1471456,174.4048474
2017-18,34,Puducherry,2017-12,2017-12-01,20.5703662,27.785919,116.3749983,0.0937393,161.1502118
2017-18,34,Puducherry,2018-01,2018-01-01,17.9343673,30.9039189,109.7343637,1.5722039,162.7808527
2017-18,34,Puducherry,2018-02,2018-02-01,19.636407,28.2239381,92.1709432,0.6008145,138.9300631
2017-18,34,Puducherry,2018-03,2018-03-01,19.636407,28.0319962,94.9433315,0.9187301,143.5304648
2017-18,35,Andaman and Nicobar Island,2017-07,2017-07-01,3.3290775,2e-07,2.3e-06,0.0,2.7e-06
2017-18,35,Andaman and Nicobar Island,2017-08,2017-08-01,12.0700859,3.9804489,0.3671138,0.0178187,7.6944589
2017-18,35,Andaman and Nicobar Island,2017-09,2017-09-01,8.0031668,13.3697757,0.7368503,0.0048435,26.1815554
2017-18,35,Andaman and Nicobar Island,2017-10,2017-10-01,10.1989385,9.850591,0.7024026,0.0385945,18.5947549
2017-18,35,Andaman and Nicobar Island,2017-11,2017-11-01,5.594326,11.6312605,1.2651304,0.034672,23.1300014
2017-18,35,Andaman and Nicobar Island,2017-12,2017-12-01,5.6640288,8.1511069,1.0184938,0.0520825,14.8160092
2017-18,35,Andaman and Nicobar Island,2018-01,2018-01-01,8.2536976,7.9518055,0.8683186,0.0263137,14.5104666
2017-18,35,Andaman and Nicobar Island,2018-02,2018-02-01,16.0172057,11.0679782,0.8985719,0.0242651,20.2445128
2017-18,35,Andaman and Nicobar Island,2018-03,2018-03-01,16.0172057,19.8755598,1.3563134,0.011051,37.2601299
2017-18,36,Telangana,2017-07,2017-07-01,543.2928375,0.264892,2.0745106,9e-07,2.6229098
2017-18,36,Telangana,2017-08,2017-08-01,565.5158061,840.5294803,929.7625414,445.1304557,2758.7153149
2017-18,36,Telangana,2017-09,2017-09-01,565.1486363,803.3900475,863.208899,484.6779964,2716.792749
2017-18,36,Telangana,2017-10,2017-10-01,496.8067885,847.6089539,853.9596985,492.0375778,2758.7548665
2017-18,36,Telangana,2017-11,2017-11-01,520.4421634,750.6218661,801.8603055,394.1019608,2443.3909209
2017-18,36,Telangana,2017-12,2017-12-01,586.3543242,741.2042425,714.7991656,513.2891597,2489.7347312
2017-18,36,Telangana,2018-01,2018-01-01,571.4543618,856.5906219,768.0426313,525.7353558,2736.7229332
2017-18,36,Telangana,2018-02,2018-02-01,641.9788601,793.7231417,748.069603,526.4695344,2639.7166409
2017-18,36,Telangana,2018-03,2018-03-01,641.9788601,903.5354338,846.658867,407.1894951,2799.362656
2017-18,37,Andhra Pradesh,2017-07,2017-07-01,448.0729277,2.5946951,4.3218063,0.0003113,9.5160286
2017-18,37,Andhra Pradesh,2017-08,2017-08-01,428.4615743,660.8916887,755.9556036,24.4278997,1889.3481197
2017-18,37,Andhra Pradesh,2017-09,2017-09-01,435.1613646,634.9182786,718.7253476,19.9317978,1802.0369983
2017-18,37,Andhra Pradesh,2017-10,2017-10-01,389.3839969,701.8627135,670.8374297,20.7225897,1828.5840975
2017-18,37,Andhra Pradesh,2017-11,2017-11-01,390.4823503,588.8938348,669.2892002,20.0133378,1667.5803697
2017-18,37,Andhra Pradesh,2017-12,2017-12-01,489.0594749,572.8712022,608.7211527,12.8435906,1584.9182958
2017-18,37,Andhra Pradesh,2018-01,2018-01-01,415.8881947,713.8409366,697.3217621,20.5769695,1920.7991431
2017-18,37,Andhra Pradesh,2018-02,2018-02-01,445.9782364,581.4440134,742.8999224,18.2470722,1758.4792027
2017-18,37,Andhra Pradesh,2018-03,2018-03-01,445.9782364,618.9743593,783.0554701,17.44262,1865.4506858
2017-18,97,Other Territory,2017-07,2017-07-01,,,,,
2017-18,97,Other Territory,2017-08,2017-08-01,0.0,,,,
2017-18,97,Other Territory,2017-09,2017-09-01,19.8661178,0.0,10.8526807,0.0,10.8526807
2017-18,97,Other Territory,2017-10,2017-10-01,8.0470521,19.7604883,23.5478113,0.0,63.1744174
2017-18,97,Other Territory,2017-11,2017-11-01,7.924289,11.4353275,21.6476878,0.0003763,41.1304437
2017-18,97,Other Territory,2017-12,2017-12-01,73.1511216,11.7789051,26.7450365,0.0007218,46.4489524
2017-18,97,Other Territory,2018-01,2018-01-01,18.8804624,113.9729949,36.9427513,0.0001124,224.0669802
2017-18,97,Other Territory,2018-02,2018-02-01,14.4052982,36.5222569,26.8286127,0.0007811,82.2321131
2017-18,97,Other Territory,2018-03,2018-03-01,14.4052982,30.9806024,33.028233,9.422176,87.8363096
2017-18,99,CBIC,2017-07,2017-07-01,,,,,
2017-18,99,CBIC,2017-08,2017-08-01,,,,,
2017-18,99,CBIC,2017-09,2017-09-01,,,,,
2017-18,99,CBIC,2017-10,2017-10-01,,,,,
2017-18,99,CBIC,2017-11,2017-11-01,,,,,
2017-18,99,CBIC,2017-12,2017-12-01,0.0,,,,
2017-18,99,CBIC,2018-01,2018-01-01,0.0,0.0,18.7518679,0.0,18.7518679
2017-18,99,CBIC,2018-02,2018-02-01,0.0,0.0,5.3400556,0.0,5.3400556
2017-18,99,CBIC,2018-03,2018-03-01,0.0,0.0,55.8970698,0.0,55.8970698
2018-19,1,Jammu and Kashmir,2018-04,2018-04-01,70.5962381,179.6171643,73.9837846,3.236023,372.0565626
2018-19,1,Jammu and Kashmir,2018-05,2018-05-01,70.7373393,119.216669,72.7601634,4.3685637,266.9416342
2018-19,1,Jammu and Kashmir,2018-06,2018-06-01,80.4367505,119.0224767,72.189619,4.171409,266.120844
2018-19,1,Jammu and Kashmir,2018-07,2018-07-01,72.7724622,134.7249098,95.6029999,7.1765799,317.9412401
2018-19,1,Jammu and Kashmir,2018-08,2018-08-01,78.6056202,129.4745202,99.00696,4.0236051,305.2775475
2018-19,1,Jammu and Kashmir,2018-09,2018-09-01,84.909506,129.73647,123.8472218,4.65306,336.842372
2018-19,1,Jammu and Kashmir,2018-10,2018-10-01,75.860658,133.2337308,103.0280636,2.8872393,324.0585397
2018-19,1,Jammu and Kashmir,2018-11,2018-11-01,77.9408226,126.5155312,82.0839711,1.8291682,286.2893285
2018-19,1,Jammu and Kashmir,2018-12,2018-12-01,94.4404368,135.1477195,78.5906861,0.8671378,292.546366
2018-19,1,Jammu and Kashmir,2019-01,2019-01-01,97.0238471,160.0562248,75.2939885,1.4145303,331.2051804
2018-19,1,Jammu and Kashmir,2019-02,2019-02-01,125.0963795,139.2380305,67.294005,1.9509817,305.5068643
2018-19,1,Jammu and Kashmir,2019-03,2019-03-01,125.0963795,180.2807187,77.3130693,4.9265855,387.616753
2018-19,2,Himachal Pradesh,2018-04,2018-04-01,74.3762122,135.9913321,420.817172,1.4776635,647.2597088
2018-19,2,Himachal Pradesh,2018-05,2018-05-01,81.1942008,116.8320504,453.8460676,1.0527129,646.1070431
2018-19,2,Himachal Pradesh,2018-06,2018-06-01,85.4171868,128.4679042,430.1563081,1.4402439,641.258657
2018-19,2,Himachal Pradesh,2018-07,2018-07-01,77.4624246,131.1081574,399.7724128,1.2039838,617.5017408
2018-19,2,Himachal Pradesh,2018-08,2018-08-01,79.1032341,121.383161,362.2735142,1.1983131,562.3174129
2018-19,2,Himachal Pradesh,2018-09,2018-09-01,78.7656224,118.5337623,450.1057387,0.801131,648.5438661
2018-19,2,Himachal Pradesh,2018-10,2018-10-01,97.5540081,124.5397902,445.7776486,1.545973,650.6290342
2018-19,2,Himachal Pradesh,2018-11,2018-11-01,89.7012549,141.134159,427.7135795,0.9869232,667.3886698
2018-19,2,Himachal Pradesh,2018-12,2018-12-01,88.4802546,139.6098074,364.6905752,0.7310006,594.7326381
2018-19,2,Himachal Pradesh,2019-01,2019-01-01,89.3242693,145.2886795,410.3141507,2.6690405,646.7521253
2018-19,2,Himachal Pradesh,2019-02,2019-02-01,99.832838,131.2118478,388.59193,0.8724307,610.0004778
2018-19,2,Himachal Pradesh,2019-03,2019-03-01,99.832838,156.9050476,402.9544546,0.5595683,660.2519085
2018-19,3,Punjab,2018-04,2018-04-01,237.8547312,498.576425,432.3419534,16.9955532,1258.3976189
2018-19,3,Punjab,2018-05,2018-05-01,250.794141,397.4046804,487.8012503,16.2564943,1139.3171562
2018-19,3,Punjab,2018-06,2018-06-01,265.7611239,441.5040323,489.7406352,18.2006289,1200.2394374
2018-19,3,Punjab,2018-07,2018-07-01,247.7479473,453.4045551,436.0890458,16.1761881,1171.4309129
2018-19,3,Punjab,2018-08,2018-08-01,250.8906774,409.9123239,427.2871202,11.8295024,1096.7768938
2018-19,3,Punjab,2018-09,2018-09-01,268.7808,406.1009895,445.7761121,14.3127226,1117.0805016
2018-19,3,Punjab,2018-10,2018-10-01,270.5899513,431.2027063,417.0856811,12.3945438,1129.4637312
2018-19,3,Punjab,2018-11,2018-11-01,273.4949709,469.3416961,472.7878109,7.0379307,1219.757389
2018-19,3,Punjab,2018-12,2018-12-01,296.8933398,459.5752226,422.7775533,6.6174819,1162.4652287
2018-19,3,Punjab,2019-01,2019-01-01,267.7008392,529.0995765,374.6811382,15.3583222,1216.0323767
2018-19,3,Punjab,2019-02,2019-02-01,282.1510812,453.2048476,370.1416795,9.0139977,1100.061364
2018-19,3,Punjab,2019-03,2019-03-01,282.1510812,454.3395145,419.6017413,9.930498,1166.022835
2018-19,4,Chandigarh,2018-04,2018-04-01,26.8891317,46.3927594,101.4381839,0.2345281,181.738288
2018-19,4,Chandigarh,2018-05,2018-05-01,25.5433207,36.4584542,68.7986827,0.0684211,132.2146897
2018-19,4,Chandigarh,2018-06,2018-06-01,29.8505192,39.6904886,70.775433,0.3887409,136.3979832
2018-19,4,Chandigarh,2018-07,2018-07-01,28.6424126,41.0255325,76.745773,0.2992633,147.921088
2018-19,4,Chandigarh,2018-08,2018-08-01,26.9813442,39.9347191,70.8471908,0.155666,139.5799885
2018-19,4,Chandigarh,2018-09,2018-09-01,26.0838602,40.9309763,75.2825903,0.1785313,143.3734421
2018-19,4,Chandigarh,2018-10,2018-10-01,30.1844551,34.7807541,80.0550362,0.2976356,141.2172861
2018-19,4,Chandigarh,2018-11,2018-11-01,28.6799005,40.8087352,74.3972888,0.1159477,145.5064268
2018-19,4,Chandigarh,2018-12,2018-12-01,31.0783582,40.6391036,73.3331583,0.2209923,142.8731547
2018-19,4,Chandigarh,2019-01,2019-01-01,27.9131015,50.1471748,76.4599251,1.3495289,159.034987
2018-19,4,Chandigarh,2019-02,2019-02-01,32.9538338,41.3931004,76.9787892,0.3159669,146.600958
2018-19,4,Chandigarh,2019-03,2019-03-01,32.9538338,44.7916086,84.0576778,0.1875544,161.9906746
2018-19,5,Uttarakhand,2018-04,2018-04-01,160.3741656,355.8278507,924.7473821,22.560781,1514.6143274
2018-19,5,Uttarakhand,2018-05,2018-05-01,164.1642717,303.9771301,761.5033899,20.8390117,1246.6936973
2018-19,5,Uttarakhand,2018-06,2018-06-01,179.406084,309.879874,770.7146679,21.2794006,1266.0382142
2018-19,5,Uttarakhand,2018-07,2018-07-01,158.8963606,321.9328977,889.7034729,17.0736376,1408.1160922
2018-19,5,Uttarakhand,2018-08,2018-08-01,157.8101606,297.2440045,549.4589496,14.5659621,1020.1652768
2018-19,5,Uttarakhand,2018-09,2018-09-01,179.3876103,289.7226788,779.5400418,19.5249772,1246.5978584
2018-19,5,Uttarakhand,2018-10,2018-10-01,167.8214668,341.4305087,868.6355693,21.3766063,1410.8302946
2018-19,5,Uttarakhand,2018-11,2018-11-01,154.2477598,339.534445,616.8546821,23.3637116,1147.5743055
2018-19,5,Uttarakhand,2018-12,2018-12-01,175.903877,292.6765139,591.4615853,16.8412426,1055.2271016
2018-19,5,Uttarakhand,2019-01,2019-01-01,187.9910681,303.327622,652.7636274,13.6302783,1145.6254047
2018-19,5,Uttarakhand,2019-02,2019-02-01,203.3210237,333.9220432,691.5783199,23.8679312,1237.3593624
2018-19,5,Uttarakhand,2019-03,2019-03-01,203.3210237,360.4724773,862.3285893,24.9662646,1451.0883549
2018-19,6,Haryana,2018-04,2018-04-01,690.5879097,1100.3166704,2982.0378743,334.2225105,5129.9221914
2018-19,6,Haryana,2018-05,2018-05-01,709.2754311,1015.2909676,2515.9759945,351.8846461,4573.7395179
2018-19,6,Haryana,2018-06,2018-06-01,680.2181601,1090.6571681,2436.5287147,398.0083574,4634.4696713
2018-19,6,Haryana,2018-07,2018-07-01,711.4865613,1003.5572195,2311.7060208,299.1560883,4294.6374887
2018-19,6,Haryana,2018-08,2018-08-01,688.694833,1088.275396,2281.4249029,292.7045491,4373.8914093
2018-19,6,Haryana,2018-09,2018-09-01,707.7584863,1039.9065182,2156.4333041,307.0968645,4192.1315198
2018-19,6,Haryana,2018-10,2018-10-01,779.117151,1053.8417628,2373.9496775,325.7475132,4461.2974398
2018-19,6,Haryana,2018-11,2018-11-01,657.0167049,1068.6916285,2522.0771391,307.6966056,4677.5825242
2018-19,6,Haryana,2018-12,2018-12-01,728.9431893,971.0845337,2690.7657555,327.4312684,4646.2982625
2018-19,6,Haryana,2019-01,2019-01-01,694.3856555,1065.153696,2679.3370404,341.2967437,4814.7306694
2018-19,6,Haryana,2019-02,2019-02-01,758.8505727,1063.1509289,2819.8993173,295.48315,4872.9190517
2018-19,6,Haryana,2019-03,2019-03-01,758.8505727,1130.3866471,2363.2024479,308.6074739,4561.0471416
2018-19,7,Delhi,2018-04,2018-04-01,631.2872724,1331.5652073,1682.8511816,78.8082267,4197.9962096
2018-19,7,Delhi,2018-05,2018-05-01,619.8229773,797.3489619,1402.1911038,84.0658275,2914.8931656
2018-19,7,Delhi,2018-06,2018-06-01,662.9781451,795.1900131,1601.9056714,86.3569774,3103.2756392
2018-19,7,Delhi,2018-07,2018-07-01,655.0379965,834.076976,1513.7974252,83.9714184,3094.8239647
2018-19,7,Delhi,2018-08,2018-08-01,620.5229107,825.9587655,1440.6621103,92.9249916,3014.5838639
2018-19,7,Delhi,2018-09,2018-09-01,666.3819589,787.0369039,1642.9043305,89.0403262,3139.5044713
2018-19,7,Delhi,2018-10,2018-10-01,670.8455701,859.7420916,1671.1041936,89.8217282,3287.0499723
2018-19,7,Delhi,2018-11,2018-11-01,651.2487425,878.222507,1632.1124652,95.536951,3276.7174933
2018-19,7,Delhi,2018-12,2018-12-01,693.5851792,845.0060136,1560.6452606,89.2276632,3146.1276799
2018-19,7,Delhi,2019-01,2019-01-01,712.4825688,945.909066,1782.9400753,102.7164153,3525.1507358
2018-19,7,Delhi,2019-02,2019-02-01,796.3660798,918.208496,1704.3537554,87.1528931,3422.1977133
2018-19,7,Delhi,2019-03,2019-03-01,796.3660798,1020.8863703,1812.429258,92.7339775,3722.4156856
2018-19,8,Rajasthan,2018-04,2018-04-01,637.38988,903.8752928,903.7504439,141.8250106,2608.7031076
2018-19,8,Rajasthan,2018-05,2018-05-01,606.7352752,848.7906037,873.4019092,132.9154005,2492.4977934
2018-19,8,Rajasthan,2018-06,2018-06-01,642.5817632,833.9387427,850.172957,133.2429267,2424.0899016
2018-19,8,Rajasthan,2018-07,2018-07-01,570.6396211,891.9141122,788.0883914,130.940188,2453.5244548
2018-19,8,Rajasthan,2018-08,2018-08-01,559.5281534,796.8996568,748.8302669,124.0226529,2240.3921977
2018-19,8,Rajasthan,2018-09,2018-09-01,672.0505091,773.5683035,781.3615595,129.0224883,2243.4805047
2018-19,8,Rajasthan,2018-10,2018-10-01,691.170206,949.1091956,820.3026557,112.4381015,2553.9004619
2018-19,8,Rajasthan,2018-11,2018-11-01,668.6995391,970.8011816,877.6923208,124.384431,2664.0481394
2018-19,8,Rajasthan,2018-12,2018-12-01,709.6256427,924.6050443,752.8512587,110.2584197,2456.4142618
2018-19,8,Rajasthan,2019-01,2019-01-01,693.046755,1036.7253883,898.3007113,131.2823893,2775.9341316
2018-19,8,Rajasthan,2019-02,2019-02-01,868.3597678,986.8603263,875.7939642,120.2340189,2675.9350644
2018-19,8,Rajasthan,2019-03,2019-03-01,868.3597678,1242.8645867,895.3348894,125.8588605,3132.4181044
2018-19,9,Uttar Pradesh,2018-04,2018-04-01,971.7340606,2115.0703855,1545.2826661,1029.8217004,6020.2444132
2018-19,9,Uttar Pradesh,2018-05,2018-05-01,1034.7410591,1502.7945011,1302.4633603,838.8383051,4615.8302271
2018-19,9,Uttar Pradesh,2018-06,2018-06-01,1055.821646,1624.0213453,1374.1580249,999.7411418,5032.6615711
2018-19,9,Uttar Pradesh,2018-07,2018-07-01,935.4233972,1637.2348893,1280.820033,1009.2314965,4983.1080648
2018-19,9,Uttar Pradesh,2018-08,2018-08-01,917.4915643,1452.7776847,1353.1658936,1022.1924702,4763.5594457
2018-19,9,Uttar Pradesh,2018-09,2018-09-01,1023.3675367,1408.9292403,1438.67419,1046.8518492,4811.9468438
2018-19,9,Uttar Pradesh,2018-10,2018-10-01,1048.5527547,1580.7591222,1327.7249619,903.2160419,4835.0676627
2018-19,9,Uttar Pradesh,2018-11,2018-11-01,1065.0084139,1616.4465449,1386.2821746,1107.0600029,5158.3414771
2018-19,9,Uttar Pradesh,2018-12,2018-12-01,1159.5738792,1622.8370041,1206.5324429,1062.4014845,4956.7793454
2018-19,9,Uttar Pradesh,2019-01,2019-01-01,1064.1240881,1864.7638073,1336.7903815,1123.9816556,5485.1097236
2018-19,9,Uttar Pradesh,2019-02,2019-02-01,1239.8570608,1672.1583668,1299.4387651,1076.61114,5112.33236
2018-19,9,Uttar Pradesh,2019-03,2019-03-01,1239.8570608,1872.2930406,1391.666954,1043.9291911,5547.7462465
2018-19,10,Bihar,2018-04,2018-04-01,167.8525265,425.0507914,108.9029621,173.6850592,913.5473565
2018-19,10,Bihar,2018-05,2018-05-01,178.7498485,335.0095708,119.7263862,116.7999723,739.3884558
2018-19,10,Bihar,2018-06,2018-06-01,194.8399285,365.7370899,87.8567054,128.7793164,761.1229602
2018-19,10,Bihar,2018-07,2018-07-01,192.9394514,393.1842194,100.6450327,162.5375593,851.2067399
2018-19,10,Bihar,2018-08,2018-08-01,195.5528199,357.0826522,127.5657177,168.2311511,845.8189724
2018-19,10,Bihar,2018-09,2018-09-01,197.937667,374.0358732,90.6695674,170.2772079,830.5354684
2018-19,10,Bihar,2018-10,2018-10-01,217.4304013,397.0912006,92.4567042,124.9358277,812.4213995
2018-19,10,Bihar,2018-11,2018-11-01,220.5223698,393.9923474,141.3270567,161.9320869,914.6818923
2018-19,10,Bihar,2018-12,2018-12-01,253.8997215,393.5157676,118.8477147,176.3726532,909.2585053
2018-19,10,Bihar,2019-01,2019-01-01,244.2701412,453.1315528,137.6367523,194.7829218,1039.4509484
2018-19,10,Bihar,2019-02,2019-02-01,325.7055979,433.1472064,113.3950928,170.1986978,961.0111382
2018-19,10,Bihar,2019-03,2019-03-01,325.7055979,551.1537115,125.8148337,174.3199551,1176.9940982
2018-19,11,Sikkim,2018-04,2018-04-01,9.9368729,15.7365388,123.2235067,0.0017444,150.5437319
2018-19,11,Sikkim,2018-05,2018-05-01,10.1247766,13.5487096,143.151528,0.6622607,167.2993712
2018-19,11,Sikkim,2018-06,2018-06-01,16.3812372,14.4355935,146.4141498,0.0061442,170.9806641
2018-19,11,Sikkim,2018-07,2018-07-01,7.0837187,23.5838222,141.1692223,0.128216,181.2624977
2018-19,11,Sikkim,2018-08,2018-08-01,7.8220545,12.2280978,143.7871896,0.033152,163.1321581
2018-19,11,Sikkim,2018-09,2018-09-01,9.8907138,11.3371854,145.9219036,0.0093699,165.0905134
2018-19,11,Sikkim,2018-10,2018-10-01,10.0105727,15.2325688,115.5064462,0.3239732,140.953702
2018-19,11,Sikkim,2018-11,2018-11-01,7.2957051,19.503006,118.819116,0.103092,148.4357867
2018-19,11,Sikkim,2018-12,2018-12-01,8.5870033,11.4918043,130.6567142,0.2787159,149.7229395
2018-19,11,Sikkim,2019-01,2019-01-01,8.9692558,14.5479971,151.9361312,0.4429798,175.5141114
2018-19,11,Sikkim,2019-02,2019-02-01,11.7174655,13.980592,121.9218376,0.0183915,144.8900769
2018-19,11,Sikkim,2019-03,2019-03-01,11.7174655,16.8911522,130.9296759,0.048845,159.5871386
2018-19,12,Arunachal Pradesh,2018-04,2018-04-01,9.7702146,16.5303152,3.2409188,0.5150581,33.1450138
2018-19,12,Arunachal Pradesh,2018-05,2018-05-01,9.3242923,15.3944388,4.4778228,0.0092772,29.6517534
2018-19,12,Arunachal Pradesh,2018-06,2018-06-01,10.0505073,13.5436848,3.9458071,0.0079796,26.8217638
2018-19,12,Arunachal Pradesh,2018-07,2018-07-01,7.1371566,14.6868702,3.8895432,0.0180726,28.6449933
2018-19,12,Arunachal Pradesh,2018-08,2018-08-01,10.2340034,11.0849396,4.2168951,0.2314681,22.6704594
2018-19,12,Arunachal Pradesh,2018-09,2018-09-01,9.7935277,13.4109503,2.1631483,0.1423909,25.9504929
2018-19,12,Arunachal Pradesh,2018-10,2018-10-01,6.4722361,14.6746773,3.2468208,0.4857077,28.2007335
2018-19,12,Arunachal Pradesh,2018-11,2018-11-01,9.2506684,11.5875508,3.5408265,0.107368,21.7079814
2018-19,12,Arunachal Pradesh,2018-12,2018-12-01,14.3853546,12.4095114,4.1840752,0.1056056,25.9498606
2018-19,12,Arunachal Pradesh,2019-01,2019-01-01,11.8523268,19.441757,4.3689813,0.0369396,38.2330325
2018-19,12,Arunachal Pradesh,2019-02,2019-02-01,33.0873609,15.8253533,4.0912845,0.1882684,31.957233
2018-19,12,Arunachal Pradesh,2019-03,2019-03-01,33.0873609,42.1021903,9.9063257,0.2427858,85.3386627
2018-19,13,Nagaland,2018-04,2018-04-01,3.1415729,7.2390867,5.1178104,0.172562,16.9624573
2018-19,13,Nagaland,2018-05,2018-05-01,2.846493,5.9792819,3.9886993,0.3192949,13.428849
2018-19,13,Nagaland,2018-06,2018-06-01,2.9068767,5.5431936,4.4389608,0.6033914,13.4320388
2018-19,13,Nagaland,2018-07,2018-07-01,4.5802578,4.7332881,4.3389931,0.5143982,12.4935561
2018-19,13,Nagaland,2018-08,2018-08-01,5.4540123,6.7276909,3.6008504,0.3885175,15.2973166
2018-19,13,Nagaland,2018-09,2018-09-01,4.8066328,7.7398559,8.634844,0.170388,21.9991002
2018-19,13,Nagaland,2018-10,2018-10-01,4.200568,8.0035951,5.24799,0.5236949,18.5819128
2018-19,13,Nagaland,2018-11,2018-11-01,4.2461554,6.3838712,3.9819885,0.5310665,15.0974942
2018-19,13,Nagaland,2018-12,2018-12-01,4.8628121,6.8732649,4.5472547,0.8700492,16.5367242
2018-19,13,Nagaland,2019-01,2019-01-01,5.0995965,6.931036,4.7425179,0.9036309,17.4399969
2018-19,13,Nagaland,2019-02,2019-02-01,16.6192346,8.1779147,4.2117172,2.1609306,19.650159
2018-19,13,Nagaland,2019-03,2019-03-01,16.6192346,22.1169214,5.365473,1.7858622,45.8874912
2018-19,14,Manipur,2018-04,2018-04-01,5.2564341,18.4244025,1.4850173,0.0308901,33.8360743
2018-19,14,Manipur,2018-05,2018-05-01,8.437478,9.2831337,1.949813,0.1726912,16.662072
2018-19,14,Manipur,2018-06,2018-06-01,6.7091318,12.3871027,1.0898704,0.0623573,21.9768084
2018-19,14,Manipur,2018-07,2018-07-01,6.1120793,16.4665905,1.0461909,0.1223222,24.3442354
2018-19,14,Manipur,2018-08,2018-08-01,10.6497775,9.5573233,0.8859491,0.054885,16.6102367
2018-19,14,Manipur,2018-09,2018-09-01,7.7591712,20.164567,1.0234726,0.0022938,31.8401109
2018-19,14,Manipur,2018-10,2018-10-01,6.7466049,15.1766702,1.2340071,0.1450276,24.3148761
2018-19,14,Manipur,2018-11,2018-11-01,9.7749619,11.4885257,3.1873855,0.0610625,21.4835786
2018-19,14,Manipur,2018-12,2018-12-01,8.5291163,15.6500564,1.4412333,0.2492005,27.1154521
2018-19,14,Manipur,2019-01,2019-01-01,6.7533297,13.5379002,1.5088285,0.1319285,23.7077735
2018-19,14,Manipur,2019-02,2019-02-01,18.2022784,12.5856287,1.6846138,0.0924996,21.1160718
2018-19,14,Manipur,2019-03,2019-03-01,18.2022784,25.9976804,1.8821395,0.0342707,46.116369
2018-19,15,Mizoram,2018-04,2018-04-01,3.1514014,9.4137331,1.9556099,0.0430771,17.2956215
2018-19,15,Mizoram,2018-05,2018-05-01,3.2523617,6.4693904,4.1402884,0.0008017,13.7618819
2018-19,15,Mizoram,2018-06,2018-06-01,3.047424,6.2431115,0.7409617,0.0330648,10.2694997
2018-19,15,Mizoram,2018-07,2018-07-01,3.4663729,5.6456422,1.5212511,0.0041279,10.2184452
2018-19,15,Mizoram,2018-08,2018-08-01,5.2985292,6.681958,0.6319806,0.0228002,10.8031117
2018-19,15,Mizoram,2018-09,2018-09-01,2.4241458,7.5600956,0.4649465,0.0727433,13.3963146
2018-19,15,Mizoram,2018-10,2018-10-01,4.6456294,5.01189,2.7698652,0.0024066,10.2083076
2018-19,15,Mizoram,2018-11,2018-11-01,3.5805357,7.6024687,3.3972454,0.1409843,15.7863278
2018-19,15,Mizoram,2018-12,2018-12-01,7.1027161,6.0747575,3.3130995,0.1144628,13.0828555
2018-19,15,Mizoram,2019-01,2019-01-01,6.2235042,11.9073127,7.2562505,0.141557,26.4078363
2018-19,15,Mizoram,2019-02,2019-02-01,16.2969957,10.451157,5.4569926,0.0038873,22.1355411
2018-19,15,Mizoram,2019-03,2019-03-01,16.2969957,24.5858396,8.8577892,0.009376,49.7500005
2018-19,16,Tripura,2018-04,2018-04-01,16.8955247,25.4795653,3.2234347,0.0607523,45.7172974
2018-19,16,Tripura,2018-05,2018-05-01,12.0569986,25.8378444,2.6832971,0.2364986,45.6531648
2018-19,16,Tripura,2018-06,2018-06-01,17.4080313,19.4571343,3.6805749,0.0561439,35.2508517
2018-19,16,Tripura,2018-07,2018-07-01,14.1776558,24.4820858,3.5051404,0.5827593,45.9780168
2018-19,16,Tripura,2018-08,2018-08-01,18.2434506,20.1225435,3.9040302,0.1036,38.3078295
2018-19,16,Tripura,2018-09,2018-09-01,15.3099285,25.9439333,4.6302083,0.6775474,49.4951396
2018-19,16,Tripura,2018-10,2018-10-01,15.3900054,23.7754561,4.9456637,0.2743339,44.3053822
2018-19,16,Tripura,2018-11,2018-11-01,17.2872865,21.5921724,4.2776401,0.1042848,41.3641027
2018-19,16,Tripura,2018-12,2018-12-01,18.7349529,25.6468545,4.8896917,0.1362217,47.9600544
2018-19,16,Tripura,2019-01,2019-01-01,16.6737201,26.750283,6.4533692,0.2331668,52.1717719
2018-19,16,Tripura,2019-02,2019-02-01,24.3054331,23.5793338,5.6535452,0.2116734,46.1182725
2018-19,16,Tripura,2019-03,2019-03-01,24.3054331,32.9706684,6.3001238,0.3177596,63.8939849
2018-19,17,Meghalaya,2018-04,2018-04-01,13.7163889,32.7970361,92.3087284,3.6443658,152.4086363
2018-19,17,Meghalaya,2018-05,2018-05-01,14.9194984,19.9220798,89.9407388,3.0186096,126.5978171
2018-19,17,Meghalaya,2018-06,2018-06-01,15.4209669,20.9512935,76.0418111,4.2690697,116.1816727
2018-19,17,Meghalaya,2018-07,2018-07-01,15.6591106,22.2813134,74.7445314,1.4073068,113.8541185
2018-19,17,Meghalaya,2018-08,2018-08-01,13.408407,21.2700972,64.7307281,0.6763487,102.3362846
2018-19,17,Meghalaya,2018-09,2018-09-01,16.2599516,19.9063087,57.7324561,1.4895602,92.536732
2018-19,17,Meghalaya,2018-10,2018-10-01,13.2019817,25.764726,52.3961324,1.1771564,95.5979664
2018-19,17,Meghalaya,2018-11,2018-11-01,14.0526288,20.3605745,66.296885,1.4251897,101.2846309
2018-19,17,Meghalaya,2018-12,2018-12-01,16.6136998,20.9760321,72.8681763,0.1380121,108.0348493
2018-19,17,Meghalaya,2019-01,2019-01-01,18.3002778,23.7369461,62.7553987,0.8055896,103.9116342
2018-19,17,Meghalaya,2019-02,2019-02-01,22.1949534,23.9160408,85.708615,0.9517185,128.8766521
2018-19,17,Meghalaya,2019-03,2019-03-01,22.1949534,32.1422446,70.3143452,2.1385429,126.7900861
2018-19,18,Assam,2018-04,2018-04-01,314.067016,276.8779728,176.8886739,52.9713863,679.2172416
2018-19,18,Assam,2018-05,2018-05-01,171.5429748,399.2464527,185.106904,25.9687728,924.3891455
2018-19,18,Assam,2018-06,2018-06-01,162.9297199,250.2704006,195.9868753,44.8560991,662.6563498
2018-19,18,Assam,2018-07,2018-07-01,172.9510942,259.5280286,197.3687739,41.1930085,661.0195309
2018-19,18,Assam,2018-08,2018-08-01,184.2701414,246.7824801,201.8825816,24.3517118,645.9678677
2018-19,18,Assam,2018-09,2018-09-01,203.1878983,256.8351074,223.8242949,31.8191555,696.7486992
2018-19,18,Assam,2018-10,2018-10-01,203.0305253,288.7523295,226.9986167,37.8522598,756.7911043
2018-19,18,Assam,2018-11,2018-11-01,198.4293594,275.1910404,218.3740844,42.8971307,739.4927808
2018-19,18,Assam,2018-12,2018-12-01,206.5853294,270.0028676,231.2191239,43.5165784,743.1679293
2018-19,18,Assam,2019-01,2019-01-01,221.523834,318.5856194,214.7106807,47.0127219,786.8943514
2018-19,18,Assam,2019-02,2019-02-01,277.7511782,311.0348567,170.1295564,33.6260867,736.3143338
2018-19,18,Assam,2019-03,2019-03-01,277.7511782,407.6209696,228.1895321,42.1641629,955.7258428
2018-19,19,West Bengal,2018-04,2018-04-01,869.323819,1359.8112359,925.6416535,388.1641398,3690.6377135
2018-19,19,West Bengal,2018-05,2018-05-01,857.6723188,1171.2998264,786.3670877,281.4032516,3108.3939847
2018-19,19,West Bengal,2018-06,2018-06-01,875.7842915,1188.3161573,747.7920682,318.0839393,3111.8644836
2018-19,19,West Bengal,2018-07,2018-07-01,883.3052392,1195.3887874,866.1369742,351.4185894,3288.7286425
2018-19,19,West Bengal,2018-08,2018-08-01,870.9310259,1178.5047214,768.8846586,293.8450894,3124.5397086
2018-19,19,West Bengal,2018-09,2018-09-01,921.3687619,1150.4387721,799.7467526,309.0460808,3130.1626314
2018-19,19,West Bengal,2018-10,2018-10-01,873.7768995,1223.7834239,811.5938608,278.6640906,3235.4101372
2018-19,19,West Bengal,2018-11,2018-11-01,937.4007407,1125.8086056,755.0755432,280.1140415,3034.7750898
2018-19,19,West Bengal,2018-12,2018-12-01,996.6043805,1230.5340709,737.1287942,324.9388584,3230.0024642
2018-19,19,West Bengal,2019-01,2019-01-01,1006.2956539,1262.4886046,866.9718596,369.3006546,3495.3654993
2018-19,19,West Bengal,2019-02,2019-02-01,1160.830481,1320.6284264,781.0262471,381.727574,3489.6779014
2018-19,19,West Bengal,2019-03,2019-03-01,1160.830481,1480.5221864,877.7763277,321.6953574,3840.8243525
2018-19,20,Jharkhand,2018-04,2018-04-01,251.2933302,489.660597,1045.3517199,504.8150366,2388.5257109
2018-19,20,Jharkhand,2018-05,2018-05-01,273.3602884,358.409686,893.7014977,454.3798865,1957.7844004
2018-19,20,Jharkhand,2018-06,2018-06-01,300.6811171,385.0467983,849.8247569,470.8709886,1979.1028322
2018-19,20,Jharkhand,2018-07,2018-07-01,256.185001,429.4964685,710.6215514,407.1515408,1847.9506778
2018-19,20,Jharkhand,2018-08,2018-08-01,264.3147704,364.8367503,664.5094011,383.6970178,1669.2281702
2018-19,20,Jharkhand,2018-09,2018-09-01,359.9907185,367.6035775,755.8512364,347.8348914,1735.6044757
2018-19,20,Jharkhand,2018-10,2018-10-01,310.0866954,469.1622859,894.1650269,368.0056574,2091.3236887
2018-19,20,Jharkhand,2018-11,2018-11-01,298.3246822,425.2035025,872.3109081,408.1464468,2015.7475528
2018-19,20,Jharkhand,2018-12,2018-12-01,319.8498111,411.1482261,855.4404579,430.5650717,1995.4784379
2018-19,20,Jharkhand,2019-01,2019-01-01,325.7106706,447.2604056,755.7168342,441.9470578,1964.7741087
2018-19,20,Jharkhand,2019-02,2019-02-01,368.2991744,432.2192767,877.1367803,485.8449893,2120.9117169
2018-19,20,Jharkhand,2019-03,2019-03-01,368.2991744,498.6954382,825.8187316,456.6297349,2149.4430791
2018-19,21,Odisha,2018-04,2018-04-01,360.0789033,639.2413068,495.9366833,583.6415354,2167.7956314
2018-19,21,Odisha,2018-05,2018-05-01,407.4275297,499.2367762,637.6293044,395.007774,1891.9527579
2018-19,21,Odisha,2018-06,2018-06-01,400.5777896,535.8696367,786.4261961,422.1743823,2151.8977448
2018-19,21,Odisha,2018-07,2018-07-01,400.9673079,546.8413465,651.1121117,460.3526966,2058.8839444
2018-19,21,Odisha,2018-08,2018-08-01,403.9196321,525.8851798,837.699947,477.1977425,2241.7501772
2018-19,21,Odisha,2018-09,2018-09-01,423.2943506,527.5824964,808.7342341,446.5307521,2186.7671147
2018-19,21,Odisha,2018-10,2018-10-01,424.6164835,555.9379998,755.7475856,454.7089063,2189.6888423
2018-19,21,Odisha,2018-11,2018-11-01,443.581981,551.0242493,895.2646406,503.4037353,2374.3091087
2018-19,21,Odisha,2018-12,2018-12-01,448.8500824,572.3815215,823.6046549,507.0347503,2346.6029077
2018-19,21,Odisha,2019-01,2019-01-01,526.1813264,596.1942209,821.8421176,471.1549233,2338.0413442
2018-19,21,Odisha,2019-02,2019-02-01,605.7143,672.9865837,725.2441367,449.6310187,2374.0430655
2018-19,21,Odisha,2019-03,2019-03-01,605.7143,782.9883638,766.8532742,470.3568936,2625.9128316
2018-19,22,Chhattisgarh,2018-04,2018-04-01,299.9390334,415.6428411,633.3494901,502.2396624,1889.6623311
2018-19,22,Chhattisgarh,2018-05,2018-05-01,303.4846154,378.1035969,662.435497,529.1102962,1869.5884235
2018-19,22,Chhattisgarh,2018-06,2018-06-01,337.8759785,383.2124012,693.1887778,521.8649929,1901.7507873
2018-19,22,Chhattisgarh,2018-07,2018-07-01,309.8770388,420.3185083,550.5486249,601.3211593,1910.064271
2018-19,22,Chhattisgarh,2018-08,2018-08-01,287.0657987,398.6842546,576.6739739,535.7434414,1820.9787087
2018-19,22,Chhattisgarh,2018-09,2018-09-01,321.9665405,361.0209065,509.29649,513.6007439,1670.9839391
2018-19,22,Chhattisgarh,2018-10,2018-10-01,322.5158341,423.9190072,523.2671279,467.5445875,1736.6972631
2018-19,22,Chhattisgarh,2018-11,2018-11-01,314.8427738,410.9481793,721.9390972,549.8818252,2005.2849358
2018-19,22,Chhattisgarh,2018-12,2018-12-01,347.9298689,409.7144504,554.2475395,573.2004975,1852.0052612
2018-19,22,Chhattisgarh,2019-01,2019-01-01,405.904062,453.8932213,702.9255925,559.3427881,2064.0914708
2018-19,22,Chhattisgarh,2019-02,2019-02-01,416.7638859,514.5496004,648.9532215,498.2336289,2067.6405128
2018-19,22,Chhattisgarh,2019-03,2019-03-01,416.7638859,526.2324695,563.0854548,636.92364,2143.0054502
2018-19,23,Madhya Pradesh,2018-04,2018-04-01,383.8909161,717.0520018,646.8433197,454.5571878,2344.338772
2018-19,23,Madhya Pradesh,2018-05,2018-05-01,418.5352995,555.2812759,527.6307886,396.8438641,1863.6468447
2018-19,23,Madhya Pradesh,2018-06,2018-06-01,455.3511582,609.9923307,543.5772456,432.4551296,2004.5600054
2018-19,23,Madhya Pradesh,2018-07,2018-07-01,414.2248831,657.9714098,554.4128344,400.8763982,2068.6118006
2018-19,23,Madhya Pradesh,2018-08,2018-08-01,400.1422432,596.1477435,573.9211325,378.2567919,1962.550551
2018-19,23,Madhya Pradesh,2018-09,2018-09-01,435.6859691,572.9449962,528.6947256,397.1681844,1898.9501494
2018-19,23,Madhya Pradesh,2018-10,2018-10-01,477.8526615,640.6590337,514.6594687,401.5038436,1992.5083151
2018-19,23,Madhya Pradesh,2018-11,2018-11-01,478.2679568,651.1652527,580.9137398,414.154632,2124.086286
2018-19,23,Madhya Pradesh,2018-12,2018-12-01,548.0480712,663.3771375,560.7800642,391.9207899,2094.3459484
2018-19,23,Madhya Pradesh,2019-01,2019-01-01,541.868353,756.4165554,656.7602052,452.8863315,2414.1111633
2018-19,23,Madhya Pradesh,2019-02,2019-02-01,638.8425729,734.565657,588.1451044,426.8081112,2291.3872256
2018-19,23,Madhya Pradesh,2019-03,2019-03-01,638.8425729,877.6268811,715.8174767,391.47452,2623.7614507
2018-19,24,Gujarat,2018-04,2018-04-01,1726.5767218,2133.4005052,2190.054514,303.9012717,6328.6349823
2018-19,24,Gujarat,2018-05,2018-05-01,1634.9899172,2177.273031,2016.5547823,341.5637384,6261.9682735
2018-19,24,Gujarat,2018-06,2018-06-01,1543.9191359,2075.4858603,2251.4246624,400.5983253,6362.4987652
2018-19,24,Gujarat,2018-07,2018-07-01,1413.4936589,1997.231769,2189.6773155,348.8701478,6079.6983682
2018-19,24,Gujarat,2018-08,2018-08-01,1547.8029367,1815.8126566,1701.4165512,321.5392937,5252.2621604
2018-19,24,Gujarat,2018-09,2018-09-01,1591.8377258,1999.9666566,2229.5695183,322.8079394,6100.147051
2018-19,24,Gujarat,2018-10,2018-10-01,1626.0075304,1998.9129442,2260.971875,307.4804315,6159.2029765
2018-19,24,Gujarat,2018-11,2018-11-01,1514.0786412,2124.8223455,1960.6963446,352.1836118,6063.7098323
2018-19,24,Gujarat,2018-12,2018-12-01,1722.1158684,1971.8889446,1850.7881019,282.3818823,5619.13757
2018-19,24,Gujarat,2019-01,2019-01-01,1729.6030002,2227.2534533,1932.5635492,302.9216868,6184.8545577
2018-19,24,Gujarat,2019-02,2019-02-01,1824.1236407,2256.5916583,2108.1413494,412.6918143,6507.0278222
2018-19,24,Gujarat,2019-03,2019-03-01,1824.1236407,2446.0673348,1972.8275436,278.0917045,6521.1102236
2018-19,25,Daman and Diu,2018-04,2018-04-01,7.5246866,14.8313567,67.1321881,0.0038978,92.3730912
2018-19,25,Daman and Diu,2018-05,2018-05-01,9.1133127,10.6333609,69.1972783,0.0371131,87.3924389
2018-19,25,Daman and Diu,2018-06,2018-06-01,8.8964499,12.9861684,68.4101139,0.0161742,90.5257692
2018-19,25,Daman and Diu,2018-07,2018-07-01,9.2108706,12.4720151,68.3267952,0.0070351,89.7022953
2018-19,25,Daman and Diu,2018-08,2018-08-01,7.6037103,13.2838464,73.8549432,0.0698515,96.4195117
2018-19,25,Daman and Diu,2018-09,2018-09-01,9.6698272,11.5774884,69.650758,0.0082091,88.8401658
2018-19,25,Daman and Diu,2018-10,2018-10-01,7.9550943,11.4146118,76.4077625,0.0374944,97.5296959
2018-19,25,Daman and Diu,2018-11,2018-11-01,7.9137766,11.5872367,69.2838844,0.0288807,88.8550961
2018-19,25,Daman and Diu,2018-12,2018-12-01,8.6202849,10.9818978,57.8633808,0.0122982,76.7713534
2018-19,25,Daman and Diu,2019-01,2019-01-01,9.4836981,12.7720079,79.5290262,0.0056402,100.9269592
2018-19,25,Daman and Diu,2019-02,2019-02-01,10.1174346,13.4361189,69.2259111,0.0207348,92.1664629
2018-19,25,Daman and Diu,2019-03,2019-03-01,10.1174346,14.1447407,78.7216571,0.0628575,103.0466899
2018-19,26,Dadra and Nagar Haveli,2018-04,2018-04-01,13.0494034,26.4276651,120.4309629,0.1360035,165.3425882
2018-19,26,Dadra and Nagar Haveli,2018-05,2018-05-01,13.3693997,18.9098441,100.2732969,0.0204581,132.2530025
2018-19,26,Dadra and Nagar Haveli,2018-06,2018-06-01,14.4771563,21.5371328,89.749241,0.0173708,124.6731443
2018-19,26,Dadra and Nagar Haveli,2018-07,2018-07-01,14.6201206,22.9308336,108.0259685,0.0210053,145.4549637
2018-19,26,Dadra and Nagar Haveli,2018-08,2018-08-01,14.2229927,23.0520819,79.2817537,0.083128,117.0370842
2018-19,26,Dadra and Nagar Haveli,2018-09,2018-09-01,15.8804069,21.3717123,99.1713212,0.193315,134.9593412
2018-19,26,Dadra and Nagar Haveli,2018-10,2018-10-01,15.3119798,26.209848,102.3225135,0.0122316,144.425
2018-19,26,Dadra and Nagar Haveli,2018-11,2018-11-01,16.8522996,20.5794054,104.0830265,0.0084469,139.9828586
2018-19,26,Dadra and Nagar Haveli,2018-12,2018-12-01,19.1733536,23.3073523,88.4204118,0.0165842,128.5966479
2018-19,26,Dadra and Nagar Haveli,2019-01,2019-01-01,17.88798,31.4473698,121.7638164,0.400416,172.7849558
2018-19,26,Dadra and Nagar Haveli,2019-02,2019-02-01,20.4163557,23.9834922,96.9930955,0.0537881,138.9183558
2018-19,26,Dadra and Nagar Haveli,2019-03,2019-03-01,20.4163557,29.4955171,124.0389386,0.1197901,174.0706015
2018-19,27,Maharashtra,2018-04,2018-04-01,3684.4134322,5382.5625579,5963.5908937,1125.6340456,16725.8566868
2018-19,27,Maharashtra,2018-05,2018-05-01,3898.9784517,4606.0004848,3960.4871541,796.503106,13047.4041771
2018-19,27,Maharashtra,2018-06,2018-06-01,3478.167854,4810.3764434,4398.220505,913.2317054,14020.8071055
2018-19,27,Maharashtra,2018-07,2018-07-01,3468.0626193,4529.7603731,4726.4996502,1016.6916418,13751.1195191
2018-19,27,Maharashtra,2018-08,2018-08-01,3428.6388256,4385.2993764,4142.5407614,836.0292356,12831.9319927
2018-19,27,Maharashtra,2018-09,2018-09-01,3671.8359528,4292.7147094,4307.9217024,1052.2221067,13081.4973441
2018-19,27,Maharashtra,2018-10,2018-10-01,3784.045294,4595.0923002,5314.0612677,953.3862193,14534.37574
2018-19,27,Maharashtra,2018-11,2018-11-01,3689.9065686,4771.8175694,4452.7558011,924.6819839,13933.3006484
2018-19,27,Maharashtra,2018-12,2018-12-01,3850.3312861,4503.076223,4517.0273728,814.0768937,13524.0870581
2018-19,27,Maharashtra,2019-01,2019-01-01,3762.1528358,4837.3167697,5491.9717465,971.0591168,15150.6789191
2018-19,27,Maharashtra,2019-02,2019-02-01,4380.3443457,4750.9583187,4514.5610803,1064.1018824,14091.7741172
2018-19,27,Maharashtra,2019-03,2019-03-01,4380.3443457,5473.8489026,4766.9931963,974.5898328,15595.7762774
2018-19,29,Karnataka,2018-04,2018-04-01,1259.9962591,2192.427157,2640.190911,906.4502413,7347.2477343
2018-19,29,Karnataka,2018-05,2018-05-01,1317.7905968,1691.9457305,2102.0463903,698.1180058,5752.1063857
2018-19,29,Karnataka,2018-06,2018-06-01,1389.4194235,1771.6560845,2285.6390012,868.7184735,6243.804156
2018-19,29,Karnataka,2018-07,2018-07-01,1370.2032133,1919.3573129,2473.9515895,993.5121736,6776.2404995
2018-19,29,Karnataka,2018-08,2018-08-01,1316.8110917,1845.9534148,2225.4407968,829.6272855,6271.2247104
2018-19,29,Karnataka,2018-09,2018-09-01,1385.8136086,1809.3990609,2287.5191958,898.2578958,6311.9872442
2018-19,29,Karnataka,2018-10,2018-10-01,1373.4176335,1880.1280757,2445.1817092,876.3791266,6587.5025201
2018-19,29,Karnataka,2018-11,2018-11-01,1453.7846803,1862.2732738,2486.7388408,776.0768084,6498.5065565
2018-19,29,Karnataka,2018-12,2018-12-01,1619.0261946,1950.9806547,2021.542043,782.3435399,6208.6509179
2018-19,29,Karnataka,2019-01,2019-01-01,1513.0012977,2193.5362333,2546.5665056,970.1552839,7329.2842174
2018-19,29,Karnataka,2019-02,2019-02-01,1709.0290047,2058.3490223,2133.294635,748.6442133,6453.2891683
2018-19,29,Karnataka,2019-03,2019-03-01,1709.0290047,2240.3875761,2302.1901108,731.0321876,6982.6388792
2018-19,30,Goa,2018-04,2018-04-01,78.7974173,122.1252453,137.4726109,3.4837973,352.4721571
2018-19,30,Goa,2018-05,2018-05-01,83.2775386,106.4567273,129.477076,2.791535,317.5227556
2018-19,30,Goa,2018-06,2018-06-01,73.7088364,113.4899505,135.3289945,3.1491547,335.2456383
2018-19,30,Goa,2018-07,2018-07-01,77.0742963,106.00853,137.6923053,1.2831116,318.6927833
2018-19,30,Goa,2018-08,2018-08-01,69.2293845,107.73647,120.5834892,1.4141251,306.8083806
2018-19,30,Goa,2018-09,2018-09-01,76.3914668,101.0270464,134.4223222,3.8345425,308.5132956
2018-19,30,Goa,2018-10,2018-10-01,75.9660866,112.6937278,122.157057,1.4629452,312.7051968
2018-19,30,Goa,2018-11,2018-11-01,90.5890168,112.4204493,134.8744126,2.1841111,325.4450596
2018-19,30,Goa,2018-12,2018-12-01,99.472867,126.4343243,122.7870975,2.2244787,342.0349173
2018-19,30,Goa,2019-01,2019-01-01,90.5514638,150.8042885,140.786214,2.7489082,393.8122777
2018-19,30,Goa,2019-02,2019-02-01,103.8116632,140.5173035,167.1558464,2.5142462,400.7388599
2018-19,30,Goa,2019-03,2019-03-01,103.8116632,148.9310194,134.4401462,1.9950678,389.1778966
2018-19,31,Lakshadweep,2018-04,2018-04-01,0.0573081,1.2607564,0.0924236,0.0,2.5275592
2018-19,31,Lakshadweep,2018-05,2018-05-01,3.0886072,0.0601138,0.0245316,0.0,0.1419535
2018-19,31,Lakshadweep,2018-06,2018-06-01,0.3766666,3.1277342,0.1274743,0.0,6.3438157
2018-19,31,Lakshadweep,2018-07,2018-07-01,0.1731345,0.4217678,0.0771626,0.0,0.875597
2018-19,31,Lakshadweep,2018-08,2018-08-01,0.0641471,0.1768835,0.0415271,0.0,0.3915451
2018-19,31,Lakshadweep,2018-09,2018-09-01,0.0408443,0.4699298,0.0035053,0.0,0.5375822
2018-19,31,Lakshadweep,2018-10,2018-10-01,0.2770822,0.0540533,0.0497983,0.0,0.1446959
2018-19,31,Lakshadweep,2018-11,2018-11-01,1.6729388,0.5756714,0.0190675,0.0,0.8718211
2018-19,31,Lakshadweep,2018-12,2018-12-01,0.4448035,1.852481,0.0322469,0.0,3.5576667
2018-19,31,Lakshadweep,2019-01,2019-01-01,0.9188356,0.601687,0.0358566,0.0,1.0823471
2018-19,31,Lakshadweep,2019-02,2019-02-01,0.2783566,1.7178239,0.0541156,0.0,2.6907751
2018-19,31,Lakshadweep,2019-03,2019-03-01,0.2783566,0.5442177,0.0522931,0.0,0.8748674
2018-19,32,Kerala,2018-04,2018-04-01,419.9266334,702.0746848,232.5592922,4.0158774,1396.1640606
2018-19,32,Kerala,2018-05,2018-05-01,426.5183956,658.9482916,216.0523773,5.4748096,1300.4021119
2018-19,32,Kerala,2018-06,2018-06-01,404.7643517,683.9006115,190.0032267,5.5884172,1306.010651
2018-19,32,Kerala,2018-07,2018-07-01,351.8220559,657.6976902,210.7004196,3.5163155,1276.678777
2018-19,32,Kerala,2018-08,2018-08-01,345.1089971,529.9371282,243.7854625,3.7454366,1129.2900832
2018-19,32,Kerala,2018-09,2018-09-01,451.4794254,529.4334567,164.8330647,2.8690243,1042.2445428
2018-19,32,Kerala,2018-10,2018-10-01,440.6544663,787.7685397,256.7208293,4.6611735,1500.6299679
2018-19,32,Kerala,2018-11,2018-11-01,461.3468028,676.3623104,218.2069945,4.1280125,1339.3517837
2018-19,32,Kerala,2018-12,2018-12-01,474.9081729,722.5452529,227.6103647,4.4547,1415.9571204
2018-19,32,Kerala,2019-01,2019-01-01,447.0385645,821.3868527,275.2184148,12.8308298,1584.3442702
2018-19,32,Kerala,2019-02,2019-02-01,526.9762568,717.8028127,244.5773169,6.5871938,1416.0058879
2018-19,32,Kerala,2019-03,2019-03-01,526.9762568,782.3494058,319.966355,6.139121,1635.4311386
2018-19,33,Tamil Nadu,2018-04,2018-04-01,1388.1785507,2096.0786874,2395.6038196,674.9750022,6665.9395325
2018-19,33,Tamil Nadu,2018-05,2018-05-01,1278.1959037,1927.1074297,1682.2819115,491.022462,5488.5903539
2018-19,33,Tamil Nadu,2018-06,2018-06-01,1367.353896,1806.5208456,1526.6094955,575.6581425,5186.9843873
2018-19,33,Tamil Nadu,2018-07,2018-07-01,1395.2617974,1956.1329924,1636.1521981,656.1648418,5615.8039283
2018-19,33,Tamil Nadu,2018-08,2018-08-01,1384.408949,2000.3806612,1567.420308,472.5314597,5435.5942263
2018-19,33,Tamil Nadu,2018-09,2018-09-01,1389.8715147,1976.4703864,1756.4808749,616.0344918,5733.3947021
2018-19,33,Tamil Nadu,2018-10,2018-10-01,1462.2967399,2045.8830783,1902.1223864,752.6885592,6090.5655386
2018-19,33,Tamil Nadu,2018-11,2018-11-01,1383.7917526,2073.2366367,1747.4704352,530.3274759,5813.3312877
2018-19,33,Tamil Nadu,2018-12,2018-12-01,1479.0746394,1987.2755941,1536.2062646,507.7970645,5415.0706758
2018-19,33,Tamil Nadu,2019-01,2019-01-01,1509.9317458,2178.5194306,1917.7933342,625.9197779,6201.3071821
2018-19,33,Tamil Nadu,2019-02,2019-02-01,1739.8369819,2115.9347583,1797.3020433,551.0544249,5974.2229723
2018-19,33,Tamil Nadu,2019-03,2019-03-01,1739.8369819,2335.1691462,2152.2447319,713.8446275,6941.0954875
2018-19,34,Puducherry,2018-04,2018-04-01,18.2086435,31.383934,117.9798218,0.2242301,170.2597551
2018-19,34,Puducherry,2018-05,2018-05-01,19.6126352,26.940619,110.1872816,0.1649135,155.5014576
2018-19,34,Puducherry,2018-06,2018-06-01,20.0902248,27.19696,98.9905737,0.2390011,146.03917
2018-19,34,Puducherry,2018-07,2018-07-01,16.9501233,29.1727051,111.5488526,0.1531063,160.9648888
2018-19,34,Puducherry,2018-08,2018-08-01,18.90199,30.7002174,101.37388,0.0962104,149.1204311
2018-19,34,Puducherry,2018-09,2018-09-01,18.7212162,29.8210883,111.8953082,0.2008644,160.8192509
2018-19,34,Puducherry,2018-10,2018-10-01,18.7549273,30.5560241,91.6633882,0.0904788,141.0311073
2018-19,34,Puducherry,2018-11,2018-11-01,17.8846716,30.7512197,117.5158282,3.1825306,170.2045058
2018-19,34,Puducherry,2018-12,2018-12-01,20.7199517,29.2232855,104.6472137,0.1502589,151.9054297
2018-19,34,Puducherry,2019-01,2019-01-01,19.3905481,35.5437187,101.4340896,1.2768398,158.9745998
2018-19,34,Puducherry,2019-02,2019-02-01,22.8076096,32.4802252,123.2724494,0.1591089,175.3023316
2018-19,34,Puducherry,2019-03,2019-03-01,22.8076096,33.6016755,127.1763918,0.3995607,183.9852376
2018-19,35,Andaman and Nicobar Island,2018-04,2018-04-01,5.5957878,27.0566218,1.6888315,0.0254118,50.0363028
2018-19,35,Andaman and Nicobar Island,2018-05,2018-05-01,11.2891336,8.6251317,1.9647787,0.0257048,16.211403
2018-19,35,Andaman and Nicobar Island,2018-06,2018-06-01,4.2784098,13.8718821,2.4710669,0.0641127,27.6961953
2018-19,35,Andaman and Nicobar Island,2018-07,2018-07-01,4.1246234,8.3799757,1.7404803,0.0168593,14.4157251
2018-19,35,Andaman and Nicobar Island,2018-08,2018-08-01,9.2169462,8.1673792,1.2183901,0.0867204,13.5971131
2018-19,35,Andaman and Nicobar Island,2018-09,2018-09-01,3.8932419,12.5092933,1.1676069,0.0189311,22.9127775
2018-19,35,Andaman and Nicobar Island,2018-10,2018-10-01,12.6662527,7.427769,1.5844835,0.0027515,12.9082459
2018-19,35,Andaman and Nicobar Island,2018-11,2018-11-01,7.5658771,16.5890663,1.4458531,0.0705392,30.7717113
2018-19,35,Andaman and Nicobar Island,2018-12,2018-12-01,12.4759687,11.7764386,2.5351608,0.0041516,21.8816281
2018-19,35,Andaman and Nicobar Island,2019-01,2019-01-01,9.2855338,18.084752,3.9536404,0.0228793,34.5372404
2018-19,35,Andaman and Nicobar Island,2019-02,2019-02-01,9.6460002,13.2672764,2.0618007,0.1504332,24.7650441
2018-19,35,Andaman and Nicobar Island,2019-03,2019-03-01,9.6460002,15.3250359,2.5761762,0.0761012,27.6233135
2018-19,36,Telangana,2018-04,2018-04-01,547.3001162,1021.273766,1127.4735456,513.6417464,3377.6904815
2018-19,36,Telangana,2018-05,2018-05-01,563.4288648,806.8076647,790.8264143,474.1155177,2619.0497129
2018-19,36,Telangana,2018-06,2018-06-01,592.3151294,797.9643789,792.2171816,547.871883,2701.4823083
2018-19,36,Telangana,2018-07,2018-07-01,566.2304897,843.9159251,854.6090494,511.6976306,2802.5377345
2018-19,36,Telangana,2018-08,2018-08-01,614.9682952,792.946307,833.0384837,467.5314273,2659.7467077
2018-19,36,Telangana,2018-09,2018-09-01,646.0222188,854.3101767,784.2255018,468.282457,2721.7864307
2018-19,36,Telangana,2018-10,2018-10-01,717.1596066,904.4367047,820.1361285,522.3198859,2892.9149379
2018-19,36,Telangana,2018-11,2018-11-01,649.6987677,1004.7719311,795.3766548,549.2237614,3066.5319539
2018-19,36,Telangana,2018-12,2018-12-01,711.702669,907.8264746,879.4398418,577.3264226,3014.2915067
2018-19,36,Telangana,2019-01,2019-01-01,786.1294909,992.462223,886.0479817,604.7409196,3194.9537933
2018-19,36,Telangana,2019-02,2019-02-01,970.6539157,1040.2276309,934.4817678,699.0888905,3459.9277801
2018-19,36,Telangana,2019-03,2019-03-01,970.6539157,1276.4450623,1088.5388933,560.9857685,3896.6236398
2018-19,37,Andhra Pradesh,2018-04,2018-04-01,488.4536872,812.4554767,883.3891257,25.8884246,2251.1610001
2018-19,37,Andhra Pradesh,2018-05,2018-05-01,460.3311939,689.9240324,762.836686,20.8696637,1962.0840693
2018-19,37,Andhra Pradesh,2018-06,2018-06-01,483.5711382,668.1677357,780.4869733,26.6078837,1935.5937866
2018-19,37,Andhra Pradesh,2018-07,2018-07-01,448.5079469,723.3446023,776.0278665,43.1968347,2026.1404417
2018-19,37,Andhra Pradesh,2018-08,2018-08-01,493.3554288,646.092366,777.3284735,18.8333409,1890.7621273
2018-19,37,Andhra Pradesh,2018-09,2018-09-01,548.3142355,692.6123263,808.7027434,28.6236351,2023.2941336
2018-19,37,Andhra Pradesh,2018-10,2018-10-01,528.9652218,786.6178692,856.4249996,20.9040086,2212.2611129
2018-19,37,Andhra Pradesh,2018-11,2018-11-01,503.746057,741.8783522,858.3424163,15.731958,2144.9179483
2018-19,37,Andhra Pradesh,2018-12,2018-12-01,538.5145961,697.5304397,831.583076,15.9030052,2048.7625779
2018-19,37,Andhra Pradesh,2019-01,2019-01-01,536.8769151,785.7980347,811.7125321,22.7096161,2158.734779
2018-19,37,Andhra Pradesh,2019-02,2019-02-01,671.8403517,740.2843434,795.6617481,15.5574643,2088.3804709
2018-19,37,Andhra Pradesh,2019-03,2019-03-01,671.8403517,912.2248048,987.552728,17.7177967,2589.3356812
2018-19,97,Other Territory,2018-04,2018-04-01,14.0515965,18.7652014,53.4911865,0.0,79.2828601
2018-19,97,Other Territory,2018-05,2018-05-01,13.6206427,24.989491,686.5871093,0.0,725.6281968
2018-19,97,Other Territory,2018-06,2018-06-01,13.4797449,21.7521801,102.2477751,0.0,137.6205979
2018-19,97,Other Territory,2018-07,2018-07-01,20.3881634,22.4615326,122.636371,0.0,158.5776485
2018-19,97,Other Territory,2018-08,2018-08-01,10.932662,36.8243421,143.1198203,0.4910368,200.8233626
2018-19,97,Other Territory,2018-09,2018-09-01,17.0259306,18.1505156,125.4744518,0.0,154.5576294
2018-19,97,Other Territory,2018-10,2018-10-01,26.1896396,23.5523864,110.0257919,0.0005196,150.6046285
2018-19,97,Other Territory,2018-11,2018-11-01,19.8202499,38.1364299,132.9205659,0.001173,197.2478084
2018-19,97,Other Territory,2018-12,2018-12-01,27.0978364,33.5919825,124.4075667,0.0027213,177.8225204
2018-19,97,Other Territory,2019-01,2019-01-01,13.559563,34.7851258,131.8970339,0.0025414,193.7825375
2018-19,97,Other Territory,2019-02,2019-02-01,20.1429716,19.839489,107.9960942,0.0006939,141.3958401
2018-19,97,Other Territory,2019-03,2019-03-01,20.1429716,26.7119532,120.0848528,0.0007948,166.9405724
2018-19,99,CBIC,2018-04,2018-04-01,0.0,0.0,40.3621656,0.0,40.3621656
2018-19,99,CBIC,2018-05,2018-05-01,0.0,0.0,41.0703373,0.0,41.0703373
2018-19,99,CBIC,2018-06,2018-06-01,0.0,0.0,45.1021169,1.1e-06,45.102118
2018-19,99,CBIC,2018-07,2018-07-01,1e-07,0.0,27.9749682,0.0,27.9749682
2018-19,99,CBIC,2018-08,2018-08-01,0.0,1e-07,47.0804234,1e-07,47.0804237
2018-19,99,CBIC,2018-09,2018-09-01,0.0005,0.0005,49.7115904,0.0,49.7120904
2018-19,99,CBIC,2018-10,2018-10-01,1e-06,0.0,39.605865,0.0,39.606365
2018-19,99,CBIC,2018-11,2018-11-01,0.0,0.0,32.212836,0.0,32.212837
2018-19,99,CBIC,2018-12,2018-12-01,0.0,0.0,91.2144628,0.0,91.2144628
2018-19,99,CBIC,2019-01,2019-01-01,0.0,0.0,44.9045919,0.0,44.9045919
2018-19,99,CBIC,2019-02,2019-02-01,0.0,0.0,46.7253056,0.0,46.7253056
2018-19,99,CBIC,2019-03,2019-03-01,0.0,0.0,73.8550112,0.0,73.8550112
2019-20,01,Jammu and Kashmir,2019-04,2019-04-01,80.0429563,198.7759493,63.9685336,3.0382614,382.1318362
2019-20,01,Jammu and Kashmir,2019-05,2019-05-01,85.2515959,147.315748,78.1566622,5.7737878,311.2891543
2019-20,01,Jammu and Kashmir,2019-06,2019-06-01,90.8135446,148.8282763,82.8414636,5.4679795,322.3893153
2019-20,01,Jammu and Kashmir,2019-07,2019-07-01,65.8868435,164.2864274,102.0238014,5.5156901,362.6394635
2019-20,01,Jammu and Kashmir,2019-08,2019-08-01,62.1188743,111.4586285,119.8432988,4.8332192,302.02199
2019-20,01,Jammu and Kashmir,2019-09,2019-09-01,77.0920285,99.4328313,117.471731,2.6980701,281.7215067
2019-20,01,Jammu and Kashmir,2019-10,2019-10-01,105.8640937,122.6309028,109.5794818,3.2200003,312.5224134
2019-20,01,Jammu and Kashmir,2019-11,2019-11-01,109.2443586,166.031074,89.0074869,2.5438383,363.4464929
2019-20,01,Jammu and Kashmir,2019-12,2019-12-01,103.9247819,198.7672939,99.5016747,1.6363502,409.1496774
2019-20,01,Jammu and Kashmir,2020-01,2020-01-01,93.8172798,176.5260023,87.9630479,2.3210928,370.7349249
2019-20,01,Jammu and Kashmir,2020-02,2020-02-01,69.8893815,144.3959131,76.0782248,1.8694277,316.1608454
2019-20,01,Jammu and Kashmir,2020-03,2020-03-01,69.8893815,126.003886,77.1240113,3.1571828,276.1744616
2019-20,02,Himachal Pradesh,2019-04,2019-04-01,85.4458963,169.2605998,418.7776485,0.9945708,700.1204919
2019-20,02,Himachal Pradesh,2019-05,2019-05-01,97.1830993,129.9786244,423.200599,1.2763403,639.90146
2019-20,02,Himachal Pradesh,2019-06,2019-06-01,103.1623479,152.9211902,445.9773217,1.2219146,697.3035258
2019-20,02,Himachal Pradesh,2019-07,2019-07-01,97.0856249,154.7534776,414.0123908,5.2917146,677.2199309
2019-20,02,Himachal Pradesh,2019-08,2019-08-01,89.3240336,145.6225789,431.7548319,1.4747947,675.9378304
2019-20,02,Himachal Pradesh,2019-09,2019-09-01,96.9505184,135.0352418,383.6240004,0.91211,608.8953858
2019-20,02,Himachal Pradesh,2019-10,2019-10-01,109.8836885,143.4287167,427.6776986,1.0358541,669.0927878
2019-20,02,Himachal Pradesh,2019-11,2019-11-01,109.5268781,173.0876769,416.577086,1.5163482,701.0647996
2019-20,02,Himachal Pradesh,2019-12,2019-12-01,114.3588885,168.1227591,420.5015439,0.8055121,698.9566932
2019-20,02,Himachal Pradesh,2020-01,2020-01-01,102.1800147,165.7394652,392.2585789,2.4090055,674.7659381
2019-20,02,Himachal Pradesh,2020-02,2020-02-01,91.2048827,140.3701834,376.8033561,1.3448225,620.6983767
2019-20,02,Himachal Pradesh,2020-03,2020-03-01,91.2048827,135.8658666,367.6075782,1.2103815,595.888709
2019-20,03,Punjab,2019-04,2019-04-01,308.2574853,553.8728929,438.8725458,16.1008809,1374.2854796
2019-20,03,Punjab,2019-05,2019-05-01,262.4307025,499.7939579,516.1972402,23.6000758,1347.8487592
2019-20,03,Punjab,2019-06,2019-06-01,293.5851679,481.5653994,480.1362825,23.8874637,1248.0198481
2019-20,03,Punjab,2019-07,2019-07-01,294.9159289,498.6028592,456.2296719,22.9719894,1271.3896884
2019-20,03,Punjab,2019-08,2019-08-01,275.2815163,494.5268207,450.6519473,15.2599485,1255.3546454
2019-20,03,Punjab,2019-09,2019-09-01,281.5166703,473.052237,370.671376,14.3591019,1133.3642312
2019-20,03,Punjab,2019-10,2019-10-01,329.7920088,480.0977905,412.4936722,15.2381808,1189.3463138
2019-20,03,Punjab,2019-11,2019-11-01,309.7341691,581.357247,448.8356307,15.1032624,1375.0881489
2019-20,03,Punjab,2019-12,2019-12-01,343.2132755,512.2373308,455.1816864,13.0771072,1290.2302935
2019-20,03,Punjab,2020-01,2020-01-01,308.5752738,569.3563421,409.7244393,18.0195408,1340.3135977
2019-20,03,Punjab,2020-02,2020-02-01,301.4432167,503.8246509,403.4970686,13.0364754,1228.9334687
2019-20,03,Punjab,2020-03,2020-03-01,301.4432167,484.3633389,374.598022,20.4091245,1180.8137021
2019-20,04,Chandigarh,2019-04,2019-04-01,28.6269981,48.2352476,116.6592944,0.4306119,199.9595471
2019-20,04,Chandigarh,2019-05,2019-05-01,30.0532631,41.7913959,75.6467385,0.5989991,146.6641316
2019-20,04,Chandigarh,2019-06,2019-06-01,31.0912277,43.2896598,84.1756874,0.4508814,157.9694917
2019-20,04,Chandigarh,2019-07,2019-07-01,32.9026077,49.167048,74.528508,1.1711984,155.9579821
2019-20,04,Chandigarh,2019-08,2019-08-01,28.6843051,44.4902599,82.292662,0.4013494,160.086879
2019-20,04,Chandigarh,2019-09,2019-09-01,27.8944797,41.2643866,86.4661555,0.0956731,156.5105203
2019-20,04,Chandigarh,2019-10,2019-10-01,32.9156609,40.4241082,88.3514217,0.3612022,157.0312118
2019-20,04,Chandigarh,2019-11,2019-11-01,33.7371769,50.5976295,80.4385805,1.2107579,165.1626288
2019-20,04,Chandigarh,2019-12,2019-12-01,39.9952827,47.1877692,86.508531,0.51535,167.9488271
2019-20,04,Chandigarh,2020-01,2020-01-01,36.3178161,59.2532387,91.822689,3.5586677,194.6298781
2019-20,04,Chandigarh,2020-02,2020-02-01,30.0336311,49.3956162,85.2005221,1.4466194,172.3605738
2019-20,04,Chandigarh,2020-03,2020-03-01,30.0336311,41.315958,79.411425,2.4982704,153.2592845
2019-20,05,Uttarakhand,2019-04,2019-04-01,192.4209949,369.6381659,1004.9590529,23.8904805,1617.2847641
2019-20,05,Uttarakhand,2019-05,2019-05-01,191.2139748,345.2178263,694.977631,15.090709,1247.7071612
2019-20,05,Uttarakhand,2019-06,2019-06-01,194.08456,350.1533228,669.4971214,20.7515453,1231.6159643
2019-20,05,Uttarakhand,2019-07,2019-07-01,187.7112057,339.7509292,736.2269092,18.835508,1288.8979064
2019-20,05,Uttarakhand,2019-08,2019-08-01,185.8949099,316.2283425,423.0465473,14.0953454,941.0814409
2019-20,05,Uttarakhand,2019-09,2019-09-01,204.307502,286.2889423,533.9840556,10.479006,1016.6469138
2019-20,05,Uttarakhand,2019-10,2019-10-01,228.9661443,316.0714875,620.9227064,12.0344515,1153.3361474
2019-20,05,Uttarakhand,2019-11,2019-11-01,230.0143061,356.1814185,680.4425735,14.6060373,1280.1961736
2019-20,05,Uttarakhand,2019-12,2019-12-01,234.386756,330.1458119,638.8612898,14.0938474,1213.1152552
2019-20,05,Uttarakhand,2020-01,2020-01-01,229.5925986,326.3654338,677.8609958,18.0280109,1256.6411965
2019-20,05,Uttarakhand,2020-02,2020-02-01,221.4498048,310.3078109,723.2324501,17.8005195,1280.9333791
2019-20,05,Uttarakhand,2020-03,2020-03-01,221.4498048,277.364812,686.0841583,9.837905,1194.7366801
2019-20,06,Haryana,2019-04,2019-04-01,781.0336512,1122.2796459,3168.6919538,337.5425408,5371.8800878
2019-20,06,Haryana,2019-05,2019-05-01,855.058965,1125.3970664,2418.141013,299.4424646,4624.0141952
2019-20,06,Haryana,2019-06,2019-06-01,719.5526308,1182.1962564,2525.8240414,325.7524212,4888.831684
2019-20,06,Haryana,2019-07,2019-07-01,785.3742888,1070.4550499,2535.3416097,291.3948908,4616.7441812
2019-20,06,Haryana,2019-08,2019-08-01,720.3060181,1138.2407552,2269.8215115,280.5078573,4473.9444128
2019-20,06,Haryana,2019-09,2019-09-01,752.4717456,1053.4304945,2053.9318374,281.9887756,4109.6571256
2019-20,06,Haryana,2019-10,2019-10-01,876.9782381,1088.37728,2437.3896027,299.8067493,4578.0453776
2019-20,06,Haryana,2019-11,2019-11-01,814.0530954,1262.384179,3442.0826999,323.0195917,5904.4647087
2019-20,06,Haryana,2019-12,2019-12-01,892.2657797,1205.8691263,3045.7172623,299.261521,5364.901005
2019-20,06,Haryana,2020-01,2020-01-01,883.0654165,1329.7408832,2963.1349799,301.6688206,5486.8104634
2019-20,06,Haryana,2020-02,2020-02-01,736.4654001,1269.3577551,2868.4491137,245.5515891,5266.4238744
2019-20,06,Haryana,2020-03,2020-03-01,736.4654001,1074.1446839,2678.4234871,385.260083,4874.2936541
2019-20,07,Delhi,2019-04,2019-04-01,765.4347891,1146.0264708,2204.4647965,78.43365,4341.2609098
2019-20,07,Delhi,2019-05,2019-05-01,728.9687102,966.6941745,1840.7558007,90.8486628,3663.7334271
2019-20,07,Delhi,2019-06,2019-06-01,717.2379941,938.3520578,1838.0850752,89.9736285,3595.3794717
2019-20,07,Delhi,2019-07,2019-07-01,731.9422278,948.1927552,1651.5531787,89.246256,3406.230184
2019-20,07,Delhi,2019-08,2019-08-01,707.0305268,943.4491171,1736.9871528,104.812313,3517.1908107
2019-20,07,Delhi,2019-09,2019-09-01,717.5635518,924.2038585,1667.6708253,86.9713465,3385.8765571
2019-20,07,Delhi,2019-10,2019-10-01,872.5633026,959.7628306,1720.7669458,86.0721604,3484.1654886
2019-20,07,Delhi,2019-11,2019-11-01,800.0707713,1145.2727024,1888.7127858,88.7203224,3995.2691132
2019-20,07,Delhi,2019-12,2019-12-01,832.8320341,1030.1903851,1780.313778,86.947334,3697.5222684
2019-20,07,Delhi,2020-01,2020-01-01,782.0863522,1110.756943,1919.5335039,103.5519071,3966.6743881
2019-20,07,Delhi,2020-02,2020-02-01,680.8775067,993.4462458,1965.0939956,94.1166914,3834.743285
2019-20,07,Delhi,2020-03,2020-03-01,680.8775067,881.7211429,1617.0619568,93.3341235,3272.9947299
2019-20,08,Rajasthan,2019-04,2019-04-01,712.7398013,1073.2538831,878.10394,128.6988459,2896.0462471
2019-20,08,Rajasthan,2019-05,2019-05-01,698.9370986,988.2591562,913.2582249,133.7127955,2747.9699779
2019-20,08,Rajasthan,2019-06,2019-06-01,733.6398825,984.397905,859.723704,139.9411047,2682.9998123
2019-20,08,Rajasthan,2019-07,2019-07-01,717.1763306,997.013342,842.1661955,125.7482002,2698.5676202
2019-20,08,Rajasthan,2019-08,2019-08-01,621.8037752,954.2772046,756.5666105,122.0766128,2550.0967585
2019-20,08,Rajasthan,2019-09,2019-09-01,654.8682502,839.7330702,660.6227156,131.1628823,2253.3224433
2019-20,08,Rajasthan,2019-10,2019-10-01,848.5861418,909.5742249,750.1233636,110.4701587,2425.0359974
2019-20,08,Rajasthan,2019-11,2019-11-01,768.0011171,1196.7453965,895.2405345,130.8833968,3071.4554696
2019-20,08,Rajasthan,2019-12,2019-12-01,843.7045414,1049.6413001,781.8475214,113.8007931,2713.2907317
2019-20,08,Rajasthan,2020-01,2020-01-01,801.024681,1149.9718181,923.2279033,113.1529394,3030.0572022
2019-20,08,Rajasthan,2020-02,2020-02-01,729.8345342,1046.6869228,968.0470005,116.3282738,2932.0868781
2019-20,08,Rajasthan,2020-03,2020-03-01,729.8345342,1007.8434748,978.2476732,104.5131309,2820.4388131
2019-20,09,Uttar Pradesh,2019-04,2019-04-01,1103.3041651,2160.2254791,1650.5085458,1103.4547706,6309.7821222
2019-20,09,Uttar Pradesh,2019-05,2019-05-01,1163.4767916,1709.3798692,1246.2353711,1037.2686203,5096.1880257
2019-20,09,Uttar Pradesh,2019-06,2019-06-01,1208.7880999,1861.5954383,1270.0118445,1071.3254537,5366.4095281
2019-20,09,Uttar Pradesh,2019-07,2019-07-01,1131.8418225,1899.7307209,1184.6839596,1128.7506911,5421.9534715
2019-20,09,Uttar Pradesh,2019-08,2019-08-01,1056.040522,1724.6010676,1206.3375615,912.6664821,4975.4469337
2019-20,09,Uttar Pradesh,2019-09,2019-09-01,1080.6141159,1616.0709389,1253.9089072,1147.4099541,5073.4303222
2019-20,09,Uttar Pradesh,2019-10,2019-10-01,1228.6387841,1655.6269593,1309.4819503,1056.8590414,5102.5820669
2019-20,09,Uttar Pradesh,2019-11,2019-11-01,1223.6353192,2003.1294417,1421.5853045,1024.3139906,5677.6675209
2019-20,09,Uttar Pradesh,2019-12,2019-12-01,1253.5487735,1809.3268351,1319.9608529,1136.5458637,5489.4688709
2019-20,09,Uttar Pradesh,2020-01,2020-01-01,1229.2960161,1939.58806,1443.5973695,1061.7447012,5698.4789042
2019-20,09,Uttar Pradesh,2020-02,2020-02-01,1182.9844949,1869.3812946,1478.9220847,1198.3095965,5775.9089919
2019-20,09,Uttar Pradesh,2020-03,2020-03-01,1182.9844949,1794.7551064,1432.7172001,883.2607414,5293.7175428
2019-20,10,Bihar,2019-04,2019-04-01,232.4504517,566.9761427,120.0133902,161.3323577,1166.8055195
2019-20,10,Bihar,2019-05,2019-05-01,227.2238974,466.7118,119.3737832,163.0570485,981.5930834
2019-20,10,Bihar,2019-06,2019-06-01,260.3253465,487.8092142,114.0638051,174.2372563,1003.334173
2019-20,10,Bihar,2019-07,2019-07-01,255.9261572,529.7333097,146.357652,224.024093,1160.4404012
2019-20,10,Bihar,2019-08,2019-08-01,246.1244161,453.3333408,115.1390191,156.9466015,981.3451186
2019-20,10,Bihar,2019-09,2019-09-01,248.994899,447.6602417,107.1241327,184.8004098,985.7092003
2019-20,10,Bihar,2019-10,2019-10-01,278.0391707,402.7016872,107.1523092,181.222317,940.0712124
2019-20,10,Bihar,2019-11,2019-11-01,266.056487,509.6035978,136.6387182,182.2922045,1106.5736912
2019-20,10,Bihar,2019-12,2019-12-01,306.4289543,476.7938382,121.2783544,151.4964128,1015.6250924
2019-20,10,Bihar,2020-01,2020-01-01,309.2103981,505.5459151,140.4228045,169.7345564,1122.1322303
2019-20,10,Bihar,2020-02,2020-02-01,305.7553279,498.4751397,134.2907943,178.5188701,1120.4952022
2019-20,10,Bihar,2020-03,2020-03-01,305.7553279,496.8084925,118.1283183,135.2453194,1055.9374581
2019-20,11,Sikkim,2019-04,2019-04-01,13.7406774,27.499787,121.131319,0.1870538,165.590076
2019-20,11,Sikkim,2019-05,2019-05-01,11.0210133,20.345188,158.9413229,0.0529943,193.0801826
2019-20,11,Sikkim,2019-06,2019-06-01,14.5721163,15.848522,166.3178987,0.1108031,193.2982371
2019-20,11,Sikkim,2019-07,2019-07-01,11.1138843,21.0846398,164.855229,0.1798634,200.6918485
2019-20,11,Sikkim,2019-08,2019-08-01,11.255801,14.4053033,137.8817447,0.014653,163.4155853
2019-20,11,Sikkim,2019-09,2019-09-01,9.7449648,16.2274138,181.4146049,0.0952874,208.9931071
2019-20,11,Sikkim,2019-10,2019-10-01,10.4431873,13.1419891,163.1753262,0.0641593,186.1264394
2019-20,11,Sikkim,2019-11,2019-11-01,10.6958536,16.7413897,129.7591798,0.2302284,157.1739852
2019-20,11,Sikkim,2019-12,2019-12-01,14.0076995,15.3702411,187.7203575,0.1176759,213.9041281
2019-20,11,Sikkim,2020-01,2020-01-01,9.761074,19.4036767,160.2229305,0.5252351,194.1595418
2019-20,11,Sikkim,2020-02,2020-02-01,12.2254774,15.9792174,156.8525661,0.0620026,182.6548601
2019-20,11,Sikkim,2020-03,2020-03-01,12.2254774,16.1541153,160.8770447,0.0688692,189.3255066
2019-20,12,Arunachal Pradesh,2019-04,2019-04-01,12.871111,29.1474867,4.2212894,0.0545297,56.7022233
2019-20,12,Arunachal Pradesh,2019-05,2019-05-01,19.0259518,16.9980262,6.1761294,0.4875091,36.5327757
2019-20,12,Arunachal Pradesh,2019-06,2019-06-01,18.3376163,24.4039111,4.6421602,0.0131939,48.085217
2019-20,12,Arunachal Pradesh,2019-07,2019-07-01,16.4464273,25.6792021,4.4336747,0.2636998,48.7141929
2019-20,12,Arunachal Pradesh,2019-08,2019-08-01,17.569978,20.5253167,7.7617162,0.0227485,44.7562087
2019-20,12,Arunachal Pradesh,2019-09,2019-09-01,15.6954912,23.0806254,3.4413666,0.2168075,44.3087775
2019-20,12,Arunachal Pradesh,2019-10,2019-10-01,13.0945157,20.7380752,4.1953213,0.3425922,40.9714799
2019-20,12,Arunachal Pradesh,2019-11,2019-11-01,22.7067171,17.0690064,5.2798955,0.1665341,35.6099517
2019-20,12,Arunachal Pradesh,2019-12,2019-12-01,18.3480295,29.5347885,5.7807341,0.1959678,58.2182075
2019-20,12,Arunachal Pradesh,2020-01,2020-01-01,18.6270122,24.4950736,9.1016742,0.1988193,52.1435966
2019-20,12,Arunachal Pradesh,2020-02,2020-02-01,27.5040542,24.7471139,4.5615363,0.4209594,48.3566218
2019-20,12,Arunachal Pradesh,2020-03,2020-03-01,27.5040542,33.2312796,5.9638482,0.0065865,66.7057685
2019-20,13,Nagaland,2019-04,2019-04-01,6.8457107,12.7806014,6.2189185,1.8893714,28.9228977
2019-20,13,Nagaland,2019-05,2019-05-01,4.8972126,10.3365276,5.170211,1.2686686,23.6211179
2019-20,13,Nagaland,2019-06,2019-06-01,7.0086506,8.712144,4.9911733,1.2604345,19.8609644
2019-20,13,Nagaland,2019-07,2019-07-01,9.3661935,9.4810617,5.6621123,0.7174636,22.8692882
2019-20,13,Nagaland,2019-08,2019-08-01,6.423618,11.8356957,4.6317696,1.0137382,26.847397
2019-20,13,Nagaland,2019-09,2019-09-01,7.8976867,9.2768116,4.5123298,0.4175238,20.6302832
2019-20,13,Nagaland,2019-10,2019-10-01,7.4602357,10.3952266,6.1145834,0.0935659,24.5010626
2019-20,13,Nagaland,2019-11,2019-11-01,9.9210512,10.7616092,3.858827,0.4799078,22.5605797
2019-20,13,Nagaland,2019-12,2019-12-01,9.7972227,15.4924537,4.3331331,1.4098314,31.1564694
2019-20,13,Nagaland,2020-01,2020-01-01,8.2579662,15.980142,5.9151691,0.4030792,32.095613
2019-20,13,Nagaland,2020-02,2020-02-01,14.0960282,11.311087,4.3582964,1.0021992,24.9295488
2019-20,13,Nagaland,2020-03,2020-03-01,14.0960282,18.3209987,5.9011232,0.4366343,38.7547844
2019-20,14,Manipur,2019-04,2019-04-01,10.6771226,20.5669524,2.5574145,0.0246152,37.2397334
2019-20,14,Manipur,2019-05,2019-05-01,8.337252,16.9491712,1.6947589,0.0577178,29.3787705
2019-20,14,Manipur,2019-06,2019-06-01,12.2368856,15.3620401,1.6377154,0.1054779,25.4424854
2019-20,14,Manipur,2019-07,2019-07-01,13.1523026,19.6072592,1.5465648,0.1802089,33.5709185
2019-20,14,Manipur,2019-08,2019-08-01,15.1050683,20.9166459,2.3644196,0.1166679,36.550036
2019-20,14,Manipur,2019-09,2019-09-01,16.2485567,23.3427562,2.9044416,0.1478377,41.5001038
2019-20,14,Manipur,2019-10,2019-10-01,11.9214863,24.5945446,2.1253055,0.100148,43.0685548
2019-20,14,Manipur,2019-11,2019-11-01,16.2732418,20.3129143,2.8497982,0.2019538,35.2861526
2019-20,14,Manipur,2019-12,2019-12-01,11.7428622,25.8515729,2.2827909,0.0106055,44.4182111
2019-20,14,Manipur,2020-01,2020-01-01,13.9721031,20.7913063,2.1686021,0.3357163,35.0384869
2019-20,14,Manipur,2020-02,2020-02-01,13.6725617,20.4398658,2.7881873,0.164309,37.3644652
2019-20,14,Manipur,2020-03,2020-03-01,13.6725617,20.3510221,1.7254032,0.1370422,35.8860292
2019-20,15,Mizoram,2019-04,2019-04-01,6.8116392,13.6833869,11.5170164,0.0043161,35.0745318
2019-20,15,Mizoram,2019-05,2019-05-01,5.2244675,11.9934513,3.3347514,0.0016192,22.1414611
2019-20,15,Mizoram,2019-06,2019-06-01,3.7308758,8.877251,9.8401273,0.0267637,23.9686095
2019-20,15,Mizoram,2019-07,2019-07-01,6.1843837,7.1991347,8.0541924,0.0478947,19.0320976
2019-20,15,Mizoram,2019-08,2019-08-01,6.3164321,12.9629942,8.611488,0.0631266,27.8219925
2019-20,15,Mizoram,2019-09,2019-09-01,5.2367282,10.0415011,12.7980913,0.0975072,29.2535317
2019-20,15,Mizoram,2019-10,2019-10-01,5.4428094,9.9292085,3.0398383,0.1707249,18.3764999
2019-20,15,Mizoram,2019-11,2019-11-01,6.5325526,8.7073439,2.5532911,0.1359641,16.8394085
2019-20,15,Mizoram,2019-12,2019-12-01,7.402679,11.2194026,3.1193015,0.0484467,20.9197034
2019-20,15,Mizoram,2020-01,2020-01-01,7.4236509,10.6671802,6.2558452,0.0409921,24.3666965
2019-20,15,Mizoram,2020-02,2020-02-01,11.6468471,12.9897897,4.2967758,0.1267762,24.8369926
2019-20,15,Mizoram,2020-03,2020-03-01,11.6468471,17.0049507,4.5149237,0.0200782,33.1867997
2019-20,16,Tripura,2019-04,2019-04-01,17.1258474,34.6796065,5.9238109,0.1322374,61.0164423
2019-20,16,Tripura,2019-05,2019-05-01,17.5216666,26.0885391,6.891006,0.1743776,50.2797701
2019-20,16,Tripura,2019-06,2019-06-01,17.0706229,33.6363017,6.6356791,0.1298828,57.9235302
2019-20,16,Tripura,2019-07,2019-07-01,21.5733406,25.6586514,5.817632,0.1120068,48.6589131
2019-20,16,Tripura,2019-08,2019-08-01,18.3711542,30.56888,5.7716066,0.2427453,58.1565725
2019-20,16,Tripura,2019-09,2019-09-01,20.4050093,26.5790278,6.5158108,0.2299804,51.6959732
2019-20,16,Tripura,2019-10,2019-10-01,17.63633,29.0884606,4.8708847,0.054956,54.4193106
2019-20,16,Tripura,2019-11,2019-11-01,21.563176,26.5781172,6.873979,0.2736623,51.3620885
2019-20,16,Tripura,2019-12,2019-12-01,19.9576801,31.5481286,5.9763416,0.1507018,59.238348
2019-20,16,Tripura,2020-01,2020-01-01,22.5477467,30.5443711,5.8113277,0.0855659,56.3989448
2019-20,16,Tripura,2020-02,2020-02-01,23.4564589,33.5685238,6.9204728,0.2151892,63.2519325
2019-20,16,Tripura,2020-03,2020-03-01,23.4564589,36.6653223,6.7350087,0.24573,67.1025199
2019-20,17,Meghalaya,2019-04,2019-04-01,18.5759746,41.5738369,95.1719116,0.874695,168.4052341
2019-20,17,Meghalaya,2019-05,2019-05-01,18.3774971,27.3919998,84.5484613,0.4278921,130.9443278
2019-20,17,Meghalaya,2019-06,2019-06-01,17.2127447,29.6776258,75.4840063,0.6864335,124.2255627
2019-20,17,Meghalaya,2019-07,2019-07-01,19.7145571,26.5048678,60.2975884,0.3663906,104.3815915
2019-20,17,Meghalaya,2019-08,2019-08-01,15.0657057,26.6743358,70.1977685,0.324248,116.9109094
2019-20,17,Meghalaya,2019-09,2019-09-01,18.3807048,20.8182969,68.2301093,1.7723842,105.8864961
2019-20,17,Meghalaya,2019-10,2019-10-01,17.9337352,27.1344844,67.3683942,0.0111284,112.8947118
2019-20,17,Meghalaya,2019-11,2019-11-01,18.1901255,25.4993138,73.699906,0.2666637,117.3996187
2019-20,17,Meghalaya,2019-12,2019-12-01,18.8495905,27.0391104,77.6692441,0.0755365,122.9740165
2019-20,17,Meghalaya,2020-01,2020-01-01,19.9812341,29.3251724,79.9234422,0.2573129,128.355518
2019-20,17,Meghalaya,2020-02,2020-02-01,18.4380763,29.177417,107.1752732,0.2301551,156.5640794
2019-20,17,Meghalaya,2020-03,2020-03-01,18.4380763,23.8163421,90.3955516,0.0749585,132.7249285
2019-20,18,Assam,2019-04,2019-04-01,225.3212069,406.6567311,193.4720152,55.5405711,932.355112
2019-20,18,Assam,2019-05,2019-05-01,212.4721862,326.587784,192.1019847,25.6006144,769.61159
2019-20,18,Assam,2019-06,2019-06-01,227.2664075,309.8020192,228.6932657,46.6194105,797.5868816
2019-20,18,Assam,2019-07,2019-07-01,216.0836063,321.7081071,207.0780393,38.5944502,794.6470041
2019-20,18,Assam,2019-08,2019-08-01,242.5106092,290.4489013,229.6323259,32.0461221,768.2109556
2019-20,18,Assam,2019-09,2019-09-01,262.5121989,324.17183,245.0929168,36.6848634,848.4602194
2019-20,18,Assam,2019-10,2019-10-01,268.9582154,357.3426472,221.8632596,46.4206545,888.1387602
2019-20,18,Assam,2019-11,2019-11-01,296.4228517,375.1732869,272.6762177,40.7630226,957.5707426
2019-20,18,Assam,2019-12,2019-12-01,252.48858,386.5427372,267.3248006,40.4023999,990.6927894
2019-20,18,Assam,2020-01,2020-01-01,280.4892816,343.3116146,197.5816292,27.0946078,820.4764316
2019-20,18,Assam,2020-02,2020-02-01,288.8685612,381.4339566,213.219876,48.7305626,923.8736768
2019-20,18,Assam,2020-03,2020-03-01,288.8685612,389.1995385,213.2611034,40.3912439,931.720447
2019-20,19,West Bengal,2019-04,2019-04-01,1065.6222914,1549.6189545,1031.2759112,438.2231004,4209.3285497
2019-20,19,West Bengal,2019-05,2019-05-01,1021.6566947,1389.5774978,767.225497,354.4801981,3576.9054843
2019-20,19,West Bengal,2019-06,2019-06-01,1021.8057407,1371.9637175,767.2702217,352.6544313,3513.5450652
2019-20,19,West Bengal,2019-07,2019-07-01,1025.0104766,1371.3125953,796.1593379,396.4135304,3585.6912043
2019-20,19,West Bengal,2019-08,2019-08-01,961.5096773,1356.4617262,831.641997,290.1155356,3503.2297354
2019-20,19,West Bengal,2019-09,2019-09-01,940.1661023,1263.3729739,745.3794816,285.2310876,3255.4932204
2019-20,19,West Bengal,2019-10,2019-10-01,1005.4056937,1264.2533194,718.8718958,339.74943,3263.0407475
2019-20,19,West Bengal,2019-11,2019-11-01,1091.7709717,1332.0574885,883.7342646,238.7424888,3459.9399356
2019-20,19,West Bengal,2019-12,2019-12-01,1113.5295902,1473.3810306,869.7408758,313.3547756,3748.2476537
2019-20,19,West Bengal,2020-01,2020-01-01,1140.5378129,1501.604517,812.8947388,318.8395541,3746.8684001
2019-20,19,West Bengal,2020-02,2020-02-01,1035.4201089,1539.8853645,910.5762417,350.5300836,3941.5295027
2019-20,19,West Bengal,2020-03,2020-03-01,1035.4201089,1401.3727538,829.1939222,316.2742263,3582.2610112
2019-20,20,Jharkhand,2019-04,2019-04-01,298.9712311,619.9968185,1212.2213309,473.6336137,2766.548713
2019-20,20,Jharkhand,2019-05,2019-05-01,279.4690559,433.2886714,668.4948744,487.155536,1887.9103129
2019-20,20,Jharkhand,2019-06,2019-06-01,306.2858066,407.0908374,684.6867896,439.4934541,1810.740137
2019-20,20,Jharkhand,2019-07,2019-07-01,320.6998432,431.1053685,693.923656,424.1735078,1855.4883389
2019-20,20,Jharkhand,2019-08,2019-08-01,279.6091601,435.5369058,608.3727783,405.6715216,1770.2810489
2019-20,20,Jharkhand,2019-09,2019-09-01,289.1943904,374.9275667,462.730291,391.6734106,1508.9404284
2019-20,20,Jharkhand,2019-10,2019-10-01,327.6936622,400.1657945,412.6837835,334.6928709,1436.7368393
2019-20,20,Jharkhand,2019-11,2019-11-01,342.4090065,468.6482142,560.1247467,363.3276829,1719.794306
2019-20,20,Jharkhand,2019-12,2019-12-01,344.1262413,470.3430548,684.3614493,445.7380741,1942.8515847
2019-20,20,Jharkhand,2020-01,2020-01-01,367.8400304,472.2337983,730.1795134,480.7762837,2027.3158367
2019-20,20,Jharkhand,2020-02,2020-02-01,388.6435204,476.8504317,755.2520589,470.9274857,2070.8700067
2019-20,20,Jharkhand,2020-03,2020-03-01,388.6435204,499.9486613,666.9112163,493.9315004,2049.4348984
2019-20,21,Odisha,2019-04,2019-04-01,434.7729523,927.5983257,770.0117484,586.0093758,2955.5959285
2019-20,21,Odisha,2019-05,2019-05-01,603.3915937,589.3006435,591.6160528,524.6822107,2140.3718593
2019-20,21,Odisha,2019-06,2019-06-01,518.1105773,804.4872557,970.689458,544.9002005,2923.4685079
2019-20,21,Odisha,2019-07,2019-07-01,534.6819786,702.4376836,742.2136448,531.6112162,2494.3731219
2019-20,21,Odisha,2019-08,2019-08-01,473.8469468,698.4665708,815.1731265,448.9102285,2497.2319044
2019-20,21,Odisha,2019-09,2019-09-01,486.8617344,610.1892031,577.0989536,353.8969432,2015.0320467
2019-20,21,Odisha,2019-10,2019-10-01,514.5209271,627.7284741,559.470338,319.7845294,1993.8450759
2019-20,21,Odisha,2019-11,2019-11-01,529.7798381,700.9647914,786.5333608,345.0158041,2347.0348834
2019-20,21,Odisha,2019-12,2019-12-01,563.8548764,726.2850968,696.0353895,431.1805923,2383.2809167
2019-20,21,Odisha,2020-01,2020-01-01,618.779781,744.3289266,674.1805898,521.6120838,2503.9764766
2019-20,21,Odisha,2020-02,2020-02-01,583.7913155,804.8543805,792.5858207,573.9383496,2790.1583318
2019-20,21,Odisha,2020-03,2020-03-01,583.7913155,776.2777499,731.7740853,541.0369501,2632.8801008
2019-20,22,Chhattisgarh,2019-04,2019-04-01,341.0475256,516.5578503,731.7936407,634.7077289,2298.9184642
2019-20,22,Chhattisgarh,2019-05,2019-05-01,394.7432337,434.6589054,695.1313804,528.0958248,1998.9336362
2019-20,22,Chhattisgarh,2019-06,2019-06-01,379.3158866,497.444741,654.1713614,546.3072525,2092.6665886
2019-20,22,Chhattisgarh,2019-07,2019-07-01,344.1438894,482.1897632,641.2827302,499.5823135,2002.3706935
2019-20,22,Chhattisgarh,2019-08,2019-08-01,295.3050475,430.5565681,604.3342707,493.7091867,1872.7439149
2019-20,22,Chhattisgarh,2019-09,2019-09-01,312.6373566,375.2033189,438.9375486,380.1378026,1489.5837176
2019-20,22,Chhattisgarh,2019-10,2019-10-01,356.6963443,395.2093938,496.8538455,364.9408117,1569.6414076
2019-20,22,Chhattisgarh,2019-11,2019-11-01,385.5715294,484.5266885,871.3756058,463.4974136,2176.0960522
2019-20,22,Chhattisgarh,2019-12,2019-12-01,400.2562869,472.0032544,784.3015893,494.2498063,2136.1261794
2019-20,22,Chhattisgarh,2020-01,2020-01-01,402.0885229,495.0472221,672.3599878,587.581309,2155.2448058
2019-20,22,Chhattisgarh,2020-02,2020-02-01,418.6339682,497.2385718,775.6714023,599.4060596,2274.4045566
2019-20,22,Chhattisgarh,2020-03,2020-03-01,418.6339682,500.2384508,595.2640125,579.0308086,2093.1672401
2019-20,23,Madhya Pradesh,2019-04,2019-04-01,485.8906704,841.4326054,709.0824305,451.6834387,2625.7125394
2019-20,23,Madhya Pradesh,2019-05,2019-05-01,473.9442823,699.132759,643.8374103,422.4304336,2251.2912733
2019-20,23,Madhya Pradesh,2019-06,2019-06-01,517.4115913,700.5617324,603.4840426,434.4709555,2212.4610128
2019-20,23,Madhya Pradesh,2019-07,2019-07-01,507.8665849,741.5793043,573.4080277,449.2842544,2281.6831777
2019-20,23,Madhya Pradesh,2019-08,2019-08-01,445.8608252,690.578753,609.2103439,447.1960738,2254.8517556
2019-20,23,Madhya Pradesh,2019-09,2019-09-01,464.1252259,613.7111781,585.5659449,441.9615785,2087.0995267
2019-20,23,Madhya Pradesh,2019-10,2019-10-01,568.91895,639.0167237,559.5311651,389.934874,2052.6079887
2019-20,23,Madhya Pradesh,2019-11,2019-11-01,552.4095956,777.0661657,640.9183094,465.6256878,2452.5291129
2019-20,23,Madhya Pradesh,2019-12,2019-12-01,611.5567118,742.4020752,629.9503522,509.4399142,2434.2019372
2019-20,23,Madhya Pradesh,2020-01,2020-01-01,620.1202195,828.1761295,707.2344778,526.6404741,2673.6077932
2019-20,23,Madhya Pradesh,2020-02,2020-02-01,541.5341664,820.2529214,667.9231714,512.7437902,2621.0401025
2019-20,23,Madhya Pradesh,2020-03,2020-03-01,541.5341664,746.6623117,645.0439733,474.1579566,2407.398408
2019-20,24,Gujarat,2019-04,2019-04-01,1815.0729438,2393.1451705,2276.5472749,354.996106,6874.056386
2019-20,24,Gujarat,2019-05,2019-05-01,1783.6085265,2316.9436834,2145.9653325,330.8444539,6608.8264136
2019-20,24,Gujarat,2019-06,2019-06-01,1691.3716861,2273.6281586,2020.8408101,346.2588799,6424.3363751
2019-20,24,Gujarat,2019-07,2019-07-01,1668.2937646,2214.2084138,2143.8353797,361.9535396,6411.3690192
2019-20,24,Gujarat,2019-08,2019-08-01,1543.1926889,2100.5779008,2072.553506,343.140409,6184.5655804
2019-20,24,Gujarat,2019-09,2019-09-01,1634.8568363,1932.1249865,1901.5306437,363.686043,5740.5343621
2019-20,24,Gujarat,2019-10,2019-10-01,1800.3757317,2016.4001144,1850.6120927,385.659715,5887.5287584
2019-20,24,Gujarat,2019-11,2019-11-01,1831.5056767,2318.234812,2271.0272514,415.2871492,6804.9249443
2019-20,24,Gujarat,2019-12,2019-12-01,2012.0547477,2335.8501577,2047.1266327,406.9581883,6621.4406554
2019-20,24,Gujarat,2020-01,2020-01-01,1983.733991,2476.0750163,2408.5830166,433.0243198,7329.7371004
2019-20,24,Gujarat,2020-02,2020-02-01,1886.2518328,2534.4090157,2208.1386794,489.2598374,7215.5415235
2019-20,24,Gujarat,2020-03,2020-03-01,1886.2518328,2359.5463636,2218.0377326,356.6232651,6820.4591941
2019-20,25,Daman and Diu,2019-04,2019-04-01,8.6099214,13.4085845,80.3055267,0.0394362,102.9684343
2019-20,25,Daman and Diu,2019-05,2019-05-01,9.1176636,11.6656987,63.9644384,0.0033017,84.2433602
2019-20,25,Daman and Diu,2019-06,2019-06-01,9.5131368,13.7506621,64.1181213,0.0051951,86.9916421
2019-20,25,Daman and Diu,2019-07,2019-07-01,10.4204126,12.858864,82.7327636,0.0097354,105.1144998
2019-20,25,Daman and Diu,2019-08,2019-08-01,8.7799598,16.2576588,76.5194257,0.0056945,103.2031916
2019-20,25,Daman and Diu,2019-09,2019-09-01,7.6565644,11.9714822,67.9407652,0.0088451,88.7010523
2019-20,25,Daman and Diu,2019-10,2019-10-01,10.3190284,11.3048073,64.2016574,0.0257752,83.1888043
2019-20,25,Daman and Diu,2019-11,2019-11-01,9.400431,15.785991,74.7226039,0.0025923,100.8302156
2019-20,25,Daman and Diu,2019-12,2019-12-01,10.2424338,14.3073009,70.0619801,0.016284,93.785996
2019-20,25,Daman and Diu,2020-01,2020-01-01,9.7453834,15.129164,91.3573607,0.0167769,116.7457354
2019-20,25,Daman and Diu,2020-02,2020-02-01,10.4465291,14.3669675,70.3470522,0.002661,94.4620641
2019-20,25,Daman and Diu,2020-03,2020-03-01,10.4465291,15.9683607,68.4865832,0.0067766,94.9082496
2019-20,26,Dadra and Nagar Haveli,2019-04,2019-04-01,13.4776023,25.8906965,128.6618812,0.0322641,173.9261519
2019-20,26,Dadra and Nagar Haveli,2019-05,2019-05-01,15.5591316,24.9267611,105.8872671,0.1850791,144.4767096
2019-20,26,Dadra and Nagar Haveli,2019-06,2019-06-01,15.5927472,25.0114836,123.9556842,0.1251303,164.6514297
2019-20,26,Dadra and Nagar Haveli,2019-07,2019-07-01,16.0872915,22.9831819,95.8671983,0.0962639,134.5393913
2019-20,26,Dadra and Nagar Haveli,2019-08,2019-08-01,16.1694986,21.9880453,120.7256284,0.1243572,158.9253224
2019-20,26,Dadra and Nagar Haveli,2019-09,2019-09-01,16.2256617,21.8634388,87.3230737,0.029078,125.3850891
2019-20,26,Dadra and Nagar Haveli,2019-10,2019-10-01,17.7879802,20.7965789,92.6791296,0.0790292,129.7803994
2019-20,26,Dadra and Nagar Haveli,2019-11,2019-11-01,17.5811162,24.1266374,102.5961763,0.0699105,144.5807044
2019-20,26,Dadra and Nagar Haveli,2019-12,2019-12-01,19.1585705,22.4716006,114.2607255,0.0418716,154.3553139
2019-20,26,Dadra and Nagar Haveli,2020-01,2020-01-01,17.6436242,28.0608184,117.3403594,0.137419,164.6971673
2019-20,26,Dadra and Nagar Haveli,2020-02,2020-02-01,18.9634125,24.70374,103.001801,0.0734879,145.4226531
2019-20,26,Dadra and Nagar Haveli,2020-03,2020-03-01,18.9634125,24.2880645,125.44488,0.1928417,168.8891987
2019-20,27,Maharashtra,2019-04,2019-04-01,3946.9798443,5860.1036863,6369.6248236,1176.1840029,18123.0543373
2019-20,27,Maharashtra,2019-05,2019-05-01,4246.1750442,4885.8860742,4341.562236,959.9393012,14134.3674557
2019-20,27,Maharashtra,2019-06,2019-06-01,3816.4125486,5208.0545573,4702.2360633,986.6433111,15143.1089759
2019-20,27,Maharashtra,2019-07,2019-07-01,3716.2081269,4802.4992115,5458.417517,1024.4922783,15101.8215554
2019-20,27,Maharashtra,2019-08,2019-08-01,3609.682924,4690.5801096,4181.4361788,819.094891,13407.3193063
2019-20,27,Maharashtra,2019-09,2019-09-01,3947.7365698,4405.434788,4647.0602485,916.7808086,13578.9587691
2019-20,27,Maharashtra,2019-10,2019-10-01,4446.5511249,4818.4202241,5484.4935235,858.8228702,15109.4731876
2019-20,27,Maharashtra,2019-11,2019-11-01,4768.782174,5507.8245932,5122.9366166,890.5429344,15967.8552691
2019-20,27,Maharashtra,2019-12,2019-12-01,4797.0168055,5738.4408022,5106.8547209,915.4440803,16529.5217774
2019-20,27,Maharashtra,2020-01,2020-01-01,4437.5611585,5787.6142199,6423.3212466,1077.1538429,18085.1061149
2019-20,27,Maharashtra,2020-02,2020-02-01,4232.398607,5443.2256603,4853.5383263,1000.3289168,15734.6540619
2019-20,27,Maharashtra,2020-03,2020-03-01,4232.398607,5126.6199702,4755.4719474,887.6146931,15002.1052177
2019-20,29,Karnataka,2019-04,2019-04-01,1490.5045641,2482.9805248,2651.1354685,957.1981469,8004.8941683
2019-20,29,Karnataka,2019-05,2019-05-01,1514.8034437,2002.4722981,2223.4643749,692.2683686,6408.7096057
2019-20,29,Karnataka,2019-06,2019-06-01,1609.440388,2050.0658408,2236.4703433,857.8873474,6659.2269752
2019-20,29,Karnataka,2019-07,2019-07-01,1526.7680419,2151.9988659,2354.1851006,972.8687145,7088.493069
2019-20,29,Karnataka,2019-08,2019-08-01,1522.2369258,2096.5256697,1921.3228735,656.1908362,6200.8074213
2019-20,29,Karnataka,2019-09,2019-09-01,1613.986375,2061.7573023,1985.9788124,779.8802616,6349.8533021
2019-20,29,Karnataka,2019-10,2019-10-01,1612.7409377,2142.7344485,2089.6650877,828.6278946,6675.0138058
2019-20,29,Karnataka,2019-11,2019-11-01,1688.8923456,2262.2540334,2387.6035584,709.7505617,6972.3490912
2019-20,29,Karnataka,2019-12,2019-12-01,1787.4937309,2220.8393375,2239.2866429,736.7667361,6885.7850621
2019-20,29,Karnataka,2020-01,2020-01-01,1826.9304503,2388.7556345,2673.7633323,755.1753393,7605.188037
2019-20,29,Karnataka,2020-02,2020-02-01,1716.8548115,2380.6144143,2516.9542664,689.3367497,7413.8358807
2019-20,29,Karnataka,2020-03,2020-03-01,1716.8548115,2230.6436023,2386.798198,810.006239,7144.3028508
2019-20,30,Goa,2019-04,2019-04-01,87.5373371,157.3391104,146.9033943,3.3441862,415.2238449
2019-20,30,Goa,2019-05,2019-05-01,80.6392017,128.4320209,128.5971955,4.1701466,348.7367001
2019-20,30,Goa,2019-06,2019-06-01,76.8736191,120.4458551,133.5476813,3.5673634,338.2001015
2019-20,30,Goa,2019-07,2019-07-01,74.4704188,119.4407734,162.3234588,2.6346589,361.2725102
2019-20,30,Goa,2019-08,2019-08-01,71.6310198,106.2348707,142.5772314,1.2524384,324.5349593
2019-20,30,Goa,2019-09,2019-09-01,76.1603934,109.4998851,127.5808989,2.7550148,311.4668186
2019-20,30,Goa,2019-10,2019-10-01,85.3744603,107.5134853,126.4821954,1.0007454,311.1568195
2019-20,30,Goa,2019-11,2019-11-01,93.7735529,122.4076097,132.0970106,1.6437971,341.5228777
2019-20,30,Goa,2019-12,2019-12-01,111.5291435,134.7418708,132.6598122,2.2000147,363.3752506
2019-20,30,Goa,2020-01,2020-01-01,107.9290629,163.1733586,157.5070559,4.8380784,437.0476364
2019-20,30,Goa,2020-02,2020-02-01,77.181142,148.2827124,151.1786783,3.223232,410.6136856
2019-20,30,Goa,2020-03,2020-03-01,77.181142,111.958349,125.1357533,2.1963699,316.4716142
2019-20,31,Lakshadweep,2019-04,2019-04-01,0.1612446,1.4287708,0.0862782,0.0,2.777685
2019-20,31,Lakshadweep,2019-05,2019-05-01,0.3150318,0.1626523,0.0051819,0.0,0.3290788
2019-20,31,Lakshadweep,2019-06,2019-06-01,0.913299,0.3342031,0.0413935,0.0,0.6906284
2019-20,31,Lakshadweep,2019-07,2019-07-01,0.3686182,1.1897177,0.0249136,0.0,2.1279303
2019-20,31,Lakshadweep,2019-08,2019-08-01,0.7393661,1.0443361,0.0264016,0.0,1.4393559
2019-20,31,Lakshadweep,2019-09,2019-09-01,1.0505257,0.8448718,0.0928546,0.0,1.6770925
2019-20,31,Lakshadweep,2019-10,2019-10-01,0.8101387,1.3795629,0.0366216,0.0,2.4667102
2019-20,31,Lakshadweep,2019-11,2019-11-01,0.3529841,1.046941,0.0780705,0.0,1.9351502
2019-20,31,Lakshadweep,2019-12,2019-12-01,1.0982472,0.4005193,0.0323145,0.0,0.7858179
2019-20,31,Lakshadweep,2020-01,2020-01-01,0.993393,1.5412225,0.0633068,0.0,2.7027765
2019-20,31,Lakshadweep,2020-02,2020-02-01,0.1309837,1.106543,0.0352297,0.0,2.1351657
2019-20,31,Lakshadweep,2020-03,2020-03-01,0.1309837,1.1804556,0.030895,0.0,1.3423343
2019-20,32,Kerala,2019-04,2019-04-01,451.8479616,843.6885986,408.8340389,4.5532306,1766.1913644
2019-20,32,Kerala,2019-05,2019-05-01,495.4763768,720.8486973,257.4185512,3.2434719,1433.358682
2019-20,32,Kerala,2019-06,2019-06-01,474.1373784,806.7276399,260.0607273,5.296041,1567.560785
2019-20,32,Kerala,2019-07,2019-07-01,496.7993276,757.5192271,265.6347001,15.0844798,1512.3757854
2019-20,32,Kerala,2019-08,2019-08-01,441.281185,764.0279761,308.1020941,12.9620824,1581.8914802
2019-20,32,Kerala,2019-09,2019-09-01,490.2958122,687.1916188,258.9696908,5.7192613,1393.1617559
2019-20,32,Kerala,2019-10,2019-10-01,567.3176222,765.84616,281.0727808,11.9705489,1549.1853019
2019-20,32,Kerala,2019-11,2019-11-01,527.0549255,817.6190493,299.2096462,7.2647572,1691.4110749
2019-20,32,Kerala,2019-12,2019-12-01,576.6064878,801.8336698,311.5360318,10.2695074,1650.6941345
2019-20,32,Kerala,2020-01,2020-01-01,574.6346369,931.3193221,327.4407562,23.5099344,1858.8765005
2019-20,32,Kerala,2020-02,2020-02-01,476.0277908,845.4268281,320.5336645,13.5293003,1754.1244298
2019-20,32,Kerala,2020-03,2020-03-01,476.0277908,714.5952585,277.6780057,6.94665,1475.247705
2019-20,33,Tamil Nadu,2019-04,2019-04-01,1515.1443661,2415.1551423,2122.1835287,554.9298723,6771.1354776
2019-20,33,Tamil Nadu,2019-05,2019-05-01,1522.3498758,2149.5078307,1664.1848651,489.1196924,5817.9567543
2019-20,33,Tamil Nadu,2019-06,2019-06-01,1552.9787477,2180.2868395,1648.5281185,529.7837774,5880.9486112
2019-20,33,Tamil Nadu,2019-07,2019-07-01,1600.3717089,2270.6171011,1746.2907468,514.2654117,6084.1520073
2019-20,33,Tamil Nadu,2019-08,2019-08-01,1475.5297769,2318.3823311,1688.0751243,366.5082606,5973.3374249
2019-20,33,Tamil Nadu,2019-09,2019-09-01,1526.6147806,2135.1507663,1541.5582583,463.3661013,5615.6049028
2019-20,33,Tamil Nadu,2019-10,2019-10-01,1703.8622051,2128.5467436,1876.3747326,577.1016004,6108.6378572
2019-20,33,Tamil Nadu,2019-11,2019-11-01,1632.1859982,2368.0532378,1961.073395,416.2879489,6449.2767868
2019-20,33,Tamil Nadu,2019-12,2019-12-01,1694.0502148,2302.3973867,1928.9619698,558.2651545,6421.8105092
2019-20,33,Tamil Nadu,2020-01,2020-01-01,1702.5379973,2318.1190342,2103.9323984,586.76581,6702.8674574
2019-20,33,Tamil Nadu,2020-02,2020-02-01,1580.7310851,2332.0399282,1988.5042902,403.4139218,6426.4961375
2019-20,33,Tamil Nadu,2020-03,2020-03-01,1580.7310851,2223.188353,1939.8831463,434.0163329,6177.8189173
2019-20,34,Puducherry,2019-04,2019-04-01,17.7580837,32.0320428,119.6741439,0.9905015,173.2722891
2019-20,34,Puducherry,2019-05,2019-05-01,17.5499806,27.8141106,98.4512022,0.1753057,144.1987022
2019-20,34,Puducherry,2019-06,2019-06-01,19.355782,29.1580112,88.4508186,0.0957292,135.2545396
2019-20,34,Puducherry,2019-07,2019-07-01,19.6573991,30.1757854,94.7518381,0.2370579,144.5204634
2019-20,34,Puducherry,2019-08,2019-08-01,18.5078661,31.7043378,108.052422,1.1072867,160.5214456
2019-20,34,Puducherry,2019-09,2019-09-01,19.5715143,30.9511668,99.6004159,0.3634916,149.4229404
2019-20,34,Puducherry,2019-10,2019-10-01,21.5401072,30.7285493,94.5631402,0.8715687,145.7347725
2019-20,34,Puducherry,2019-11,2019-11-01,22.5567585,35.5015271,99.9822078,0.147117,157.1709591
2019-20,34,Puducherry,2019-12,2019-12-01,24.7742421,34.1873032,108.5844031,0.1229584,165.4514232
2019-20,34,Puducherry,2020-01,2020-01-01,22.5608759,39.7641229,121.3283999,1.7044573,187.5712222
2019-20,34,Puducherry,2020-02,2020-02-01,20.5268185,34.3709578,100.9925791,0.9398586,158.8642714
2019-20,34,Puducherry,2020-03,2020-03-01,20.5268185,30.3393985,98.0824857,0.369991,149.3186937
2019-20,35,Andaman and Nicobar Island,2019-04,2019-04-01,14.2793185,20.1092653,3.0569305,0.094475,37.721889
2019-20,35,Andaman and Nicobar Island,2019-05,2019-05-01,6.7444656,22.5182042,2.365092,0.2470489,39.4096636
2019-20,35,Andaman and Nicobar Island,2019-06,2019-06-01,7.9440267,10.1529405,3.8036409,0.1444335,20.8454805
2019-20,35,Andaman and Nicobar Island,2019-07,2019-07-01,9.9652544,11.9065702,2.4227455,0.1253544,22.3986968
2019-20,35,Andaman and Nicobar Island,2019-08,2019-08-01,6.5794703,17.1084956,3.2581328,0.1408048,30.4726876
2019-20,35,Andaman and Nicobar Island,2019-09,2019-09-01,12.7251289,10.0177118,2.1511087,0.0006188,18.7489096
2019-20,35,Andaman and Nicobar Island,2019-10,2019-10-01,8.3633827,16.090996,2.9055995,0.0122928,31.7340172
2019-20,35,Andaman and Nicobar Island,2019-11,2019-11-01,10.2605943,13.516678,2.9947198,0.0372834,24.9120639
2019-20,35,Andaman and Nicobar Island,2019-12,2019-12-01,10.4992657,17.0529802,2.2808554,0.1873636,29.7817935
2019-20,35,Andaman and Nicobar Island,2020-01,2020-01-01,13.6192783,16.0508893,3.3369101,0.107806,29.9948711
2019-20,35,Andaman and Nicobar Island,2020-02,2020-02-01,15.8678182,18.8813498,3.4477657,0.0601486,36.0085424
2019-20,35,Andaman and Nicobar Island,2020-03,2020-03-01,15.8678182,19.6143725,3.038589,0.0631735,38.5839532
2019-20,36,Telangana,2019-04,2019-04-01,680.1893264,1144.7762898,997.1638725,533.6959791,3509.9208899
2019-20,36,Telangana,2019-05,2019-05-01,710.8320887,953.556186,874.7511365,542.8086943,3051.3053432
2019-20,36,Telangana,2019-06,2019-06-01,696.9249203,980.4498094,875.7478364,598.5789416,3165.6086761
2019-20,36,Telangana,2019-07,2019-07-01,734.6750118,1003.2702886,884.4988408,578.4043484,3163.0983981
2019-20,36,Telangana,2019-08,2019-08-01,655.5202434,993.6290774,853.8739622,476.4694702,3058.6475216
2019-20,36,Telangana,2019-09,2019-09-01,765.3217996,916.2149374,781.1499856,501.201113,2854.0862794
2019-20,36,Telangana,2019-10,2019-10-01,774.9520909,1010.3297905,980.6519356,474.1270885,3230.4306142
2019-20,36,Telangana,2019-11,2019-11-01,844.0870483,1173.0225667,905.8394691,495.5877123,3349.401839
2019-20,36,Telangana,2019-12,2019-12-01,930.731927,1135.8186193,877.3709609,563.1918913,3420.4685198
2019-20,36,Telangana,2020-01,2020-01-01,932.5381,1317.657478,974.9438617,563.6424064,3786.9756731
2019-20,36,Telangana,2020-02,2020-02-01,846.3009714,1208.603548,933.3837771,592.6144539,3667.139879
2019-20,36,Telangana,2020-03,2020-03-01,846.3009714,1139.8956352,996.3780045,579.987665,3562.5622761
2019-20,37,Andhra Pradesh,2019-04,2019-04-01,528.4033245,924.0345327,925.2444649,32.2723526,2559.2019805
2019-20,37,Andhra Pradesh,2019-05,2019-05-01,538.8174475,776.9035373,803.8512791,33.2334365,2142.3915774
2019-20,37,Andhra Pradesh,2019-06,2019-06-01,514.2912905,760.4332036,898.6635791,33.6378139,2231.5520441
2019-20,37,Andhra Pradesh,2019-07,2019-07-01,499.9749355,746.632179,847.8314233,29.6534344,2138.4083272
2019-20,37,Andhra Pradesh,2019-08,2019-08-01,473.7393362,700.2813668,892.8432401,22.0397332,2115.1392756
2019-20,37,Andhra Pradesh,2019-09,2019-09-01,470.0689635,660.4617967,746.1622988,104.6135326,1984.9769643
2019-20,37,Andhra Pradesh,2019-10,2019-10-01,496.7304313,656.5669413,716.395794,131.8467959,1974.8784947
2019-20,37,Andhra Pradesh,2019-11,2019-11-01,540.1286149,767.296912,746.7517981,218.8198416,2229.598983
2019-20,37,Andhra Pradesh,2019-12,2019-12-01,609.7813985,768.8055417,719.7635474,236.2302108,2264.9279148
2019-20,37,Andhra Pradesh,2020-01,2020-01-01,623.5117874,860.7440435,776.1918115,108.8329737,2355.5502272
2019-20,37,Andhra Pradesh,2020-02,2020-02-01,561.2367948,854.0151166,801.8074415,283.9908571,2563.3252026
2019-20,37,Andhra Pradesh,2020-03,2020-03-01,561.2367948,789.0085343,896.0561238,301.8277608,2548.1292137
2019-20,38,Ladakh,2019-04,2019-04-01,,,,,
2019-20,38,Ladakh,2019-05,2019-05-01,,,,,
2019-20,38,Ladakh,2019-06,2019-06-01,,,,,
2019-20,38,Ladakh,2019-07,2019-07-01,,,,,
2019-20,38,Ladakh,2019-08,2019-08-01,,,,,
2019-20,38,Ladakh,2019-09,2019-09-01,,,,,
2019-20,38,Ladakh,2019-10,2019-10-01,,,,,
2019-20,38,Ladakh,2019-11,2019-11-01,,,,,
2019-20,38,Ladakh,2019-12,2019-12-01,,,,,
2019-20,38,Ladakh,2020-01,2020-01-01,0.7051659,,,,
2019-20,38,Ladakh,2020-02,2020-02-01,0.2179144,0.7051658,0.0882835,2.9598532,4.4584684
2019-20,38,Ladakh,2020-03,2020-03-01,0.2179144,0.2179144,0.1502609,0.2506257,0.8367154
2019-20,97,Other Territory,2019-04,2019-04-01,12.9819645,36.7750373,125.8839852,0.0010344,179.0026329
2019-20,97,Other Territory,2019-05,2019-05-01,14.5749561,17.3880486,103.0694247,0.0010852,133.440523
2019-20,97,Other Territory,2019-06,2019-06-01,13.1723986,26.0110183,125.8455376,1e-06,166.431513
2019-20,97,Other Territory,2019-07,2019-07-01,11.7885834,24.937285,120.141657,0.003774,158.2551146
2019-20,97,Other Territory,2019-08,2019-08-01,4.7315619,14.6501551,143.1954764,0.0009161,169.635131
2019-20,97,Other Territory,2019-09,2019-09-01,7.6918095,7.0591655,119.8568796,0.0,131.647607
2019-20,97,Other Territory,2019-10,2019-10-01,6.8184199,9.7097298,109.5207268,0.0010547,126.9233208
2019-20,97,Other Territory,2019-11,2019-11-01,6.9993766,9.63079,136.8047164,0.0014877,153.255414
2019-20,97,Other Territory,2019-12,2019-12-01,8.1525778,9.6121828,101.5753263,0.0007305,118.1876162
2019-20,97,Other Territory,2020-01,2020-01-01,8.7007802,10.5899353,119.9283203,0.0012295,138.6720629
2019-20,97,Other Territory,2020-02,2020-02-01,9.7249584,12.7062853,123.6960315,3.21e-05,145.1031291
2019-20,97,Other Territory,2020-03,2020-03-01,9.7249584,11.9671136,110.8012445,0.0010132,132.4943297
2019-20,99,CBIC,2019-04,2019-04-01,0.0,0.0,128.9433714,0.0,129.0502452
2019-20,99,CBIC,2019-05,2019-05-01,0.0,0.0,50.8467066,0.0,50.8467066
2019-20,99,CBIC,2019-06,2019-06-01,0.0,0.0,60.5563312,0.0,60.5563312
2019-20,99,CBIC,2019-07,2019-07-01,0.0,0.0,59.4230381,0.0,59.4230381
2019-20,99,CBIC,2019-08,2019-08-01,0.0,0.0,99.5026723,0.0,99.5026723
2019-20,99,CBIC,2019-09,2019-09-01,0.0,0.0,34.8048396,0.0,34.8048396
2019-20,99,CBIC,2019-10,2019-10-01,0.0,0.0,97.3280466,0.0,97.3280466
2019-20,99,CBIC,2019-11,2019-11-01,0.0,0.0,94.9272341,0.0,94.9272341
2019-20,99,CBIC,2019-12,2019-12-01,0.0,0.0,75.3336931,0.0,75.3336931
2019-20,99,CBIC,2020-01,2020-01-01,0.0,0.0,119.2761911,0.0,119.2761911
2019-20,99,CBIC,2020-02,2020-02-01,0.0,0.0,100.1429642,0.0,100.1429642
2019-20,99,CBIC,2020-03,2020-03-01,0.0,0.0,81.4776266,0.0,81.4776266
2020-21,01,Jammu and Kashmir,2020-04,2020-04-01,40.1256044,37.1230658,22.404964,0.073886,91.1429783
2020-21,01,Jammu and Kashmir,2020-05,2020-05-01,81.1623498,62.7416593,24.5064048,1.7355315,129.1092
2020-21,01,Jammu and Kashmir,2020-06,2020-06-01,75.3124006,136.3089093,82.4431788,24.8536109,324.7680488
2020-21,01,Jammu and Kashmir,2020-07,2020-07-01,69.6126463,130.380053,85.735277,6.4134805,297.8412111
2020-21,01,Jammu and Kashmir,2020-08,2020-08-01,82.6893921,121.5595425,130.3157919,4.3448983,325.832879
2020-21,01,Jammu and Kashmir,2020-09,2020-09-01,98.2338774,143.8396464,135.2964044,5.7269434,367.5523863
2020-21,01,Jammu and Kashmir,2020-10,2020-10-01,91.0680525,163.6218567,111.2871999,3.9978065,377.1407405
2020-21,01,Jammu and Kashmir,2020-11,2020-11-01,79.3783706,147.4978739,118.2471556,2.9555985,359.7686805
2020-21,01,Jammu and Kashmir,2020-12,2020-12-01,105.16157,132.4134483,104.7282874,1.9310795,318.4511858
2020-21,01,Jammu and Kashmir,2021-01,2021-01-01,97.2163194,173.0579929,93.7869655,2.3865957,374.3931241
2020-21,01,Jammu and Kashmir,2021-02,2021-02-01,99.4058241,141.1200782,89.8838172,1.6725047,329.8927195
2020-21,01,Jammu and Kashmir,2021-03,2021-03-01,99.4058241,163.1757863,85.9774603,3.0471498,351.6062205
2020-21,02,Himachal Pradesh,2020-04,2020-04-01,53.0631964,31.589303,68.8365574,0.0135643,126.9046459
2020-21,02,Himachal Pradesh,2020-05,2020-05-01,106.7198201,72.2373879,146.3902578,0.3469598,272.0378019
2020-21,02,Himachal Pradesh,2020-06,2020-06-01,101.8177931,152.6769118,357.9948481,1.1138822,618.5054622
2020-21,02,Himachal Pradesh,2020-07,2020-07-01,99.8439701,147.4541813,354.2113143,1.5943847,605.0776734
2020-21,02,Himachal Pradesh,2020-08,2020-08-01,104.8067808,140.7905761,354.8503634,1.1926381,596.6775477
2020-21,02,Himachal Pradesh,2020-09,2020-09-01,113.591052,151.7968967,396.0259251,0.7249472,653.3545498
2020-21,02,Himachal Pradesh,2020-10,2020-10-01,113.1780699,163.0253666,413.5055771,0.8451015,690.9670972
2020-21,02,Himachal Pradesh,2020-11,2020-11-01,114.4540005,161.594219,482.7021584,0.8893593,758.3638066
2020-21,02,Himachal Pradesh,2020-12,2020-12-01,117.580803,165.7014463,389.0301089,0.5989693,669.784525
2020-21,02,Himachal Pradesh,2021-01,2021-01-01,108.9197949,173.8411816,420.1977197,1.6597161,713.2794204
2020-21,02,Himachal Pradesh,2021-02,2021-02-01,117.5895761,146.620517,406.8277059,0.7498828,663.1179006
2020-21,02,Himachal Pradesh,2021-03,2021-03-01,117.5895761,157.0506679,411.7237915,0.5193639,686.8833994
2020-21,03,Punjab,2020-04,2020-04-01,171.358585,101.9360225,86.2930373,0.1947159,273.5598516
2020-21,03,Punjab,2020-05,2020-05-01,358.6915947,240.6666247,236.129425,8.7868937,656.9415284
2020-21,03,Punjab,2020-06,2020-06-01,308.7535827,508.0735834,429.3121999,27.3157136,1323.3930916
2020-21,03,Punjab,2020-07,2020-07-01,277.2446724,489.5723809,364.6326819,24.7964611,1187.7551066
2020-21,03,Punjab,2020-08,2020-08-01,287.8262803,457.0830113,385.8979156,18.278811,1138.5044103
2020-21,03,Punjab,2020-09,2020-09-01,331.4835881,483.7295307,408.8139237,14.1228021,1194.4925368
2020-21,03,Punjab,2020-10,2020-10-01,322.9582809,538.0041713,492.6679124,14.0729205,1376.2285923
2020-21,03,Punjab,2020-11,2020-11-01,341.8686905,548.8536598,511.6774639,12.7912969,1396.2807015
2020-21,03,Punjab,2020-12,2020-12-01,324.7563778,531.6806733,469.6566006,9.5454228,1352.7513872
2020-21,03,Punjab,2021-01,2021-01-01,330.0599412,566.7381935,444.3528874,16.106135,1351.9535937
2020-21,03,Punjab,2021-02,2021-02-01,349.5393393,510.8767693,447.6668702,10.7676175,1299.3711982
2020-21,03,Punjab,2021-03,2021-03-01,349.5393393,544.3492916,450.8767427,17.0829694,1361.848343
2020-21,04,Chandigarh,2020-04,2020-04-01,16.1594728,9.3367089,22.6354256,0.0139116,40.3325965
2020-21,04,Chandigarh,2020-05,2020-05-01,26.8496761,22.0619056,63.5783343,1.6388459,103.4385586
2020-21,04,Chandigarh,2020-06,2020-06-01,25.6641781,35.1959717,94.7567788,1.8757017,158.6781283
2020-21,04,Chandigarh,2020-07,2020-07-01,26.3415985,36.6672881,73.9872389,1.0142913,137.3329964
2020-21,04,Chandigarh,2020-08,2020-08-01,25.9901564,36.6128326,74.8774898,0.6942564,138.5261773
2020-21,04,Chandigarh,2020-09,2020-09-01,26.2728712,33.1771023,81.7738185,0.543504,141.4845812
2020-21,04,Chandigarh,2020-10,2020-10-01,27.1155391,34.3846742,90.6348683,0.701514,151.9939277
2020-21,04,Chandigarh,2020-11,2020-11-01,29.4638302,35.2589679,78.3410354,0.6435683,141.3591107
2020-21,04,Chandigarh,2020-12,2020-12-01,29.0838077,40.6936828,87.6091941,0.582135,158.3488421
2020-21,04,Chandigarh,2021-01,2021-01-01,28.9589842,47.6069961,85.9730983,2.7509433,165.4148454
2020-21,04,Chandigarh,2021-02,2021-02-01,31.8131288,37.9385602,81.1743455,0.428773,148.5006629
2020-21,04,Chandigarh,2021-03,2021-03-01,31.8131288,41.0479744,91.9363018,0.4699581,165.2673631
2020-21,05,Uttarakhand,2020-04,2020-04-01,144.8354645,61.9474838,141.6287816,3.2618677,256.625715
2020-21,05,Uttarakhand,2020-05,2020-05-01,184.0912448,169.9955095,299.1917736,0.5606236,614.5833712
2020-21,05,Uttarakhand,2020-06,2020-06-01,190.6200299,238.61619,469.8057777,2.4226789,894.9358914
2020-21,05,Uttarakhand,2020-07,2020-07-01,184.5960789,247.0263568,543.1486505,7.005336,987.8003732
2020-21,05,Uttarakhand,2020-08,2020-08-01,205.6309971,249.442658,564.194921,7.5224473,1005.7561052
2020-21,05,Uttarakhand,2020-09,2020-09-01,228.9284467,276.9543213,572.4319334,9.734945,1064.7521968
2020-21,05,Uttarakhand,2020-10,2020-10-01,204.4788546,335.9703845,696.3315206,11.0149855,1272.2453373
2020-21,05,Uttarakhand,2020-11,2020-11-01,209.0791566,323.7624924,748.023284,9.2427981,1285.5074291
2020-21,05,Uttarakhand,2020-12,2020-12-01,218.532209,337.5409669,690.1064193,9.0743958,1245.8009386
2020-21,05,Uttarakhand,2021-01,2021-01-01,212.6947467,327.6573348,669.9428915,9.918178,1226.0506133
2020-21,05,Uttarakhand,2021-02,2021-02-01,230.1917033,308.4364209,647.4380213,12.5642969,1181.1334858
2020-21,05,Uttarakhand,2021-03,2021-03-01,230.1917033,354.3893159,711.0422235,7.9483843,1303.571627
2020-21,06,Haryana,2020-04,2020-04-01,424.5198724,253.8074097,1088.9356196,152.1734588,1706.6440473
2020-21,06,Haryana,2020-05,2020-05-01,712.3978968,546.1099128,1556.3489691,81.5914618,2608.5702161
2020-21,06,Haryana,2020-06,2020-06-01,610.6520947,878.4143691,1998.321349,108.013607,3697.1472219
2020-21,06,Haryana,2020-07,2020-07-01,678.4495129,804.2948449,1854.43071,213.6691014,3483.046751
2020-21,06,Haryana,2020-08,2020-08-01,740.4003689,942.0691514,2379.3840312,373.2905688,4373.1932643
2020-21,06,Haryana,2020-09,2020-09-01,866.4282849,1048.1321556,2562.7940931,360.5921111,4711.9187287
2020-21,06,Haryana,2020-10,2020-10-01,894.961819,1195.9442308,2974.2878757,396.6006539,5433.2610453
2020-21,06,Haryana,2020-11,2020-11-01,938.8492677,1264.2055728,3321.5235122,447.557676,5928.24858
2020-21,06,Haryana,2020-12,2020-12-01,926.7135321,1280.8995881,3101.5512388,425.6971217,5746.9972163
2020-21,06,Haryana,2021-01,2021-01-01,859.9658769,1286.906227,3258.1720546,430.1860836,5901.9778973
2020-21,06,Haryana,2021-02,2021-02-01,930.015321,1198.1520329,3118.8480441,412.8441817,5589.8101356
2020-21,06,Haryana,2021-03,2021-03-01,930.015321,1260.7563843,3104.7177663,414.1129752,5709.6024468
2020-21,07,Delhi,2020-04,2020-04-01,415.3410266,240.6971726,526.2770954,6.5487724,989.9062999
2020-21,07,Delhi,2020-05,2020-05-01,651.9863343,494.2589839,1191.8278109,57.3513943,2158.7792157
2020-21,07,Delhi,2020-06,2020-06-01,521.95961,762.2468997,1790.2720604,44.7213316,3249.226626
2020-21,07,Delhi,2020-07,2020-07-01,565.2568244,653.1662987,1375.0925822,78.5568427,2628.7753336
2020-21,07,Delhi,2020-08,2020-08-01,615.3410652,697.4234666,1535.1468469,82.4991175,2880.3262554
2020-21,07,Delhi,2020-09,2020-09-01,637.641124,760.6382757,1703.6855826,65.8332855,3145.498209
2020-21,07,Delhi,2020-10,2020-10-01,653.5149857,813.3512023,1682.9635428,76.7972138,3210.7530829
2020-21,07,Delhi,2020-11,2020-11-01,701.0489355,832.9217546,1838.822683,87.8751734,3413.1345967
2020-21,07,Delhi,2020-12,2020-12-01,713.3493121,876.4541693,1784.9490589,88.827574,3451.2797377
2020-21,07,Delhi,2021-01,2021-01-01,720.2696622,922.7897791,2039.9864219,111.0663425,3787.1918556
2020-21,07,Delhi,2021-02,2021-02-01,783.409671,892.9644537,2026.9356229,87.287725,3727.4574638
2020-21,07,Delhi,2021-03,2021-03-01,783.409671,951.9395688,2090.3121863,100.3092598,3925.9706859
2020-21,08,Rajasthan,2020-04,2020-04-01,379.2081458,183.8608847,92.621123,42.5936162,496.8557978
2020-21,08,Rajasthan,2020-05,2020-05-01,798.0722914,463.21634,525.8332215,47.7458968,1416.0036041
2020-21,08,Rajasthan,2020-06,2020-06-01,754.1909462,1037.0052813,826.3860415,112.6367317,2774.1003459
2020-21,08,Rajasthan,2020-07,2020-07-01,693.3558094,1032.1957718,856.3076809,153.9787928,2796.6731917
2020-21,08,Rajasthan,2020-08,2020-08-01,702.7626666,951.0663075,836.9546187,100.6031936,2581.9799292
2020-21,08,Rajasthan,2020-09,2020-09-01,739.2989586,934.7145071,900.0803848,109.2626952,2646.8202537
2020-21,08,Rajasthan,2020-10,2020-10-01,781.2126174,1018.5776765,1072.1388166,135.5010149,2965.5164666
2020-21,08,Rajasthan,2020-11,2020-11-01,790.7145558,1061.6222957,1121.6197074,165.9383708,3130.3929913
2020-21,08,Rajasthan,2020-12,2020-12-01,835.1307031,1095.772792,1078.9693996,170.0035736,3135.460321
2020-21,08,Rajasthan,2021-01,2021-01-01,813.9978666,1129.3582263,1160.1689339,152.9439571,3277.6018204
2020-21,08,Rajasthan,2021-02,2021-02-01,852.3499817,1068.464655,1154.8458911,186.3939612,3223.7023739
2020-21,08,Rajasthan,2021-03,2021-03-01,852.3499817,1132.5231194,1236.9133148,130.0032225,3351.7896384
2020-21,09,Uttar Pradesh,2020-04,2020-04-01,710.2062735,376.1696343,284.2017126,17.0393032,990.0664354
2020-21,09,Uttar Pradesh,2020-05,2020-05-01,1251.8991851,945.9246675,758.0080096,768.5207676,3182.6597182
2020-21,09,Uttar Pradesh,2020-06,2020-06-01,1115.5046908,1775.8652531,1277.6920325,888.1205307,5193.5770014
2020-21,09,Uttar Pradesh,2020-07,2020-07-01,1076.4418997,1785.5590299,1131.1985739,1066.6705098,5098.9328044
2020-21,09,Uttar Pradesh,2020-08,2020-08-01,1143.827213,1659.6810156,1265.0156168,1096.4146807,5097.5532128
2020-21,09,Uttar Pradesh,2020-09,2020-09-01,1207.8682454,1700.4338112,1284.2693999,946.3229901,5074.8534142
2020-21,09,Uttar Pradesh,2020-10,2020-10-01,1171.7596352,1768.7741314,1466.9999833,1027.7980475,5471.4404076
2020-21,09,Uttar Pradesh,2020-11,2020-11-01,1342.9785813,1768.2770022,1636.1302395,951.7852517,5527.9521286
2020-21,09,Uttar Pradesh,2020-12,2020-12-01,1358.101805,1997.901794,1537.2360942,1058.8038545,5936.920324
2020-21,09,Uttar Pradesh,2021-01,2021-01-01,1281.1986976,2037.0928645,1526.8074399,963.7038189,5885.7059283
2020-21,09,Uttar Pradesh,2021-02,2021-02-01,1533.8827581,1790.5509896,1626.4760616,1298.3963758,5996.6221246
2020-21,09,Uttar Pradesh,2021-03,2021-03-01,1533.8827581,2119.0448769,1785.6264676,826.4540606,6265.0081632
2020-21,10,Bihar,2020-04,2020-04-01,167.5291662,137.5723372,32.0484116,0.0299819,282.5776824
2020-21,10,Bihar,2020-05,2020-05-01,341.5989843,248.0087007,68.9549835,123.6050343,608.0978847
2020-21,10,Bihar,2020-06,2020-06-01,296.9965641,569.7722989,119.1830294,131.8347178,1162.3890304
2020-21,10,Bihar,2020-07,2020-07-01,249.004716,467.1285055,107.1656472,189.5130547,1060.8037715
2020-21,10,Bihar,2020-08,2020-08-01,263.47695650000003,437.0011231,121.2140272,159.6331629,966.8530292
2020-21,10,Bihar,2020-09,2020-09-01,277.0823735,458.2328121,114.1427364,159.9063957,995.7589007
2020-21,10,Bihar,2020-10,2020-10-01,252.5705467,478.3292026,119.1150421,135.9271986,1010.4538168
2020-21,10,Bihar,2020-11,2020-11-01,280.5738352,463.0424276,122.6929635,131.5725574,969.8784952
2020-21,10,Bihar,2020-12,2020-12-01,316.8242758,484.7239155,129.863057,172.2825797,1067.4433874
2020-21,10,Bihar,2021-01,2021-01-01,302.6780363,576.7248391,128.3968505,168.1390979,1190.0850633
2020-21,10,Bihar,2021-02,2021-02-01,347.1981368,468.1572346,168.604155,188.5464958,1127.9859217
2020-21,10,Bihar,2021-03,2021-03-01,347.1981368,581.7661516,150.9004825,115.8805176,1195.7452885
2020-21,11,Sikkim,2020-04,2020-04-01,8.9091421,5.5298741,70.9750299,0.0011787,81.031248
2020-21,11,Sikkim,2020-05,2020-05-01,11.975554,10.9618047,74.3155698,0.3104643,94.4969809
2020-21,11,Sikkim,2020-06,2020-06-01,13.992073,17.3665174,316.1875737,0.0091969,345.538842
2020-21,11,Sikkim,2020-07,2020-07-01,10.9995147,16.999235,155.4165635,0.0234655,186.431337
2020-21,11,Sikkim,2020-08,2020-08-01,10.8284255,12.9599438,123.2324241,0.0122106,147.2040932
2020-21,11,Sikkim,2020-09,2020-09-01,13.0634683,14.5280111,81.0168909,0.0054787,106.3788062
2020-21,11,Sikkim,2020-10,2020-10-01,15.7222618,17.9120603,145.8863332,0.0138489,176.8757107
2020-21,11,Sikkim,2020-11,2020-11-01,13.0610047,25.0222904,182.6205953,0.0104178,223.3755653
2020-21,11,Sikkim,2020-12,2020-12-01,12.2363679,18.7810137,193.1773992,0.1138233,225.1332409
2020-21,11,Sikkim,2021-01,2021-01-01,12.9675657,15.7112309,215.7490824,0.1696865,243.8663677
2020-21,11,Sikkim,2021-02,2021-02-01,13.6595346,18.4826108,190.8415086,0.0546316,222.3463167
2020-21,11,Sikkim,2021-03,2021-03-01,13.6595346,19.949405,179.8199411,0.2298241,213.6587048
2020-21,12,Arunachal Pradesh,2020-04,2020-04-01,16.0565681,21.3007336,2.4731928,0.4964257,42.6669263
2020-21,12,Arunachal Pradesh,2020-05,2020-05-01,19.4208021,19.8580813,2.7331009,0.0545137,38.702264
2020-21,12,Arunachal Pradesh,2020-06,2020-06-01,12.3165831,25.4278528,4.0723653,0.4729829,49.3940031
2020-21,12,Arunachal Pradesh,2020-07,2020-07-01,13.1487491,17.1225239,3.3631522,0.0749355,32.8771947
2020-21,12,Arunachal Pradesh,2020-08,2020-08-01,12.6816115,17.3295352,4.5433101,0.0229759,35.0445703
2020-21,12,Arunachal Pradesh,2020-09,2020-09-01,39.3475751,17.4743171,5.2613911,0.0131308,35.4304505
2020-21,12,Arunachal Pradesh,2020-10,2020-10-01,25.0237925,50.3457814,7.4196794,0.4550931,97.568129
2020-21,12,Arunachal Pradesh,2020-11,2020-11-01,16.6827731,28.8207679,6.1351723,0.0077081,59.9874408
2020-21,12,Arunachal Pradesh,2020-12,2020-12-01,23.4799926,23.6690586,5.1735221,0.0376978,45.5630516
2020-21,12,Arunachal Pradesh,2021-01,2021-01-01,23.1841167,29.3526049,7.1000647,0.0734862,60.0061484
2020-21,12,Arunachal Pradesh,2021-02,2021-02-01,38.5924384,30.5471867,7.5950151,0.0373143,61.3636328
2020-21,12,Arunachal Pradesh,2021-03,2021-03-01,38.5924384,44.7862469,8.6269314,0.0239903,92.029607
2020-21,13,Nagaland,2020-04,2020-04-01,12.0586621,7.4718448,0.5877604,0.0222337,14.3753613
2020-21,13,Nagaland,2020-05,2020-05-01,11.1205179,18.3763436,1.448005,0.848912,32.7319227
2020-21,13,Nagaland,2020-06,2020-06-01,9.33618,16.9160189,4.0957749,0.272995,32.4053067
2020-21,13,Nagaland,2020-07,2020-07-01,12.1445381,11.9785092,3.6024854,0.4130471,25.3302217
2020-21,13,Nagaland,2020-08,2020-08-01,11.4345352,15.6553401,3.2404717,0.3154137,31.3557636
2020-21,13,Nagaland,2020-09,2020-09-01,10.5840506,13.8240659,4.0105135,0.194086,29.4632006
2020-21,13,Nagaland,2020-10,2020-10-01,10.5300384,13.1577674,5.576382,0.1833473,29.5015473
2020-21,13,Nagaland,2020-11,2020-11-01,15.6194628,12.4006421,4.8690743,1.805168,29.6049228
2020-21,13,Nagaland,2020-12,2020-12-01,17.1635372,17.7433764,4.5233209,0.3391792,38.2253393
2020-21,13,Nagaland,2021-01,2021-01-01,12.0139484,22.1721742,5.736815,0.2771133,45.3496397
2020-21,13,Nagaland,2021-02,2021-02-01,17.2313384,16.539994,5.9063032,0.3745164,34.834762
2020-21,13,Nagaland,2021-03,2021-03-01,17.2313384,21.6399178,6.0413648,0.566554,45.479175
2020-21,14,Manipur,2020-04,2020-04-01,7.9300365,11.4699036,1.4438688,0.0010295,21.5084859
2020-21,14,Manipur,2020-05,2020-05-01,10.446479,9.5902772,1.0020471,0.0010744,18.5234352
2020-21,14,Manipur,2020-06,2020-06-01,9.3027067,16.1302661,2.2194063,0.0832309,28.8793823
2020-21,14,Manipur,2020-07,2020-07-01,9.7515792,14.8444811,1.1573945,0.0235628,25.3281451
2020-21,14,Manipur,2020-08,2020-08-01,12.9986759,14.2088524,2.1356856,0.0020873,26.0982045
2020-21,14,Manipur,2020-09,2020-09-01,15.9754735,17.9698688,2.2135625,0.3532772,33.5353844
2020-21,14,Manipur,2020-10,2020-10-01,11.6749581,25.1816859,1.9176764,0.1043135,43.1791493
2020-21,14,Manipur,2020-11,2020-11-01,15.0874265,17.6043488,2.6733279,0.0342681,31.9869029
2020-21,14,Manipur,2020-12,2020-12-01,13.828703,20.2870842,5.1831529,0.1262955,40.6839591
2020-21,14,Manipur,2021-01,2021-01-01,10.5597186,22.5087298,2.8031781,0.5293083,39.6699192
2020-21,14,Manipur,2021-02,2021-02-01,20.6863638,15.026408,6.5916362,0.1663467,32.3441095
2020-21,14,Manipur,2021-03,2021-03-01,20.6863638,24.9215252,4.5878683,0.1636778,50.3594351
2020-21,15,Mizoram,2020-04,2020-04-01,3.7419382,4.1634829,1.7287758,0.0016873,9.2465795
2020-21,15,Mizoram,2020-05,2020-05-01,7.4187561,5.4717074,1.4253622,0.0003525,10.6393603
2020-21,15,Mizoram,2020-06,2020-06-01,5.34386,11.8476971,4.8213408,0.113337,24.201131
2020-21,15,Mizoram,2020-07,2020-07-01,3.9393623,9.033262,1.6363688,0.0035424,16.0170332
2020-21,15,Mizoram,2020-08,2020-08-01,5.5100344,6.7390138,1.4426751,0.0185284,12.1395796
2020-21,15,Mizoram,2020-09,2020-09-01,10.5598884,8.2344612,3.0735986,0.0771233,16.8952175
2020-21,15,Mizoram,2020-10,2020-10-01,5.6753254,17.7033744,3.1925326,0.1981635,31.6539589
2020-21,15,Mizoram,2020-11,2020-11-01,7.6138554,8.7239788,2.350361,0.0114808,16.761146
2020-21,15,Mizoram,2020-12,2020-12-01,9.6860541,11.5454821,6.2153028,0.0099568,25.3845971
2020-21,15,Mizoram,2021-01,2021-01-01,6.0482191,14.6217833,13.2741042,0.0297644,37.611706
2020-21,15,Mizoram,2021-02,2021-02-01,10.8372575,9.8013036,5.1819886,0.0261172,21.0576285
2020-21,15,Mizoram,2021-03,2021-03-01,10.8372575,14.7037373,9.2807427,0.1047839,34.9265214
2020-21,16,Tripura,2020-04,2020-04-01,36.4034532,9.7107501,1.9478407,0.0127797,19.6569892
2020-21,16,Tripura,2020-05,2020-05-01,22.5160658,42.1056142,16.3449882,0.1917142,95.0457698
2020-21,16,Tripura,2020-06,2020-06-01,18.7670494,35.8528529,5.4747787,0.6982171,64.5419145
2020-21,16,Tripura,2020-07,2020-07-01,15.7997628,25.2315145,3.9418697,0.0534375,47.9938711
2020-21,16,Tripura,2020-08,2020-08-01,18.5559238,22.0654418,5.1599856,0.1067596,43.1319498
2020-21,16,Tripura,2020-09,2020-09-01,22.0878193,26.32549,5.3738286,0.1167654,50.3720078
2020-21,16,Tripura,2020-10,2020-10-01,20.6912056,29.4379336,5.5996108,0.0637556,57.1891193
2020-21,16,Tripura,2020-11,2020-11-01,27.6773962,29.971922,7.2089764,0.2337168,58.1058208
2020-21,16,Tripura,2020-12,2020-12-01,25.1530041,39.9748028,6.4785366,0.1522025,74.2829381
2020-21,16,Tripura,2021-01,2021-01-01,22.7463128,35.3460294,9.533303,0.4370781,70.4694146
2020-21,16,Tripura,2021-02,2021-02-01,35.3381625,30.7585471,9.1219172,0.6234101,63.2501872
2020-21,16,Tripura,2021-03,2021-03-01,35.3381625,44.4831347,7.8972137,0.1832428,87.9017537
2020-21,17,Meghalaya,2020-04,2020-04-01,13.9839694,9.0936897,3.4005516,0.0057061,20.7018171
2020-21,17,Meghalaya,2020-05,2020-05-01,15.5711513,16.7020656,62.4295056,0.2110433,93.3265839
2020-21,17,Meghalaya,2020-06,2020-06-01,18.247911,20.8438108,79.2301197,0.3144955,115.9595773
2020-21,17,Meghalaya,2020-07,2020-07-01,16.4648373,23.5367119,78.6335777,0.009312,120.4275126
2020-21,17,Meghalaya,2020-08,2020-08-01,15.4678161,21.3776388,70.2122537,0.1318942,108.186624
2020-21,17,Meghalaya,2020-09,2020-09-01,21.2164425,20.4893273,63.653639,0.044413,99.6551954
2020-21,17,Meghalaya,2020-10,2020-10-01,20.2714989,28.6057827,67.1773454,0.3812302,117.3808008
2020-21,17,Meghalaya,2020-11,2020-11-01,19.310947,25.6073386,73.7356371,0.4146464,120.029121
2020-21,17,Meghalaya,2020-12,2020-12-01,24.9101188,27.7872451,58.4467622,0.3252016,105.8701559
2020-21,17,Meghalaya,2021-01,2021-01-01,25.546721,36.6099886,75.3772696,0.1231564,137.0205334
2020-21,17,Meghalaya,2021-02,2021-02-01,23.2748245,30.5392782,88.2171615,2.2016276,146.5047883
2020-21,17,Meghalaya,2021-03,2021-03-01,23.2748245,34.1322007,94.2808735,0.2808126,151.9687113
2020-21,18,Assam,2020-04,2020-04-01,166.9652743,100.63891,78.5362009,5.1009479,264.4730451
2020-21,18,Assam,2020-05,2020-05-01,279.8547517,190.6994355,105.8736492,44.4634932,508.0018522
2020-21,18,Assam,2020-06,2020-06-01,200.8623834,359.8813355,298.8726941,27.8731905,966.4819718
2020-21,18,Assam,2020-07,2020-07-01,201.1640507,270.6292684,231.2993118,20.0259832,722.8169468
2020-21,18,Assam,2020-08,2020-08-01,275.373455,270.350589,232.1093847,5.3504163,708.9744407
2020-21,18,Assam,2020-09,2020-09-01,302.6448707,362.0982083,257.6920988,17.2598306,912.4235927
2020-21,18,Assam,2020-10,2020-10-01,275.8556795,410.3901485,290.7209052,12.9043442,1016.6602686
2020-21,18,Assam,2020-11,2020-11-01,286.8989545,355.9110653,280.1794261,33.9773157,945.9234866
2020-21,18,Assam,2020-12,2020-12-01,309.0600432,393.9466893,271.4277703,31.5388519,983.812266
2020-21,18,Assam,2021-01,2021-01-01,288.404825,406.6031792,290.9662232,43.5984318,1050.2278774
2020-21,18,Assam,2021-02,2021-02-01,319.071764,374.2988698,244.370994,38.765052,945.8397408
2020-21,18,Assam,2021-03,2021-03-01,319.071764,399.8942211,257.7938038,27.8879454,1004.6477343
2020-21,19,West Bengal,2020-04,2020-04-01,549.4460421,260.6133218,149.096356,3.1055084,633.4587587
2020-21,19,West Bengal,2020-05,2020-05-01,858.8600037,702.232855,405.9442309,298.8155068,1956.4386348
2020-21,19,West Bengal,2020-06,2020-06-01,850.4278487,1102.1541182,834.5760922,332.7894848,3128.3796989
2020-21,19,West Bengal,2020-07,2020-07-01,896.7716068,1151.5388906,727.5363979,280.0431716,3009.5463088
2020-21,19,West Bengal,2020-08,2020-08-01,1045.99862,1162.7555242,754.0915686,239.3226636,3052.9413632
2020-21,19,West Bengal,2020-09,2020-09-01,1100.1458049,1325.7068334,768.9567621,252.5994965,3393.261712
2020-21,19,West Bengal,2020-10,2020-10-01,1127.5082354,1427.9793434,906.2764359,303.2615951,3737.6631793
2020-21,19,West Bengal,2020-11,2020-11-01,1221.6630656,1416.2332411,925.1560568,278.0705084,3746.9680417
2020-21,19,West Bengal,2020-12,2020-12-01,1278.2296007,1555.1385133,1043.0450417,294.500921,4114.3475416
2020-21,19,West Bengal,2021-01,2021-01-01,1291.8922547,1604.5432386,1003.5551939,312.531006,4198.8590392
2020-21,19,West Bengal,2021-02,2021-02-01,1342.6149878,1562.9952069,1105.9250064,374.1667914,4334.9792594
2020-21,19,West Bengal,2021-03,2021-03-01,1342.6149878,1665.1013754,1093.8570908,285.2188412,4386.7922952
2020-21,20,Jharkhand,2020-04,2020-04-01,202.9230845,89.0930028,44.9516895,35.0360545,243.7188185
2020-21,20,Jharkhand,2020-05,2020-05-01,328.9491353,241.1463089,359.0339425,438.8354988,1241.9388347
2020-21,20,Jharkhand,2020-06,2020-06-01,274.1175582,398.9605464,371.6197511,543.7497061,1643.2791389
2020-21,20,Jharkhand,2020-07,2020-07-01,278.9817388,361.5368412,360.8459298,343.068173,1339.5685022
2020-21,20,Jharkhand,2020-08,2020-08-01,286.3597921,360.1350462,514.7616108,344.1573916,1498.0357874
2020-21,20,Jharkhand,2020-09,2020-09-01,312.7062487,366.8853803,624.6733083,377.6421916,1655.5606723
2020-21,20,Jharkhand,2020-10,2020-10-01,317.0212649,415.8602541,646.3747263,396.2304178,1771.1716469
2020-21,20,Jharkhand,2020-11,2020-11-01,350.6611937,422.3725639,753.1616696,414.6611988,1907.2166972
2020-21,20,Jharkhand,2020-12,2020-12-01,383.5370993,492.9998704,871.0886712,435.4328065,2150.1825418
2020-21,20,Jharkhand,2021-01,2021-01-01,427.7944167,522.5801403,975.9058953,412.2033862,2294.2265211
2020-21,20,Jharkhand,2021-02,2021-02-01,498.2117229,552.953912,941.1910797,399.0913871,2321.0307955
2020-21,20,Jharkhand,2021-03,2021-03-01,498.2117229,640.2707342,846.4319392,431.218625,2416.1330213
2020-21,21,Odisha,2020-04,2020-04-01,349.8344643,360.3580751,101.3634842,2.45484,774.2956986
2020-21,21,Odisha,2020-05,2020-05-01,574.0128289,440.6723195,381.1479225,552.6122978,1724.2670041
2020-21,21,Odisha,2020-06,2020-06-01,641.7562385,759.1654919,452.0852132,908.4795188,2693.7430528
2020-21,21,Odisha,2020-07,2020-07-01,538.9067021,794.0190983,444.0146516,468.6198689,2348.4098573
2020-21,21,Odisha,2020-08,2020-08-01,497.1813981,686.1508273,630.1436702,493.0834631,2348.2846627
2020-21,21,Odisha,2020-09,2020-09-01,523.7219732,631.0773036,763.2355681,492.4944896,2383.9887594
2020-21,21,Odisha,2020-10,2020-10-01,533.5694928,660.0935304,731.6467978,503.8148634,2419.2771648
2020-21,21,Odisha,2020-11,2020-11-01,589.4086625,681.9645388,787.6262462,524.8480545,2528.0083323
2020-21,21,Odisha,2020-12,2020-12-01,609.9321508,765.2560729,965.7497942,539.7813196,2860.1958492
2020-21,21,Odisha,2021-01,2021-01-01,624.1649644,777.7080448,1158.773764,591.0402006,3137.4541602
2020-21,21,Odisha,2021-02,2021-02-01,762.9943768,781.0607681,1345.7858329,589.5542984,3340.5658638
2020-21,21,Odisha,2021-03,2021-03-01,762.9943768,954.6244005,1036.5872297,531.0876334,3285.2936404
2020-21,22,Chhattisgarh,2020-04,2020-04-01,278.0212228,93.3781016,171.3647671,3.4891122,350.8537229
2020-21,22,Chhattisgarh,2020-05,2020-05-01,472.2786268,314.7257801,665.4787052,564.6805109,1822.906219
2020-21,22,Chhattisgarh,2020-06,2020-06-01,375.3711302,546.3383536,744.2552456,785.7109172,2548.5831432
2020-21,22,Chhattisgarh,2020-07,2020-07-01,378.441528,456.2856179,561.9316293,438.7289836,1832.317361
2020-21,22,Chhattisgarh,2020-08,2020-08-01,341.0973432,443.9424157,697.3460618,474.6955617,1994.4255672
2020-21,22,Chhattisgarh,2020-09,2020-09-01,383.3143577,413.2288775,640.0940125,447.0477113,1841.4679445
2020-21,22,Chhattisgarh,2020-10,2020-10-01,398.4929997,450.1223122,698.6968194,441.8351698,1973.9686591
2020-21,22,Chhattisgarh,2020-11,2020-11-01,466.6595827,469.5426533,799.3042145,513.7462672,2181.0861347
2020-21,22,Chhattisgarh,2020-12,2020-12-01,475.5985158,551.6251477,795.418308,535.6934919,2349.3965303
2020-21,22,Chhattisgarh,2021-01,2021-01-01,456.0410359,558.0404933,923.2818905,570.1750967,2527.0959963
2020-21,22,Chhattisgarh,2021-02,2021-02-01,542.1991076,524.0113679,868.9721282,604.0727982,2453.0973302
2020-21,22,Chhattisgarh,2021-03,2021-03-01,542.1991076,622.4698297,890.1697111,489.2897047,2544.1283531
2020-21,23,Madhya Pradesh,2020-04,2020-04-01,301.4775885,176.1878157,104.0750864,33.6233822,462.9283153
2020-21,23,Madhya Pradesh,2020-05,2020-05-01,596.5264748,368.5456646,298.5160062,370.5709749,1339.1102342
2020-21,23,Madhya Pradesh,2020-06,2020-06-01,523.7586149,762.0156548,617.2712123,765.8137793,2741.6271212
2020-21,23,Madhya Pradesh,2020-07,2020-07-01,520.6904891,713.9338709,584.3525596,466.8077226,2288.852768
2020-21,23,Madhya Pradesh,2020-08,2020-08-01,484.6394514,698.8546005,560.568696,428.7280968,2208.8418824
2020-21,23,Madhya Pradesh,2020-09,2020-09-01,546.9984209,639.2498613,598.1901036,454.3623498,2176.4417661
2020-21,23,Madhya Pradesh,2020-10,2020-10-01,569.7181471,754.3471606,642.0618599,459.8896961,2403.2971375
2020-21,23,Madhya Pradesh,2020-11,2020-11-01,628.4750047,744.9551134,696.9326838,481.4494167,2493.055361
2020-21,23,Madhya Pradesh,2020-12,2020-12-01,660.7833401,823.3806823,651.5854367,511.1490252,2614.5901489
2020-21,23,Madhya Pradesh,2021-01,2021-01-01,657.1988755,863.6359842,719.965215,511.9156486,2756.3001879
2020-21,23,Madhya Pradesh,2021-02,2021-02-01,669.5371617,832.5563959,712.0907437,589.7248635,2791.5708786
2020-21,23,Madhya Pradesh,2021-03,2021-03-01,669.5371617,847.3542922,755.9897237,455.6118271,2728.4930047
2020-21,24,Gujarat,2020-04,2020-04-01,855.0131619,464.2390494,325.7023278,94.9530036,1296.1085923
2020-21,24,Gujarat,2020-05,2020-05-01,1747.4734479,1022.5613807,1015.6559171,184.4970589,3077.7275186
2020-21,24,Gujarat,2020-06,2020-06-01,1560.8502402,2068.3470438,1973.1053067,235.7141341,6024.6399325
2020-21,24,Gujarat,2020-07,2020-07-01,1591.5614113,1888.7076134,1689.8747209,481.2702259,5620.7028004
2020-21,24,Gujarat,2020-08,2020-08-01,1646.5659341,1902.6422163,2079.7641422,455.7328301,6029.7005999
2020-21,24,Gujarat,2020-09,2020-09-01,1752.855254,2003.98765,2048.0319251,391.6767026,6090.2622118
2020-21,24,Gujarat,2020-10,2020-10-01,1950.5139918,2230.7116739,2403.1559064,399.7959507,6786.518785
2020-21,24,Gujarat,2020-11,2020-11-01,1997.66417,2448.0726381,2692.9465733,474.8433509,7566.3765541
2020-21,24,Gujarat,2020-12,2020-12-01,2175.5786771,2464.5657722,2491.7855601,514.7787482,7468.7942505
2020-21,24,Gujarat,2021-01,2021-01-01,2217.5942591,2664.0059867,2612.9562903,514.354727,7966.8956811
2020-21,24,Gujarat,2021-02,2021-02-01,2310.4308614,2727.9311132,2645.0210805,630.6872658,8221.2337186
2020-21,24,Gujarat,2021-03,2021-03-01,2310.4308614,2815.0581803,2629.0434784,442.5050095,8197.0375296
2020-21,25,Daman and Diu,2020-04,2020-04-01,5.6199161,1.5961272,10.3350777,0.0,13.2980098
2020-21,25,Daman and Diu,2020-05,2020-05-01,8.012022,7.5252266,23.5222649,0.0241728,36.6915804
2020-21,25,Daman and Diu,2020-06,2020-06-01,8.0415816,11.1770929,54.1675612,0.0101467,73.3668228
2020-21,25,Daman and Diu,2020-07,2020-07-01,8.3356737,12.0017825,56.5446836,0.0053448,76.5933925
2020-21,25,Daman and Diu,2020-08,2020-08-01,2.8000275,11.2834529,50.7515539,0.001909,70.3725895
2020-21,25,Daman and Diu,2020-09,2020-09-01,1.206264,3.8515878,8.3176593,0.001168,14.9704426
2020-21,25,Daman and Diu,2020-10,2020-10-01,0.5881162,1.4102839,4.4825883,0.0022493,7.1013855
2020-21,25,Daman and Diu,2020-11,2020-11-01,0.968847,0.5989697,0.8420619,0.0004189,2.0295667
2020-21,25,Daman and Diu,2020-12,2020-12-01,0.2852528,0.9902117,1.9924425,0.0064817,3.9579829
2020-21,25,Daman and Diu,2021-01,2021-01-01,0.71563,0.3051764,0.5407966,1.5e-06,1.1312273
2020-21,25,Daman and Diu,2021-02,2021-02-01,0.454327,0.6309657,1.26548,0.0001135,2.6121892
2020-21,25,Daman and Diu,2021-03,2021-03-01,0.454327,0.4889971,2.345496,0.0,3.2888201
2020-21,26,Dadra and Nagar Haveli,2020-04,2020-04-01,7.4943231,4.3435671,16.9302203,0.0218812,25.4504886
2020-21,26,Dadra and Nagar Haveli,2020-05,2020-05-01,12.5888026,9.1658133,44.8372445,0.0176288,61.5150097
2020-21,26,Dadra and Nagar Haveli,2020-06,2020-06-01,12.8766356,16.3421316,89.9142645,0.1047607,118.9499594
2020-21,26,Dadra and Nagar Haveli,2020-07,2020-07-01,13.3945542,17.0978031,100.1513874,0.2238477,130.3496738
2020-21,26,Dadra and Nagar Haveli,2020-08,2020-08-01,23.8950943,16.460077,115.5142939,0.0270657,145.3959908
2020-21,26,Dadra and Nagar Haveli,2020-09,2020-09-01,30.2913923,30.5914873,170.2126515,0.217242,224.9164751
2020-21,26,Dadra and Nagar Haveli,2020-10,2020-10-01,29.7691928,37.1297081,215.6117677,0.2316411,283.2645092
2020-21,26,Dadra and Nagar Haveli,2020-11,2020-11-01,35.2594515,42.3297207,224.1017788,0.040305,296.2409973
2020-21,26,Dadra and Nagar Haveli,2020-12,2020-12-01,34.0002604,45.8499064,177.5837278,0.0832452,258.7763309
2020-21,26,Dadra and Nagar Haveli,2021-01,2021-01-01,32.1074473,43.721483,202.8891133,0.3383107,280.9491674
2020-21,26,Dadra and Nagar Haveli,2021-02,2021-02-01,38.0969821,41.5803413,161.1865203,0.2185592,235.0928681
2020-21,26,Dadra and Nagar Haveli,2021-03,2021-03-01,38.0969821,50.3938857,199.9295242,0.0710226,288.4914146
2020-21,27,Maharashtra,2020-04,2020-04-01,2060.7889057,1231.435255,2256.8695193,38.4763108,4586.7234277
2020-21,27,Maharashtra,2020-05,2020-05-01,4269.6418811,2483.0377609,3374.1341347,552.9302866,8470.8910879
2020-21,27,Maharashtra,2020-06,2020-06-01,3235.219238,4924.0454008,5250.0213425,543.1856402,14986.8942646
2020-21,27,Maharashtra,2020-07,2020-07-01,2993.0006875,3831.9202628,4811.5707082,628.8210475,12507.5312565
2020-21,27,Maharashtra,2020-08,2020-08-01,3786.6347342,3690.0572768,4197.7948361,720.9193119,11601.7721123
2020-21,27,Maharashtra,2020-09,2020-09-01,4188.9444458,4463.919741,4699.5263302,596.0596698,13546.1404752
2020-21,27,Maharashtra,2020-10,2020-10-01,3992.8146271,4975.6623182,5808.299215,825.9756163,15798.8815953
2020-21,27,Maharashtra,2020-11,2020-11-01,5098.385786,4875.361235,5144.6673487,988.0080182,15000.851229
2020-21,27,Maharashtra,2020-12,2020-12-01,4858.3523216,5916.5555359,5760.898544,923.0567806,17698.8966465
2020-21,27,Maharashtra,2021-01,2021-01-01,4469.9008031,5856.325925,6320.2612077,932.492693,17967.4321473
2020-21,27,Maharashtra,2021-02,2021-02-01,4833.7444017,5426.5399307,5095.7904317,1111.2655052,16103.4966707
2020-21,27,Maharashtra,2021-03,2021-03-01,4833.7444017,5669.2230523,5444.217285,1091.3074854,17038.4922244
2020-21,29,Karnataka,2020-04,2020-04-01,1058.8200264,576.898138,930.7224042,36.7050423,2028.5357285
2020-21,29,Karnataka,2020-05,2020-05-01,1795.595613,1296.2775706,1532.3175097,621.3192294,4508.7343361
2020-21,29,Karnataka,2020-06,2020-06-01,1412.935445,2221.7118734,2033.2815615,659.1788513,6709.7678992
2020-21,29,Karnataka,2020-07,2020-07-01,1440.6642275,1841.2674033,2055.7840275,703.8019614,6013.7888372
2020-21,29,Karnataka,2020-08,2020-08-01,1548.2202042,1848.186337,1717.3926179,495.7454556,5501.988638
2020-21,29,Karnataka,2020-09,2020-09-01,1597.36619,1989.7347133,1974.5560378,537.9240036,6050.4349589
2020-21,29,Karnataka,2020-10,2020-10-01,1656.863589,2087.0189169,2549.5261097,764.1601825,6998.0713991
2020-21,29,Karnataka,2020-11,2020-11-01,1752.7624639,2146.5898234,2440.0627558,671.744464,6915.2606322
2020-21,29,Karnataka,2020-12,2020-12-01,1813.8243731,2274.8915572,2785.2053052,646.4274529,7459.2867792
2020-21,29,Karnataka,2021-01,2021-01-01,1747.0640475,2346.2058383,3101.0113481,716.336697,7977.3782565
2020-21,29,Karnataka,2021-02,2021-02-01,1878.9142531,2230.6544076,2759.8699563,843.863319,7581.4517304
2020-21,29,Karnataka,2021-03,2021-03-01,1878.9142531,2377.7125667,2834.1489458,824.2016705,7914.9774361
2020-21,30,Goa,2020-04,2020-04-01,39.253036,24.334853,23.8218744,0.0111252,67.2474026
2020-21,30,Goa,2020-05,2020-05-01,75.8317497,52.6366124,58.1094915,0.8491032,150.8482431
2020-21,30,Goa,2020-06,2020-06-01,60.1421576,102.6314678,141.3565159,4.1280725,323.9478059
2020-21,30,Goa,2020-07,2020-07-01,41.9222856,80.7063452,114.8857918,1.039621,256.7739156
2020-21,30,Goa,2020-08,2020-08-01,55.6619896,60.5187106,110.1940252,0.6067597,213.2417811
2020-21,30,Goa,2020-09,2020-09-01,59.7001542,75.3491803,107.920817,1.3370049,240.2689918
2020-21,30,Goa,2020-10,2020-10-01,58.6562899,84.4612835,164.5252399,0.9703903,309.6570679
2020-21,30,Goa,2020-11,2020-11-01,80.284808,85.2819546,154.3839209,1.804807,300.1269724
2020-21,30,Goa,2020-12,2020-12-01,95.6384063,114.3286518,145.0379268,2.0481481,341.6995347
2020-21,30,Goa,2021-01,2021-01-01,97.4129696,135.2293377,144.5502097,2.3379193,377.755873
2020-21,30,Goa,2021-02,2021-02-01,98.1806225,128.3820795,116.4135742,1.5934157,343.802039
2020-21,30,Goa,2021-03,2021-03-01,98.1806225,136.0565523,108.2624398,1.7776164,344.277231
2020-21,31,Lakshadweep,2020-04,2020-04-01,1.2137398,0.2064871,0.0654826,0.0,0.4782266
2020-21,31,Lakshadweep,2020-05,2020-05-01,0.358827,1.2438316,0.0310855,0.0,2.4886569
2020-21,31,Lakshadweep,2020-06,2020-06-01,0.7814958,0.6323714,0.0339087,0.0,1.0251071
2020-21,31,Lakshadweep,2020-07,2020-07-01,0.1628886,0.8563178,0.0234483,0.0,1.6612619
2020-21,31,Lakshadweep,2020-08,2020-08-01,0.1925869,0.1740317,0.0686168,0.0,0.4055371
2020-21,31,Lakshadweep,2020-09,2020-09-01,0.3588668,0.4235007,0.0981162,0.0,0.7142038
2020-21,31,Lakshadweep,2020-10,2020-10-01,0.1618626,0.657914,0.0980287,0.0,1.1148095
2020-21,31,Lakshadweep,2020-11,2020-11-01,0.1881118,0.2893027,0.0313567,0.0,0.482522
2020-21,31,Lakshadweep,2020-12,2020-12-01,1.2233929,0.2504537,0.0878303,3.33e-05,0.5264291
2020-21,31,Lakshadweep,2021-01,2021-01-01,0.2094503,1.3150248,0.0219632,0.0,2.5603809
2020-21,31,Lakshadweep,2021-02,2021-02-01,0.6380593,0.2226588,0.0229744,0.0,0.4550835
2020-21,31,Lakshadweep,2021-03,2021-03-01,0.6380593,0.8239392,0.0777152,0.0,1.5397137
2020-21,32,Kerala,2020-04,2020-04-01,277.799207,127.4591105,57.98044,1.181161,280.1814971
2020-21,32,Kerala,2020-05,2020-05-01,506.9280849,365.748369,216.6816696,1.9681005,862.1973461
2020-21,32,Kerala,2020-06,2020-06-01,417.0686006,746.1497219,246.5684931,30.292024,1529.9383239
2020-21,32,Kerala,2020-07,2020-07-01,407.9752961,662.0270721,234.7742568,4.4130428,1318.2829723
2020-21,32,Kerala,2020-08,2020-08-01,520.4498332,598.6276289,219.7089209,2.9341203,1229.2459662
2020-21,32,Kerala,2020-09,2020-09-01,541.8698678,778.0779891,249.4406315,4.1007405,1552.0691943
2020-21,32,Kerala,2020-10,2020-10-01,512.260082,798.874202,319.9714581,3.8236042,1664.5391321
2020-21,32,Kerala,2020-11,2020-11-01,585.0415938,745.8139011,307.50889,2.6470058,1568.2298789
2020-21,32,Kerala,2020-12,2020-12-01,628.4599598,847.8308,339.7220553,3.8005611,1776.3950102
2020-21,32,Kerala,2021-01,2021-01-01,599.2737193,946.4561364,345.3179965,13.3823056,1933.6163983
2020-21,32,Kerala,2021-02,2021-02-01,637.2894556,856.8897019,344.4178044,5.5237023,1806.1049279
2020-21,32,Kerala,2021-03,2021-03-01,637.2894556,863.886827,322.1031254,4.6556609,1827.9350689
2020-21,33,Tamil Nadu,2020-04,2020-04-01,793.8767875,451.0536723,594.5105448,2.7848498,1420.0572737
2020-21,33,Tamil Nadu,2020-05,2020-05-01,1347.1564221,1064.6470691,1217.9675984,446.2772855,3522.7687405
2020-21,33,Tamil Nadu,2020-06,2020-06-01,1262.3016563,1723.1844244,1607.5271514,297.6378225,4975.5058204
2020-21,33,Tamil Nadu,2020-07,2020-07-01,1381.1763067,1687.5573353,1379.6321161,305.26734,4634.7584477
2020-21,33,Tamil Nadu,2020-08,2020-08-01,1709.9645447,1868.6922613,1534.7775357,458.8189736,5243.4650773
2020-21,33,Tamil Nadu,2020-09,2020-09-01,1745.0770834,2230.3890261,2004.0162344,509.6468282,6454.0166334
2020-21,33,Tamil Nadu,2020-10,2020-10-01,1735.1069241,2402.5486044,2284.7850816,468.4526317,6900.8634011
2020-21,33,Tamil Nadu,2020-11,2020-11-01,1814.9059838,2397.5824069,2383.8315621,567.5483773,7084.0692704
2020-21,33,Tamil Nadu,2020-12,2020-12-01,1865.7224486,2427.4320037,2148.9742133,513.5981975,6904.9103983
2020-21,33,Tamil Nadu,2021-01,2021-01-01,1770.8706509,2589.4129155,2370.9943261,567.0981014,7393.2277916
2020-21,33,Tamil Nadu,2021-02,2021-02-01,1914.5343402,2459.5151591,2109.4943923,668.3334425,7008.2136448
2020-21,33,Tamil Nadu,2021-03,2021-03-01,1914.5343402,2568.1701662,2315.8795295,780.5921625,7579.1761984
2020-21,34,Puducherry,2020-04,2020-04-01,14.7385664,5.3282696,21.938708,0.0125968,31.5324448
2020-21,34,Puducherry,2020-05,2020-05-01,18.1000965,17.1972848,67.025713,0.0234844,98.9850486
2020-21,34,Puducherry,2020-06,2020-06-01,17.5507896,28.5078968,93.717997,0.2464721,140.5724624
2020-21,34,Puducherry,2020-07,2020-07-01,15.8951657,26.9052855,91.4466541,0.4234041,136.3261333
2020-21,34,Puducherry,2020-08,2020-08-01,20.812602,24.7276442,95.9832573,0.1802115,136.7862787
2020-21,34,Puducherry,2020-09,2020-09-01,20.1245978,33.9182908,93.4894881,0.0711888,148.2915697
2020-21,34,Puducherry,2020-10,2020-10-01,19.1793007,30.9561039,109.6641693,0.2077856,160.9526566
2020-21,34,Puducherry,2020-11,2020-11-01,19.4637763,29.5974316,109.2714061,0.1727559,158.2208943
2020-21,34,Puducherry,2020-12,2020-12-01,19.9239784,30.1837247,109.1314613,0.2256717,159.004634
2020-21,34,Puducherry,2021-01,2021-01-01,19.2153731,34.2824762,100.4646341,1.7796713,156.45076
2020-21,34,Puducherry,2021-02,2021-02-01,21.3278447,29.0920477,109.6089016,0.136411,158.0527334
2020-21,34,Puducherry,2021-03,2021-03-01,21.3278447,31.6845578,107.895897,0.1291263,161.0374258
2020-21,35,Andaman and Nicobar Island,2020-04,2020-04-01,2.8620905,4.5604556,2.5907414,0.0148287,11.1872284
2020-21,35,Andaman and Nicobar Island,2020-05,2020-05-01,23.648402,3.9088926,1.0531861,0.0057951,7.8299643
2020-21,35,Andaman and Nicobar Island,2020-06,2020-06-01,6.4172662,26.7261165,3.7370198,0.0666457,54.178184
2020-21,35,Andaman and Nicobar Island,2020-07,2020-07-01,4.4369021,8.8184756,2.2720233,0.023744,17.5315091
2020-21,35,Andaman and Nicobar Island,2020-08,2020-08-01,6.8642024,6.9610008,1.1585489,0.0185848,12.5750366
2020-21,35,Andaman and Nicobar Island,2020-09,2020-09-01,6.1578395,9.26587,2.9062142,0.0217613,19.0580479
2020-21,35,Andaman and Nicobar Island,2020-10,2020-10-01,9.4848175,10.2849628,1.9566768,0.1402601,18.5397392
2020-21,35,Andaman and Nicobar Island,2020-11,2020-11-01,6.9804103,11.6705214,1.9240543,0.0359864,23.1153796
2020-21,35,Andaman and Nicobar Island,2020-12,2020-12-01,7.6701927,10.6130945,4.2916811,0.0244734,21.9096593
2020-21,35,Andaman and Nicobar Island,2021-01,2021-01-01,7.4353936,10.9416815,1.8758494,0.0265813,20.5143049
2020-21,35,Andaman and Nicobar Island,2021-02,2021-02-01,9.723757,12.7694753,2.9737827,0.0830322,23.2616838
2020-21,35,Andaman and Nicobar Island,2021-03,2021-03-01,9.723757,12.9278917,2.8998698,0.1052405,25.656759
2020-21,36,Telangana,2020-04,2020-04-01,432.7328902,252.6746428,318.5458344,142.8316855,928.1420326
2020-21,36,Telangana,2020-05,2020-05-01,813.5138201,543.2316025,685.3949394,227.070208,1888.4296401
2020-21,36,Telangana,2020-06,2020-06-01,633.3121586,1073.5828381,899.0866988,489.985127,3276.168484
2020-21,36,Telangana,2020-07,2020-07-01,660.9143711,923.4936975,882.4153965,436.7864783,2876.0077309
2020-21,36,Telangana,2020-08,2020-08-01,678.1408188,904.4404188,792.535406,435.005466,2792.8956619
2020-21,36,Telangana,2020-09,2020-09-01,835.9380051,919.805294,801.4802341,397.0596689,2796.4860158
2020-21,36,Telangana,2020-10,2020-10-01,766.8225546,1122.4996761,1001.2405133,423.7635352,3383.4417297
2020-21,36,Telangana,2020-11,2020-11-01,869.852805,1077.3931957,914.8251039,415.4751257,3174.5159799
2020-21,36,Telangana,2020-12,2020-12-01,958.1873212,1154.5273263,1032.4871293,486.4954491,3543.3627097
2020-21,36,Telangana,2021-01,2021-01-01,900.5728856,1307.4709176,1109.5264317,508.2967047,3883.4813752
2020-21,36,Telangana,2021-02,2021-02-01,1057.6528335,1173.4086971,986.9170793,575.5408222,3636.4394842
2020-21,36,Telangana,2021-03,2021-03-01,1057.6528335,1343.7551429,1142.6646802,622.3503091,4166.4229657
2020-21,37,Andhra Pradesh,2020-04,2020-04-01,294.7503462,211.9677234,145.5660533,9.3036482,548.764074
2020-21,37,Andhra Pradesh,2020-05,2020-05-01,627.4285301,379.497801,373.4983141,180.2515911,1227.9980524
2020-21,37,Andhra Pradesh,2020-06,2020-06-01,546.4662051,846.9392136,805.0451488,87.6559866,2367.0688791
2020-21,37,Andhra Pradesh,2020-07,2020-07-01,501.8742408,755.236601,701.4674865,135.0321896,2138.2024822
2020-21,37,Andhra Pradesh,2020-08,2020-08-01,533.1259239,675.1193411,636.281571,141.7464146,1955.0215675
2020-21,37,Andhra Pradesh,2020-09,2020-09-01,573.5353727,724.7611721,700.3479145,182.4144543,2140.6494648
2020-21,37,Andhra Pradesh,2020-10,2020-10-01,605.3827281,805.4154361,832.6336545,268.7783045,2480.3627678
2020-21,37,Andhra Pradesh,2020-11,2020-11-01,607.0734497,823.1228284,828.6673945,249.4209009,2506.5938519
2020-21,37,Andhra Pradesh,2020-12,2020-12-01,673.6017759,817.3451812,925.1174848,231.3643741,2580.9004898
2020-21,37,Andhra Pradesh,2021-01,2021-01-01,592.5494882,922.7884547,1102.7420881,180.7731543,2879.905473
2020-21,37,Andhra Pradesh,2021-02,2021-02-01,590.2525933,814.0658802,1016.4911968,229.4662159,2652.5727811
2020-21,37,Andhra Pradesh,2021-03,2021-03-01,590.2525933,803.2349996,1075.0600019,216.5413764,2685.0889712
2020-21,38,Ladakh,2020-04,2020-04-01,4.7721856,1.2913269,0.5230501,0.7818016,3.8396217
2020-21,38,Ladakh,2020-05,2020-05-01,2.6730501,5.3520236,1.6393224,0.4035563,12.1670879
2020-21,38,Ladakh,2020-06,2020-06-01,2.610531,3.2860353,0.7146937,0.7856392,7.4594183
2020-21,38,Ladakh,2020-07,2020-07-01,1.529232,3.0441589,0.9594596,0.0331019,6.6472514
2020-21,38,Ladakh,2020-08,2020-08-01,3.1377777,1.9897106,0.8193376,0.2390565,4.5773367
2020-21,38,Ladakh,2020-09,2020-09-01,5.6431268,4.2948317,1.9927339,0.0310919,9.4564352
2020-21,38,Ladakh,2020-10,2020-10-01,2.8550734,6.9067536,1.9624638,0.0020027,14.5143469
2020-21,38,Ladakh,2020-11,2020-11-01,2.5937993,4.4670231,1.8626621,0.0034216,9.1881802
2020-21,38,Ladakh,2020-12,2020-12-01,4.9404062,3.9834662,1.7185443,0.0173981,8.3132079
2020-21,38,Ladakh,2021-01,2021-01-01,3.4813725,8.0323531,1.9947184,0.1253341,15.0928118
2020-21,38,Ladakh,2021-02,2021-02-01,5.666026,4.3152139,1.2480626,0.0190846,9.0637336
2020-21,38,Ladakh,2021-03,2021-03-01,5.666026,6.3702137,1.5887898,0.0411844,13.6662139
2020-21,97,Other Territory,2020-04,2020-04-01,10.2130434,10.4828806,30.748719,0.0022965,49.7012034
2020-21,97,Other Territory,2020-05,2020-05-01,8.2329475,12.9655391,94.4843689,0.0053334,117.6682848
2020-21,97,Other Territory,2020-06,2020-06-01,15.124773,9.9462689,155.2109758,0.0009032,173.3910954
2020-21,97,Other Territory,2020-07,2020-07-01,25.6892455,18.5303584,63.1496179,0.0029074,96.8076567
2020-21,97,Other Territory,2020-08,2020-08-01,13.7417015,28.8586629,124.9868052,0.0012571,179.5359707
2020-21,97,Other Territory,2020-09,2020-09-01,4.99106,14.1839472,82.516168,0.0014821,110.4432988
2020-21,97,Other Territory,2020-10,2020-10-01,4.1988989,5.6797014,80.3540115,0.0016475,91.0264204
2020-21,97,Other Territory,2020-11,2020-11-01,6.7390325,5.8329755,69.018771,0.0004147,79.0510601
2020-21,97,Other Territory,2020-12,2020-12-01,6.1725351,8.3095227,73.3770081,0.0016265,88.4271898
2020-21,97,Other Territory,2021-01,2021-01-01,19.3293427,6.9448422,81.3740942,0.0023614,94.4938329
2020-21,97,Other Territory,2021-02,2021-02-01,6.6838594,23.9537929,91.044527,0.0015046,134.3291672
2020-21,97,Other Territory,2021-03,2021-03-01,6.6838594,8.9968657,106.7103529,0.0020761,122.3931541
2020-21,99,CBIC,2020-04,2020-04-01,0.0,0.0,121.3173378,0.0,121.3173378
2020-21,99,CBIC,2020-05,2020-05-01,0.0,0.0,109.370512,0.0,109.370512
2020-21,99,CBIC,2020-06,2020-06-01,0.0,0.0,59.1882809,0.0,59.1882809
2020-21,99,CBIC,2020-07,2020-07-01,0.0,0.0,178.751526,0.0,178.751526
2020-21,99,CBIC,2020-08,2020-08-01,0.0,0.0,160.6600301,0.0,160.6600301
2020-21,99,CBIC,2020-09,2020-09-01,0.0,0.0,120.750028,0.0,120.750028
2020-21,99,CBIC,2020-10,2020-10-01,0.0,0.0,114.1743243,0.0,114.1743243
2020-21,99,CBIC,2020-11,2020-11-01,0.0,0.0,137.7886821,0.0,137.7886821
2020-21,99,CBIC,2020-12,2020-12-01,0.0,0.0,126.6238416,0.0,126.6238416
2020-21,99,CBIC,2021-01,2021-01-01,0.0,0.0,142.3178433,0.0,142.3178433
2020-21,99,CBIC,2021-02,2021-02-01,0.0,0.0,129.031992,0.0,129.031992
2020-21,99,CBIC,2021-03,2021-03-01,0.0,0.0,141.1163171,0.0,141.1163171
2021-22,01,Jammu and Kashmir,2021-04,2021-04-01,60.7409641,244.6316815,109.0159729,4.4157445,508.85855300000003
2021-22,01,Jammu and Kashmir,2021-05,2021-05-01,75.5809967,93.2207309,74.393636,3.6769658,232.03229680000004
2021-22,01,Jammu and Kashmir,2021-06,2021-06-01,112.0738607,123.7818341,95.2498663,5.1323599,299.745057
2021-22,01,Jammu and Kashmir,2021-07,2021-07-01,102.6225976,182.9451717,129.403881,7.3557202,431.77863360000003
2021-22,01,Jammu and Kashmir,2021-08,2021-08-01,106.9779131,154.2935074,126.3436918,8.5678467,391.8276435
2021-22,01,Jammu and Kashmir,2021-09,2021-09-01,240.438038,162.3331902,101.0828144,6.7924369,377.1863546
2021-22,01,Jammu and Kashmir,2021-10,2021-10-01,110.5889742,298.3514691,104.6643501,4.8884685,648.3423257000001
2021-22,01,Jammu and Kashmir,2021-11,2021-11-01,95.92,161.0868214,107.3455147,3.793381,382.8146913
2021-22,01,Jammu and Kashmir,2021-12,2021-12-01,112.93,143.84,78.84,1.4,320.0
2021-22,01,Jammu and Kashmir,2022-01,2022-01-01,96.86,198.36,91.16,2.23,404.68000000000006
2021-22,01,Jammu and Kashmir,2022-02,2022-02-01,112.42,136.46,90.67,2.43,326.42
2021-22,01,Jammu and Kashmir,2022-03,2022-03-01,112.42,166.71,85.65,3.62,368.4
2021-22,02,Himachal Pradesh,2021-04,2021-04-01,75.1611026,196.6962837,423.8690379,0.8732961,763.8460148
2021-22,02,Himachal Pradesh,2021-05,2021-05-01,87.3143327,109.6126228,354.6813927,0.6308057,540.0859237999999
2021-22,02,Himachal Pradesh,2021-06,2021-06-01,120.777412,119.8741577,311.1283762,0.7821791,519.0990456999999
2021-22,02,Himachal Pradesh,2021-07,2021-07-01,115.2297775,184.5983582,360.3756658,0.88872,666.640156
2021-22,02,Himachal Pradesh,2021-08,2021-08-01,108.4335193,173.9890497,414.1567674,0.7894508,704.1650454
2021-22,02,Himachal Pradesh,2021-09,2021-09-01,110.7157202,157.1265489,413.3217268,1.0398162,679.9216112
2021-22,02,Himachal Pradesh,2021-10,2021-10-01,123.5707897,159.7559794,417.7941437,1.1554583,689.4213016
2021-22,02,Himachal Pradesh,2021-11,2021-11-01,138.91,188.5962792,446.8617794,2.9052599,761.9341082
2021-22,02,Himachal Pradesh,2021-12,2021-12-01,127.19,192.97,328.79,1.51,662.1800000000001
2021-22,02,Himachal Pradesh,2022-01,2022-01-01,108.59,194.38,368.83,4.45,694.85
2021-22,02,Himachal Pradesh,2022-02,2022-02-01,122.83,155.48,392.19,0.98,657.24
2021-22,02,Himachal Pradesh,2022-03,2022-03-01,122.83,163.5,396.68,0.89,683.9
2021-22,03,Punjab,2021-04,2021-04-01,288.2657144,728.6794131,708.4938487,20.5279163,1924.1036229000001
2021-22,03,Punjab,2021-05,2021-05-01,274.9136173,462.9509589,493.1311446,21.42861,1265.7764278999998
2021-22,03,Punjab,2021-06,2021-06-01,398.2684805,410.8542455,407.8080223,17.5593798,1111.1352649
2021-22,03,Punjab,2021-07,2021-07-01,363.1658115,597.683564,516.7285779,20.3453375,1533.0259599
2021-22,03,Punjab,2021-08,2021-08-01,338.7647607,529.7583695,502.9374677,18.2731134,1414.1347621
2021-22,03,Punjab,2021-09,2021-09-01,410.2740505,518.4995653,526.2375127,18.6616892,1402.1635279
2021-22,03,Punjab,2021-10,2021-10-01,463.0398181,606.4440589,560.8690908,17.8602775,1595.4474777
2021-22,03,Punjab,2021-11,2021-11-01,381.23,704.9454363,655.5210764,21.7098761,1845.2162068999999
2021-22,03,Punjab,2021-12,2021-12-01,422.29,563.43,616.46,11.4,1572.52
2021-22,03,Punjab,2022-01,2022-01-01,367.37,659.09,583.15,25.75,1690.2800000000002
2021-22,03,Punjab,2022-02,2022-02-01,412.6,516.98,584.59,11.21,1480.15
2021-22,03,Punjab,2022-03,2022-03-01,412.6,596.47,545.33,17.47,1571.8700000000001
2021-22,04,Chandigarh,2021-04,2021-04-01,21.6774036,48.9691629,118.2316125,0.8050908,203.2903337
2021-22,04,Chandigarh,2021-05,2021-05-01,21.0060839,25.5005835,81.5660524,1.2065076,129.95054710000002
2021-22,04,Chandigarh,2021-06,2021-06-01,30.5825151,28.4203949,69.6393152,1.3818326,120.44762659999999
2021-22,04,Chandigarh,2021-07,2021-07-01,27.8288395,42.0293143,95.9209153,0.3823045,168.91504920000003
2021-22,04,Chandigarh,2021-08,2021-08-01,28.3516886,38.4019824,77.5245918,0.4111586,144.16657229999998
2021-22,04,Chandigarh,2021-09,2021-09-01,28.4630455,39.1843917,84.0786485,0.7169553,152.3316841
2021-22,04,Chandigarh,2021-10,2021-10-01,35.872005,38.6187969,89.3783273,1.3425975,157.8027672
2021-22,04,Chandigarh,2021-11,2021-11-01,32.09,48.9417948,92.5520002,2.3028501,179.66865009999998
2021-22,04,Chandigarh,2021-12,2021-12-01,37.91,47.47,83.8,0.7,164.06
2021-22,04,Chandigarh,2022-01,2022-01-01,32.88,59.54,93.8,4.71,195.96
2021-22,04,Chandigarh,2022-02,2022-02-01,33.91,45.79,98.79,0.82,178.28
2021-22,04,Chandigarh,2022-03,2022-03-01,33.91,43.75,105.71,0.38,183.75
2021-22,05,Uttarakhand,2021-04,2021-04-01,156.3284472,389.9005607,761.3987239,14.4728605,1421.9361567
2021-22,05,Uttarakhand,2021-05,2021-05-01,154.8933044,224.7442387,503.2724599,9.0730002,893.418146
2021-22,05,Uttarakhand,2021-06,2021-06-01,226.8403377,209.1442091,332.4863727,5.7704609,702.2943471000001
2021-22,05,Uttarakhand,2021-07,2021-07-01,213.2925325,313.2202778,558.2692189,7.3041478,1105.6339822
2021-22,05,Uttarakhand,2021-08,2021-08-01,211.7810371,303.1724035,566.184655,6.8440065,1089.4935974999999
2021-22,05,Uttarakhand,2021-09,2021-09-01,222.9236643,288.4154687,626.1298361,4.3317676,1130.6581095
2021-22,05,Uttarakhand,2021-10,2021-10-01,233.4097794,355.7681329,678.10845,2.533008,1259.3332552
2021-22,05,Uttarakhand,2021-11,2021-11-01,211.9,356.9898045,665.7639176,7.1081894,1263.2716908999998
2021-22,05,Uttarakhand,2021-12,2021-12-01,242.6,317.91,539.13,7.57,1076.51
2021-22,05,Uttarakhand,2022-01,2022-01-01,226.34,360.92,693.35,9.22,1306.09
2021-22,05,Uttarakhand,2022-02,2022-02-01,221.13,332.38,613.26,3.63,1175.6100000000001
2021-22,05,Uttarakhand,2022-03,2022-03-01,221.13,327.54,697.51,9.15,1255.3300000000002
2021-22,06,Haryana,2021-04,2021-04-01,722.1795979,1450.9165299,3677.2643073,491.666661,6658.3055846
2021-22,06,Haryana,2021-05,2021-05-01,678.7003331,921.8298668,2591.7439431,427.2339885,4662.9873963
2021-22,06,Haryana,2021-06,2021-06-01,944.6847972,870.2784464,2096.9198874,155.0901765,3800.9888433999995
2021-22,06,Haryana,2021-07,2021-07-01,941.229881,1259.7984128,2700.656903,424.4959028,5329.636015800001
2021-22,06,Haryana,2021-08,2021-08-01,896.2515974,1287.0565763,2902.0826619,487.2888899,5617.6580091
2021-22,06,Haryana,2021-09,2021-09-01,954.5331011,1197.5190685,3078.6763555,404.6406531,5577.0876745000005
2021-22,06,Haryana,2021-10,2021-10-01,999.7960059,1229.0197328,3102.3527074,319.6094598,5605.5150011
2021-22,06,Haryana,2021-11,2021-11-01,946.75,1377.1577626,3197.7247644,440.8595213,6015.538054199999
2021-22,06,Haryana,2021-12,2021-12-01,1038.75,1298.19,3201.61,426.65,5873.2
2021-22,06,Haryana,2022-01,2022-01-01,1050.37,1420.77,3470.79,489.4,6419.709999999999
2021-22,06,Haryana,2022-02,2022-02-01,1057.6,1399.91,3008.6,469.29,5928.169999999999
2021-22,06,Haryana,2022-03,2022-03-01,1057.6,1403.64,3751.21,441.08,6653.53
2021-22,07,Delhi,2021-04,2021-04-01,538.035337,1375.8662792,2449.0348941,82.2851724,5053.289903600001
2021-22,07,Delhi,2021-05,2021-05-01,497.1287902,624.0691012,1533.2359067,75.4813822,2770.8217271
2021-22,07,Delhi,2021-06,2021-06-01,773.7629736,601.8891166,1494.2825646,62.323757,2655.6242284
2021-22,07,Delhi,2021-07,2021-07-01,721.3878008,947.3441351,2040.366482,53.5907506,3815.0643413
2021-22,07,Delhi,2021-08,2021-08-01,695.2128099,876.0092163,1926.1921364,81.8900017,3605.4791552
2021-22,07,Delhi,2021-09,2021-09-01,835.684839,849.4972635,1972.2356306,87.7659114,3604.7116153999996
2021-22,07,Delhi,2021-10,2021-10-01,877.5103637,1012.6374692,2106.2903893,90.1737062,4044.7864037
2021-22,07,Delhi,2021-11,2021-11-01,741.01,1087.9543912,2323.1220666,98.3330854,4386.9199069
2021-22,07,Delhi,2021-12,2021-12-01,870.82,924.64,2002.74,85.4,3753.7900000000004
2021-22,07,Delhi,2022-01,2022-01-01,777.9,1104.48,2454.72,98.71,4528.7300000000005
2021-22,07,Delhi,2022-02,2022-02-01,817.25,939.01,2103.11,101.63,3921.65
2021-22,07,Delhi,2022-03,2022-03-01,817.25,985.54,2204.14,104.79,4111.72
2021-22,08,Rajasthan,2021-04,2021-04-01,579.2585809,1368.7844638,1276.0114513,130.7858527,3820.3301753999995
2021-22,08,Rajasthan,2021-05,2021-05-01,621.0881171,782.0845154,913.5274556,189.0117691,2463.882321
2021-22,08,Rajasthan,2021-06,2021-06-01,858.4332418,781.4477295,683.5435756,89.87525,2175.9546722
2021-22,08,Rajasthan,2021-07,2021-07-01,797.7082434,1144.6344435,1006.6683381,119.0620806,3128.798104
2021-22,08,Rajasthan,2021-08,2021-08-01,739.5620014,1029.3103282,1057.0548378,164.4548335,3048.5282429
2021-22,08,Rajasthan,2021-09,2021-09-01,925.5263409,987.2215019,1070.8918469,161.0945377,2958.7698879
2021-22,08,Rajasthan,2021-10,2021-10-01,992.3978769,1212.6410665,1128.7791468,155.9359364,3422.8824906000004
2021-22,08,Rajasthan,2021-11,2021-11-01,812.64,1312.6198261,1208.898813,184.5083019,3698.4248179
2021-22,08,Rajasthan,2021-12,2021-12-01,971.7,1072.85,987.82,184.2,3057.5099999999998
2021-22,08,Rajasthan,2022-01,2022-01-01,934.17,1289.86,1215.7,171.41,3648.67
2021-22,08,Rajasthan,2022-02,2022-02-01,953.69,1213.39,1165.58,155.54,3468.68
2021-22,08,Rajasthan,2022-03,2022-03-01,953.69,1247.73,1219.47,166.6,3587.4900000000002
2021-22,09,Uttar Pradesh,2021-04,2021-04-01,1002.2135228,2493.7499233,2031.1825106,1083.9468649,7354.9989043
2021-22,09,Uttar Pradesh,2021-05,2021-05-01,1091.4780246,1436.926294,1223.235552,1047.1804866,4709.5558554
2021-22,09,Uttar Pradesh,2021-06,2021-06-01,1414.2210245,1540.3017261,1175.6688979,780.9148605,4588.3635091
2021-22,09,Uttar Pradesh,2021-07,2021-07-01,1377.1908655,2030.7867182,1565.3036746,1000.330111,6010.641528300001
2021-22,09,Uttar Pradesh,2021-08,2021-08-01,1290.7134878,1903.5366992,1621.4790322,1043.9148405,5946.121437399999
2021-22,09,Uttar Pradesh,2021-09,2021-09-01,1574.7429127,1826.5118345,1524.4747278,1050.086472,5691.7865221
2021-22,09,Uttar Pradesh,2021-10,2021-10-01,1507.6036223,2114.9033937,2000.7303559,1084.3127281,6774.6893904
2021-22,09,Uttar Pradesh,2021-11,2021-11-01,1323.86,2157.919739,1803.1434882,1167.4854873,6636.1523368
2021-22,09,Uttar Pradesh,2021-12,2021-12-01,1529.52,1892.58,1704.26,1108.03,6028.73
2021-22,09,Uttar Pradesh,2022-01,2022-01-01,1465.09,2178.7,2181.83,1095.5,6985.549999999999
2021-22,09,Uttar Pradesh,2022-02,2022-02-01,1552.93,2022.52,1754.0,1277.04,6518.65
2021-22,09,Uttar Pradesh,2022-03,2022-03-01,1552.93,2167.95,1988.9,909.98,6619.76
2021-22,10,Bihar,2021-04,2021-04-01,198.915342,675.7251503,227.9459894,164.0026984,1508.2092388
2021-22,10,Bihar,2021-05,2021-05-01,242.4599312,366.6491833,110.9239285,172.5500177,849.0384715
2021-22,10,Bihar,2021-06,2021-06-01,357.1898003,368.6196086,119.8613102,158.0056039,888.9464539
2021-22,10,Bihar,2021-07,2021-07-01,287.832304,603.2611046,149.3358793,171.2053596,1280.9921438000001
2021-22,10,Bihar,2021-08,2021-08-01,222.8524268,478.6689544,144.7337873,125.71946,1036.9545057
2021-22,10,Bihar,2021-09,2021-09-01,444.2210966,365.4546602,126.8857269,160.3572481,875.5500619999999
2021-22,10,Bihar,2021-10,2021-10-01,284.0256388,620.4009887,138.5896991,147.8901124,1351.1018967999998
2021-22,10,Bihar,2021-11,2021-11-01,258.35,481.2524236,113.1870342,151.4682588,1029.9333554
2021-22,10,Bihar,2021-12,2021-12-01,327.85,441.66,113.76,149.17,962.9399999999999
2021-22,10,Bihar,2022-01,2022-01-01,351.46,552.08,145.4,171.09,1196.42
2021-22,10,Bihar,2022-02,2022-02-01,377.01,550.11,156.36,148.41,1206.34
2021-22,10,Bihar,2022-03,2022-03-01,377.01,579.55,170.81,220.53,1347.8999999999999
2021-22,11,Sikkim,2021-04,2021-04-01,10.3027148,34.938285,197.7491361,0.1485834,257.8527262
2021-22,11,Sikkim,2021-05,2021-05-01,11.0424507,11.8715598,227.5967219,0.0303036,249.8013001
2021-22,11,Sikkim,2021-06,2021-06-01,15.6395229,17.7529003,182.9244066,0.0056531,211.7254107
2021-22,11,Sikkim,2021-07,2021-07-01,12.5695294,23.6731483,158.001789,0.0203998,197.33486
2021-22,11,Sikkim,2021-08,2021-08-01,14.9900235,16.2257863,190.2551379,0.0320224,219.08247599999999
2021-22,11,Sikkim,2021-09,2021-09-01,15.8075601,20.073233,224.9738862,0.0051778,260.0423205
2021-22,11,Sikkim,2021-10,2021-10-01,13.3572712,24.3046211,217.1891368,0.0398777,257.34119569999996
2021-22,11,Sikkim,2021-11,2021-11-01,23.6,18.6535644,175.2074802,0.099755,207.3180708
2021-22,11,Sikkim,2021-12,2021-12-01,15.0,21.67,203.63,0.05,248.95000000000002
2021-22,11,Sikkim,2022-01,2022-01-01,15.6,24.72,209.51,0.38,249.60999999999999
2021-22,11,Sikkim,2022-02,2022-02-01,15.14,21.26,185.3,0.11,222.27000000000004
2021-22,11,Sikkim,2022-03,2022-03-01,15.14,19.23,195.57,0.02,229.96
2021-22,12,Arunachal Pradesh,2021-04,2021-04-01,13.7007319,51.046122,8.3196114,0.2198403,103.2397141
2021-22,12,Arunachal Pradesh,2021-05,2021-05-01,13.1824858,17.6466183,5.1300255,0.0106775,36.4880532
2021-22,12,Arunachal Pradesh,2021-06,2021-06-01,21.249657,15.906485,3.8729413,0.1304558,33.0923679
2021-22,12,Arunachal Pradesh,2021-07,2021-07-01,19.6022827,26.1455185,8.0611235,0.0339376,55.4902366
2021-22,12,Arunachal Pradesh,2021-08,2021-08-01,18.7113454,23.7235394,9.8055088,0.2176297,53.3489606
2021-22,12,Arunachal Pradesh,2021-09,2021-09-01,16.1242175,25.3478152,11.154815,0.0621763,55.276151899999995
2021-22,12,Arunachal Pradesh,2021-10,2021-10-01,13.1159557,23.2456976,6.9514655,0.2113391,46.5327197
2021-22,12,Arunachal Pradesh,2021-11,2021-11-01,17.72,17.5851359,9.5324724,0.0439497,40.2775137
2021-22,12,Arunachal Pradesh,2021-12,2021-12-01,25.59,25.16,9.74,0.11,52.73
2021-22,12,Arunachal Pradesh,2022-01,2022-01-01,18.59,33.37,12.5,0.7,72.16
2021-22,12,Arunachal Pradesh,2022-02,2022-02-01,42.46,26.26,10.98,0.16,55.989999999999995
2021-22,12,Arunachal Pradesh,2022-03,2022-03-01,42.46,51.18,11.21,0.14,104.99
2021-22,13,Nagaland,2021-04,2021-04-01,11.2682878,24.3795185,7.6228487,0.4652474,51.601126199999996
2021-22,13,Nagaland,2021-05,2021-05-01,11.3048121,14.6279542,3.4555209,0.0473897,29.3991526
2021-22,13,Nagaland,2021-06,2021-06-01,8.8937522,15.5526589,2.8890814,0.3946067,30.1411591
2021-22,13,Nagaland,2021-07,2021-07-01,11.3109343,12.4967081,6.1980135,0.586859,28.175332800000003
2021-22,13,Nagaland,2021-08,2021-08-01,9.9797049,14.7079882,5.3915212,0.4268125,31.837256200000002
2021-22,13,Nagaland,2021-09,2021-09-01,13.5506822,13.3702293,6.6539466,0.4848749,30.488755700000002
2021-22,13,Nagaland,2021-10,2021-10-01,10.014208,17.0888345,6.2307618,1.4709198,38.341198299999995
2021-22,13,Nagaland,2021-11,2021-11-01,11.39,13.2502979,6.3986262,0.5753185,30.2384506
2021-22,13,Nagaland,2021-12,2021-12-01,12.24,14.87,5.57,1.87,33.699999999999996
2021-22,13,Nagaland,2022-01,2022-01-01,9.05,20.04,6.54,1.73,40.55
2021-22,13,Nagaland,2022-02,2022-02-01,12.75,12.24,9.6,1.95,32.84
2021-22,13,Nagaland,2022-03,2022-03-01,12.75,17.29,8.5,4.14,42.68
2021-22,14,Manipur,2021-04,2021-04-01,7.7123574,55.3889424,3.6082394,0.2497382,102.6728864
2021-22,14,Manipur,2021-05,2021-05-01,8.6400969,10.5293573,3.3700289,0.0036199,21.6153635
2021-22,14,Manipur,2021-06,2021-06-01,14.0881726,11.0578557,2.1081457,0.0361192,21.842217500000004
2021-22,14,Manipur,2021-07,2021-07-01,15.8439307,19.8369413,3.1859331,0.2666805,37.3777275
2021-22,14,Manipur,2021-08,2021-08-01,11.8554595,23.2022068,5.4326768,0.0409283,44.5197426
2021-22,14,Manipur,2021-09,2021-09-01,27.2273541,17.5167933,3.3158124,0.1216235,32.809688699999995
2021-22,14,Manipur,2021-10,2021-10-01,12.1257438,32.9321802,4.0212964,0.057538,64.2383687
2021-22,14,Manipur,2021-11,2021-11-01,17.84,17.9380776,5.3265932,0.0957829,35.4861975
2021-22,14,Manipur,2021-12,2021-12-01,16.13,25.02,4.7,0.3,47.86
2021-22,14,Manipur,2022-01,2022-01-01,14.12,20.82,7.26,0.09,44.300000000000004
2021-22,14,Manipur,2022-02,2022-02-01,22.18,19.52,5.02,0.13,38.79
2021-22,14,Manipur,2022-03,2022-03-01,22.18,32.82,4.36,0.28,59.64
2021-22,15,Mizoram,2021-04,2021-04-01,4.9421336,30.1005061,5.0919394,0.0122577,57.340284000000004
2021-22,15,Mizoram,2021-05,2021-05-01,5.7894753,6.8875382,2.8900711,0.0053461,14.725089
2021-22,15,Mizoram,2021-06,2021-06-01,6.9372645,7.9218374,3.6431832,0.0220196,17.3765155
2021-22,15,Mizoram,2021-07,2021-07-01,5.8922654,11.3820592,2.6355256,0.0316353,20.986484600000004
2021-22,15,Mizoram,2021-08,2021-08-01,7.4986505,8.0496038,1.9727424,0.032614,15.9472256
2021-22,15,Mizoram,2021-09,2021-09-01,12.5162407,10.9063609,1.1125749,0.0536947,19.571281
2021-22,15,Mizoram,2021-10,2021-10-01,8.9020077,15.9691421,3.3079714,0.0388753,31.8322295
2021-22,15,Mizoram,2021-11,2021-11-01,7.42,12.0340225,2.0471717,0.0231778,23.0063797
2021-22,15,Mizoram,2021-12,2021-12-01,11.99,10.24,1.91,0.03,19.6
2021-22,15,Mizoram,2022-01,2022-01-01,9.65,17.51,5.09,0.17,34.760000000000005
2021-22,15,Mizoram,2022-02,2022-02-01,14.24,12.26,2.29,0.03,24.23
2021-22,15,Mizoram,2022-03,2022-03-01,14.24,19.98,2.54,0.01,36.769999999999996
2021-22,16,Tripura,2021-04,2021-04-01,13.8959462,56.9328259,9.4508871,0.1555037,110.0720797
2021-22,16,Tripura,2021-05,2021-05-01,16.1895558,19.217127,5.9818124,0.0477329,39.142618500000005
2021-22,16,Tripura,2021-06,2021-06-01,24.5442768,21.8517022,4.5764865,0.0940542,42.7117987
2021-22,16,Tripura,2021-07,2021-07-01,21.140118,32.6801977,7.5783386,0.4288429,65.231656
2021-22,16,Tripura,2021-08,2021-08-01,18.4350884,27.6544739,6.9566503,0.1587298,55.909972
2021-22,16,Tripura,2021-09,2021-09-01,25.7687614,25.8852992,5.6389247,0.1597479,50.1190602
2021-22,16,Tripura,2021-10,2021-10-01,20.6242396,33.5374163,7.4940196,0.1142531,66.91445039999999
2021-22,16,Tripura,2021-11,2021-11-01,26.45,28.9571925,7.9049146,0.1991845,57.6855312
2021-22,16,Tripura,2021-12,2021-12-01,27.0,32.81,8.31,0.09,67.66000000000001
2021-22,16,Tripura,2022-01,2022-01-01,25.01,37.42,8.38,0.38,73.17999999999999
2021-22,16,Tripura,2022-02,2022-02-01,31.37,31.95,8.88,0.23,66.07000000000001
2021-22,16,Tripura,2022-03,2022-03-01,31.37,39.37,11.19,0.12,82.05
2021-22,17,Meghalaya,2021-04,2021-04-01,14.2340395,46.3485882,119.6708627,0.4325447,206.1172064
2021-22,17,Meghalaya,2021-05,2021-05-01,13.9755327,16.7468446,93.1380635,0.2131965,124.3321441
2021-22,17,Meghalaya,2021-06,2021-06-01,21.8990329,17.2628734,73.4615982,0.1456447,104.845649
2021-22,17,Meghalaya,2021-07,2021-07-01,22.6377473,28.9810087,70.1006494,0.1184172,121.09910819999999
2021-22,17,Meghalaya,2021-08,2021-08-01,22.6249655,27.5996564,66.9532118,2.168961,119.3595765
2021-22,17,Meghalaya,2021-09,2021-09-01,23.5780826,29.2358387,67.5327505,0.142781,119.53633570000001
2021-22,17,Meghalaya,2021-10,2021-10-01,27.0462466,27.080591,89.3049097,0.2388465,140.20242979999998
2021-22,17,Meghalaya,2021-11,2021-11-01,21.86,35.6251705,89.2065932,0.3065016,152.1845119
2021-22,17,Meghalaya,2021-12,2021-12-01,26.95,27.12,99.16,0.49,148.63
2021-22,17,Meghalaya,2022-01,2022-01-01,31.25,35.6,83.27,0.49,146.31
2021-22,17,Meghalaya,2022-02,2022-02-01,28.52,38.37,130.2,0.74,200.56
2021-22,17,Meghalaya,2022-03,2022-03-01,28.52,36.69,112.22,3.49,180.92000000000002
2021-22,18,Assam,2021-04,2021-04-01,218.6799343,457.3274889,269.0366472,47.7619434,1150.5868192
2021-22,18,Assam,2021-05,2021-05-01,187.9134895,294.6823991,234.7191507,21.5330921,769.6145762
2021-22,18,Assam,2021-06,2021-06-01,281.3961761,235.1583206,208.8190098,29.9288288,661.8196487
2021-22,18,Assam,2021-07,2021-07-01,273.3173989,355.6062732,225.6934866,19.2561915,881.9521274
2021-22,18,Assam,2021-08,2021-08-01,267.6028186,338.0158859,315.810505,31.6320632,958.7758529999999
2021-22,18,Assam,2021-09,2021-09-01,496.2256491,346.9130652,321.5667511,31.8378759,967.9205107999999
2021-22,18,Assam,2021-10,2021-10-01,283.6506629,590.7212713,304.3443103,33.9779506,1425.2691813
2021-22,18,Assam,2021-11,2021-11-01,289.08,373.6915744,300.1482,34.0421855,991.5326227999999
2021-22,18,Assam,2021-12,2021-12-01,308.7,377.66,315.23,32.66,1014.63
2021-22,18,Assam,2022-01,2022-01-01,311.91,421.33,292.88,39.47,1062.3799999999999
2021-22,18,Assam,2022-02,2022-02-01,345.94,401.63,250.85,43.41,1007.8
2021-22,18,Assam,2022-03,2022-03-01,345.94,445.56,285.95,37.15,1114.6000000000001
2021-22,19,West Bengal,2021-04,2021-04-01,1007.045824,2019.5396756,1219.8342961,371.7470419,5235.8461892000005
2021-22,19,West Bengal,2021-05,2021-05-01,820.1068643,1322.1022644,842.2003418,418.8611891,3590.2096193
2021-22,19,West Bengal,2021-06,2021-06-01,1061.1803673,1020.9457635,659.2099206,243.6809665,2743.9435149
2021-22,19,West Bengal,2021-07,2021-07-01,1118.6101126,1346.3631929,924.3682058,130.7715403,3462.6833063
2021-22,19,West Bengal,2021-08,2021-08-01,1126.1314978,1396.3475968,900.1181911,263.3769268,3678.4528273
2021-22,19,West Bengal,2021-09,2021-09-01,1344.218307,1412.8490324,1007.6444446,231.66837,3778.2933448
2021-22,19,West Bengal,2021-10,2021-10-01,1263.5774055,1650.4203299,997.0662127,267.694756,4259.3996056000005
2021-22,19,West Bengal,2021-11,2021-11-01,1149.87,1558.6859913,954.8703075,305.6006109,4082.7343152
2021-22,19,West Bengal,2021-12,2021-12-01,1329.17,1459.64,820.71,276.37,3706.59
2021-22,19,West Bengal,2022-01,2022-01-01,1302.89,1675.91,1140.81,328.37,4474.259999999999
2021-22,19,West Bengal,2022-02,2022-02-01,1353.23,1644.41,1103.17,363.96,4414.43
2021-22,19,West Bengal,2022-03,2022-03-01,1353.23,1656.69,1169.8,291.92,4471.64
2021-22,20,Jharkhand,2021-04,2021-04-01,300.8094644,734.3007111,1103.5934291,543.9254719,2956.2640840000004
2021-22,20,Jharkhand,2021-05,2021-05-01,316.161233,382.3178532,841.3545207,488.5130854,2012.9949237
2021-22,20,Jharkhand,2021-06,2021-06-01,365.123207,391.8207115,843.6160869,479.9352856,2031.5333170000001
2021-22,20,Jharkhand,2021-07,2021-07-01,377.7035683,482.4899719,792.8687121,415.9175798,2056.3994708
2021-22,20,Jharkhand,2021-08,2021-08-01,349.1926631,492.9174282,911.7083562,384.1431862,2166.4725389
2021-22,20,Jharkhand,2021-09,2021-09-01,450.2832019,434.8602953,1009.5181591,404.6738376,2198.2449551
2021-22,20,Jharkhand,2021-10,2021-10-01,395.3650226,511.6752384,998.4192153,409.1803175,2369.5579731
2021-22,20,Jharkhand,2021-11,2021-11-01,391.03,520.5929718,996.7656268,424.1932049,2336.9168261
2021-22,20,Jharkhand,2021-12,2021-12-01,451.55,494.71,877.75,442.74,2206.23
2021-22,20,Jharkhand,2022-01,2022-01-01,544.61,559.61,950.58,470.95,2432.69
2021-22,20,Jharkhand,2022-02,2022-02-01,524.68,660.79,846.35,484.73,2536.48
2021-22,20,Jharkhand,2022-03,2022-03-01,524.68,661.51,881.98,481.79,2549.96
2021-22,21,Odisha,2021-04,2021-04-01,690.3243027,1126.673766,1157.0542888,613.3258574,3849.4816147
2021-22,21,Odisha,2021-05,2021-05-01,743.1637031,827.4315708,1094.6960329,584.2981977,3196.7501041
2021-22,21,Odisha,2021-06,2021-06-01,927.5174742,858.8256828,842.6469761,555.2675814,2999.9039433999997
2021-22,21,Odisha,2021-07,2021-07-01,792.9298645,1067.3549429,1028.1610472,592.2005496,3615.2340139
2021-22,21,Odisha,2021-08,2021-08-01,772.931379,956.4717964,948.2063157,618.9404047,3316.5483813
2021-22,21,Odisha,2021-09,2021-09-01,907.2897513,929.6841653,996.4829662,626.8455515,3325.944062
2021-22,21,Odisha,2021-10,2021-10-01,1001.0760202,1053.4789762,1005.5000452,627.0733026,3593.3420753
2021-22,21,Odisha,2021-11,2021-11-01,973.79,1157.6921352,1223.240633,753.7659218,4135.7747102
2021-22,21,Odisha,2021-12,2021-12-01,965.92,1118.65,1267.63,720.07,4080.1400000000003
2021-22,21,Odisha,2022-01,2022-01-01,989.49,1143.14,1134.15,752.19,3995.4
2021-22,21,Odisha,2022-02,2022-02-01,1109.85,1152.37,1223.92,735.71,4101.49
2021-22,21,Odisha,2022-03,2022-03-01,1109.85,1351.25,1003.47,660.09,4124.66
2021-22,22,Chhattisgarh,2021-04,2021-04-01,337.8770519,586.1793168,869.8789109,702.3859862,2672.5704099
2021-22,22,Chhattisgarh,2021-05,2021-05-01,439.5712671,389.1460833,774.0645676,524.8832617,2025.9709645
2021-22,22,Chhattisgarh,2021-06,2021-06-01,536.4601481,488.10258,744.4446639,557.5145445,2229.6330555000004
2021-22,22,Chhattisgarh,2021-07,2021-07-01,455.5551133,618.7361421,772.1266747,505.1194919,2432.4424568
2021-22,22,Chhattisgarh,2021-08,2021-08-01,464.5602496,536.6280798,812.903238,585.4092958,2390.4957269
2021-22,22,Chhattisgarh,2021-09,2021-09-01,519.0489485,550.1578012,756.6264415,461.5771547,2232.921647
2021-22,22,Chhattisgarh,2021-10,2021-10-01,503.3358,600.9101768,808.9341602,463.5566119,2392.4498974
2021-22,22,Chhattisgarh,2021-11,2021-11-01,484.46,595.4406358,790.1391303,565.2290333,2454.1445994
2021-22,22,Chhattisgarh,2021-12,2021-12-01,518.75,571.31,929.0,596.85,2581.62
2021-22,22,Chhattisgarh,2022-01,2022-01-01,528.39,621.97,874.26,641.13,2656.11
2021-22,22,Chhattisgarh,2022-02,2022-02-01,544.68,620.37,988.95,645.09,2782.8
2021-22,22,Chhattisgarh,2022-03,2022-03-01,544.68,638.93,923.94,612.56,2720.11
2021-22,23,Madhya Pradesh,2021-04,2021-04-01,382.9008648,970.1357606,796.3118924,538.563414,3050.0268308000004
2021-22,23,Madhya Pradesh,2021-05,2021-05-01,437.9799754,491.0418853,578.9750296,475.484478,1928.4022577
2021-22,23,Madhya Pradesh,2021-06,2021-06-01,644.3884716,556.0787926,545.7642717,558.6177708,2098.4408105
2021-22,23,Madhya Pradesh,2021-07,2021-07-01,578.8690769,855.9375194,672.6844017,484.0333929,2657.0437856
2021-22,23,Madhya Pradesh,2021-08,2021-08-01,508.4122963,767.3083361,630.0130068,461.8717382,2438.0621579999997
2021-22,23,Madhya Pradesh,2021-09,2021-09-01,654.0121729,682.6008617,678.5677866,459.531345,2329.1122895999997
2021-22,23,Madhya Pradesh,2021-10,2021-10-01,638.556802,817.4605092,714.8828969,479.273469,2665.629048
2021-22,23,Madhya Pradesh,2021-11,2021-11-01,592.69,852.9456273,753.395586,562.8908367,2807.7888519999997
2021-22,23,Madhya Pradesh,2021-12,2021-12-01,718.3,748.86,644.47,546.86,2532.88
2021-22,23,Madhya Pradesh,2022-01,2022-01-01,666.04,920.77,734.12,586.12,2959.31
2021-22,23,Madhya Pradesh,2022-02,2022-02-01,713.28,858.95,726.38,601.45,2852.8199999999997
2021-22,23,Madhya Pradesh,2022-03,2022-03-01,713.28,911.32,785.03,525.51,2935.1400000000003
2021-22,24,Gujarat,2021-04,2021-04-01,1655.6582222,3323.0405413,2967.1859045,572.2792718,9632.3568293
2021-22,24,Gujarat,2021-05,2021-05-01,1739.5541133,2042.7669437,2074.0811103,609.2873415,6381.7936177
2021-22,24,Gujarat,2021-06,2021-06-01,2183.0561028,2081.7152537,1952.4940171,353.9732037,6127.7365878
2021-22,24,Gujarat,2021-07,2021-07-01,2000.885398,2703.7391368,2310.170482,431.6756059,7628.6413274999995
2021-22,24,Gujarat,2021-08,2021-08-01,2044.9822795,2499.9486199,2507.4373731,547.9647341,7556.2361251
2021-22,24,Gujarat,2021-09,2021-09-01,2265.1861425,2491.2963969,2732.3390306,511.3291815,7779.946888500001
2021-22,24,Gujarat,2021-10,2021-10-01,2657.940918,2773.3403398,2951.9631201,506.3871787,8496.8767811
2021-22,24,Gujarat,2021-11,2021-11-01,2144.51,3207.7797952,3078.3716526,624.8936705,9568.986036299999
2021-22,24,Gujarat,2021-12,2021-12-01,2430.91,2551.92,2165.31,474.18,7335.92
2021-22,24,Gujarat,2022-01,2022-01-01,2478.13,2960.16,2613.78,611.47,8616.32
2021-22,24,Gujarat,2022-02,2022-02-01,2563.01,3007.46,2768.51,618.66,8872.76
2021-22,24,Gujarat,2022-03,2022-03-01,2563.01,3080.66,3112.9,401.1,9157.67
2021-22,25,Daman and Diu,2021-04,2021-04-01,0.0525823,0.2108619,0.355721,0.0,0.7389638000000001
2021-22,25,Daman and Diu,2021-05,2021-05-01,0.1029998,0.0535181,0.0662734,0.0,0.1723738
2021-22,25,Daman and Diu,2021-06,2021-06-01,0.1682008,0.1026565,0.117046,0.0,0.3227023
2021-22,25,Daman and Diu,2021-07,2021-07-01,0.1085672,0.214754,0.0538831,0.0,0.43683790000000006
2021-22,25,Daman and Diu,2021-08,2021-08-01,0.0382536,0.098096,0.6453896,1.8e-05,0.8520708
2021-22,25,Daman and Diu,2021-09,2021-09-01,0.0131555,0.0392193,0.0516693,0.0,0.12914219999999998
2021-22,25,Daman and Diu,2021-10,2021-10-01,0.0341884,0.012202,0.0757418,0.0,0.1010993
2021-22,25,Daman and Diu,2021-11,2021-11-01,0.08,0.0342538,0.0478119,0.0,0.1162541
2021-22,25,Daman and Diu,2021-12,2021-12-01,0.04,0.09,1.4,0.0,1.5699999999999998
2021-22,25,Daman and Diu,2022-01,2022-01-01,0.03,0.04,0.09,0.0,0.16999999999999998
2021-22,25,Daman and Diu,2022-02,2022-02-01,0.04,0.03,0.16,0.0,0.22
2021-22,25,Daman and Diu,2022-03,2022-03-01,0.04,0.05,0.16,0.0,0.25
2021-22,26,Dadra and Nagar Haveli,2021-04,2021-04-01,28.0428113,45.5849406,210.7018319,0.0648293,292.1143512
2021-22,26,Dadra and Nagar Haveli,2021-05,2021-05-01,38.7214967,34.7494594,165.5479482,0.0883583,228.42857720000003
2021-22,26,Dadra and Nagar Haveli,2021-06,2021-06-01,33.054649,46.7605291,157.2379301,0.0843163,242.8042722
2021-22,26,Dadra and Nagar Haveli,2021-07,2021-07-01,29.2846275,42.3063069,151.5118721,0.0399876,226.9128156
2021-22,26,Dadra and Nagar Haveli,2021-08,2021-08-01,35.653377,40.2597576,184.0424557,0.0998921,253.6867329
2021-22,26,Dadra and Nagar Haveli,2021-09,2021-09-01,33.5256865,46.2677344,221.7052148,0.1480496,303.7743758
2021-22,26,Dadra and Nagar Haveli,2021-10,2021-10-01,33.5322145,48.4774043,186.4928875,0.0680159,268.56399419999997
2021-22,26,Dadra and Nagar Haveli,2021-11,2021-11-01,30.63,47.13871,189.1745054,0.3311527,270.1765826
2021-22,26,Dadra and Nagar Haveli,2021-12,2021-12-01,35.31,40.25,159.63,1.36,231.87
2021-22,26,Dadra and Nagar Haveli,2022-01,2022-01-01,37.03,46.0,197.87,0.53,279.71
2021-22,26,Dadra and Nagar Haveli,2022-02,2022-02-01,40.03,47.97,174.4,0.52,259.91999999999996
2021-22,26,Dadra and Nagar Haveli,2022-03,2022-03-01,40.03,50.8,192.02,0.68,283.53000000000003
2021-22,27,Maharashtra,2021-04,2021-04-01,3760.7814888,7029.0416244,8012.6710314,1070.6247016,22012.630800000003
2021-22,27,Maharashtra,2021-05,2021-05-01,3814.7574859,4433.1872518,4360.525172,1010.9261539,13565.420066499999
2021-22,27,Maharashtra,2021-06,2021-06-01,5133.107199,4411.3719149,4553.300387,942.426702,13721.8564898
2021-22,27,Maharashtra,2021-07,2021-07-01,4114.7927943,6092.9552433,6605.4719322,1067.7293078,18899.2636823
2021-22,27,Maharashtra,2021-08,2021-08-01,4382.9665613,5068.3126023,4974.4463483,1017.0893567,15174.6411016
2021-22,27,Maharashtra,2021-09,2021-09-01,4981.6781489,5397.0415035,5690.145592,1114.0429984,16584.1966552
2021-22,27,Maharashtra,2021-10,2021-10-01,5089.1381073,6058.62744,7298.9729578,1015.6331227,19354.9116694
2021-22,27,Maharashtra,2021-11,2021-11-01,5516.25,6157.5358156,6108.239205,1301.3384562,18656.2515841
2021-22,27,Maharashtra,2021-12,2021-12-01,5319.45,6469.5,6259.66,1346.13,19591.54
2021-22,27,Maharashtra,2022-01,2022-01-01,5426.85,6360.44,7687.46,1337.05,20704.399999999998
2021-22,27,Maharashtra,2022-02,2022-02-01,5803.34,6379.42,6122.46,1493.86,19422.59
2021-22,27,Maharashtra,2022-03,2022-03-01,5803.34,6658.66,6467.73,1375.48,20305.21
2021-22,29,Karnataka,2021-04,2021-04-01,1229.7303311,3064.045098,3570.3193571,882.8732616,9955.4123868
2021-22,29,Karnataka,2021-05,2021-05-01,1237.1929537,1538.5016778,2156.7643223,828.8783642,5753.8746954
2021-22,29,Karnataka,2021-06,2021-06-01,1797.4424069,1501.7231005,2119.1557192,245.015327,5103.0871004
2021-22,29,Karnataka,2021-07,2021-07-01,1789.7076003,2263.525763,2393.735313,281.7992987,6736.5027816
2021-22,29,Karnataka,2021-08,2021-08-01,1798.442354,2284.4745264,2551.2647142,804.0152263,7429.4620672
2021-22,29,Karnataka,2021-09,2021-09-01,1890.9148355,2312.3276057,2712.0429741,959.8868294,7782.6997632
2021-22,29,Karnataka,2021-10,2021-10-01,2044.0751896,2449.9123287,3041.3626902,876.6726573,8258.8625117
2021-22,29,Karnataka,2021-11,2021-11-01,1895.64,2632.6608539,3400.3742905,970.9730799,9048.0834139
2021-22,29,Karnataka,2021-12,2021-12-01,2195.53,2409.75,3029.08,1000.41,8334.880000000001
2021-22,29,Karnataka,2022-01,2022-01-01,2177.58,2835.47,3644.53,920.74,9596.27
2021-22,29,Karnataka,2022-02,2022-02-01,2202.46,2678.54,3393.69,926.51,9176.32
2021-22,29,Karnataka,2022-03,2022-03-01,2202.46,2688.59,3088.67,770.4,8750.12
2021-22,30,Goa,2021-04,2021-04-01,52.0062075,146.8432237,143.8450221,2.6196074,400.7205718
2021-22,30,Goa,2021-05,2021-05-01,65.4961552,74.4612384,101.5204298,0.9748348,228.96271050000001
2021-22,30,Goa,2021-06,2021-06-01,76.5710986,84.452843,105.0907564,1.2949951,256.33474970000003
2021-22,30,Goa,2021-07,2021-07-01,63.2793029,104.9905925,120.6954027,1.0861402,303.343234
2021-22,30,Goa,2021-08,2021-08-01,71.3529883,92.3722657,128.2638334,1.1056478,285.02104979999996
2021-22,30,Goa,2021-09,2021-09-01,80.4615067,100.25054,145.6406989,1.3629986,318.6072258
2021-22,30,Goa,2021-10,2021-10-01,99.0292346,109.1447557,125.5342732,2.3087257,317.44926130000005
2021-22,30,Goa,2021-11,2021-11-01,103.64,138.3141982,278.5449568,2.1365361,518.0249256999999
2021-22,30,Goa,2021-12,2021-12-01,111.82,143.73,342.52,1.91,591.8
2021-22,30,Goa,2022-01,2022-01-01,92.95,155.49,124.28,2.59,394.18
2021-22,30,Goa,2022-02,2022-02-01,107.22,123.79,145.04,2.05,363.83
2021-22,30,Goa,2022-03,2022-03-01,107.22,143.84,132.99,1.9,385.95
2021-22,31,Lakshadweep,2021-04,2021-04-01,0.0856891,1.7639026,0.3362398,0.0,3.7199011
2021-22,31,Lakshadweep,2021-05,2021-05-01,0.1832347,0.1486659,0.0338834,0.0,0.2682384
2021-22,31,Lakshadweep,2021-06,2021-06-01,0.4517638,0.1842504,0.1149764,0.0001218,0.4825833
2021-22,31,Lakshadweep,2021-07,2021-07-01,0.6032901,0.4778881,0.026311,0.0,0.9559629
2021-22,31,Lakshadweep,2021-08,2021-08-01,0.1594237,0.6537915,0.0551395,0.0,1.3122211
2021-22,31,Lakshadweep,2021-09,2021-09-01,0.9802453,0.1649654,0.0249854,0.0,0.3493745
2021-22,31,Lakshadweep,2021-10,2021-10-01,1.0379835,0.9964851,0.0940499,0.0,2.0707803
2021-22,31,Lakshadweep,2021-11,2021-11-01,0.69,1.0750303,0.1368071,0.0,2.2498209
2021-22,31,Lakshadweep,2021-12,2021-12-01,0.99,0.66,0.08,0.0,1.4300000000000002
2021-22,31,Lakshadweep,2022-01,2022-01-01,0.3,1.03,0.05,0.0,2.07
2021-22,31,Lakshadweep,2022-02,2022-02-01,0.93,0.45,0.06,0.0,0.81
2021-22,31,Lakshadweep,2022-03,2022-03-01,0.93,0.94,0.21,0.0,2.08
2021-22,32,Kerala,2021-04,2021-04-01,319.9193059,1075.8771366,582.2987563,11.8301519,2466.3151344000003
2021-22,32,Kerala,2021-05,2021-05-01,313.1919917,477.1799789,346.9916851,2.4312348,1146.5222047
2021-22,32,Kerala,2021-06,2021-06-01,522.6166131,438.4637105,244.6083504,2.1187654,998.382818
2021-22,32,Kerala,2021-07,2021-07-01,494.285886,750.5680599,399.1036149,2.8597751,1675.1480629999999
2021-22,32,Kerala,2021-08,2021-08-01,574.5598291,710.6898214,404.1917749,2.7584552,1611.9259375
2021-22,32,Kerala,2021-09,2021-09-01,631.3100255,846.1096286,339.6474529,3.6493371,1763.9662476999997
2021-22,32,Kerala,2021-10,2021-10-01,651.1636411,916.1439983,375.3521906,8.9101009,1931.7163153000001
2021-22,32,Kerala,2021-11,2021-11-01,643.12,894.5055662,573.1334489,9.9196798,2128.722336
2021-22,32,Kerala,2021-12,2021-12-01,752.75,870.43,376.12,5.7,1895.3700000000001
2021-22,32,Kerala,2022-01,2022-01-01,706.36,1056.32,651.43,21.38,2481.88
2021-22,32,Kerala,2022-02,2022-02-01,694.9,927.57,434.7,5.86,2074.4900000000002
2021-22,32,Kerala,2022-03,2022-03-01,694.9,923.53,467.8,2.98,2089.21
2021-22,33,Tamil Nadu,2021-04,2021-04-01,1325.4883052,3121.7898103,3022.3760961,411.1672554,8849.362933699998
2021-22,33,Tamil Nadu,2021-05,2021-05-01,1152.6421742,1764.1124068,1834.607383,667.5164,5591.724495
2021-22,33,Tamil Nadu,2021-06,2021-06-01,1722.2633708,1499.1434677,1395.9442421,331.8934489,4379.623332900001
2021-22,33,Tamil Nadu,2021-07,2021-07-01,1857.1362331,2257.0079611,1764.3772899,558.4729842,6302.121606000001
2021-22,33,Tamil Nadu,2021-08,2021-08-01,1903.1379638,2460.3043654,2048.1703002,694.3219445,7059.932843199998
2021-22,33,Tamil Nadu,2021-09,2021-09-01,2011.2417109,2604.4693322,2568.1723174,765.851628,7841.6312414
2021-22,33,Tamil Nadu,2021-10,2021-10-01,1958.4926926,2690.5095436,2376.9453746,563.6798325,7642.3764616
2021-22,33,Tamil Nadu,2021-11,2021-11-01,1712.3,2708.3584907,2573.628865,554.4834944,7794.9635427
2021-22,33,Tamil Nadu,2021-12,2021-12-01,2089.74,2229.32,2083.51,610.2,6635.33
2021-22,33,Tamil Nadu,2022-01,2022-01-01,1907.21,2812.13,2421.11,656.63,7979.61
2021-22,33,Tamil Nadu,2022-02,2022-02-01,2081.36,2525.01,2299.17,661.81,7393.200000000001
2021-22,33,Tamil Nadu,2022-03,2022-03-01,2081.36,2768.83,2572.77,599.57,8022.530000000001
2021-22,34,Puducherry,2021-04,2021-04-01,11.6653584,34.9828438,112.1950362,0.2820301,169.4868612
2021-22,34,Puducherry,2021-05,2021-05-01,12.8370121,17.3028675,93.7465084,0.4046858,123.1194201
2021-22,34,Puducherry,2021-06,2021-06-01,18.973856,20.476162,70.545264,0.2167318,104.0751699
2021-22,34,Puducherry,2021-07,2021-07-01,17.4883752,32.8902653,76.6713574,0.0824988,128.6179775
2021-22,34,Puducherry,2021-08,2021-08-01,18.6784645,30.9316976,107.5045533,0.4517526,156.3763787
2021-22,34,Puducherry,2021-09,2021-09-01,19.3401801,31.3732262,109.6203191,0.4455862,160.11759600000002
2021-22,34,Puducherry,2021-10,2021-10-01,18.4254934,33.9512546,98.0574451,0.4593541,151.8082339
2021-22,34,Puducherry,2021-11,2021-11-01,18.9,30.2004102,123.1138167,0.5134306,172.25315089999998
2021-22,34,Puducherry,2021-12,2021-12-01,22.48,30.24,97.19,0.64,146.96999999999997
2021-22,34,Puducherry,2022-01,2022-01-01,22.26,38.72,106.77,1.28,169.25
2021-22,34,Puducherry,2022-02,2022-02-01,26.1,32.45,123.5,0.17,178.38
2021-22,34,Puducherry,2022-03,2022-03-01,26.1,32.84,103.98,0.42,163.34
2021-22,35,Andaman and Nicobar Island,2021-04,2021-04-01,19.4171669,32.0936938,4.5558696,0.0088232,60.5965022
2021-22,35,Andaman and Nicobar Island,2021-05,2021-05-01,4.2507496,25.8429569,3.0373134,0.0001707,48.2976079
2021-22,35,Andaman and Nicobar Island,2021-06,2021-06-01,5.9263008,5.6172491,1.66429,0.0148091,11.547097800000001
2021-22,35,Andaman and Nicobar Island,2021-07,2021-07-01,7.7005061,10.0859678,2.4915426,0.0603712,18.564182399999996
2021-22,35,Andaman and Nicobar Island,2021-08,2021-08-01,6.5642822,10.5194531,1.574202,0.035413,19.829574199999996
2021-22,35,Andaman and Nicobar Island,2021-09,2021-09-01,6.8654615,10.9060158,2.1125649,0.0169377,19.5998006
2021-22,35,Andaman and Nicobar Island,2021-10,2021-10-01,7.4051308,11.6863479,7.3102743,0.0035795,25.8656632
2021-22,35,Andaman and Nicobar Island,2021-11,2021-11-01,10.22,9.7939587,6.9695629,0.0160783,24.1847307
2021-22,35,Andaman and Nicobar Island,2021-12,2021-12-01,11.05,12.93,2.7,0.02,25.869999999999997
2021-22,35,Andaman and Nicobar Island,2022-01,2022-01-01,8.39,14.64,2.98,0.01,28.680000000000003
2021-22,35,Andaman and Nicobar Island,2022-02,2022-02-01,10.42,11.57,2.02,0.03,22.01
2021-22,35,Andaman and Nicobar Island,2022-03,2022-03-01,10.42,14.17,2.27,0.04,26.9
2021-22,36,Telangana,2021-04,2021-04-01,622.6329179,1460.2838859,1251.0810884,429.1343759,4262.1544749
2021-22,36,Telangana,2021-05,2021-05-01,662.3137324,856.2973481,904.6669843,600.7561083,2984.3533586000003
2021-22,36,Telangana,2021-06,2021-06-01,855.6923735,872.7636235,850.3066072,459.7968439,2845.180807
2021-22,36,Telangana,2021-07,2021-07-01,855.5244191,1151.5691219,1101.5846274,500.7154254,3609.5615482000003
2021-22,36,Telangana,2021-08,2021-08-01,876.9937702,1123.0881496,1041.7170284,505.1991563,3525.5287534
2021-22,36,Telangana,2021-09,2021-09-01,928.0186939,1170.3403188,967.7567967,478.4761394,3493.5670251
2021-22,36,Telangana,2021-10,2021-10-01,952.0406279,1277.7726244,1141.9766434,506.3524642,3854.1204259000006
2021-22,36,Telangana,2021-11,2021-11-01,935.93,1310.3690924,1118.9991099,549.7310167,3931.1398469
2021-22,36,Telangana,2021-12,2021-12-01,1055.72,1252.41,1019.71,552.16,3760.21
2021-22,36,Telangana,2022-01,2022-01-01,979.77,1424.16,1375.14,604.96,4459.9800000000005
2021-22,36,Telangana,2022-02,2022-02-01,1083.77,1283.76,1219.45,630.2,4113.179999999999
2021-22,36,Telangana,2022-03,2022-03-01,1083.77,1419.98,1246.01,492.38,4242.14
2021-22,37,Andhra Pradesh,2021-04,2021-04-01,431.4985009,1079.0707122,1192.5623921,269.6216572,3345.2971939999993
2021-22,37,Andhra Pradesh,2021-05,2021-05-01,512.1139121,611.3668745,856.4674025,174.5644783,2073.8972562
2021-22,37,Andhra Pradesh,2021-06,2021-06-01,669.411257,653.8223022,784.2639809,100.5744608,2050.7746559999996
2021-22,37,Andhra Pradesh,2021-07,2021-07-01,626.6141004,927.7718759,956.1925597,176.9655992,2730.3412918
2021-22,37,Andhra Pradesh,2021-08,2021-08-01,619.0930436,867.8272634,956.4799226,140.5704745,2591.4917609
2021-22,37,Andhra Pradesh,2021-09,2021-09-01,742.3946924,849.0602038,943.1469427,183.2174012,2594.5175913
2021-22,37,Andhra Pradesh,2021-10,2021-10-01,639.4639152,983.5705804,957.2602598,195.78048,2879.0060126
2021-22,37,Andhra Pradesh,2021-11,2021-11-01,602.0,899.5022779,999.7376635,210.9294182,2749.6332748
2021-22,37,Andhra Pradesh,2021-12,2021-12-01,713.03,805.07,937.39,187.94,2532.4
2021-22,37,Andhra Pradesh,2022-01,2022-01-01,707.92,952.17,1058.11,108.01,2831.3199999999997
2021-22,37,Andhra Pradesh,2022-02,2022-02-01,776.83,931.88,1204.19,313.29,3157.2799999999997
2021-22,37,Andhra Pradesh,2022-03,2022-03-01,776.83,1006.23,1092.09,299.3,3174.45
2021-22,38,Ladakh,2021-04,2021-04-01,1.8053922,15.3321484,3.4403618,0.0150816,30.802814299999998
2021-22,38,Ladakh,2021-05,2021-05-01,2.1255303,3.0515856,0.4516536,0.0022967,5.3109281
2021-22,38,Ladakh,2021-06,2021-06-01,4.4402339,2.940362,0.9933731,0.0,6.0592654
2021-22,38,Ladakh,2021-07,2021-07-01,4.7329232,6.0751404,2.4312379,0.0008807,12.9474929
2021-22,38,Ladakh,2021-08,2021-08-01,5.2005075,6.0456295,3.569461,0.0025531,14.350566800000001
2021-22,38,Ladakh,2021-09,2021-09-01,6.548951,6.8111153,3.2061888,0.0064244,15.224236
2021-22,38,Ladakh,2021-10,2021-10-01,4.6297016,9.148247,3.4970481,0.0002621,19.1945082
2021-22,38,Ladakh,2021-11,2021-11-01,5.81,5.9040484,2.8250552,0.0451091,13.403914299999999
2021-22,38,Ladakh,2021-12,2021-12-01,13.31,7.32,2.03,0.07,15.229999999999999
2021-22,38,Ladakh,2022-01,2022-01-01,5.56,17.71,3.86,0.28,35.160000000000004
2021-22,38,Ladakh,2022-02,2022-02-01,9.44,7.59,2.17,0.25,15.569999999999999
2021-22,38,Ladakh,2022-03,2022-03-01,9.44,11.33,2.72,0.0,23.49
2021-22,97,Other Territory,2021-04,2021-04-01,4.7867886,23.4908391,115.8929974,0.0011026,158.6352767
2021-22,97,Other Territory,2021-05,2021-05-01,6.3240534,7.956785,108.5093256,0.0034356,121.2563348
2021-22,97,Other Territory,2021-06,2021-06-01,7.9720461,8.2724361,112.7992648,0.0030896,127.3988439
2021-22,97,Other Territory,2021-07,2021-07-01,5.8840914,9.076433,123.4975745,0.0006928,140.5467464
2021-22,97,Other Territory,2021-08,2021-08-01,8.2801712,6.566371,96.0507069,0.0011404,108.50230969999998
2021-22,97,Other Territory,2021-09,2021-09-01,9.6515659,9.4059362,114.5476217,0.0010472,132.2347763
2021-22,97,Other Territory,2021-10,2021-10-01,3.4427543,10.3754466,117.1189057,1.15e-05,137.14592969999998
2021-22,97,Other Territory,2021-11,2021-11-01,7.99,3.4046518,88.3513666,1.87e-05,95.1987914
2021-22,97,Other Territory,2021-12,2021-12-01,8.11,11.18,120.53,0.0,139.7
2021-22,97,Other Territory,2022-01,2022-01-01,7.1,14.53,121.39,0.0,144.03
2021-22,97,Other Territory,2022-02,2022-02-01,10.76,9.15,119.44,0.0,135.69
2021-22,97,Other Territory,2022-03,2022-03-01,10.76,12.97,125.64,0.0,149.37
2021-22,99,CBIC,2021-04,2021-04-01,0.0,0.0,142.3250743,0.0,142.3250743
2021-22,99,CBIC,2021-05,2021-05-01,0.0,0.0,140.8050694,0.0,140.8050694
2021-22,99,CBIC,2021-06,2021-06-01,0.0,0.0,163.6914976,0.0,163.6914976
2021-22,99,CBIC,2021-07,2021-07-01,0.0,0.0,161.3830153,0.0,161.3830153
2021-22,99,CBIC,2021-08,2021-08-01,0.0,0.0,213.819641,0.0,213.819641
2021-22,99,CBIC,2021-09,2021-09-01,0.0,0.0,191.3397196,0.0,191.3397196
2021-22,99,CBIC,2021-10,2021-10-01,0.0,0.0,189.1365681,0.0,189.1365681
2021-22,99,CBIC,2021-11,2021-11-01,0.0,0.0,179.5131897,0.0,179.5131897
2021-22,99,CBIC,2021-12,2021-12-01,0.0,0.0,186.34,0.0,186.34
2021-22,99,CBIC,2022-01,2022-01-01,0.0,0.0,216.2,0.0,216.2
2021-22,99,CBIC,2022-02,2022-02-01,0.0,0.0,166.51,0.0,166.51
2021-22,99,CBIC,2022-03,2022-03-01,0.0,0.0,169.86,0.0,169.86
2022-23,01,Jammu and Kashmir,2022-04,2022-04-01,103.41,273.36,104.21,6.03,559.86
2022-23,01,Jammu and Kashmir,2022-05,2022-05-01,96.38,165.49,93.95,8.79,371.64
2022-23,01,Jammu and Kashmir,2022-06,2022-06-01,117.96,162.32,103.27,9.86,371.83
2022-23,01,Jammu and Kashmir,2022-07,2022-07-01,112.98,185.39,118.78,8.82,430.95
2022-23,01,Jammu and Kashmir,2022-08,2022-08-01,106.75,178.47,133.96,8.35,433.76
2022-23,01,Jammu and Kashmir,2022-09,2022-09-01,114.89,172.95,141.95,6.12,427.77
2022-23,01,Jammu and Kashmir,2022-10,2022-10-01,129.45,179.99,126.07,4.36,425.31
2022-23,01,Jammu and Kashmir,2022-11,2022-11-01,125.12,194.92,102.13,3.07,429.57
2022-23,01,Jammu and Kashmir,2022-12,2022-12-01,148.56,185.86,97.18,1.44,409.6
2022-23,01,Jammu and Kashmir,2023-01,2023-01-01,143.46,234.33,87.9,3.61,474.4
2022-23,01,Jammu and Kashmir,2023-02,2023-02-01,157.21,199.82,88.53,2.42,434.22999999999996
2022-23,01,Jammu and Kashmir,2023-03,2023-03-01,157.21,216.7,97.93,4.95,476.78999999999996
2022-23,02,Himachal Pradesh,2022-04,2022-04-01,119.49,225.66,423.14,2.01,817.37
2022-23,02,Himachal Pradesh,2022-05,2022-05-01,126.5,171.72,447.74,1.89,740.84
2022-23,02,Himachal Pradesh,2022-06,2022-06-01,136.82,186.86,377.58,2.2,693.1400000000001
2022-23,02,Himachal Pradesh,2022-07,2022-07-01,135.6,198.67,407.92,2.26,745.6700000000001
2022-23,02,Himachal Pradesh,2022-08,2022-08-01,127.55,183.85,387.2,1.93,708.5799999999999
2022-23,02,Himachal Pradesh,2022-09,2022-09-01,133.0,183.09,400.85,0.99,712.48
2022-23,02,Himachal Pradesh,2022-10,2022-10-01,141.84,190.77,457.53,2.74,784.04
2022-23,02,Himachal Pradesh,2022-11,2022-11-01,129.96,206.79,322.52,1.22,672.37
2022-23,02,Himachal Pradesh,2022-12,2022-12-01,150.15,183.35,394.39,0.63,708.33
2022-23,02,Himachal Pradesh,2023-01,2023-01-01,150.59,218.31,394.33,2.33,765.12
2022-23,02,Himachal Pradesh,2023-02,2023-02-01,151.27,200.61,338.65,0.9,690.75
2022-23,02,Himachal Pradesh,2023-03,2023-03-01,151.27,196.33,390.6,1.17,739.37
2022-23,03,Punjab,2022-04,2022-04-01,428.02,783.04,649.65,30.27,1993.9899999999998
2022-23,03,Punjab,2022-05,2022-05-01,394.77,639.19,725.1,40.58,1832.8899999999999
2022-23,03,Punjab,2022-06,2022-06-01,430.97,610.42,639.05,38.26,1682.4999999999998
2022-23,03,Punjab,2022-07,2022-07-01,379.88,641.43,626.46,34.6,1733.46
2022-23,03,Punjab,2022-08,2022-08-01,392.67,573.93,672.14,25.54,1651.4899999999998
2022-23,03,Punjab,2022-09,2022-09-01,405.42,597.88,691.23,28.31,1710.09
2022-23,03,Punjab,2022-10,2022-10-01,394.48,610.62,714.47,29.3,1759.81
2022-23,03,Punjab,2022-11,2022-11-01,430.71,645.91,610.61,18.23,1669.23
2022-23,03,Punjab,2022-12,2022-12-01,440.95,616.71,672.17,14.65,1734.2400000000002
2022-23,03,Punjab,2023-01,2023-01-01,394.03,714.18,612.46,28.1,1795.6899999999998
2022-23,03,Punjab,2023-02,2023-02-01,435.12,589.44,648.72,18.78,1650.97
2022-23,03,Punjab,2023-03,2023-03-01,435.12,637.58,629.09,33.05,1734.84
2022-23,04,Chandigarh,2022-04,2022-04-01,32.27,60.8,140.73,2.18,248.63
2022-23,04,Chandigarh,2022-05,2022-05-01,31.9,43.39,86.68,4.77,167.11
2022-23,04,Chandigarh,2022-06,2022-06-01,35.99,44.71,92.04,1.04,169.69
2022-23,04,Chandigarh,2022-07,2022-07-01,35.6,48.47,90.78,0.65,175.89000000000001
2022-23,04,Chandigarh,2022-08,2022-08-01,42.38,46.48,96.58,0.41,179.07
2022-23,04,Chandigarh,2022-09,2022-09-01,40.28,56.07,106.61,1.01,206.07
2022-23,04,Chandigarh,2022-10,2022-10-01,35.03,51.2,109.59,1.43,202.5
2022-23,04,Chandigarh,2022-11,2022-11-01,37.37,49.97,89.35,0.8,175.15
2022-23,04,Chandigarh,2022-12,2022-12-01,45.77,50.02,129.82,0.39,217.59999999999997
2022-23,04,Chandigarh,2023-01,2023-01-01,39.16,75.28,104.27,8.37,233.69
2022-23,04,Chandigarh,2023-02,2023-02-01,40.36,50.81,97.32,0.44,187.73
2022-23,04,Chandigarh,2023-03,2023-03-01,40.36,51.67,109.59,0.67,202.29
2022-23,05,Uttarakhand,2022-04,2022-04-01,257.42,584.84,863.93,11.55,1886.59
2022-23,05,Uttarakhand,2022-05,2022-05-01,257.79,358.22,680.9,12.07,1308.61
2022-23,05,Uttarakhand,2022-06,2022-06-01,269.02,369.99,642.75,10.39,1280.92
2022-23,05,Uttarakhand,2022-07,2022-07-01,223.87,389.22,722.23,9.43,1389.9
2022-23,05,Uttarakhand,2022-08,2022-08-01,237.84,335.35,527.01,7.98,1094.21
2022-23,05,Uttarakhand,2022-09,2022-09-01,280.59,362.87,688.88,10.78,1300.3700000000001
2022-23,05,Uttarakhand,2022-10,2022-10-01,243.52,404.58,918.38,9.06,1612.61
2022-23,05,Uttarakhand,2022-11,2022-11-01,250.66,387.54,639.08,9.89,1280.0300000000002
2022-23,05,Uttarakhand,2022-12,2022-12-01,291.87,375.65,616.83,9.36,1252.4999999999998
2022-23,05,Uttarakhand,2023-01,2023-01-01,261.42,412.56,795.47,11.04,1510.94
2022-23,05,Uttarakhand,2023-02,2023-02-01,314.96,384.24,749.66,10.04,1405.3600000000001
2022-23,05,Uttarakhand,2023-03,2023-03-01,314.96,422.11,774.12,11.99,1523.18
2022-23,06,Haryana,2022-04,2022-04-01,1106.4,1717.8,4665.07,496.62,8197.36
2022-23,06,Haryana,2022-05,2022-05-01,1141.32,1483.91,3523.21,549.66,6663.18
2022-23,06,Haryana,2022-06,2022-06-01,1152.27,1487.39,3577.48,507.7,6713.89
2022-23,06,Haryana,2022-07,2022-07-01,1102.8,1505.96,3650.84,481.71,6790.78
2022-23,06,Haryana,2022-08,2022-08-01,1065.74,1466.71,3677.51,524.54,6771.56
2022-23,06,Haryana,2022-09,2022-09-01,1190.42,1383.34,4444.38,509.53,7402.99
2022-23,06,Haryana,2022-10,2022-10-01,1045.69,1611.92,4332.7,526.53,7661.57
2022-23,06,Haryana,2022-11,2022-11-01,1032.62,1395.03,3880.31,448.2,6769.2300000000005
2022-23,06,Haryana,2022-12,2022-12-01,1183.41,1371.52,3758.63,515.21,6677.9800000000005
2022-23,06,Haryana,2023-01,2023-01-01,1161.38,1559.12,4681.0,506.4,7929.929999999999
2022-23,06,Haryana,2023-02,2023-02-01,1229.63,1564.05,4075.09,509.06,7309.580000000001
2022-23,06,Haryana,2023-03,2023-03-01,1229.63,1595.9,4498.75,455.84,7780.120000000001
2022-23,07,Delhi,2022-04,2022-04-01,798.73,1578.8,2903.97,63.8,5870.78
2022-23,07,Delhi,2022-05,2022-05-01,852.92,996.34,2217.87,100.55,4113.49
2022-23,07,Delhi,2022-06,2022-06-01,875.79,1018.51,2359.73,82.19,4313.349999999999
2022-23,07,Delhi,2022-07,2022-07-01,897.52,1045.89,2328.36,77.28,4327.32
2022-23,07,Delhi,2022-08,2022-08-01,1031.64,1045.26,2321.63,84.14,4348.55
2022-23,07,Delhi,2022-09,2022-09-01,920.54,1187.2,2447.73,74.8,4741.37
2022-23,07,Delhi,2022-10,2022-10-01,930.95,1127.58,2537.85,84.47,4670.44
2022-23,07,Delhi,2022-11,2022-11-01,859.02,1127.43,2429.53,77.66,4565.57
2022-23,07,Delhi,2022-12,2022-12-01,996.45,1040.19,2420.66,80.85,4400.72
2022-23,07,Delhi,2023-01,2023-01-01,899.5,1248.21,2534.77,102.98,4882.41
2022-23,07,Delhi,2023-02,2023-02-01,935.59,1088.49,2690.04,91.02,4769.05
2022-23,07,Delhi,2023-03,2023-03-01,935.59,1115.01,2686.29,103.31,4840.2
2022-23,08,Rajasthan,2022-04,2022-04-01,953.06,1670.42,1412.38,155.0,4547.21
2022-23,08,Rajasthan,2022-05,2022-05-01,851.44,1256.93,1438.99,139.93,3788.9099999999994
2022-23,08,Rajasthan,2022-06,2022-06-01,934.24,1161.85,1201.76,170.91,3385.96
2022-23,08,Rajasthan,2022-07,2022-07-01,860.14,1243.01,1351.15,142.76,3671.16
2022-23,08,Rajasthan,2022-08,2022-08-01,861.06,1123.27,1249.59,108.11,3341.11
2022-23,08,Rajasthan,2022-09,2022-09-01,915.86,1141.36,1189.66,114.44,3306.52
2022-23,08,Rajasthan,2022-10,2022-10-01,996.05,1235.12,1493.92,116.13,3761.03
2022-23,08,Rajasthan,2022-11,2022-11-01,1043.89,1314.23,1183.48,124.68,3618.4399999999996
2022-23,08,Rajasthan,2022-12,2022-12-01,1135.72,1336.98,1302.59,105.36,3788.82
2022-23,08,Rajasthan,2023-01,2023-01-01,1019.07,1483.88,1418.04,116.8,4154.4400000000005
2022-23,08,Rajasthan,2023-02,2023-02-01,1104.17,1260.3,1559.16,101.99,3940.5199999999995
2022-23,08,Rajasthan,2023-03,2023-03-01,1104.17,1409.02,1536.58,104.49,4154.26
2022-23,09,Uttar Pradesh,2022-04,2022-04-01,1494.83,2781.78,2542.98,1170.76,8534.11
2022-23,09,Uttar Pradesh,2022-05,2022-05-01,1601.09,2188.8,1869.99,1116.43,6670.05
2022-23,09,Uttar Pradesh,2022-06,2022-06-01,1652.9,2271.78,1785.04,1176.6,6834.51
2022-23,09,Uttar Pradesh,2022-07,2022-07-01,1587.81,2257.86,1980.46,1182.8,7074.02
2022-23,09,Uttar Pradesh,2022-08,2022-08-01,1539.94,2136.96,2008.59,1048.01,6781.37
2022-23,09,Uttar Pradesh,2022-09,2022-09-01,1530.5,2073.87,2222.74,1167.77,7004.32
2022-23,09,Uttar Pradesh,2022-10,2022-10-01,1533.66,2136.75,2944.71,1226.76,7838.72
2022-23,09,Uttar Pradesh,2022-11,2022-11-01,1587.5,2076.16,2444.21,1200.45,7254.48
2022-23,09,Uttar Pradesh,2022-12,2022-12-01,1802.4,2174.1,2036.29,1380.51,7178.4
2022-23,09,Uttar Pradesh,2023-01,2023-01-01,1645.73,2522.01,2339.76,1091.22,7755.39
2022-23,09,Uttar Pradesh,2023-02,2023-02-01,1793.78,2280.25,2033.08,1471.94,7431.0
2022-23,09,Uttar Pradesh,2023-03,2023-03-01,1793.78,2465.8,2351.29,1002.59,7613.46
2022-23,10,Bihar,2022-04,2022-04-01,313.8,767.19,179.25,67.4,1470.63
2022-23,10,Bihar,2022-05,2022-05-01,314.79,546.19,149.81,167.77,1177.57
2022-23,10,Bihar,2022-06,2022-06-01,336.69,541.69,187.93,187.65,1232.0600000000002
2022-23,10,Bihar,2022-07,2022-07-01,371.52,584.56,166.7,175.6,1263.55
2022-23,10,Bihar,2022-08,2022-08-01,341.37,573.8,181.49,143.79,1270.6
2022-23,10,Bihar,2022-09,2022-09-01,328.06,554.05,382.82,187.69,1465.93
2022-23,10,Bihar,2022-10,2022-10-01,378.25,542.11,302.52,171.48,1344.17
2022-23,10,Bihar,2022-11,2022-11-01,358.84,605.03,163.53,169.78,1316.59
2022-23,10,Bihar,2022-12,2022-12-01,427.89,592.73,169.85,187.8,1309.2199999999998
2022-23,10,Bihar,2023-01,2023-01-01,444.99,702.78,161.84,161.26,1453.77
2022-23,10,Bihar,2023-02,2023-02-01,480.13,668.09,191.3,194.94,1499.32
2022-23,10,Bihar,2023-03,2023-03-01,480.13,865.22,209.13,189.61,1744.0900000000001
2022-23,11,Sikkim,2022-04,2022-04-01,17.4,48.38,183.65,0.11,263.82000000000005
2022-23,11,Sikkim,2022-05,2022-05-01,15.47,22.85,238.21,0.18,278.64000000000004
2022-23,11,Sikkim,2022-06,2022-06-01,15.59,20.03,220.79,0.08,256.36999999999995
2022-23,11,Sikkim,2022-07,2022-07-01,14.11,21.98,211.29,0.02,248.88
2022-23,11,Sikkim,2022-08,2022-08-01,14.68,18.88,213.9,0.01,246.89999999999998
2022-23,11,Sikkim,2022-09,2022-09-01,21.56,20.5,249.51,0.05,284.74
2022-23,11,Sikkim,2022-10,2022-10-01,17.8,26.35,217.27,0.02,265.2
2022-23,11,Sikkim,2022-11,2022-11-01,15.58,22.7,168.79,0.13,209.42
2022-23,11,Sikkim,2022-12,2022-12-01,18.75,19.67,255.01,0.05,290.31
2022-23,11,Sikkim,2023-01,2023-01-01,21.61,24.93,240.14,0.18,284.0
2022-23,11,Sikkim,2023-02,2023-02-01,19.62,27.33,216.04,0.06,265.04
2022-23,11,Sikkim,2023-03,2023-03-01,19.62,27.89,214.86,0.05,262.42
2022-23,12,Arunachal Pradesh,2022-04,2022-04-01,31.52,93.2,22.82,0.22,196.21
2022-23,12,Arunachal Pradesh,2022-05,2022-05-01,19.55,41.17,8.82,0.12,81.63
2022-23,12,Arunachal Pradesh,2022-06,2022-06-01,22.58,28.08,10.71,0.18,58.519999999999996
2022-23,12,Arunachal Pradesh,2022-07,2022-07-01,21.57,29.44,13.13,0.26,65.41
2022-23,12,Arunachal Pradesh,2022-08,2022-08-01,21.55,28.55,9.02,0.16,59.3
2022-23,12,Arunachal Pradesh,2022-09,2022-09-01,22.76,32.55,9.63,0.18,63.91
2022-23,12,Arunachal Pradesh,2022-10,2022-10-01,22.34,29.28,12.57,0.22,64.83000000000001
2022-23,12,Arunachal Pradesh,2022-11,2022-11-01,24.61,29.12,10.81,0.13,62.400000000000006
2022-23,12,Arunachal Pradesh,2022-12,2022-12-01,29.79,32.32,10.26,0.03,67.22
2022-23,12,Arunachal Pradesh,2023-01,2023-01-01,29.07,38.8,12.28,0.11,80.98
2022-23,12,Arunachal Pradesh,2023-02,2023-02-01,59.8,39.71,9.09,0.15,78.02000000000001
2022-23,12,Arunachal Pradesh,2023-03,2023-03-01,59.8,71.97,12.23,0.44,144.43999999999997
2022-23,13,Nagaland,2022-04,2022-04-01,14.96,28.29,12.03,5.5,68.03999999999999
2022-23,13,Nagaland,2022-05,2022-05-01,10.11,18.55,11.24,4.38,49.13000000000001
2022-23,13,Nagaland,2022-06,2022-06-01,10.86,13.45,7.74,2.28,33.58
2022-23,13,Nagaland,2022-07,2022-07-01,10.79,13.64,12.06,5.09,41.650000000000006
2022-23,13,Nagaland,2022-08,2022-08-01,17.3,13.34,10.13,3.46,37.72
2022-23,13,Nagaland,2022-09,2022-09-01,14.2,21.17,7.96,2.68,49.11
2022-23,13,Nagaland,2022-10,2022-10-01,10.3,16.27,11.44,1.36,43.269999999999996
2022-23,13,Nagaland,2022-11,2022-11-01,14.73,13.27,8.08,1.85,33.5
2022-23,13,Nagaland,2022-12,2022-12-01,19.27,20.09,6.4,2.49,43.71
2022-23,13,Nagaland,2023-01,2023-01-01,13.66,23.29,9.18,3.45,55.190000000000005
2022-23,13,Nagaland,2023-02,2023-02-01,16.88,21.89,13.01,5.11,53.669999999999995
2022-23,13,Nagaland,2023-03,2023-03-01,16.88,24.57,9.91,6.3,57.66
2022-23,14,Manipur,2022-04,2022-04-01,17.45,35.67,6.8,0.6,68.97
2022-23,14,Manipur,2022-05,2022-05-01,14.62,25.94,3.86,0.21,47.46
2022-23,14,Manipur,2022-06,2022-06-01,16.9,20.68,3.43,0.06,38.79
2022-23,14,Manipur,2022-07,2022-07-01,12.12,23.74,4.18,0.19,45.01
2022-23,14,Manipur,2022-08,2022-08-01,14.24,17.54,4.84,0.04,34.54
2022-23,14,Manipur,2022-09,2022-09-01,18.56,18.94,5.26,0.03,38.47
2022-23,14,Manipur,2022-10,2022-10-01,16.76,23.33,7.47,0.14,49.5
2022-23,14,Manipur,2022-11,2022-11-01,16.16,24.6,9.04,0.04,50.44
2022-23,14,Manipur,2022-12,2022-12-01,24.94,25.39,4.08,0.03,45.66
2022-23,14,Manipur,2023-01,2023-01-01,23.59,37.08,4.49,0.54,67.05
2022-23,14,Manipur,2023-02,2023-02-01,24.79,34.77,5.33,0.03,63.72
2022-23,14,Manipur,2023-03,2023-03-01,24.79,32.94,6.89,0.61,65.22999999999999
2022-23,15,Mizoram,2022-04,2022-04-01,8.84,24.49,4.48,0.09,46.34
2022-23,15,Mizoram,2022-05,2022-05-01,8.71,14.38,1.77,0.01,25.0
2022-23,15,Mizoram,2022-06,2022-06-01,9.89,14.31,2.75,0.08,25.85
2022-23,15,Mizoram,2022-07,2022-07-01,10.78,13.72,2.96,0.03,26.6
2022-23,15,Mizoram,2022-08,2022-08-01,9.13,14.29,3.19,0.05,28.310000000000002
2022-23,15,Mizoram,2022-09,2022-09-01,8.58,12.0,2.76,0.04,23.93
2022-23,15,Mizoram,2022-10,2022-10-01,8.35,11.88,3.99,0.02,24.470000000000002
2022-23,15,Mizoram,2022-11,2022-11-01,7.66,12.11,3.32,0.01,23.790000000000003
2022-23,15,Mizoram,2022-12,2022-12-01,14.33,12.94,2.11,0.04,22.75
2022-23,15,Mizoram,2023-01,2023-01-01,20.92,26.28,2.91,0.16,43.67999999999999
2022-23,15,Mizoram,2023-02,2023-02-01,26.18,33.01,3.62,0.03,57.58
2022-23,15,Mizoram,2023-03,2023-03-01,26.18,40.36,3.69,0.06,70.28999999999999
2022-23,16,Tripura,2022-04,2022-04-01,23.44,53.61,12.04,0.58,106.86
2022-23,16,Tripura,2022-05,2022-05-01,20.75,33.84,7.8,0.25,65.33
2022-23,16,Tripura,2022-06,2022-06-01,23.83,28.0,13.84,0.4,62.99
2022-23,16,Tripura,2022-07,2022-07-01,20.58,32.59,6.95,0.1,63.470000000000006
2022-23,16,Tripura,2022-08,2022-08-01,24.12,26.59,8.43,0.22,55.82
2022-23,16,Tripura,2022-09,2022-09-01,27.66,31.5,8.93,0.22,64.77000000000001
2022-23,16,Tripura,2022-10,2022-10-01,22.64,36.06,12.05,0.45,76.22
2022-23,16,Tripura,2022-11,2022-11-01,30.81,29.59,7.11,0.27,59.61000000000001
2022-23,16,Tripura,2022-12,2022-12-01,31.63,38.72,8.15,0.04,77.72000000000001
2022-23,16,Tripura,2023-01,2023-01-01,30.22,39.92,9.11,0.31,80.97
2022-23,16,Tripura,2023-02,2023-02-01,36.33,39.2,9.74,0.15,79.31
2022-23,16,Tripura,2023-03,2023-03-01,36.33,45.02,9.03,0.05,90.42999999999999
2022-23,17,Meghalaya,2022-04,2022-04-01,29.89,58.17,117.66,2.04,226.7
2022-23,17,Meghalaya,2022-05,2022-05-01,25.48,38.21,103.77,2.59,174.46
2022-23,17,Meghalaya,2022-06,2022-06-01,25.3,30.62,91.82,4.67,152.58999999999997
2022-23,17,Meghalaya,2022-07,2022-07-01,26.59,31.81,80.12,1.1,138.33
2022-23,17,Meghalaya,2022-08,2022-08-01,30.61,31.82,88.18,0.78,147.37
2022-23,17,Meghalaya,2022-09,2022-09-01,34.54,36.13,93.49,0.85,161.08
2022-23,17,Meghalaya,2022-10,2022-10-01,27.44,38.28,89.59,1.46,163.87
2022-23,17,Meghalaya,2022-11,2022-11-01,32.47,33.28,100.03,1.05,161.8
2022-23,17,Meghalaya,2022-12,2022-12-01,40.86,40.99,96.41,1.51,171.38
2022-23,17,Meghalaya,2023-01,2023-01-01,33.39,52.32,92.17,1.87,187.22000000000003
2022-23,17,Meghalaya,2023-02,2023-02-01,41.46,43.86,111.15,0.87,189.27
2022-23,17,Meghalaya,2023-03,2023-03-01,41.46,53.68,106.03,0.59,201.76000000000002
2022-23,18,Assam,2022-04,2022-04-01,304.76,553.31,295.52,33.94,1312.52
2022-23,18,Assam,2022-05,2022-05-01,288.73,414.38,300.08,42.96,1062.18
2022-23,18,Assam,2022-06,2022-06-01,294.03,376.74,265.03,41.57,972.07
2022-23,18,Assam,2022-07,2022-07-01,323.19,382.34,302.37,61.75,1040.4899999999998
2022-23,18,Assam,2022-08,2022-08-01,334.97,411.13,269.13,51.72,1055.1699999999998
2022-23,18,Assam,2022-09,2022-09-01,323.26,424.41,362.08,35.37,1156.83
2022-23,18,Assam,2022-10,2022-10-01,302.46,424.73,425.01,70.95,1243.95
2022-23,18,Assam,2022-11,2022-11-01,324.05,391.7,343.61,42.72,1080.49
2022-23,18,Assam,2022-12,2022-12-01,353.03,405.78,366.37,53.86,1150.0599999999997
2022-23,18,Assam,2023-01,2023-01-01,334.16,484.5,342.71,65.51,1245.75
2022-23,18,Assam,2023-02,2023-02-01,388.43,424.74,283.85,67.78,1110.53
2022-23,18,Assam,2023-03,2023-03-01,388.43,486.32,345.59,59.99,1280.33
2022-23,19,West Bengal,2022-04,2022-04-01,1396.91,2155.35,1377.17,377.04,5643.84
2022-23,19,West Bengal,2022-05,2022-05-01,1280.52,1782.84,1322.24,393.8,4895.79
2022-23,19,West Bengal,2022-06,2022-06-01,1301.46,1630.56,1061.55,358.77,4331.4
2022-23,19,West Bengal,2022-07,2022-07-01,1500.93,1663.87,1135.51,340.39,4441.2300000000005
2022-23,19,West Bengal,2022-08,2022-08-01,1488.67,1739.51,1089.35,269.75,4599.54
2022-23,19,West Bengal,2022-09,2022-09-01,1575.46,1778.42,1156.85,380.39,4804.330000000001
2022-23,19,West Bengal,2022-10,2022-10-01,1312.8,1931.53,1507.6,352.11,5366.7
2022-23,19,West Bengal,2022-11,2022-11-01,1380.44,1615.48,1132.22,310.96,4371.46
2022-23,19,West Bengal,2022-12,2022-12-01,1527.82,1661.28,1148.25,392.84,4582.81
2022-23,19,West Bengal,2023-01,2023-01-01,1503.7,1863.85,1239.4,343.61,4974.679999999999
2022-23,19,West Bengal,2023-02,2023-02-01,1651.82,1803.19,1226.98,421.55,4955.420000000001
2022-23,19,West Bengal,2023-03,2023-03-01,1651.82,1888.56,1242.36,309.64,5092.38
2022-23,20,Jharkhand,2022-04,2022-04-01,443.82,773.85,1226.79,525.98,3100.08
2022-23,20,Jharkhand,2022-05,2022-05-01,408.77,607.97,963.42,452.86,2468.07
2022-23,20,Jharkhand,2022-06,2022-06-01,444.86,577.79,824.36,504.23,2315.15
2022-23,20,Jharkhand,2022-07,2022-07-01,442.67,553.78,992.97,522.12,2513.73
2022-23,20,Jharkhand,2022-08,2022-08-01,442.79,566.52,1104.19,482.04,2595.42
2022-23,20,Jharkhand,2022-09,2022-09-01,507.23,580.78,1035.93,403.2,2462.7
2022-23,20,Jharkhand,2022-10,2022-10-01,442.81,668.79,942.51,381.3,2499.83
2022-23,20,Jharkhand,2022-11,2022-11-01,473.71,617.62,1064.19,426.19,2550.81
2022-23,20,Jharkhand,2022-12,2022-12-01,549.34,615.0,951.43,495.54,2535.68
2022-23,20,Jharkhand,2023-01,2023-01-01,562.3,714.53,1136.28,532.22,2932.37
2022-23,20,Jharkhand,2023-02,2023-02-01,588.13,757.06,1098.22,544.22,2961.8
2022-23,20,Jharkhand,2023-03,2023-03-01,588.13,779.68,1213.5,502.11,3083.42
2022-23,21,Odisha,2022-04,2022-04-01,978.25,1714.78,1092.05,722.4,4910.23
2022-23,21,Odisha,2022-05,2022-05-01,1063.33,1174.02,1105.51,697.97,3955.75
2022-23,21,Odisha,2022-06,2022-06-01,959.04,1247.63,847.93,806.39,3965.2799999999997
2022-23,21,Odisha,2022-07,2022-07-01,871.95,1111.69,872.98,707.9,3651.61
2022-23,21,Odisha,2022-08,2022-08-01,770.86,1019.81,1252.07,740.07,3883.9
2022-23,21,Odisha,2022-09,2022-09-01,856.48,938.18,1337.61,718.52,3765.1699999999996
2022-23,21,Odisha,2022-10,2022-10-01,845.79,1058.48,1139.59,714.89,3769.44
2022-23,21,Odisha,2022-11,2022-11-01,856.46,1014.82,1577.15,724.5,4162.26
2022-23,21,Odisha,2022-12,2022-12-01,1056.42,1033.36,1212.43,752.04,3854.29
2022-23,21,Odisha,2023-01,2023-01-01,1012.89,1260.34,1163.66,775.17,4255.59
2022-23,21,Odisha,2023-02,2023-02-01,1146.15,1205.89,1508.96,791.61,4519.35
2022-23,21,Odisha,2023-03,2023-03-01,1146.15,1432.38,1447.91,722.58,4749.02
2022-23,22,Chhattisgarh,2022-04,2022-04-01,508.34,787.74,865.32,658.58,2977.25
2022-23,22,Chhattisgarh,2022-05,2022-05-01,533.74,604.47,938.4,576.21,2627.42
2022-23,22,Chhattisgarh,2022-06,2022-06-01,540.49,628.26,977.0,635.41,2774.41
2022-23,22,Chhattisgarh,2022-07,2022-07-01,480.02,636.53,926.77,591.17,2694.96
2022-23,22,Chhattisgarh,2022-08,2022-08-01,434.54,558.45,869.19,533.96,2441.62
2022-23,22,Chhattisgarh,2022-09,2022-09-01,478.98,504.73,841.15,488.71,2269.13
2022-23,22,Chhattisgarh,2022-10,2022-10-01,462.02,565.2,834.59,449.61,2328.38
2022-23,22,Chhattisgarh,2022-11,2022-11-01,512.0,552.64,910.16,523.65,2448.47
2022-23,22,Chhattisgarh,2022-12,2022-12-01,572.17,588.23,897.89,587.24,2585.3599999999997
2022-23,22,Chhattisgarh,2023-01,2023-01-01,539.96,680.9,871.48,670.91,2795.46
2022-23,22,Chhattisgarh,2023-02,2023-02-01,590.21,657.77,1122.82,688.71,3009.26
2022-23,22,Chhattisgarh,2023-03,2023-03-01,590.21,723.72,1066.31,636.47,3016.71
2022-23,23,Madhya Pradesh,2022-04,2022-04-01,603.24,1102.12,876.76,510.31,3339.39
2022-23,23,Madhya Pradesh,2022-05,2022-05-01,583.13,833.01,752.36,557.87,2746.48
2022-23,23,Madhya Pradesh,2022-06,2022-06-01,661.46,809.89,808.68,635.66,2837.3599999999997
2022-23,23,Madhya Pradesh,2022-07,2022-07-01,615.21,902.21,828.16,574.19,2966.02
2022-23,23,Madhya Pradesh,2022-08,2022-08-01,599.53,805.1,775.36,618.59,2814.26
2022-23,23,Madhya Pradesh,2022-09,2022-09-01,634.98,769.13,753.42,589.1,2711.18
2022-23,23,Madhya Pradesh,2022-10,2022-10-01,706.66,840.68,900.19,544.34,2920.19
2022-23,23,Madhya Pradesh,2022-11,2022-11-01,733.4,916.86,707.39,558.81,2889.72
2022-23,23,Madhya Pradesh,2022-12,2022-12-01,816.84,911.41,824.79,608.95,3078.55
2022-23,23,Madhya Pradesh,2023-01,2023-01-01,792.85,1029.33,907.28,594.31,3347.7599999999998
2022-23,23,Madhya Pradesh,2023-02,2023-02-01,830.32,973.62,818.25,649.82,3234.5400000000004
2022-23,23,Madhya Pradesh,2023-03,2023-03-01,830.32,1043.19,908.88,563.9,3346.2900000000004
2022-23,24,Gujarat,2022-04,2022-04-01,2634.17,3901.62,3578.04,480.97,11264.119999999999
2022-23,24,Gujarat,2022-05,2022-05-01,2454.92,3097.14,3053.15,536.88,9321.339999999998
2022-23,24,Gujarat,2022-06,2022-06-01,2527.0,2967.56,3252.83,531.27,9206.58
2022-23,24,Gujarat,2022-07,2022-07-01,2346.33,3036.04,3085.08,534.43,9182.55
2022-23,24,Gujarat,2022-08,2022-08-01,2329.4,2818.0,3017.91,502.05,8684.289999999999
2022-23,24,Gujarat,2022-09,2022-09-01,2451.32,2808.04,3356.73,525.89,9020.06
2022-23,24,Gujarat,2022-10,2022-10-01,2583.1,3015.26,3461.02,541.47,9469.07
2022-23,24,Gujarat,2022-11,2022-11-01,2574.07,3109.07,3056.62,584.61,9333.400000000001
2022-23,24,Gujarat,2022-12,2022-12-01,2768.12,3067.59,2971.47,625.19,9238.32
2022-23,24,Gujarat,2023-01,2023-01-01,2658.26,3328.03,3262.0,650.48,10008.63
2022-23,24,Gujarat,2023-02,2023-02-01,2774.52,3215.75,3034.4,665.87,9574.28
2022-23,24,Gujarat,2023-03,2023-03-01,2774.52,3437.6,3219.06,487.66,9918.84
2022-23,25,Daman and Diu,2022-04,2022-04-01,0.13,0.04,0.09,0.0,0.16999999999999998
2022-23,25,Daman and Diu,2022-05,2022-05-01,0.03,0.13,0.18,0.0,0.44
2022-23,25,Daman and Diu,2022-06,2022-06-01,0.01,0.03,0.21,0.0,0.27
2022-23,25,Daman and Diu,2022-07,2022-07-01,0.03,0.01,0.13,0.0,0.15
2022-23,25,Daman and Diu,2022-08,2022-08-01,0.01,0.03,0.83,0.0,0.8899999999999999
2022-23,25,Daman and Diu,2022-09,2022-09-01,0.01,0.0,0.07,0.0,0.08
2022-23,25,Daman and Diu,2022-10,2022-10-01,0.03,0.01,0.1,0.0,0.12000000000000001
2022-23,25,Daman and Diu,2022-11,2022-11-01,0.13,0.03,0.14,0.0,0.2
2022-23,25,Daman and Diu,2022-12,2022-12-01,0.02,0.02,0.07,0.0,0.22
2022-23,25,Daman and Diu,2023-01,2023-01-01,0.01,0.02,0.17,0.0,0.21000000000000002
2022-23,25,Daman and Diu,2023-02,2023-02-01,0.03,0.01,0.09,0.0,0.11
2022-23,25,Daman and Diu,2023-03,2023-03-01,0.03,0.03,0.01,0.0,0.06999999999999999
2022-23,26,Dadra and Nagar Haveli,2022-04,2022-04-01,43.08,59.06,273.74,1.27,380.58
2022-23,26,Dadra and Nagar Haveli,2022-05,2022-05-01,55.71,55.13,199.51,2.26,299.98
2022-23,26,Dadra and Nagar Haveli,2022-06,2022-06-01,38.49,67.23,225.34,1.41,349.69
2022-23,26,Dadra and Nagar Haveli,2022-07,2022-07-01,39.27,51.08,222.81,0.99,313.37
2022-23,26,Dadra and Nagar Haveli,2022-08,2022-08-01,38.67,50.06,219.83,0.93,310.09000000000003
2022-23,26,Dadra and Nagar Haveli,2022-09,2022-09-01,37.64,47.51,225.21,0.48,311.87
2022-23,26,Dadra and Nagar Haveli,2022-10,2022-10-01,36.1,50.87,190.01,0.26,278.78
2022-23,26,Dadra and Nagar Haveli,2022-11,2022-11-01,42.85,46.23,221.08,0.93,304.34000000000003
2022-23,26,Dadra and Nagar Haveli,2022-12,2022-12-01,39.06,51.41,222.96,0.1,317.32000000000005
2022-23,26,Dadra and Nagar Haveli,2023-01,2023-01-01,40.64,49.54,222.78,1.22,312.6
2022-23,26,Dadra and Nagar Haveli,2023-02,2023-02-01,44.15,52.23,189.98,0.39,283.24
2022-23,26,Dadra and Nagar Haveli,2023-03,2023-03-01,44.15,56.63,207.9,0.34,309.02
2022-23,27,Maharashtra,2022-04,2022-04-01,5650.29,8573.0,9884.7,1731.29,27494.64
2022-23,27,Maharashtra,2022-05,2022-05-01,6184.24,6607.17,6530.69,1524.63,20312.78
2022-23,27,Maharashtra,2022-06,2022-06-01,5524.67,7409.87,7108.14,1639.17,22341.42
2022-23,27,Maharashtra,2022-07,2022-07-01,5211.34,6578.04,8248.54,1777.46,22128.71
2022-23,27,Maharashtra,2022-08,2022-08-01,5794.85,6071.41,6162.5,1417.57,18862.82
2022-23,27,Maharashtra,2022-09,2022-09-01,5761.79,6803.36,7247.78,1556.84,21402.829999999998
2022-23,27,Maharashtra,2022-10,2022-10-01,5828.63,6827.22,8805.38,1642.86,23037.25
2022-23,27,Maharashtra,2022-11,2022-11-01,6472.84,6780.17,7289.38,1712.33,21610.510000000002
2022-23,27,Maharashtra,2022-12,2022-12-01,6454.59,7519.13,7894.07,1712.07,23598.11
2022-23,27,Maharashtra,2023-01,2023-01-01,6204.49,7420.48,8831.81,1805.72,24512.6
2022-23,27,Maharashtra,2023-02,2023-02-01,6486.49,7319.61,7072.0,1753.31,22349.41
2022-23,27,Maharashtra,2023-03,2023-03-01,6486.49,7622.28,6952.14,1634.0,22694.91
2022-23,29,Karnataka,2022-04,2022-04-01,2111.77,3520.29,4354.76,1085.43,11820.0
2022-23,29,Karnataka,2022-05,2022-05-01,2069.87,2658.02,3408.4,1053.85,9232.04
2022-23,29,Karnataka,2022-06,2022-06-01,2233.33,2589.9,3241.16,943.96,8844.89
2022-23,29,Karnataka,2022-07,2022-07-01,2297.13,2808.12,3543.11,1210.04,9794.599999999999
2022-23,29,Karnataka,2022-08,2022-08-01,2230.65,2840.9,3451.11,993.86,9583.000000000002
2022-23,29,Karnataka,2022-09,2022-09-01,2342.9,2778.74,3706.5,1044.58,9760.47
2022-23,29,Karnataka,2022-10,2022-10-01,2241.31,2968.77,4453.47,1231.2,10996.34
2022-23,29,Karnataka,2022-11,2022-11-01,2374.13,2861.04,3958.75,1177.36,10238.460000000001
2022-23,29,Karnataka,2022-12,2022-12-01,2641.77,2950.47,3607.08,1128.89,10060.57
2022-23,29,Karnataka,2023-01,2023-01-01,2451.55,3282.91,4374.15,1023.19,11322.02
2022-23,29,Karnataka,2023-02,2023-02-01,2594.2,3042.81,3940.93,1373.87,10809.16
2022-23,29,Karnataka,2023-03,2023-03-01,2594.2,3127.52,3562.23,1076.14,10360.089999999998
2022-23,30,Goa,2022-04,2022-04-01,125.94,183.7,148.98,3.09,469.7799999999999
2022-23,30,Goa,2022-05,2022-05-01,109.79,167.24,163.48,4.13,460.78999999999996
2022-23,30,Goa,2022-06,2022-06-01,112.94,154.2,160.45,4.2,428.64
2022-23,30,Goa,2022-07,2022-07-01,105.03,153.19,162.92,3.44,432.48999999999995
2022-23,30,Goa,2022-08,2022-08-01,119.79,139.59,129.56,1.32,375.5
2022-23,30,Goa,2022-09,2022-09-01,112.31,158.79,148.51,2.39,429.47999999999996
2022-23,30,Goa,2022-10,2022-10-01,120.32,154.31,149.6,3.34,419.56
2022-23,30,Goa,2022-11,2022-11-01,125.81,160.92,163.37,2.73,447.34000000000003
2022-23,30,Goa,2022-12,2022-12-01,158.29,162.79,168.83,2.71,460.14000000000004
2022-23,30,Goa,2023-01,2023-01-01,140.62,214.46,212.02,4.82,589.59
2022-23,30,Goa,2023-02,2023-02-01,143.75,180.31,168.32,3.31,492.56
2022-23,30,Goa,2023-03,2023-03-01,143.75,188.93,178.56,3.35,514.59
2022-23,31,Lakshadweep,2022-04,2022-04-01,0.31,1.77,0.08,0.0,3.04
2022-23,31,Lakshadweep,2022-05,2022-05-01,0.15,0.33,0.03,0.0,0.67
2022-23,31,Lakshadweep,2022-06,2022-06-01,0.7,0.41,0.08,0.0,0.6399999999999999
2022-23,31,Lakshadweep,2022-07,2022-07-01,0.15,0.89,0.03,0.0,1.6199999999999999
2022-23,31,Lakshadweep,2022-08,2022-08-01,1.4,0.16,0.05,0.0,0.36
2022-23,31,Lakshadweep,2022-09,2022-09-01,0.47,1.41,0.11,0.0,2.9199999999999995
2022-23,31,Lakshadweep,2022-10,2022-10-01,0.13,1.03,0.85,0.0,2.35
2022-23,31,Lakshadweep,2022-11,2022-11-01,0.41,0.18,0.17,0.0,0.48
2022-23,31,Lakshadweep,2022-12,2022-12-01,0.59,0.45,0.06,0.0,0.9199999999999999
2022-23,31,Lakshadweep,2023-01,2023-01-01,1.33,0.62,0.97,0.0,2.1799999999999997
2022-23,31,Lakshadweep,2023-02,2023-02-01,1.22,1.37,0.29,0.0,2.99
2022-23,31,Lakshadweep,2023-03,2023-03-01,1.22,1.27,0.22,0.0,2.7100000000000004
2022-23,32,Kerala,2022-04,2022-04-01,697.48,1153.07,686.4,5.21,2689.01
2022-23,32,Kerala,2022-05,2022-05-01,730.7,952.62,411.4,2.56,2064.06
2022-23,32,Kerala,2022-06,2022-06-01,742.78,981.77,442.2,6.23,2160.9
2022-23,32,Kerala,2022-07,2022-07-01,706.88,1000.18,410.71,7.56,2161.23
2022-23,32,Kerala,2022-08,2022-08-01,767.25,910.94,414.92,2.96,2035.7000000000003
2022-23,32,Kerala,2022-09,2022-09-01,777.96,1015.12,460.25,3.35,2245.97
2022-23,32,Kerala,2022-10,2022-10-01,761.22,1002.27,695.68,9.17,2485.08
2022-23,32,Kerala,2022-11,2022-11-01,752.52,989.25,337.56,6.05,2094.0800000000004
2022-23,32,Kerala,2022-12,2022-12-01,879.32,1005.39,417.15,10.28,2185.34
2022-23,32,Kerala,2023-01,2023-01-01,807.48,1184.35,490.13,16.6,2570.4
2022-23,32,Kerala,2023-02,2023-02-01,810.65,1051.55,464.58,2.07,2325.6800000000003
2022-23,32,Kerala,2023-03,2023-03-01,810.65,1064.15,476.1,3.01,2353.9100000000003
2022-23,33,Tamil Nadu,2022-04,2022-04-01,2056.7,3440.26,2924.95,762.98,9724.15
2022-23,33,Tamil Nadu,2022-05,2022-05-01,2042.37,2720.28,2488.5,644.37,7909.849999999999
2022-23,33,Tamil Nadu,2022-06,2022-06-01,2189.61,2682.24,2623.9,678.74,8027.25
2022-23,33,Tamil Nadu,2022-07,2022-07-01,2240.05,2947.07,2643.33,669.3,8449.31
2022-23,33,Tamil Nadu,2022-08,2022-08-01,2251.22,2956.35,2411.6,778.3,8386.3
2022-23,33,Tamil Nadu,2022-09,2022-09-01,2328.64,2965.31,2782.02,638.16,8636.71
2022-23,33,Tamil Nadu,2022-10,2022-10-01,2252.19,3124.26,3366.18,720.62,9539.7
2022-23,33,Tamil Nadu,2022-11,2022-11-01,2225.1,2966.23,2655.55,677.47,8551.44
2022-23,33,Tamil Nadu,2022-12,2022-12-01,2365.18,2854.59,2599.97,644.59,8324.25
2022-23,33,Tamil Nadu,2023-01,2023-01-01,2346.19,3110.61,2755.18,578.23,8809.199999999999
2022-23,33,Tamil Nadu,2023-02,2023-02-01,2467.74,3161.86,2581.5,684.37,8773.92
2022-23,33,Tamil Nadu,2023-03,2023-03-01,2467.74,3424.06,2779.24,574.12,9245.16
2022-23,34,Puducherry,2022-04,2022-04-01,21.84,44.95,132.3,0.59,205.76000000000002
2022-23,34,Puducherry,2022-05,2022-05-01,24.61,33.31,125.56,0.41,181.12
2022-23,34,Puducherry,2022-06,2022-06-01,25.27,37.94,119.72,0.18,182.45
2022-23,34,Puducherry,2022-07,2022-07-01,26.09,39.11,133.49,0.52,198.39000000000001
2022-23,34,Puducherry,2022-08,2022-08-01,25.7,37.53,136.45,0.15,200.22
2022-23,34,Puducherry,2022-09,2022-09-01,25.38,39.69,122.22,0.82,188.43
2022-23,34,Puducherry,2022-10,2022-10-01,24.05,38.32,139.38,0.63,203.70999999999998
2022-23,34,Puducherry,2022-11,2022-11-01,23.78,37.59,147.29,0.43,209.36
2022-23,34,Puducherry,2022-12,2022-12-01,26.99,35.7,131.65,0.58,191.71
2022-23,34,Puducherry,2023-01,2023-01-01,26.44,42.24,148.15,2.82,220.2
2022-23,34,Puducherry,2023-02,2023-02-01,25.14,39.72,121.94,0.04,188.14
2022-23,34,Puducherry,2023-03,2023-03-01,25.14,36.84,140.66,1.19,203.82999999999998
2022-23,35,Andaman and Nicobar Island,2022-04,2022-04-01,8.48,42.84,7.12,0.08,87.42
2022-23,35,Andaman and Nicobar Island,2022-05,2022-05-01,7.9,11.66,4.17,0.02,24.330000000000002
2022-23,35,Andaman and Nicobar Island,2022-06,2022-06-01,8.31,11.12,3.32,0.02,22.36
2022-23,35,Andaman and Nicobar Island,2022-07,2022-07-01,5.02,11.47,3.5,0.13,23.41
2022-23,35,Andaman and Nicobar Island,2022-08,2022-08-01,13.32,8.06,2.65,0.01,15.74
2022-23,35,Andaman and Nicobar Island,2022-09,2022-09-01,7.9,15.81,3.67,0.31,33.11000000000001
2022-23,35,Andaman and Nicobar Island,2022-10,2022-10-01,8.12,11.05,4.45,0.01,23.410000000000004
2022-23,35,Andaman and Nicobar Island,2022-11,2022-11-01,7.23,10.54,3.89,0.03,22.58
2022-23,35,Andaman and Nicobar Island,2022-12,2022-12-01,9.76,10.66,3.08,0.07,21.04
2022-23,35,Andaman and Nicobar Island,2023-01,2023-01-01,11.23,16.24,5.5,0.05,31.55
2022-23,35,Andaman and Nicobar Island,2023-02,2023-02-01,14.05,15.35,3.99,0.12,30.69
2022-23,35,Andaman and Nicobar Island,2023-03,2023-03-01,14.05,18.57,4.59,0.16,37.370000000000005
2022-23,36,Telangana,2022-04,2022-04-01,942.49,1662.97,1524.18,497.15,4955.36
2022-23,36,Telangana,2022-05,2022-05-01,932.8,1244.99,1250.89,543.3,3981.67
2022-23,36,Telangana,2022-06,2022-06-01,1234.98,1241.44,1143.25,583.97,3901.46
2022-23,36,Telangana,2022-07,2022-07-01,894.78,1562.39,1275.93,474.16,4547.46
2022-23,36,Telangana,2022-08,2022-08-01,975.62,1182.75,1269.6,523.89,3871.0199999999995
2022-23,36,Telangana,2022-09,2022-09-01,990.42,1289.17,1139.9,510.06,3914.75
2022-23,36,Telangana,2022-10,2022-10-01,1030.6,1353.92,1413.3,526.39,4284.030000000001
2022-23,36,Telangana,2022-11,2022-11-01,1052.69,1388.3,1286.6,522.54,4228.039999999999
2022-23,36,Telangana,2022-12,2022-12-01,1159.52,1361.11,1214.74,549.36,4177.9
2022-23,36,Telangana,2023-01,2023-01-01,1088.63,1576.56,1427.89,577.04,4741.01
2022-23,36,Telangana,2023-02,2023-02-01,1267.97,1429.93,1306.85,598.52,4423.93
2022-23,36,Telangana,2023-03,2023-03-01,1267.97,1583.09,1378.89,574.19,4804.139999999999
2022-23,37,Andhra Pradesh,2022-04,2022-04-01,742.18,1294.48,1388.74,380.97,4067.12
2022-23,37,Andhra Pradesh,2022-05,2022-05-01,739.75,972.51,945.11,386.9,3046.7000000000003
2022-23,37,Andhra Pradesh,2022-06,2022-06-01,829.8,965.12,1026.83,254.81,2986.5099999999998
2022-23,37,Andhra Pradesh,2022-07,2022-07-01,765.97,1081.57,1170.92,326.67,3408.96
2022-23,37,Andhra Pradesh,2022-08,2022-08-01,758.91,996.86,1133.78,275.95,3172.5599999999995
2022-23,37,Andhra Pradesh,2022-09,2022-09-01,793.83,987.76,1106.97,277.88,3131.5200000000004
2022-23,37,Andhra Pradesh,2022-10,2022-10-01,741.27,1049.08,1421.34,315.04,3579.29
2022-23,37,Andhra Pradesh,2022-11,2022-11-01,756.99,978.05,1127.12,287.11,3133.5499999999997
2022-23,37,Andhra Pradesh,2022-12,2022-12-01,840.83,972.23,1162.86,290.33,3182.41
2022-23,37,Andhra Pradesh,2023-01,2023-01-01,792.12,1133.24,1277.88,182.71,3434.6600000000003
2022-23,37,Andhra Pradesh,2023-02,2023-02-01,820.2,1030.71,1249.36,485.15,3557.3399999999997
2022-23,37,Andhra Pradesh,2023-03,2023-03-01,820.2,1080.18,1301.15,330.31,3531.84
2022-23,38,Ladakh,2022-04,2022-04-01,4.15,23.34,4.51,0.24,47.18
2022-23,38,Ladakh,2022-05,2022-05-01,4.39,6.66,1.49,0.13,12.430000000000001
2022-23,38,Ladakh,2022-06,2022-06-01,6.93,6.25,2.56,0.01,13.21
2022-23,38,Ladakh,2022-07,2022-07-01,6.55,9.14,3.88,0.04,19.99
2022-23,38,Ladakh,2022-08,2022-08-01,6.76,8.98,3.6,0.03,19.160000000000004
2022-23,38,Ladakh,2022-09,2022-09-01,11.25,8.76,3.79,0.0,19.31
2022-23,38,Ladakh,2022-10,2022-10-01,17.84,18.27,3.82,0.11,33.449999999999996
2022-23,38,Ladakh,2022-11,2022-11-01,9.96,29.26,2.76,0.09,49.95
2022-23,38,Ladakh,2022-12,2022-12-01,17.06,12.68,2.79,0.08,25.509999999999998
2022-23,38,Ladakh,2023-01,2023-01-01,9.78,23.87,5.09,0.07,46.089999999999996
2022-23,38,Ladakh,2023-02,2023-02-01,8.68,12.58,1.82,0.04,24.22
2022-23,38,Ladakh,2023-03,2023-03-01,8.68,11.49,2.36,0.09,22.62
2022-23,97,Other Territory,2022-04,2022-04-01,10.86,19.14,179.88,0.0,216.12
2022-23,97,Other Territory,2022-05,2022-05-01,6.81,12.3,161.38,0.0,184.54
2022-23,97,Other Territory,2022-06,2022-06-01,6.98,9.51,188.97,0.0,205.29
2022-23,97,Other Territory,2022-07,2022-07-01,7.26,10.47,198.99,0.0,216.44
2022-23,97,Other Territory,2022-08,2022-08-01,7.63,13.47,202.91,0.0,223.64
2022-23,97,Other Territory,2022-09,2022-09-01,13.73,12.86,181.67,0.01,202.17
2022-23,97,Other Territory,2022-10,2022-10-01,9.49,19.49,194.17,0.0,227.39
2022-23,97,Other Territory,2022-11,2022-11-01,14.31,16.94,157.25,0.0,183.68
2022-23,97,Other Territory,2022-12,2022-12-01,11.65,20.54,214.15,0.0,249.0
2022-23,97,Other Territory,2023-01,2023-01-01,5.75,16.81,213.19,0.0,241.65
2022-23,97,Other Territory,2023-02,2023-02-01,24.39,13.49,191.51,0.0,210.75
2022-23,97,Other Territory,2023-03,2023-03-01,24.39,36.22,188.07,0.0,248.68
2022-23,99,CBIC,2022-04,2022-04-01,0.0,0.0,166.94,0.0,166.94
2022-23,99,CBIC,2022-05,2022-05-01,0.0,0.0,140.29,0.0,140.29
2022-23,99,CBIC,2022-06,2022-06-01,0.0,0.0,143.42,0.0,143.42
2022-23,99,CBIC,2022-07,2022-07-01,0.0,0.0,161.76,0.0,161.76
2022-23,99,CBIC,2022-08,2022-08-01,0.0,0.0,205.01,0.0,205.01
2022-23,99,CBIC,2022-09,2022-09-01,0.0,0.0,182.12,0.0,182.12
2022-23,99,CBIC,2022-10,2022-10-01,0.0,0.0,140.19,0.0,140.19
2022-23,99,CBIC,2022-11,2022-11-01,0.0,0.0,153.59,0.0,153.59
2022-23,99,CBIC,2022-12,2022-12-01,0.0,0.0,178.63,0.0,178.63
2022-23,99,CBIC,2023-01,2023-01-01,0.0,0.0,173.21,0.0,173.21
2022-23,99,CBIC,2023-02,2023-02-01,0.0,0.0,153.67,0.0,153.67
2022-23,99,CBIC,2023-03,2023-03-01,0.0,0.0,142.15,0.0,142.15
2023-24,1,Jammu and Kashmir,2023-04,2023-04-01,114.27,394.05,116.08,8.33,803.48
2023-24,1,Jammu and Kashmir,2023-05,2023-05-01,194.37,178.17,119.75,9.65,421.84
2023-24,1,Jammu and Kashmir,2023-06,2023-06-01,162.69,256.92,125.42,11.97,588.6800000000001
2023-24,1,Jammu and Kashmir,2023-07,2023-07-01,146.52,234.0,141.35,10.98,549.02
2023-24,1,Jammu and Kashmir,2023-08,2023-08-01,162.28,220.48,146.06,10.03,523.0899999999999
2023-24,1,Jammu and Kashmir,2023-09,2023-09-01,167.86,231.32,161.05,8.73,563.3800000000001
2023-24,1,Jammu and Kashmir,2023-10,2023-10-01,132.65,246.67,171.27,7.35,593.15
2023-24,1,Jammu and Kashmir,2023-11,2023-11-01,156.74,198.39,134.83,3.39,469.26
2023-24,1,Jammu and Kashmir,2023-12,2023-12-01,175.19,228.33,105.05,2.09,492.21000000000004
2023-24,1,Jammu and Kashmir,2024-01,2024-01-01,181.07,260.64,127.75,3.05,566.6299999999999
2023-24,1,Jammu and Kashmir,2024-02,2024-02-01,200.79,231.34,115.7,3.91,532.02
2023-24,1,Jammu and Kashmir,2024-03,2024-03-01,200.79,264.52,129.96,6.13,601.4
2023-24,2,Himachal Pradesh,2023-04,2023-04-01,138.72,301.06,439.84,2.24,956.74
2023-24,2,Himachal Pradesh,2023-05,2023-05-01,165.04,188.75,499.13,1.85,828.45
2023-24,2,Himachal Pradesh,2023-06,2023-06-01,162.58,225.72,446.91,2.94,840.6100000000001
2023-24,2,Himachal Pradesh,2023-07,2023-07-01,132.33,232.94,518.77,2.56,916.8499999999999
2023-24,2,Himachal Pradesh,2023-08,2023-08-01,136.28,181.75,409.73,1.35,725.1600000000001
2023-24,2,Himachal Pradesh,2023-09,2023-09-01,176.15,183.62,461.66,2.01,783.5699999999999
2023-24,2,Himachal Pradesh,2023-10,2023-10-01,128.64,231.7,476.15,1.25,885.25
2023-24,2,Himachal Pradesh,2023-11,2023-11-01,141.12,185.23,487.01,1.15,802.03
2023-24,2,Himachal Pradesh,2023-12,2023-12-01,168.2,198.6,403.18,1.72,744.6200000000001
2023-24,2,Himachal Pradesh,2024-01,2024-01-01,145.6,238.15,466.29,1.94,874.5800000000002
2023-24,2,Himachal Pradesh,2024-02,2024-02-01,165.61,203.86,395.82,0.81,746.0899999999999
2023-24,2,Himachal Pradesh,2024-03,2024-03-01,165.61,225.35,459.77,1.05,851.78
2023-24,3,Punjab,2023-04,2023-04-01,406.31,860.42,816.16,45.02,2316.25
2023-24,3,Punjab,2023-05,2023-05-01,505.12,638.02,663.11,37.04,1744.48
2023-24,3,Punjab,2023-06,2023-06-01,489.38,726.45,694.14,40.22,1965.93
2023-24,3,Punjab,2023-07,2023-07-01,419.86,727.31,739.82,43.9,2000.4100000000003
2023-24,3,Punjab,2023-08,2023-08-01,444.81,602.96,758.99,30.95,1812.76
2023-24,3,Punjab,2023-09,2023-09-01,470.96,661.17,725.66,33.92,1865.56
2023-24,3,Punjab,2023-10,2023-10-01,502.0,686.86,791.37,32.08,1981.27
2023-24,3,Punjab,2023-11,2023-11-01,450.57,708.39,1032.71,21.85,2264.95
2023-24,3,Punjab,2023-12,2023-12-01,539.02,668.71,738.23,17.41,1874.92
2023-24,3,Punjab,2024-01,2024-01-01,468.33,777.29,847.71,25.07,2189.09
2023-24,3,Punjab,2024-02,2024-02-01,503.96,631.39,834.26,21.15,1955.13
2023-24,3,Punjab,2024-03,2024-03-01,503.96,716.53,840.79,29.04,2090.3199999999997
2023-24,4,Chandigarh,2023-04,2023-04-01,36.95,62.83,143.44,1.83,254.6
2023-24,4,Chandigarh,2023-05,2023-05-01,50.51,48.26,171.78,2.37,259.36
2023-24,4,Chandigarh,2023-06,2023-06-01,41.23,64.25,111.55,0.76,227.07
2023-24,4,Chandigarh,2023-07,2023-07-01,37.83,56.72,118.26,0.86,217.07
2023-24,4,Chandigarh,2023-08,2023-08-01,41.25,51.46,101.76,1.36,192.41000000000003
2023-24,4,Chandigarh,2023-09,2023-09-01,42.45,51.74,124.82,1.25,219.06
2023-24,4,Chandigarh,2023-10,2023-10-01,40.08,53.7,112.06,1.66,209.87
2023-24,4,Chandigarh,2023-11,2023-11-01,42.3,49.67,120.1,0.45,210.29999999999998
2023-24,4,Chandigarh,2023-12,2023-12-01,51.96,56.61,181.57,0.3,280.78000000000003
2023-24,4,Chandigarh,2024-01,2024-01-01,42.95,72.16,122.36,5.09,251.57000000000002
2023-24,4,Chandigarh,2024-02,2024-02-01,51.59,58.94,106.97,2.11,210.97000000000003
2023-24,4,Chandigarh,2024-03,2024-03-01,51.59,62.54,121.84,2.18,238.15
2023-24,5,Uttarakhand,2023-04,2023-04-01,307.4,554.33,1191.84,14.94,2148.43
2023-24,5,Uttarakhand,2023-05,2023-05-01,327.37,411.49,702.97,9.32,1431.18
2023-24,5,Uttarakhand,2023-06,2023-06-01,318.28,438.6,745.08,11.5,1522.5500000000002
2023-24,5,Uttarakhand,2023-07,2023-07-01,309.16,415.18,863.17,10.49,1607.1200000000001
2023-24,5,Uttarakhand,2023-08,2023-08-01,268.34,382.06,653.02,8.68,1352.92
2023-24,5,Uttarakhand,2023-09,2023-09-01,379.42,387.27,725.58,11.17,1392.3600000000001
2023-24,5,Uttarakhand,2023-10,2023-10-01,313.35,550.34,894.56,10.1,1834.4199999999998
2023-24,5,Uttarakhand,2023-11,2023-11-01,294.06,485.55,791.52,10.21,1600.63
2023-24,5,Uttarakhand,2023-12,2023-12-01,303.5,421.38,744.4,9.83,1469.67
2023-24,5,Uttarakhand,2024-01,2024-01-01,298.65,447.97,850.48,14.51,1616.46
2023-24,5,Uttarakhand,2024-02,2024-02-01,353.87,439.69,776.22,10.61,1525.1699999999998
2023-24,5,Uttarakhand,2024-03,2024-03-01,353.87,481.09,885.31,9.37,1729.6399999999999
2023-24,6,Haryana,2023-04,2023-04-01,1227.5,1871.45,6228.45,511.19,10035.41
2023-24,6,Haryana,2023-05,2023-05-01,1329.12,1543.74,4053.2,425.5,7249.94
2023-24,6,Haryana,2023-06,2023-06-01,1222.74,1694.81,4427.96,536.3,7988.19
2023-24,6,Haryana,2023-07,2023-07-01,1209.92,1609.86,4571.32,549.03,7952.95
2023-24,6,Haryana,2023-08,2023-08-01,1187.63,1584.52,4199.02,672.05,7665.510000000001
2023-24,6,Haryana,2023-09,2023-09-01,1338.39,1559.34,4645.48,616.53,8008.98
2023-24,6,Haryana,2023-10,2023-10-01,1415.4,1772.88,4907.34,697.23,8715.84
2023-24,6,Haryana,2023-11,2023-11-01,1247.99,1778.52,5868.5,669.6,9732.02
2023-24,6,Haryana,2023-12,2023-12-01,1466.22,1577.16,4728.68,575.72,8129.55
2023-24,6,Haryana,2024-01,2024-01-01,1315.33,1855.13,5719.89,580.52,9621.760000000002
2023-24,6,Haryana,2024-02,2024-02-01,1428.35,1720.33,4642.79,590.79,8269.24
2023-24,6,Haryana,2024-03,2024-03-01,1428.35,1766.53,5733.67,616.52,9545.07
2023-24,7,Delhi,2023-04,2023-04-01,1117.48,1637.88,3240.97,83.05,6320.38
2023-24,7,Delhi,2023-05,2023-05-01,990.07,1295.06,2622.68,112.22,5147.44
2023-24,7,Delhi,2023-06,2023-06-01,1029.98,1161.86,2489.68,102.51,4744.12
2023-24,7,Delhi,2023-07,2023-07-01,939.32,1221.42,3053.18,100.8,5405.38
2023-24,7,Delhi,2023-08,2023-08-01,1040.61,1113.4,2471.29,95.49,4619.5
2023-24,7,Delhi,2023-09,2023-09-01,1209.78,1209.07,2490.2,108.67,4848.549999999999
2023-24,7,Delhi,2023-10,2023-10-01,1081.54,1425.11,5006.97,111.68,7753.540000000001
2023-24,7,Delhi,2023-11,2023-11-01,1012.06,1275.82,2880.33,109.38,5347.07
2023-24,7,Delhi,2023-12,2023-12-01,1151.74,1204.79,2793.12,111.37,5121.339999999999
2023-24,7,Delhi,2024-01,2024-01-01,1098.07,1389.93,3101.1,131.4,5774.17
2023-24,7,Delhi,2024-02,2024-02-01,1225.07,1300.18,3025.19,120.52,5543.960000000001
2023-24,7,Delhi,2024-03,2024-03-01,1225.07,1412.73,3057.59,124.55,5819.9400000000005
2023-24,8,Rajasthan,2023-04,2023-04-01,1077.56,1741.02,1525.78,146.23,4785.349999999999
2023-24,8,Rajasthan,2023-05,2023-05-01,1100.47,1385.88,1337.91,122.23,3923.5800000000004
2023-24,8,Rajasthan,2023-06,2023-06-01,1088.63,1394.85,1271.81,124.87,3891.9999999999995
2023-24,8,Rajasthan,2023-07,2023-07-01,1011.96,1380.13,1408.09,111.14,3987.9900000000002
2023-24,8,Rajasthan,2023-08,2023-08-01,1046.2,1264.81,1250.22,99.33,3626.3199999999997
2023-24,8,Rajasthan,2023-09,2023-09-01,1075.1,1321.4,1346.26,155.27,3869.1300000000006
2023-24,8,Rajasthan,2023-10,2023-10-01,1161.72,1370.52,1407.04,193.11,4045.77
2023-24,8,Rajasthan,2023-11,2023-11-01,1077.08,1489.09,1839.87,191.22,4681.900000000001
2023-24,8,Rajasthan,2023-12,2023-12-01,1270.85,1384.78,1191.11,174.56,3827.5299999999993
2023-24,8,Rajasthan,2024-01,2024-01-01,1136.53,1601.07,1477.37,175.88,4525.17
2023-24,8,Rajasthan,2024-02,2024-02-01,1291.86,1428.73,1459.46,186.53,4211.25
2023-24,8,Rajasthan,2024-03,2024-03-01,1291.86,1768.59,1565.7,171.96,4798.11
2023-24,9,Uttar Pradesh,2023-04,2023-04-01,1744.59,3476.02,2987.57,1270.18,10320.45
2023-24,9,Uttar Pradesh,2023-05,2023-05-01,1869.7,2383.89,2270.8,1069.08,7468.36
2023-24,9,Uttar Pradesh,2023-06,2023-06-01,1995.75,2562.73,2308.25,1363.47,8104.150000000001
2023-24,9,Uttar Pradesh,2023-07,2023-07-01,1765.56,2750.54,2608.52,1447.22,8802.029999999999
2023-24,9,Uttar Pradesh,2023-08,2023-08-01,1862.38,2378.42,2059.48,1265.01,7468.469999999999
2023-24,9,Uttar Pradesh,2023-09,2023-09-01,2052.32,2517.55,2143.03,1321.48,7844.4400000000005
2023-24,9,Uttar Pradesh,2023-10,2023-10-01,1863.64,2811.1,2677.14,1423.89,8964.449999999999
2023-24,9,Uttar Pradesh,2023-11,2023-11-01,1833.84,2744.22,3029.79,1335.51,8973.16
2023-24,9,Uttar Pradesh,2023-12,2023-12-01,2096.95,2539.32,2314.44,1323.0,8010.6
2023-24,9,Uttar Pradesh,2024-01,2024-01-01,1889.91,2880.7,2432.66,1185.31,8595.619999999999
2023-24,9,Uttar Pradesh,2024-02,2024-02-01,2262.43,2515.07,2321.3,1327.55,8053.830000000001
2023-24,9,Uttar Pradesh,2024-03,2024-03-01,2262.43,2974.26,2626.33,1224.0,9087.02
2023-24,10,Bihar,2023-04,2023-04-01,365.17,796.14,209.28,123.81,1625.2099999999998
2023-24,10,Bihar,2023-05,2023-05-01,419.22,623.01,175.35,202.36,1365.8899999999999
2023-24,10,Bihar,2023-06,2023-06-01,410.38,653.73,179.64,184.47,1437.0600000000002
2023-24,10,Bihar,2023-07,2023-07-01,395.43,717.86,181.51,178.06,1487.81
2023-24,10,Bihar,2023-08,2023-08-01,383.83,653.58,175.97,153.8,1378.78
2023-24,10,Bihar,2023-09,2023-09-01,380.28,647.26,175.88,189.69,1396.6599999999999
2023-24,10,Bihar,2023-10,2023-10-01,395.98,639.26,190.9,195.87,1406.31
2023-24,10,Bihar,2023-11,2023-11-01,404.35,645.71,211.57,135.16,1388.42
2023-24,10,Bihar,2023-12,2023-12-01,421.19,690.78,202.77,189.27,1487.17
2023-24,10,Bihar,2024-01,2024-01-01,399.29,721.14,261.4,161.35,1565.08
2023-24,10,Bihar,2024-02,2024-02-01,553.52,689.37,214.36,188.08,1491.1
2023-24,10,Bihar,2024-03,2024-03-01,553.52,1057.39,239.56,140.93,1991.4
2023-24,11,Sikkim,2023-04,2023-04-01,25.83,110.17,236.94,0.12,425.99
2023-24,11,Sikkim,2023-05,2023-05-01,20.7,30.59,277.96,0.04,334.42
2023-24,11,Sikkim,2023-06,2023-06-01,21.94,25.27,241.49,0.05,287.51000000000005
2023-24,11,Sikkim,2023-07,2023-07-01,25.52,29.51,262.42,0.1,313.97
2023-24,11,Sikkim,2023-08,2023-08-01,25.05,41.79,252.16,0.02,319.49
2023-24,11,Sikkim,2023-09,2023-09-01,21.97,29.34,260.3,0.03,314.71999999999997
2023-24,11,Sikkim,2023-10,2023-10-01,19.4,30.75,273.35,0.03,326.1
2023-24,11,Sikkim,2023-11,2023-11-01,17.32,23.35,190.73,0.09,233.57
2023-24,11,Sikkim,2023-12,2023-12-01,19.32,20.48,215.86,0.01,253.67000000000002
2023-24,11,Sikkim,2024-01,2024-01-01,19.07,22.89,252.87,0.1,295.18
2023-24,11,Sikkim,2024-02,2024-02-01,22.2,23.3,256.68,0.13,299.18
2023-24,11,Sikkim,2024-03,2024-03-01,22.2,32.58,248.44,0.15,303.37
2023-24,12,Arunachal Pradesh,2023-04,2023-04-01,49.56,122.08,15.12,0.33,238.37000000000003
2023-24,12,Arunachal Pradesh,2023-05,2023-05-01,35.46,60.13,10.36,0.24,120.28999999999999
2023-24,12,Arunachal Pradesh,2023-06,2023-06-01,28.3,46.61,8.49,0.05,90.60999999999999
2023-24,12,Arunachal Pradesh,2023-07,2023-07-01,30.8,37.08,8.25,0.06,73.69
2023-24,12,Arunachal Pradesh,2023-08,2023-08-01,30.56,39.7,11.88,0.04,82.42
2023-24,12,Arunachal Pradesh,2023-09,2023-09-01,28.01,37.01,13.56,0.04,81.17
2023-24,12,Arunachal Pradesh,2023-10,2023-10-01,32.41,35.87,22.53,0.1,86.50999999999999
2023-24,12,Arunachal Pradesh,2023-11,2023-11-01,38.45,39.56,19.76,0.5,92.23
2023-24,12,Arunachal Pradesh,2023-12,2023-12-01,28.83,45.85,12.17,0.21,96.68
2023-24,12,Arunachal Pradesh,2024-01,2024-01-01,36.82,35.79,12.18,0.09,76.89000000000001
2023-24,12,Arunachal Pradesh,2024-02,2024-02-01,69.45,48.36,15.72,0.12,101.02000000000001
2023-24,12,Arunachal Pradesh,2024-03,2024-03-01,69.45,79.58,18.44,0.17,167.64
2023-24,13,Nagaland,2023-04,2023-04-01,15.44,35.65,15.33,9.15,88.10000000000001
2023-24,13,Nagaland,2023-05,2023-05-01,30.69,21.15,10.76,4.64,51.989999999999995
2023-24,13,Nagaland,2023-06,2023-06-01,13.83,33.84,10.47,4.2,79.2
2023-24,13,Nagaland,2023-07,2023-07-01,18.9,18.19,7.99,2.94,42.95
2023-24,13,Nagaland,2023-08,2023-08-01,15.06,22.62,7.65,2.32,51.489999999999995
2023-24,13,Nagaland,2023-09,2023-09-01,17.99,23.26,9.51,3.75,51.58
2023-24,13,Nagaland,2023-10,2023-10-01,23.46,21.91,6.94,2.17,49.01
2023-24,13,Nagaland,2023-11,2023-11-01,15.46,29.24,11.06,2.8,66.56
2023-24,13,Nagaland,2023-12,2023-12-01,16.64,19.76,7.43,2.96,45.61
2023-24,13,Nagaland,2024-01,2024-01-01,15.41,22.73,8.19,3.59,51.150000000000006
2023-24,13,Nagaland,2024-02,2024-02-01,31.19,21.24,10.53,4.03,51.21
2023-24,13,Nagaland,2024-03,2024-03-01,31.19,37.19,10.18,4.03,82.59
2023-24,14,Manipur,2023-04,2023-04-01,13.33,49.85,6.32,0.28,90.72
2023-24,14,Manipur,2023-05,2023-05-01,25.0,23.45,2.45,0.2,39.43000000000001
2023-24,14,Manipur,2023-06,2023-06-01,15.65,31.53,3.83,0.0,60.36
2023-24,14,Manipur,2023-07,2023-07-01,13.97,22.53,3.82,0.04,42.04
2023-24,14,Manipur,2023-08,2023-08-01,23.47,20.64,5.2,0.53,40.34
2023-24,14,Manipur,2023-09,2023-09-01,28.98,29.23,3.57,0.13,56.400000000000006
2023-24,14,Manipur,2023-10,2023-10-01,13.64,32.63,7.63,0.58,69.82
2023-24,14,Manipur,2023-11,2023-11-01,18.53,18.82,7.15,0.13,39.74
2023-24,14,Manipur,2023-12,2023-12-01,18.16,25.12,6.2,0.05,49.900000000000006
2023-24,14,Manipur,2024-01,2024-01-01,18.92,27.83,9.87,0.56,56.419999999999995
2023-24,14,Manipur,2024-02,2024-02-01,26.06,28.4,8.08,0.15,55.55
2023-24,14,Manipur,2024-03,2024-03-01,26.06,35.48,7.51,0.15,69.2
2023-24,15,Mizoram,2023-04,2023-04-01,13.72,40.78,4.7,0.07,70.92999999999999
2023-24,15,Mizoram,2023-05,2023-05-01,19.64,20.89,3.38,0.03,38.02
2023-24,15,Mizoram,2023-06,2023-06-01,14.07,31.45,4.23,0.05,55.370000000000005
2023-24,15,Mizoram,2023-07,2023-07-01,11.67,22.03,2.97,0.07,39.14
2023-24,15,Mizoram,2023-08,2023-08-01,9.89,17.28,2.91,0.05,31.910000000000004
2023-24,15,Mizoram,2023-09,2023-09-01,14.87,14.78,2.69,0.03,27.390000000000004
2023-24,15,Mizoram,2023-10,2023-10-01,9.2,20.98,3.53,0.06,39.440000000000005
2023-24,15,Mizoram,2023-11,2023-11-01,10.02,14.11,9.19,0.03,32.53
2023-24,15,Mizoram,2023-12,2023-12-01,15.09,14.7,2.02,0.1,26.84
2023-24,15,Mizoram,2024-01,2024-01-01,18.92,20.69,2.85,0.05,38.68
2023-24,15,Mizoram,2024-02,2024-02-01,18.25,27.04,3.36,0.02,49.34
2023-24,15,Mizoram,2024-03,2024-03-01,18.25,28.71,3.21,0.07,50.24
2023-24,16,Tripura,2023-04,2023-04-01,27.76,69.95,13.53,0.47,133.38
2023-24,16,Tripura,2023-05,2023-05-01,29.19,39.55,7.04,0.32,74.67
2023-24,16,Tripura,2023-06,2023-06-01,31.03,38.54,7.35,0.08,75.16
2023-24,16,Tripura,2023-07,2023-07-01,26.99,39.53,6.97,0.57,78.1
2023-24,16,Tripura,2023-08,2023-08-01,26.96,35.84,15.37,0.04,78.24000000000001
2023-24,16,Tripura,2023-09,2023-09-01,30.68,34.77,11.24,0.33,73.3
2023-24,16,Tripura,2023-10,2023-10-01,27.35,40.82,19.78,0.05,91.33
2023-24,16,Tripura,2023-11,2023-11-01,29.45,35.74,19.93,0.13,83.15
2023-24,16,Tripura,2023-12,2023-12-01,30.17,40.47,9.26,0.06,79.24000000000001
2023-24,16,Tripura,2024-01,2024-01-01,33.3,38.57,11.68,0.3,80.72000000000001
2023-24,16,Tripura,2024-02,2024-02-01,44.74,41.57,10.26,0.14,85.27000000000001
2023-24,16,Tripura,2024-03,2024-03-01,44.74,56.67,19.23,0.09,120.73
2023-24,17,Meghalaya,2023-04,2023-04-01,42.55,69.48,116.72,2.08,239.42000000000002
2023-24,17,Meghalaya,2023-05,2023-05-01,36.79,55.6,113.41,2.74,214.3
2023-24,17,Meghalaya,2023-06,2023-06-01,44.42,44.02,111.31,2.03,194.15
2023-24,17,Meghalaya,2023-07,2023-07-01,42.84,50.42,80.23,0.29,175.35999999999999
2023-24,17,Meghalaya,2023-08,2023-08-01,34.91,49.95,88.45,7.43,188.67000000000002
2023-24,17,Meghalaya,2023-09,2023-09-01,34.23,41.48,85.48,2.9,164.77
2023-24,17,Meghalaya,2023-10,2023-10-01,32.16,41.88,65.94,0.26,142.31
2023-24,17,Meghalaya,2023-11,2023-11-01,35.07,41.1,87.89,1.47,162.61999999999998
2023-24,17,Meghalaya,2023-12,2023-12-01,43.7,44.48,88.93,2.8,171.28000000000003
2023-24,17,Meghalaya,2024-01,2024-01-01,44.25,58.93,97.2,0.56,200.39
2023-24,17,Meghalaya,2024-02,2024-02-01,48.63,53.02,95.65,0.4,193.32000000000002
2023-24,17,Meghalaya,2024-03,2024-03-01,48.63,57.1,106.12,1.09,212.94000000000003
2023-24,18,Assam,2023-04,2023-04-01,356.19,607.72,360.27,64.29,1512.81
2023-24,18,Assam,2023-05,2023-05-01,390.44,487.5,322.41,51.05,1217.15
2023-24,18,Assam,2023-06,2023-06-01,360.69,471.72,294.57,56.32,1213.05
2023-24,18,Assam,2023-07,2023-07-01,350.41,450.52,299.65,71.9,1182.7600000000002
2023-24,18,Assam,2023-08,2023-08-01,361.25,440.19,305.5,51.43,1147.53
2023-24,18,Assam,2023-09,2023-09-01,409.08,448.69,311.43,53.42,1174.7900000000002
2023-24,18,Assam,2023-10,2023-10-01,365.92,521.61,316.86,65.37,1312.92
2023-24,18,Assam,2023-11,2023-11-01,363.84,457.44,331.15,77.37,1231.88
2023-24,18,Assam,2023-12,2023-12-01,419.28,461.04,337.54,140.53,1302.95
2023-24,18,Assam,2024-01,2024-01-01,403.0,559.81,296.98,96.65,1372.72
2023-24,18,Assam,2024-02,2024-02-01,477.95,507.08,292.56,186.99,1389.6299999999999
2023-24,18,Assam,2024-03,2024-03-01,477.95,596.96,350.79,117.62,1543.3200000000002
2023-24,19,West Bengal,2023-04,2023-04-01,1625.34,2416.36,1657.01,424.4,6447.24
2023-24,19,West Bengal,2023-05,2023-05-01,1594.03,1952.4,1197.47,387.08,5162.29
2023-24,19,West Bengal,2023-06,2023-06-01,1570.54,1943.64,1148.19,368.01,5053.870000000001
2023-24,19,West Bengal,2023-07,2023-07-01,1468.83,1952.69,1236.96,367.65,5127.84
2023-24,19,West Bengal,2023-08,2023-08-01,1572.17,1797.06,1166.79,367.33,4800.01
2023-24,19,West Bengal,2023-09,2023-09-01,1451.71,1897.96,1157.85,312.49,4940.469999999999
2023-24,19,West Bengal,2023-10,2023-10-01,1496.83,1839.21,1200.77,361.59,4853.280000000001
2023-24,19,West Bengal,2023-11,2023-11-01,1519.56,1800.46,1290.89,326.32,4914.5
2023-24,19,West Bengal,2023-12,2023-12-01,1721.71,1827.76,1281.08,390.33,5018.73
2023-24,19,West Bengal,2024-01,2024-01-01,1604.66,2051.65,1290.28,401.57,5465.21
2023-24,19,West Bengal,2024-02,2024-02-01,1691.71,1927.33,1341.59,483.24,5356.82
2023-24,19,West Bengal,2024-03,2024-03-01,1691.71,2029.51,1338.97,412.55,5472.740000000001
2023-24,20,Jharkhand,2023-04,2023-04-01,434.03,951.5,1450.81,591.91,3701.2299999999996
2023-24,20,Jharkhand,2023-05,2023-05-01,524.08,653.44,904.45,592.44,2584.36
2023-24,20,Jharkhand,2023-06,2023-06-01,538.84,696.62,1036.28,573.23,2830.21
2023-24,20,Jharkhand,2023-07,2023-07-01,523.4,721.04,1016.77,581.9,2858.55
2023-24,20,Jharkhand,2023-08,2023-08-01,452.34,801.7,829.0,566.73,2720.83
2023-24,20,Jharkhand,2023-09,2023-09-01,512.96,637.25,985.7,548.15,2623.44
2023-24,20,Jharkhand,2023-10,2023-10-01,510.25,690.15,1164.68,518.38,2886.17
2023-24,20,Jharkhand,2023-11,2023-11-01,493.99,714.13,933.25,475.07,2632.7000000000003
2023-24,20,Jharkhand,2023-12,2023-12-01,504.9,678.71,858.75,600.08,2631.53
2023-24,20,Jharkhand,2024-01,2024-01-01,532.74,682.61,1269.66,636.16,3093.33
2023-24,20,Jharkhand,2024-02,2024-02-01,574.63,740.27,1034.63,625.13,2932.7700000000004
2023-24,20,Jharkhand,2024-03,2024-03-01,574.63,872.88,1165.68,629.68,3242.87
2023-24,21,Odisha,2023-04,2023-04-01,1029.25,1659.57,1195.53,780.59,5035.74
2023-24,21,Odisha,2023-05,2023-05-01,1130.14,1254.92,1337.55,776.01,4397.7300000000005
2023-24,21,Odisha,2023-06,2023-06-01,1096.55,1322.65,1122.39,804.79,4379.97
2023-24,21,Odisha,2023-07,2023-07-01,1153.31,1300.33,1094.59,753.93,4245.400000000001
2023-24,21,Odisha,2023-08,2023-08-01,1010.47,1332.99,1205.2,716.77,4408.27
2023-24,21,Odisha,2023-09,2023-09-01,1051.33,1197.37,1301.31,739.97,4249.12
2023-24,21,Odisha,2023-10,2023-10-01,1080.66,1306.47,1121.7,697.44,4176.9400000000005
2023-24,21,Odisha,2023-11,2023-11-01,1071.42,1251.59,1161.06,801.77,4295.08
2023-24,21,Odisha,2023-12,2023-12-01,1186.99,1276.83,1207.11,796.06,4351.42
2023-24,21,Odisha,2024-01,2024-01-01,1232.02,1428.72,1485.86,861.59,4963.16
2023-24,21,Odisha,2024-02,2024-02-01,1380.4,1464.73,1603.46,835.6,5135.81
2023-24,21,Odisha,2024-03,2024-03-01,1380.4,1659.31,1266.47,803.15,5109.33
2023-24,22,Chhattisgarh,2023-04,2023-04-01,471.03,879.53,1183.14,687.46,3508.04
2023-24,22,Chhattisgarh,2023-05,2023-05-01,606.55,582.57,821.4,649.79,2524.79
2023-24,22,Chhattisgarh,2023-06,2023-06-01,516.0,706.2,1030.82,668.47,3012.04
2023-24,22,Chhattisgarh,2023-07,2023-07-01,604.91,627.31,1017.76,643.51,2804.58
2023-24,22,Chhattisgarh,2023-08,2023-08-01,540.97,709.86,938.64,642.49,2895.8999999999996
2023-24,22,Chhattisgarh,2023-09,2023-09-01,531.34,630.91,916.16,595.63,2683.67
2023-24,22,Chhattisgarh,2023-10,2023-10-01,536.25,636.66,966.89,546.48,2681.37
2023-24,22,Chhattisgarh,2023-11,2023-11-01,489.65,625.23,1124.17,650.06,2935.71
2023-24,22,Chhattisgarh,2023-12,2023-12-01,587.4,605.82,900.73,616.3,2612.5
2023-24,22,Chhattisgarh,2024-01,2024-01-01,597.74,700.6,1015.21,645.33,2948.54
2023-24,22,Chhattisgarh,2024-02,2024-02-01,650.44,712.07,1130.32,683.74,3123.87
2023-24,22,Chhattisgarh,2024-03,2024-03-01,650.44,757.85,1056.1,678.55,3142.9399999999996
2023-24,23,Madhya Pradesh,2023-04,2023-04-01,764.11,1286.62,1322.22,653.75,4267.04
2023-24,23,Madhya Pradesh,2023-05,2023-05-01,820.65,987.45,947.92,681.89,3381.37
2023-24,23,Madhya Pradesh,2023-06,2023-06-01,794.89,1037.27,889.85,637.44,3385.21
2023-24,23,Madhya Pradesh,2023-07,2023-07-01,765.04,1044.94,900.37,584.85,3325.0499999999997
2023-24,23,Madhya Pradesh,2023-08,2023-08-01,788.13,978.04,734.06,586.74,3063.88
2023-24,23,Madhya Pradesh,2023-09,2023-09-01,828.75,989.23,722.77,617.54,3117.67
2023-24,23,Madhya Pradesh,2023-10,2023-10-01,881.06,1060.0,827.69,609.06,3325.5
2023-24,23,Madhya Pradesh,2023-11,2023-11-01,867.98,1112.17,1016.85,635.96,3646.04
2023-24,23,Madhya Pradesh,2023-12,2023-12-01,917.95,1110.45,792.36,652.07,3422.86
2023-24,23,Madhya Pradesh,2024-01,2024-01-01,909.09,1152.45,989.98,633.3,3693.6800000000003
2023-24,23,Madhya Pradesh,2024-02,2024-02-01,994.04,1105.89,935.93,620.67,3571.58
2023-24,23,Madhya Pradesh,2024-03,2024-03-01,994.04,1207.56,1131.26,641.19,3974.0499999999997
2023-24,24,Gujarat,2023-04,2023-04-01,2729.13,4064.5,3555.91,664.43,11721.37
2023-24,24,Gujarat,2023-05,2023-05-01,2808.4,3371.18,3025.07,674.5,9799.88
2023-24,24,Gujarat,2023-06,2023-06-01,2679.04,3500.3,3134.63,676.38,10119.710000000001
2023-24,24,Gujarat,2023-07,2023-07-01,2617.37,3292.7,3184.55,631.04,9787.330000000002
2023-24,24,Gujarat,2023-08,2023-08-01,2735.32,3210.74,3288.57,648.08,9764.76
2023-24,24,Gujarat,2023-09,2023-09-01,2616.16,3399.91,3296.54,697.27,10129.04
2023-24,24,Gujarat,2023-10,2023-10-01,2981.72,3165.53,3289.85,658.64,9730.18
2023-24,24,Gujarat,2023-11,2023-11-01,2801.72,3665.77,3475.42,730.35,10853.26
2023-24,24,Gujarat,2023-12,2023-12-01,3033.7,3357.84,3044.73,669.96,9874.25
2023-24,24,Gujarat,2024-01,2024-01-01,3103.69,3627.27,3610.59,695.9,10967.46
2023-24,24,Gujarat,2024-02,2024-02-01,3210.45,3808.84,3428.24,688.12,11028.890000000001
2023-24,24,Gujarat,2024-03,2024-03-01,3210.45,3905.96,3685.87,589.96,11392.239999999998
2023-24,25,Daman and Diu,2023-04,2023-04-01,0.01,0.0,0.03,0.0,0.03
2023-24,25,Daman and Diu,2023-05,2023-05-01,0.06,0.01,0.08,0.0,0.1
2023-24,25,Daman and Diu,2023-06,2023-06-01,0.02,0.06,0.58,0.0,0.7
2023-24,25,Daman and Diu,2023-07,2023-07-01,0.03,0.02,0.17,0.0,0.21000000000000002
2023-24,25,Daman and Diu,2023-08,2023-08-01,0.02,0.03,0.01,0.0,0.06999999999999999
2023-24,25,Daman and Diu,2023-09,2023-09-01,0.03,0.02,0.02,0.0,0.06
2023-24,25,Daman and Diu,2023-10,2023-10-01,0.02,0.02,0.01,0.0,0.060000000000000005
2023-24,25,Daman and Diu,2023-11,2023-11-01,0.02,0.02,0.05,0.0,0.09
2023-24,25,Daman and Diu,2023-12,2023-12-01,0.08,0.02,0.19,0.0,0.23
2023-24,25,Daman and Diu,2024-01,2024-01-01,0.06,0.08,0.06,0.0,0.22
2023-24,25,Daman and Diu,2024-02,2024-02-01,0.17,0.06,0.26,0.0,0.38
2023-24,25,Daman and Diu,2024-03,2024-03-01,0.17,0.17,0.24,0.0,0.5800000000000001
2023-24,26,Dadra and Nagar Haveli,2023-04,2023-04-01,35.84,61.59,290.39,0.86,398.84000000000003
2023-24,26,Dadra and Nagar Haveli,2023-05,2023-05-01,41.15,47.03,239.74,1.3,323.91
2023-24,26,Dadra and Nagar Haveli,2023-06,2023-06-01,44.46,52.53,244.58,1.06,339.32
2023-24,26,Dadra and Nagar Haveli,2023-07,2023-07-01,39.16,56.15,253.04,0.28,353.92999999999995
2023-24,26,Dadra and Nagar Haveli,2023-08,2023-08-01,37.32,50.72,233.02,1.56,324.46
2023-24,26,Dadra and Nagar Haveli,2023-09,2023-09-01,42.52,46.79,265.33,0.64,350.08
2023-24,26,Dadra and Nagar Haveli,2023-10,2023-10-01,41.47,56.54,273.84,0.28,373.17999999999995
2023-24,26,Dadra and Nagar Haveli,2023-11,2023-11-01,43.28,54.58,236.36,0.15,332.56
2023-24,26,Dadra and Nagar Haveli,2023-12,2023-12-01,45.49,54.97,234.48,0.5,333.23
2023-24,26,Dadra and Nagar Haveli,2024-01,2024-01-01,46.0,57.27,293.42,0.1,396.28000000000003
2023-24,26,Dadra and Nagar Haveli,2024-02,2024-02-01,49.03,60.07,248.61,0.43,355.11
2023-24,26,Dadra and Nagar Haveli,2024-03,2024-03-01,49.03,62.48,340.19,0.21,451.90999999999997
2023-24,27,Maharashtra,2023-04,2023-04-01,6480.71,10391.91,11917.68,1884.15,33195.76
2023-24,27,Maharashtra,2023-05,2023-05-01,7381.73,7620.58,7620.23,1814.91,23536.43
2023-24,27,Maharashtra,2023-06,2023-06-01,6795.84,8453.56,8436.17,1827.32,26098.78
2023-24,27,Maharashtra,2023-07,2023-07-01,6236.95,7957.64,9499.49,1811.06,26064.030000000002
2023-24,27,Maharashtra,2023-08,2023-08-01,6841.3,7629.5,7580.58,1835.44,23282.469999999998
2023-24,27,Maharashtra,2023-09,2023-09-01,6817.12,8008.83,8479.33,1807.11,25136.57
2023-24,27,Maharashtra,2023-10,2023-10-01,6813.52,7994.85,10610.6,1886.6,27309.17
2023-24,27,Maharashtra,2023-11,2023-11-01,7527.61,7925.71,8683.46,2162.08,25584.769999999997
2023-24,27,Maharashtra,2023-12,2023-12-01,7415.45,8606.43,8655.87,2024.42,26814.33
2023-24,27,Maharashtra,2024-01,2024-01-01,7211.31,8524.74,10330.22,2071.57,28341.979999999996
2023-24,27,Maharashtra,2024-02,2024-02-01,7734.14,8470.41,9310.44,2072.53,27064.690000000002
2023-24,27,Maharashtra,2024-03,2024-03-01,7734.14,9259.19,8662.98,2031.55,27687.86
2023-24,29,Karnataka,2023-04,2023-04-01,2462.85,4298.32,5277.34,1439.14,14593.289999999999
2023-24,29,Karnataka,2023-05,2023-05-01,2568.52,3022.24,3582.08,1249.57,10316.74
2023-24,29,Karnataka,2023-06,2023-06-01,2574.96,3098.19,4143.6,1382.89,11193.2
2023-24,29,Karnataka,2023-07,2023-07-01,2479.8,3181.08,4300.3,1449.12,11505.46
2023-24,29,Karnataka,2023-08,2023-08-01,2613.67,3028.57,4193.21,1414.19,11115.770000000002
2023-24,29,Karnataka,2023-09,2023-09-01,2611.78,3468.48,4322.9,1288.02,11693.07
2023-24,29,Karnataka,2023-10,2023-10-01,2745.92,3302.93,4559.28,1496.61,11970.6
2023-24,29,Karnataka,2023-11,2023-11-01,2696.45,3312.81,4551.39,1360.03,11970.15
2023-24,29,Karnataka,2023-12,2023-12-01,3045.55,3357.31,4371.53,1333.48,11758.77
2023-24,29,Karnataka,2024-01,2024-01-01,2942.2,3715.29,5234.61,1324.8,13320.25
2023-24,29,Karnataka,2024-02,2024-02-01,3001.22,3519.92,4670.27,1682.49,12814.88
2023-24,29,Karnataka,2024-03,2024-03-01,3001.22,3664.3,4916.82,1431.37,13013.71
2023-24,30,Goa,2023-04,2023-04-01,136.32,236.84,201.01,4.51,619.6
2023-24,30,Goa,2023-05,2023-05-01,139.11,182.47,200.55,3.49,522.8299999999999
2023-24,30,Goa,2023-06,2023-06-01,131.03,178.46,158.63,4.24,480.44000000000005
2023-24,30,Goa,2023-07,2023-07-01,137.74,173.21,219.81,3.68,527.7299999999999
2023-24,30,Goa,2023-08,2023-08-01,127.65,173.71,195.88,1.69,509.02000000000004
2023-24,30,Goa,2023-09,2023-09-01,156.24,164.59,201.73,2.97,496.94000000000005
2023-24,30,Goa,2023-10,2023-10-01,140.26,197.55,172.67,3.47,529.9300000000001
2023-24,30,Goa,2023-11,2023-11-01,152.22,180.03,180.11,2.69,503.09
2023-24,30,Goa,2023-12,2023-12-01,171.97,197.72,199.85,2.86,552.65
2023-24,30,Goa,2024-01,2024-01-01,181.24,228.97,180.58,5.37,586.89
2023-24,30,Goa,2024-02,2024-02-01,166.5,223.63,172.3,3.53,580.7
2023-24,30,Goa,2024-03,2024-03-01,166.5,214.37,180.55,3.71,565.1300000000001
2023-24,31,Lakshadweep,2023-04,2023-04-01,0.07,1.07,0.84,0.0,2.82
2023-24,31,Lakshadweep,2023-05,2023-05-01,10.51,0.09,1.92,0.0,2.08
2023-24,31,Lakshadweep,2023-06,2023-06-01,0.67,10.59,0.76,0.0,21.860000000000003
2023-24,31,Lakshadweep,2023-07,2023-07-01,0.5,1.5,0.18,0.0,2.35
2023-24,31,Lakshadweep,2023-08,2023-08-01,0.65,0.45,2.49,0.0,3.4400000000000004
2023-24,31,Lakshadweep,2023-09,2023-09-01,0.08,0.78,0.17,0.0,1.6
2023-24,31,Lakshadweep,2023-10,2023-10-01,0.12,1.25,0.16,0.0,1.49
2023-24,31,Lakshadweep,2023-11,2023-11-01,0.72,0.13,0.16,0.0,0.41000000000000003
2023-24,31,Lakshadweep,2023-12,2023-12-01,0.12,0.93,2.12,0.0,3.77
2023-24,31,Lakshadweep,2024-01,2024-01-01,0.82,0.15,1.14,0.0,1.41
2023-24,31,Lakshadweep,2024-02,2024-02-01,0.8,0.93,0.16,0.0,1.91
2023-24,31,Lakshadweep,2024-03,2024-03-01,0.8,1.2,0.22,0.0,2.22
2023-24,32,Kerala,2023-04,2023-04-01,802.24,1365.59,607.29,13.57,3010.02
2023-24,32,Kerala,2023-05,2023-05-01,1029.68,1040.19,451.68,3.32,2297.4300000000003
2023-24,32,Kerala,2023-06,2023-06-01,846.91,1284.25,407.81,3.35,2725.09
2023-24,32,Kerala,2023-07,2023-07-01,825.5,1093.31,438.67,2.34,2381.23
2023-24,32,Kerala,2023-08,2023-08-01,873.38,1035.4,443.0,2.07,2305.9700000000003
2023-24,32,Kerala,2023-09,2023-09-01,836.91,1167.48,460.94,3.21,2505.01
2023-24,32,Kerala,2023-10,2023-10-01,873.74,1095.84,481.72,3.64,2418.11
2023-24,32,Kerala,2023-11,2023-11-01,865.21,1089.15,547.94,3.9,2514.73
2023-24,32,Kerala,2023-12,2023-12-01,958.29,1121.53,465.73,5.19,2457.6600000000003
2023-24,32,Kerala,2024-01,2024-01-01,939.96,1285.59,523.97,8.52,2776.3700000000003
2023-24,32,Kerala,2024-02,2024-02-01,929.52,1230.52,512.44,4.76,2687.6800000000003
2023-24,32,Kerala,2024-03,2024-03-01,929.52,1158.49,506.9,3.01,2597.9200000000005
2023-24,33,Tamil Nadu,2023-04,2023-04-01,2398.49,3682.12,3821.2,897.78,11558.820000000002
2023-24,33,Tamil Nadu,2023-05,2023-05-01,2574.6,3101.15,2783.83,669.3,8952.769999999999
2023-24,33,Tamil Nadu,2023-06,2023-06-01,2568.41,3253.75,3052.98,719.31,9600.64
2023-24,33,Tamil Nadu,2023-07,2023-07-01,2564.81,3300.0,3377.73,775.72,10021.859999999999
2023-24,33,Tamil Nadu,2023-08,2023-08-01,2689.9,3300.84,2887.98,721.1,9474.73
2023-24,33,Tamil Nadu,2023-09,2023-09-01,2633.13,3520.58,3486.41,784.57,10481.46
2023-24,33,Tamil Nadu,2023-10,2023-10-01,2631.64,3502.19,3844.5,781.05,10760.869999999999
2023-24,33,Tamil Nadu,2023-11,2023-11-01,2560.77,3385.39,3593.44,644.26,10254.73
2023-24,33,Tamil Nadu,2023-12,2023-12-01,2495.15,3283.37,3393.7,649.72,9887.56
2023-24,33,Tamil Nadu,2024-01,2024-01-01,2543.02,3297.6,3165.04,648.54,9606.330000000002
2023-24,33,Tamil Nadu,2024-02,2024-02-01,2875.4,3396.67,3098.21,674.6,9712.500000000002
2023-24,33,Tamil Nadu,2024-03,2024-03-01,2875.4,4058.41,3302.15,780.88,11016.839999999998
2023-24,34,Puducherry,2023-04,2023-04-01,23.75,42.41,147.32,0.19,217.98999999999998
2023-24,34,Puducherry,2023-05,2023-05-01,25.96,36.04,142.41,0.1,202.29999999999998
2023-24,34,Puducherry,2023-06,2023-06-01,27.18,41.11,143.1,0.21,210.38
2023-24,34,Puducherry,2023-07,2023-07-01,27.67,41.35,146.75,0.27,215.55
2023-24,34,Puducherry,2023-08,2023-08-01,26.26,43.35,159.9,0.33,231.25000000000003
2023-24,34,Puducherry,2023-09,2023-09-01,29.0,41.32,127.97,1.87,197.42000000000002
2023-24,34,Puducherry,2023-10,2023-10-01,28.81,41.93,139.51,1.13,211.57
2023-24,34,Puducherry,2023-11,2023-11-01,28.01,42.8,155.63,1.01,228.25
2023-24,34,Puducherry,2023-12,2023-12-01,31.45,41.12,162.21,0.61,231.95000000000002
2023-24,34,Puducherry,2024-01,2024-01-01,27.5,53.7,150.21,1.93,237.29000000000002
2023-24,34,Puducherry,2024-02,2024-02-01,29.7,41.54,161.47,0.26,230.76999999999998
2023-24,34,Puducherry,2024-03,2024-03-01,29.7,42.03,149.2,0.56,221.49
2023-24,35,Andaman and Nicobar Islands,2023-04,2023-04-01,11.82,46.41,6.02,0.09,91.92999999999999
2023-24,35,Andaman and Nicobar Islands,2023-05,2023-05-01,11.49,15.15,3.3,0.64,30.91
2023-24,35,Andaman and Nicobar Islands,2023-06,2023-06-01,7.41,16.21,8.15,0.13,35.980000000000004
2023-24,35,Andaman and Nicobar Islands,2023-07,2023-07-01,6.9,11.18,12.11,0.1,30.8
2023-24,35,Andaman and Nicobar Islands,2023-08,2023-08-01,7.6,10.18,4.12,0.03,21.23
2023-24,35,Andaman and Nicobar Islands,2023-09,2023-09-01,10.65,12.02,3.52,0.2,23.339999999999996
2023-24,35,Andaman and Nicobar Islands,2023-10,2023-10-01,11.0,13.83,4.12,0.04,28.64
2023-24,35,Andaman and Nicobar Islands,2023-11,2023-11-01,10.37,15.31,4.58,0.14,31.03
2023-24,35,Andaman and Nicobar Islands,2023-12,2023-12-01,12.67,14.24,3.67,0.04,28.32
2023-24,35,Andaman and Nicobar Islands,2024-01,2024-01-01,15.09,16.49,5.29,0.05,34.49999999999999
2023-24,35,Andaman and Nicobar Islands,2024-02,2024-02-01,12.37,19.81,4.04,0.23,39.169999999999995
2023-24,35,Andaman and Nicobar Islands,2024-03,2024-03-01,12.37,15.35,4.43,0.06,32.21
2023-24,36,Telangana,2023-04,2023-04-01,1104.21,1822.98,1838.37,543.14,5622.38
2023-24,36,Telangana,2023-05,2023-05-01,1242.12,1448.15,1391.22,563.02,4506.6
2023-24,36,Telangana,2023-06,2023-06-01,1210.5,1575.13,1326.67,537.47,4681.39
2023-24,36,Telangana,2023-07,2023-07-01,1108.72,1623.48,1453.15,561.91,4849.04
2023-24,36,Telangana,2023-08,2023-08-01,1503.13,1439.46,1369.0,475.56,4392.740000000001
2023-24,36,Telangana,2023-09,2023-09-01,1213.17,1880.52,1330.61,511.5,5225.76
2023-24,36,Telangana,2023-10,2023-10-01,1221.71,1587.59,1525.41,541.47,4867.64
2023-24,36,Telangana,2023-11,2023-11-01,1246.0,1616.74,1630.97,516.48,4985.9
2023-24,36,Telangana,2023-12,2023-12-01,1421.84,1584.54,1365.19,557.16,4752.889999999999
2023-24,36,Telangana,2024-01,2024-01-01,1418.86,1853.9,1580.23,592.25,5448.219999999999
2023-24,36,Telangana,2024-02,2024-02-01,1404.47,1742.76,1461.76,587.15,5210.53
2023-24,36,Telangana,2024-03,2024-03-01,1404.47,1837.21,1595.58,561.96,5399.22
2023-24,37,Andhra Pradesh,2023-04,2023-04-01,801.16,1348.09,1667.68,254.33,4329.38
2023-24,37,Andhra Pradesh,2023-05,2023-05-01,943.38,1048.17,1210.76,313.11,3373.2000000000003
2023-24,37,Andhra Pradesh,2023-06,2023-06-01,899.4,1187.64,1120.49,225.91,3477.42
2023-24,37,Andhra Pradesh,2023-07,2023-07-01,860.78,1198.61,1254.72,240.68,3593.4099999999994
2023-24,37,Andhra Pradesh,2023-08,2023-08-01,864.83,1122.3,1196.49,299.15,3478.72
2023-24,37,Andhra Pradesh,2023-09,2023-09-01,812.35,1123.06,1357.77,312.19,3657.85
2023-24,37,Andhra Pradesh,2023-10,2023-10-01,830.31,1099.69,1178.76,312.46,3403.26
2023-24,37,Andhra Pradesh,2023-11,2023-11-01,841.26,1163.05,1731.79,367.97,4093.12
2023-24,37,Andhra Pradesh,2023-12,2023-12-01,866.79,1116.48,1267.97,319.03,3544.74
2023-24,37,Andhra Pradesh,2024-01,2024-01-01,884.63,1143.12,1317.46,259.87,3587.24
2023-24,37,Andhra Pradesh,2024-02,2024-02-01,1022.48,1145.21,1400.43,247.83,3678.1000000000004
2023-24,37,Andhra Pradesh,2024-03,2024-03-01,1022.48,1312.44,1501.3,245.7,4081.92
2023-24,38,Ladakh,2023-04,2023-04-01,11.12,33.51,5.81,0.04,67.62
2023-24,38,Ladakh,2023-05,2023-05-01,5.5,13.72,1.53,0.05,26.42
2023-24,38,Ladakh,2023-06,2023-06-01,8.47,6.72,2.34,0.0,14.559999999999999
2023-24,38,Ladakh,2023-07,2023-07-01,9.6,11.0,3.1,0.03,22.6
2023-24,38,Ladakh,2023-08,2023-08-01,13.1,14.35,2.67,0.05,26.669999999999998
2023-24,38,Ladakh,2023-09,2023-09-01,14.29,18.39,3.38,0.11,34.980000000000004
2023-24,38,Ladakh,2023-10,2023-10-01,24.54,23.19,5.43,0.42,43.330000000000005
2023-24,38,Ladakh,2023-11,2023-11-01,21.71,34.06,3.67,0.0,62.27
2023-24,38,Ladakh,2023-12,2023-12-01,18.84,30.74,5.21,0.13,57.790000000000006
2023-24,38,Ladakh,2024-01,2024-01-01,14.85,26.05,4.22,0.07,49.18
2023-24,38,Ladakh,2024-02,2024-02-01,17.63,17.91,1.93,0.01,34.699999999999996
2023-24,38,Ladakh,2024-03,2024-03-01,17.63,20.52,3.09,0.06,41.3
2023-24,97,Other Territory,2023-04,2023-04-01,8.86,21.73,185.26,0.0,219.74
2023-24,97,Other Territory,2023-05,2023-05-01,16.14,15.86,175.97,0.0,200.69
2023-24,97,Other Territory,2023-06,2023-06-01,10.64,24.68,186.59,0.0,227.41
2023-24,97,Other Territory,2023-07,2023-07-01,8.34,19.34,195.68,0.0,225.66
2023-24,97,Other Territory,2023-08,2023-08-01,19.52,13.34,162.76,0.0,184.44
2023-24,97,Other Territory,2023-09,2023-09-01,13.8,23.38,163.66,0.0,206.56
2023-24,97,Other Territory,2023-10,2023-10-01,11.13,21.29,268.94,0.0,304.03
2023-24,97,Other Territory,2023-11,2023-11-01,17.11,16.86,193.51,0.0,221.5
2023-24,97,Other Territory,2023-12,2023-12-01,12.5,26.0,183.73,0.0,226.83999999999997
2023-24,97,Other Territory,2024-01,2024-01-01,14.38,17.57,168.01,0.0,198.07999999999998
2023-24,97,Other Territory,2024-02,2024-02-01,11.27,17.97,171.48,0.0,203.82999999999998
2023-24,97,Other Territory,2024-03,2024-03-01,11.27,13.1,171.81,0.0,196.18
2023-24,99,CBIC,2023-04,2023-04-01,0.0,0.0,186.81,0.0,186.81
2023-24,99,CBIC,2023-05,2023-05-01,0.0,0.0,187.46,0.0,187.46
2023-24,99,CBIC,2023-06,2023-06-01,0.0,0.0,179.62,0.0,179.62
2023-24,99,CBIC,2023-07,2023-07-01,0.0,0.0,209.19,0.0,209.19
2023-24,99,CBIC,2023-08,2023-08-01,0.0,0.0,193.02,0.0,193.02
2023-24,99,CBIC,2023-09,2023-09-01,0.0,0.0,195.88,0.0,195.88
2023-24,99,CBIC,2023-10,2023-10-01,0.0,0.0,199.81,0.0,199.81
2023-24,99,CBIC,2023-11,2023-11-01,0.0,0.0,222.66,0.0,222.66
2023-24,99,CBIC,2023-12,2023-12-01,0.0,0.0,243.18,0.0,243.18
2023-24,99,CBIC,2024-01,2024-01-01,0.0,0.0,236.72,0.0,236.72
2023-24,99,CBIC,2024-02,2024-02-01,0.0,0.0,231.93,0.0,231.93
2023-24,99,CBIC,2024-03,2024-03-01,0.0,0.0,220.43,0.0,220.43
2024-25,1,Jammu and Kashmir,2024-04,2024-04-01,153.56,362.34,149.88,7.35,789.21
2024-25,1,Jammu and Kashmir,2024-05,2024-05-01,158.62,224.62,135.48,11.48,525.14
2024-25,1,Jammu and Kashmir,2024-06,2024-06-01,186.25,222.84,158.16,15.44,555.0600000000001
2024-25,1,Jammu and Kashmir,2024-07,2024-07-01,150.76,257.4,168.94,16.89,629.4799999999999
2024-25,1,Jammu and Kashmir,2024-08,2024-08-01,169.87,221.31,182.59,14.32,568.98
2024-25,1,Jammu and Kashmir,2024-09,2024-09-01,166.66,236.18,182.7,10.11,598.86
2024-25,1,Jammu and Kashmir,2024-10,2024-10-01,169.06,240.77,192.74,7.67,607.84
2024-25,1,Jammu and Kashmir,2024-11,2024-11-01,153.42,247.16,164.26,5.82,586.3000000000001
2024-25,1,Jammu and Kashmir,2024-12,2024-12-01,199.36,221.49,167.62,4.31,546.8399999999999
2024-25,1,Jammu and Kashmir,2025-01,2025-01-01,143.48,290.75,153.1,6.63,649.84
2024-25,1,Jammu and Kashmir,2025-02,2025-02-01,192.47,209.81,161.95,7.29,522.53
2024-25,1,Jammu and Kashmir,2025-03,2025-03-01,192.47,256.56,137.06,8.83,594.92
2024-25,2,Himachal Pradesh,2024-04,2024-04-01,133.83,302.64,491.19,1.59,1015.12
2024-25,2,Himachal Pradesh,2024-05,2024-05-01,162.13,187.15,515.62,1.76,838.36
2024-25,2,Himachal Pradesh,2024-06,2024-06-01,173.13,219.28,501.16,3.03,885.5999999999999
2024-25,2,Himachal Pradesh,2024-07,2024-07-01,159.25,240.16,438.3,2.9,854.4899999999999
2024-25,2,Himachal Pradesh,2024-08,2024-08-01,138.45,223.24,442.59,2.12,827.1999999999999
2024-25,2,Himachal Pradesh,2024-09,2024-09-01,160.52,193.55,522.38,1.9,856.28
2024-25,2,Himachal Pradesh,2024-10,2024-10-01,166.47,230.58,473.91,1.9,866.91
2024-25,2,Himachal Pradesh,2024-11,2024-11-01,145.33,244.83,463.05,3.17,877.52
2024-25,2,Himachal Pradesh,2024-12,2024-12-01,162.25,200.51,468.0,1.78,815.62
2024-25,2,Himachal Pradesh,2025-01,2025-01-01,156.7,225.02,426.92,2.47,816.6600000000001
2024-25,2,Himachal Pradesh,2025-02,2025-02-01,166.76,217.23,490.77,4.11,868.81
2024-25,2,Himachal Pradesh,2025-03,2025-03-01,166.76,225.2,435.45,2.01,829.42
2024-25,3,Punjab,2024-04,2024-04-01,501.05,998.58,1068.86,35.16,2795.8
2024-25,3,Punjab,2024-05,2024-05-01,500.15,724.42,918.32,45.77,2189.56
2024-25,3,Punjab,2024-06,2024-06-01,541.75,730.67,1022.36,53.0,2306.18
2024-25,3,Punjab,2024-07,2024-07-01,484.67,753.19,726.03,48.11,2069.08
2024-25,3,Punjab,2024-08,2024-08-01,483.72,682.67,731.98,36.94,1936.26
2024-25,3,Punjab,2024-09,2024-09-01,524.17,680.05,734.11,35.36,1933.24
2024-25,3,Punjab,2024-10,2024-10-01,539.51,772.5,878.57,36.03,2211.2700000000004
2024-25,3,Punjab,2024-11,2024-11-01,537.38,787.29,964.82,35.56,2327.18
2024-25,3,Punjab,2024-12,2024-12-01,592.86,728.01,1001.9,26.32,2293.61
2024-25,3,Punjab,2025-01,2025-01-01,534.53,820.49,914.75,34.55,2362.65
2024-25,3,Punjab,2025-02,2025-02-01,561.85,762.61,798.13,29.63,2124.9
2024-25,3,Punjab,2025-03,2025-03-01,561.85,752.4,819.28,38.21,2171.74
2024-25,4,Chandigarh,2024-04,2024-04-01,41.51,75.48,178.47,4.26,313.03
2024-25,4,Chandigarh,2024-05,2024-05-01,44.56,54.22,138.1,3.32,237.14999999999998
2024-25,4,Chandigarh,2024-06,2024-06-01,45.25,59.64,115.93,3.38,223.51
2024-25,4,Chandigarh,2024-07,2024-07-01,49.85,62.84,124.37,0.91,233.37
2024-25,4,Chandigarh,2024-08,2024-08-01,41.16,63.85,128.7,1.37,243.76999999999998
2024-25,4,Chandigarh,2024-09,2024-09-01,46.33,53.42,99.8,2.32,196.7
2024-25,4,Chandigarh,2024-10,2024-10-01,52.26,59.18,136.66,1.2,243.36999999999998
2024-25,4,Chandigarh,2024-11,2024-11-01,49.32,73.14,121.26,6.12,252.78000000000003
2024-25,4,Chandigarh,2024-12,2024-12-01,58.0,65.6,103.17,6.06,224.14999999999998
2024-25,4,Chandigarh,2025-01,2025-01-01,47.59,81.86,122.62,8.56,271.04
2024-25,4,Chandigarh,2025-02,2025-02-01,51.76,60.66,122.2,5.25,235.7
2024-25,4,Chandigarh,2025-03,2025-03-01,51.76,67.29,118.58,2.92,240.54999999999998
2024-25,5,Uttarakhand,2024-04,2024-04-01,322.98,636.26,1132.22,10.02,2239.03
2024-25,5,Uttarakhand,2024-05,2024-05-01,323.15,475.89,1025.25,12.62,1836.7399999999998
2024-25,5,Uttarakhand,2024-06,2024-06-01,342.54,472.33,897.87,11.7,1705.05
2024-25,5,Uttarakhand,2024-07,2024-07-01,291.65,490.49,854.05,12.62,1699.6999999999998
2024-25,5,Uttarakhand,2024-08,2024-08-01,273.5,432.22,617.77,9.09,1350.7299999999998
2024-25,5,Uttarakhand,2024-09,2024-09-01,343.01,399.73,900.05,8.48,1581.76
2024-25,5,Uttarakhand,2024-10,2024-10-01,337.15,485.96,995.35,9.42,1833.7400000000002
2024-25,5,Uttarakhand,2024-11,2024-11-01,295.68,521.67,951.34,13.44,1823.6
2024-25,5,Uttarakhand,2024-12,2024-12-01,343.2,439.24,803.69,8.78,1547.39
2024-25,5,Uttarakhand,2025-01,2025-01-01,330.65,493.63,807.55,10.21,1654.59
2024-25,5,Uttarakhand,2025-02,2025-02-01,382.24,473.15,839.7,12.19,1655.69
2024-25,5,Uttarakhand,2025-03,2025-03-01,382.24,526.81,823.01,10.26,1742.32
2024-25,6,Haryana,2024-04,2024-04-01,1518.57,2172.14,7725.38,610.51,12167.67
2024-25,6,Haryana,2024-05,2024-05-01,1528.78,1949.86,5208.96,611.29,9288.68
2024-25,6,Haryana,2024-06,2024-06-01,1363.99,1936.68,4977.62,595.22,9038.3
2024-25,6,Haryana,2024-07,2024-07-01,1400.61,1819.54,5286.48,611.71,9081.719999999998
2024-25,6,Haryana,2024-08,2024-08-01,1438.42,1785.59,4770.31,666.48,8622.99
2024-25,6,Haryana,2024-09,2024-09-01,1536.29,1852.35,5972.72,693.87,9957.36
2024-25,6,Haryana,2024-10,2024-10-01,1512.02,1956.07,5864.27,688.19,10044.820000000002
2024-25,6,Haryana,2024-11,2024-11-01,1469.32,1995.5,5592.06,800.65,9900.23
2024-25,6,Haryana,2024-12,2024-12-01,1596.53,1810.99,6495.48,627.6,10403.39
2024-25,6,Haryana,2025-01,2025-01-01,1508.54,2074.47,5899.77,713.05,10283.82
2024-25,6,Haryana,2025-02,2025-02-01,1632.47,1921.14,5833.46,662.1,9925.24
2024-25,6,Haryana,2025-03,2025-03-01,1632.47,2010.72,6407.97,596.86,10648.02
2024-25,7,Delhi,2024-04,2024-04-01,1286.64,2026.77,3889.72,114.71,7771.66
2024-25,7,Delhi,2024-05,2024-05-01,1060.7,1476.93,4630.3,117.64,7511.510000000001
2024-25,7,Delhi,2024-06,2024-06-01,1106.88,1257.03,2857.88,113.78,5289.39
2024-25,7,Delhi,2024-07,2024-07-01,1107.0,1285.16,3457.07,114.87,5963.9800000000005
2024-25,7,Delhi,2024-08,2024-08-01,1165.7,1296.18,3118.28,113.06,5634.520000000001
2024-25,7,Delhi,2024-09,2024-09-01,1521.51,1334.27,3217.56,120.86,5838.39
2024-25,7,Delhi,2024-10,2024-10-01,1187.31,1738.92,5278.16,121.03,8659.62
2024-25,7,Delhi,2024-11,2024-11-01,1158.23,1432.1,3565.01,126.26,6310.68
2024-25,7,Delhi,2024-12,2024-12-01,1299.71,1352.77,2989.91,92.36,5593.2699999999995
2024-25,7,Delhi,2025-01,2025-01-01,1233.81,1592.39,3204.09,119.59,6215.780000000001
2024-25,7,Delhi,2025-02,2025-02-01,1288.36,1454.51,3285.79,100.19,6074.299999999999
2024-25,7,Delhi,2025-03,2025-03-01,1288.36,1541.12,3211.94,97.82,6139.24
2024-25,8,Rajasthan,2024-04,2024-04-01,1198.59,1889.1,1890.19,177.82,5558.01
2024-25,8,Rajasthan,2024-05,2024-05-01,1139.88,1505.61,1572.9,137.18,4414.280000000001
2024-25,8,Rajasthan,2024-06,2024-06-01,1119.78,1458.24,1527.78,128.18,4254.08
2024-25,8,Rajasthan,2024-07,2024-07-01,990.13,1436.33,1665.18,147.48,4368.7699999999995
2024-25,8,Rajasthan,2024-08,2024-08-01,1042.84,1279.8,1429.13,121.31,3820.37
2024-25,8,Rajasthan,2024-09,2024-09-01,1175.25,1343.79,1419.14,123.22,3928.9900000000002
2024-25,8,Rajasthan,2024-10,2024-10-01,1219.69,1504.72,1585.8,203.04,4468.81
2024-25,8,Rajasthan,2024-11,2024-11-01,1134.1,1599.86,1592.32,210.36,4622.23
2024-25,8,Rajasthan,2024-12,2024-12-01,1313.28,1419.19,1418.32,174.87,4146.48
2024-25,8,Rajasthan,2025-01,2025-01-01,1284.3,1631.59,1777.7,195.02,4917.59
2024-25,8,Rajasthan,2025-02,2025-02-01,1419.83,1619.47,1671.1,211.89,4786.76
2024-25,8,Rajasthan,2025-03,2025-03-01,1419.83,2048.73,1827.73,202.01,5498.3
2024-25,9,Uttar Pradesh,2024-04,2024-04-01,2020.29,4120.71,3606.43,1360.3,12290.119999999999
2024-25,9,Uttar Pradesh,2024-05,2024-05-01,2202.47,2735.6,3056.26,1279.33,9091.48
2024-25,9,Uttar Pradesh,2024-06,2024-06-01,2139.65,2906.73,3008.16,1483.76,9601.119999999999
2024-25,9,Uttar Pradesh,2024-07,2024-07-01,1969.36,2811.37,2782.45,1391.55,9125.02
2024-25,9,Uttar Pradesh,2024-08,2024-08-01,1944.85,2571.77,2424.51,1303.83,8269.470000000001
2024-25,9,Uttar Pradesh,2024-09,2024-09-01,2136.61,2527.96,2392.89,1191.12,8056.819999999999
2024-25,9,Uttar Pradesh,2024-10,2024-10-01,2072.73,2834.2,3257.72,1373.48,9602.009999999998
2024-25,9,Uttar Pradesh,2024-11,2024-11-01,1881.8,2867.65,3056.22,1435.24,9431.84
2024-25,9,Uttar Pradesh,2024-12,2024-12-01,2221.64,2535.19,2340.5,1359.5,8116.99
2024-25,9,Uttar Pradesh,2025-01,2025-01-01,2081.07,2995.11,2792.88,1505.94,9515.57
2024-25,9,Uttar Pradesh,2025-02,2025-02-01,2454.7,2731.75,2612.2,1730.45,9155.47
2024-25,9,Uttar Pradesh,2025-03,2025-03-01,2454.7,3207.19,3131.53,1162.9,9956.32
2024-25,10,Bihar,2024-04,2024-04-01,425.19,950.72,253.01,171.6,1991.78
2024-25,10,Bihar,2024-05,2024-05-01,416.93,694.56,210.87,190.55,1521.1699999999998
2024-25,10,Bihar,2024-06,2024-06-01,430.73,687.97,234.5,185.57,1524.97
2024-25,10,Bihar,2024-07,2024-07-01,426.54,739.27,213.12,185.49,1568.61
2024-25,10,Bihar,2024-08,2024-08-01,417.22,695.26,220.04,149.58,1491.4199999999998
2024-25,10,Bihar,2024-09,2024-09-01,445.54,659.53,244.41,175.62,1496.7800000000002
2024-25,10,Bihar,2024-10,2024-10-01,417.05,725.19,256.4,177.2,1604.3300000000002
2024-25,10,Bihar,2024-11,2024-11-01,407.54,760.37,214.44,168.65,1560.5100000000002
2024-25,10,Bihar,2024-12,2024-12-01,422.33,768.34,193.66,151.43,1520.9700000000003
2024-25,10,Bihar,2025-01,2025-01-01,398.73,866.25,229.57,166.21,1684.36
2024-25,10,Bihar,2025-02,2025-02-01,606.4,802.67,256.37,186.55,1644.32
2024-25,10,Bihar,2025-03,2025-03-01,606.4,1574.37,247.88,169.99,2598.6400000000003
2024-25,11,Sikkim,2024-04,2024-04-01,20.94,69.2,287.54,0.05,403.48
2024-25,11,Sikkim,2024-05,2024-05-01,20.68,25.95,264.61,0.33,311.83
2024-25,11,Sikkim,2024-06,2024-06-01,19.33,25.73,271.16,0.02,317.59000000000003
2024-25,11,Sikkim,2024-07,2024-07-01,14.2,25.4,280.16,0.11,325.00000000000006
2024-25,11,Sikkim,2024-08,2024-08-01,18.45,18.46,292.98,0.11,325.75
2024-25,11,Sikkim,2024-09,2024-09-01,23.52,22.24,283.01,0.03,323.72999999999996
2024-25,11,Sikkim,2024-10,2024-10-01,37.51,30.22,279.05,0.07,332.86
2024-25,11,Sikkim,2024-11,2024-11-01,29.21,47.22,270.71,0.07,355.50999999999993
2024-25,11,Sikkim,2024-12,2024-12-01,27.16,37.79,262.37,0.12,329.49
2024-25,11,Sikkim,2025-01,2025-01-01,22.42,36.58,292.89,0.13,356.76
2024-25,11,Sikkim,2025-02,2025-02-01,26.61,27.15,281.93,0.19,331.69
2024-25,11,Sikkim,2025-03,2025-03-01,26.61,33.16,289.35,0.29,349.41
2024-25,12,Arunachal Pradesh,2024-04,2024-04-01,36.31,100.91,18.15,0.1,200.07999999999998
2024-25,12,Arunachal Pradesh,2024-05,2024-05-01,38.28,44.52,17.23,0.21,98.27000000000001
2024-25,12,Arunachal Pradesh,2024-06,2024-06-01,31.58,45.32,7.41,0.1,91.10999999999999
2024-25,12,Arunachal Pradesh,2024-07,2024-07-01,26.63,36.97,12.16,0.06,80.77
2024-25,12,Arunachal Pradesh,2024-08,2024-08-01,34.89,34.85,11.92,0.4,73.80000000000001
2024-25,12,Arunachal Pradesh,2024-09,2024-09-01,21.08,41.91,15.14,0.08,92.02
2024-25,12,Arunachal Pradesh,2024-10,2024-10-01,24.33,25.95,11.25,0.06,58.34
2024-25,12,Arunachal Pradesh,2024-11,2024-11-01,25.91,30.88,15.54,0.15,70.9
2024-25,12,Arunachal Pradesh,2024-12,2024-12-01,34.53,31.83,12.46,0.22,70.41999999999999
2024-25,12,Arunachal Pradesh,2025-01,2025-01-01,39.28,41.2,12.84,0.17,88.74000000000001
2024-25,12,Arunachal Pradesh,2025-02,2025-02-01,71.1,49.39,12.78,0.67,102.12
2024-25,12,Arunachal Pradesh,2025-03,2025-03-01,71.1,82.86,20.03,0.2,174.18999999999997
2024-25,13,Nagaland,2024-04,2024-04-01,15.71,40.6,10.42,4.13,85.86
2024-25,13,Nagaland,2024-05,2024-05-01,16.66,19.25,6.38,3.35,44.690000000000005
2024-25,13,Nagaland,2024-06,2024-06-01,20.43,20.63,10.14,2.01,49.44
2024-25,13,Nagaland,2024-07,2024-07-01,14.76,25.58,9.89,1.69,57.589999999999996
2024-25,13,Nagaland,2024-08,2024-08-01,15.95,19.02,7.48,1.04,42.300000000000004
2024-25,13,Nagaland,2024-09,2024-09-01,15.8,20.28,11.37,0.91,48.51
2024-25,13,Nagaland,2024-10,2024-10-01,18.91,19.45,8.47,1.61,45.33
2024-25,13,Nagaland,2024-11,2024-11-01,17.36,21.38,10.04,1.52,51.85
2024-25,13,Nagaland,2024-12,2024-12-01,22.52,21.51,9.55,2.42,50.84
2024-25,13,Nagaland,2025-01,2025-01-01,19.44,27.58,12.37,2.15,64.61999999999999
2024-25,13,Nagaland,2025-02,2025-02-01,29.71,24.85,10.25,1.38,55.92000000000001
2024-25,13,Nagaland,2025-03,2025-03-01,29.71,35.72,17.76,1.46,84.65
2024-25,14,Manipur,2024-04,2024-04-01,19.66,52.61,9.95,0.08,103.98
2024-25,14,Manipur,2024-05,2024-05-01,21.1,31.59,7.23,0.02,58.50000000000001
2024-25,14,Manipur,2024-06,2024-06-01,25.85,33.87,7.05,0.07,62.089999999999996
2024-25,14,Manipur,2024-07,2024-07-01,18.36,34.22,7.57,0.02,67.66
2024-25,14,Manipur,2024-08,2024-08-01,11.62,29.04,8.12,0.03,55.55
2024-25,14,Manipur,2024-09,2024-09-01,26.84,17.5,8.69,0.01,37.81999999999999
2024-25,14,Manipur,2024-10,2024-10-01,13.3,32.75,6.99,0.02,66.6
2024-25,14,Manipur,2024-11,2024-11-01,14.9,17.64,7.24,0.04,38.22
2024-25,14,Manipur,2024-12,2024-12-01,18.54,21.28,9.55,0.12,45.85
2024-25,14,Manipur,2025-01,2025-01-01,17.37,25.46,11.44,0.14,55.58
2024-25,14,Manipur,2025-02,2025-02-01,19.07,24.0,8.96,0.06,50.39000000000001
2024-25,14,Manipur,2025-03,2025-03-01,19.07,28.07,9.7,0.15,56.99
2024-25,15,Mizoram,2024-04,2024-04-01,14.85,59.38,4.9,0.08,108.07000000000001
2024-25,15,Mizoram,2024-05,2024-05-01,14.69,21.61,2.43,0.11,39.0
2024-25,15,Mizoram,2024-06,2024-06-01,13.59,22.78,4.5,0.26,42.23
2024-25,15,Mizoram,2024-07,2024-07-01,10.12,21.07,4.11,0.11,38.879999999999995
2024-25,15,Mizoram,2024-08,2024-08-01,9.13,13.57,3.75,0.22,27.659999999999997
2024-25,15,Mizoram,2024-09,2024-09-01,18.08,12.01,4.99,0.02,26.150000000000002
2024-25,15,Mizoram,2024-10,2024-10-01,13.64,20.03,3.28,0.03,41.42
2024-25,15,Mizoram,2024-11,2024-11-01,10.95,18.49,5.73,0.02,37.88
2024-25,15,Mizoram,2024-12,2024-12-01,12.22,13.55,3.74,0.03,28.270000000000003
2024-25,15,Mizoram,2025-01,2025-01-01,15.22,16.54,5.86,0.03,34.65
2024-25,15,Mizoram,2025-02,2025-02-01,17.24,22.0,4.4,0.02,41.64
2024-25,15,Mizoram,2025-03,2025-03-01,17.24,23.44,5.59,0.04,46.309999999999995
2024-25,16,Tripura,2024-04,2024-04-01,28.32,79.81,16.43,0.04,160.62
2024-25,16,Tripura,2024-05,2024-05-01,27.03,36.03,8.09,0.12,72.56
2024-25,16,Tripura,2024-06,2024-06-01,25.96,35.62,11.45,0.07,74.16999999999999
2024-25,16,Tripura,2024-07,2024-07-01,33.37,34.71,11.21,0.08,71.96
2024-25,16,Tripura,2024-08,2024-08-01,26.5,41.3,10.48,0.02,85.16999999999999
2024-25,16,Tripura,2024-09,2024-09-01,42.83,33.69,18.16,0.38,78.72999999999999
2024-25,16,Tripura,2024-10,2024-10-01,30.43,50.36,10.46,1.34,104.99000000000001
2024-25,16,Tripura,2024-11,2024-11-01,32.48,40.0,27.87,0.03,98.33000000000001
2024-25,16,Tripura,2024-12,2024-12-01,38.09,39.84,10.63,0.11,83.05999999999999
2024-25,16,Tripura,2025-01,2025-01-01,38.83,50.51,11.8,0.48,100.88
2024-25,16,Tripura,2025-02,2025-02-01,62.24,52.27,12.1,0.13,103.32999999999998
2024-25,16,Tripura,2025-03,2025-03-01,62.24,83.9,13.24,0.12,159.50000000000003
2024-25,17,Meghalaya,2024-04,2024-04-01,37.59,75.59,94.82,0.38,233.95999999999998
2024-25,17,Meghalaya,2024-05,2024-05-01,46.24,51.64,79.8,3.05,172.08
2024-25,17,Meghalaya,2024-06,2024-06-01,33.72,54.98,78.0,1.25,180.47
2024-25,17,Meghalaya,2024-07,2024-07-01,41.27,40.16,65.98,1.66,141.52
2024-25,17,Meghalaya,2024-08,2024-08-01,35.93,45.9,67.87,0.11,155.15000000000003
2024-25,17,Meghalaya,2024-09,2024-09-01,40.81,42.96,73.63,0.36,152.88
2024-25,17,Meghalaya,2024-10,2024-10-01,37.44,51.68,71.21,0.06,163.76
2024-25,17,Meghalaya,2024-11,2024-11-01,30.47,44.21,61.93,0.1,143.68
2024-25,17,Meghalaya,2024-12,2024-12-01,48.59,36.63,79.14,3.98,150.22
2024-25,17,Meghalaya,2025-01,2025-01-01,42.48,62.87,103.09,1.56,216.11
2024-25,17,Meghalaya,2025-02,2025-02-01,71.71,53.89,117.54,0.4,214.31000000000003
2024-25,17,Meghalaya,2025-03,2025-03-01,71.71,85.42,109.89,0.67,267.69
2024-25,18,Assam,2024-04,2024-04-01,375.64,735.17,371.56,186.25,1894.56
2024-25,18,Assam,2024-05,2024-05-01,408.9,511.47,281.93,59.42,1228.46
2024-25,18,Assam,2024-06,2024-06-01,379.03,515.93,364.88,158.78,1448.49
2024-25,18,Assam,2024-07,2024-07-01,388.73,463.24,371.76,155.83,1369.86
2024-25,18,Assam,2024-08,2024-08-01,380.28,483.02,372.99,108.66,1353.4
2024-25,18,Assam,2024-09,2024-09-01,408.39,471.66,365.79,69.04,1286.77
2024-25,18,Assam,2024-10,2024-10-01,392.05,522.35,412.2,134.62,1477.56
2024-25,18,Assam,2024-11,2024-11-01,396.2,503.43,358.61,103.51,1357.6000000000001
2024-25,18,Assam,2024-12,2024-12-01,424.57,505.45,377.11,94.87,1373.63
2024-25,18,Assam,2025-01,2025-01-01,432.61,562.75,372.59,106.11,1466.0199999999998
2024-25,18,Assam,2025-02,2025-02-01,530.07,564.63,334.02,119.68,1450.94
2024-25,18,Assam,2025-03,2025-03-01,530.07,693.54,362.86,121.45,1707.9200000000003
2024-25,19,West Bengal,2024-04,2024-04-01,1619.58,2640.03,1894.17,581.31,7293.459999999999
2024-25,19,West Bengal,2024-05,2024-05-01,1526.38,2029.96,1313.96,413.48,5376.98
2024-25,19,West Bengal,2024-06,2024-06-01,1558.83,1870.94,1388.06,487.32,5272.7
2024-25,19,West Bengal,2024-07,2024-07-01,1503.35,1925.17,1310.12,462.46,5256.58
2024-25,19,West Bengal,2024-08,2024-08-01,1489.75,1846.55,1323.32,404.05,5077.2699999999995
2024-25,19,West Bengal,2024-09,2024-09-01,1624.13,1805.89,1449.56,421.51,5166.710000000001
2024-25,19,West Bengal,2024-10,2024-10-01,1568.77,2009.07,1530.67,432.96,5596.83
2024-25,19,West Bengal,2024-11,2024-11-01,1518.15,1897.28,1378.52,361.19,5205.759999999999
2024-25,19,West Bengal,2024-12,2024-12-01,1709.45,1809.4,1399.52,462.46,5189.53
2024-25,19,West Bengal,2025-01,2025-01-01,1694.4,2074.13,1591.92,457.15,5832.65
2024-25,19,West Bengal,2025-02,2025-02-01,1799.47,2029.4,1506.2,566.79,5796.79
2024-25,19,West Bengal,2025-03,2025-03-01,1799.47,2147.4,1466.0,414.15,5827.0199999999995
2024-25,20,Jharkhand,2024-04,2024-04-01,536.82,934.43,1492.99,687.71,3829.21
2024-25,20,Jharkhand,2024-05,2024-05-01,461.28,735.31,804.1,623.64,2699.87
2024-25,20,Jharkhand,2024-06,2024-06-01,558.55,639.01,1008.46,704.98,2813.73
2024-25,20,Jharkhand,2024-07,2024-07-01,527.17,740.79,1166.38,669.18,3134.9
2024-25,20,Jharkhand,2024-08,2024-08-01,492.48,669.26,983.3,670.32,2850.0499999999997
2024-25,20,Jharkhand,2024-09,2024-09-01,553.94,636.89,942.48,580.83,2652.68
2024-25,20,Jharkhand,2024-10,2024-10-01,547.05,718.96,1114.31,586.83,2974.04
2024-25,20,Jharkhand,2024-11,2024-11-01,548.53,701.59,1078.69,623.12,2950.45
2024-25,20,Jharkhand,2024-12,2024-12-01,590.87,704.9,1074.63,653.36,2981.42
2024-25,20,Jharkhand,2025-01,2025-01-01,598.2,752.58,1287.35,696.43,3327.23
2024-25,20,Jharkhand,2025-02,2025-02-01,650.86,787.04,1237.96,695.72,3318.92
2024-25,20,Jharkhand,2025-03,2025-03-01,650.86,902.31,1129.54,626.02,3308.73
2024-25,21,Odisha,2024-04,2024-04-01,1177.83,2081.83,1349.66,796.38,5902.25
2024-25,21,Odisha,2024-05,2024-05-01,1242.25,1415.25,1622.67,811.04,5026.79
2024-25,21,Odisha,2024-06,2024-06-01,1237.69,1458.96,1424.14,861.92,4987.27
2024-25,21,Odisha,2024-07,2024-07-01,1181.13,1482.22,1385.06,820.05,4925.0199999999995
2024-25,21,Odisha,2024-08,2024-08-01,1054.15,1378.12,1515.41,803.7,4878.36
2024-25,21,Odisha,2024-09,2024-09-01,1043.07,1272.75,1449.38,819.89,4596.17
2024-25,21,Odisha,2024-10,2024-10-01,1094.2,1288.1,1431.23,829.58,4591.9800000000005
2024-25,21,Odisha,2024-11,2024-11-01,1136.38,1345.42,1353.73,910.9,4704.25
2024-25,21,Odisha,2024-12,2024-12-01,1206.24,1354.02,1488.43,862.44,4841.27
2024-25,21,Odisha,2025-01,2025-01-01,1221.66,1478.56,1687.73,948.66,5321.1900000000005
2024-25,21,Odisha,2025-02,2025-02-01,1408.5,1513.44,1688.63,920.75,5344.4800000000005
2024-25,21,Odisha,2025-03,2025-03-01,1408.5,2039.43,1561.29,800.19,5809.41
2024-25,22,Chhattisgarh,2024-04,2024-04-01,556.92,929.38,1553.54,706.94,4000.58
2024-25,22,Chhattisgarh,2024-05,2024-05-01,628.83,661.49,952.81,681.79,2853.0099999999998
2024-25,22,Chhattisgarh,2024-06,2024-06-01,608.76,730.99,1084.38,733.55,3177.75
2024-25,22,Chhattisgarh,2024-07,2024-07-01,533.2,722.25,1302.66,685.32,3318.9900000000002
2024-25,22,Chhattisgarh,2024-08,2024-08-01,515.49,630.06,872.39,575.15,2610.8
2024-25,22,Chhattisgarh,2024-09,2024-09-01,549.71,625.21,994.98,469.41,2605.09
2024-25,22,Chhattisgarh,2024-10,2024-10-01,590.42,663.72,936.49,506.49,2656.41
2024-25,22,Chhattisgarh,2024-11,2024-11-01,580.11,728.8,969.39,607.97,2896.58
2024-25,22,Chhattisgarh,2024-12,2024-12-01,638.09,696.58,1029.38,575.98,2882.05
2024-25,22,Chhattisgarh,2025-01,2025-01-01,715.94,767.2,1022.82,681.2,3109.3100000000004
2024-25,22,Chhattisgarh,2025-02,2025-02-01,770.12,884.35,1054.26,696.81,3351.36
2024-25,22,Chhattisgarh,2025-03,2025-03-01,770.12,1304.32,1002.41,644.06,3720.91
2024-25,23,Madhya Pradesh,2024-04,2024-04-01,801.71,1519.6,1365.12,622.53,4727.829999999999
2024-25,23,Madhya Pradesh,2024-05,2024-05-01,842.38,1028.15,905.5,667.13,3402.4900000000002
2024-25,23,Madhya Pradesh,2024-06,2024-06-01,884.85,1061.69,996.77,730.27,3631.11
2024-25,23,Madhya Pradesh,2024-07,2024-07-01,862.49,1118.93,1020.77,658.46,3683.01
2024-25,23,Madhya Pradesh,2024-08,2024-08-01,761.19,1054.45,890.19,630.96,3438.09
2024-25,23,Madhya Pradesh,2024-09,2024-09-01,873.82,929.17,866.26,537.88,3094.5
2024-25,23,Madhya Pradesh,2024-10,2024-10-01,984.31,1108.48,1052.93,613.72,3648.9500000000007
2024-25,23,Madhya Pradesh,2024-11,2024-11-01,858.78,1222.16,916.51,688.97,3811.9500000000007
2024-25,23,Madhya Pradesh,2024-12,2024-12-01,982.19,1064.53,843.67,693.2,3460.1800000000003
2024-25,23,Madhya Pradesh,2025-01,2025-01-01,1088.53,1220.06,1020.6,687.83,3910.68
2024-25,23,Madhya Pradesh,2025-02,2025-02-01,1116.61,1286.62,999.42,715.24,4089.8099999999995
2024-25,23,Madhya Pradesh,2025-03,2025-03-01,1116.61,1417.07,944.95,694.85,4173.4800000000005
2024-25,24,Gujarat,2024-04,2024-04-01,2952.79,4537.65,4232.33,684.05,13300.859999999999
2024-25,24,Gujarat,2024-05,2024-05-01,3042.47,3525.91,4158.0,688.0,11324.7
2024-25,24,Gujarat,2024-06,2024-06-01,3064.14,3701.91,3579.3,778.5,11102.18
2024-25,24,Gujarat,2024-07,2024-07-01,2834.73,3736.15,3508.88,705.55,11014.72
2024-25,24,Gujarat,2024-08,2024-08-01,2776.9,3423.52,3388.83,696.44,10343.52
2024-25,24,Gujarat,2024-09,2024-09-01,3138.21,3331.26,3469.78,574.91,10152.85
2024-25,24,Gujarat,2024-10,2024-10-01,3362.76,3641.89,3913.53,713.0,11406.630000000001
2024-25,24,Gujarat,2024-11,2024-11-01,2785.75,4101.31,3894.44,833.62,12192.130000000001
2024-25,24,Gujarat,2024-12,2024-12-01,3369.03,3328.49,3501.67,663.45,10279.36
2024-25,24,Gujarat,2025-01,2025-01-01,3334.34,4025.16,3918.66,822.25,12135.1
2024-25,24,Gujarat,2025-02,2025-02-01,3423.3,3941.0,3400.91,725.37,11401.62
2024-25,24,Gujarat,2025-03,2025-03-01,3423.3,4246.16,3898.2,526.88,12094.539999999999
2024-25,25,Daman and Diu,2024-04,2024-04-01,0.28,0.03,0.17,0.0,0.23
2024-25,25,Daman and Diu,2024-05,2024-05-01,0.0,0.28,0.35,0.0,0.91
2024-25,25,Daman and Diu,2024-06,2024-06-01,0.04,0.0,0.06,0.0,0.06
2024-25,25,Daman and Diu,2024-07,2024-07-01,0.0,0.04,0.03,0.0,0.11
2024-25,25,Daman and Diu,2024-08,2024-08-01,0.0,0.0,0.05,0.0,0.05
2024-25,25,Daman and Diu,2024-09,2024-09-01,0.0,0.0,0.01,0.0,0.01
2024-25,25,Daman and Diu,2024-10,2024-10-01,0.0,0.0,0.01,0.0,0.01
2024-25,25,Daman and Diu,2024-11,2024-11-01,0.0,0.0,0.09,0.0,0.09
2024-25,25,Daman and Diu,2024-12,2024-12-01,0.03,0.0,0.0,0.0,0.0
2024-25,25,Daman and Diu,2025-01,2025-01-01,0.05,0.03,0.02,0.0,0.08
2024-25,25,Daman and Diu,2025-02,2025-02-01,0.03,0.05,0.02,0.0,0.12000000000000001
2024-25,25,Daman and Diu,2025-03,2025-03-01,0.03,0.03,0.06,0.0,0.12
2024-25,26,Dadra and Nagar Haveli,2024-04,2024-04-01,46.77,75.35,311.86,0.13,447.19
2024-25,26,Dadra and Nagar Haveli,2024-05,2024-05-01,60.66,57.65,269.49,0.3,374.21000000000004
2024-25,26,Dadra and Nagar Haveli,2024-06,2024-06-01,44.66,71.05,261.99,0.18,393.88
2024-25,26,Dadra and Nagar Haveli,2024-07,2024-07-01,40.23,59.6,234.4,0.1,338.76
2024-25,26,Dadra and Nagar Haveli,2024-08,2024-08-01,44.14,53.28,226.61,0.14,320.26
2024-25,26,Dadra and Nagar Haveli,2024-09,2024-09-01,46.52,55.44,205.56,0.08,305.21999999999997
2024-25,26,Dadra and Nagar Haveli,2024-10,2024-10-01,48.04,61.09,260.94,0.19,368.74
2024-25,26,Dadra and Nagar Haveli,2024-11,2024-11-01,45.51,63.4,236.13,0.49,348.06
2024-25,26,Dadra and Nagar Haveli,2024-12,2024-12-01,50.54,55.35,229.98,1.5,332.34
2024-25,26,Dadra and Nagar Haveli,2025-01,2025-01-01,47.45,61.1,296.54,0.25,408.43
2024-25,26,Dadra and Nagar Haveli,2025-02,2025-02-01,49.6,63.43,274.54,0.08,385.5
2024-25,26,Dadra and Nagar Haveli,2025-03,2025-03-01,49.6,60.42,275.22,0.2,385.44
2024-25,27,Maharashtra,2024-04,2024-04-01,7607.26,11729.43,13430.36,2247.84,37670.81
2024-25,27,Maharashtra,2024-05,2024-05-01,7929.96,8710.97,8462.46,2073.13,26853.82
2024-25,27,Maharashtra,2024-06,2024-06-01,7538.29,9213.13,9682.98,2054.79,28880.86
2024-25,27,Maharashtra,2024-07,2024-07-01,7111.78,8629.88,10835.14,1966.59,28969.899999999998
2024-25,27,Maharashtra,2024-08,2024-08-01,7535.79,8304.66,8938.46,2011.74,26366.64
2024-25,27,Maharashtra,2024-09,2024-09-01,8048.03,8627.97,8214.0,1990.85,26368.609999999997
2024-25,27,Maharashtra,2024-10,2024-10-01,8313.71,9107.5,11664.76,2209.76,31030.050000000003
2024-25,27,Maharashtra,2024-11,2024-11-01,8342.31,9617.3,9602.31,2414.82,29948.14
2024-25,27,Maharashtra,2024-12,2024-12-01,8584.78,9465.08,9386.69,2066.34,29260.420000000002
2024-25,27,Maharashtra,2025-01,2025-01-01,8396.01,9755.47,11639.01,2356.1,32335.36
2024-25,27,Maharashtra,2025-02,2025-02-01,9057.72,9682.19,10195.24,2363.13,30636.570000000003
2024-25,27,Maharashtra,2025-03,2025-03-01,9057.72,10925.59,9363.12,2187.09,31533.52
2024-25,29,Karnataka,2024-04,2024-04-01,2828.84,4715.34,5791.48,1574.97,15978.15
2024-25,29,Karnataka,2024-05,2024-05-01,2832.65,3440.89,4392.13,1227.52,11889.380000000001
2024-25,29,Karnataka,2024-06,2024-06-01,2871.8,3501.02,4513.95,1541.36,12388.98
2024-25,29,Karnataka,2024-07,2024-07-01,2797.93,3557.23,4948.18,1647.32,13024.53
2024-25,29,Karnataka,2024-08,2024-08-01,2874.2,3416.5,4675.69,1454.02,12344.14
2024-25,29,Karnataka,2024-09,2024-09-01,2922.4,3556.86,4652.52,1558.12,12641.7
2024-25,29,Karnataka,2024-10,2024-10-01,2992.9,3634.38,5073.53,1451.12,13081.43
2024-25,29,Karnataka,2024-11,2024-11-01,2947.4,3692.27,5524.34,1512.66,13722.17
2024-25,29,Karnataka,2024-12,2024-12-01,3328.73,3651.44,4551.23,1376.17,12526.24
2024-25,29,Karnataka,2025-01,2025-01-01,3259.05,4063.13,5521.01,1439.7,14352.570000000002
2024-25,29,Karnataka,2025-02,2025-02-01,3352.87,3907.15,5236.56,1714.31,14117.070000000002
2024-25,29,Karnataka,2025-03,2025-03-01,3352.87,4178.02,4669.58,1296.97,13497.44
2024-25,30,Goa,2024-04,2024-04-01,146.32,282.75,252.25,4.38,764.77
2024-25,30,Goa,2024-05,2024-05-01,156.84,190.01,178.83,3.99,519.15
2024-25,30,Goa,2024-06,2024-06-01,167.16,203.52,181.11,4.64,546.11
2024-25,30,Goa,2024-07,2024-07-01,147.51,207.32,215.75,2.82,593.0500000000001
2024-25,30,Goa,2024-08,2024-08-01,150.13,184.06,196.81,2.32,530.7
2024-25,30,Goa,2024-09,2024-09-01,154.61,191.29,174.43,3.32,519.17
2024-25,30,Goa,2024-10,2024-10-01,163.14,191.97,208.37,3.88,558.83
2024-25,30,Goa,2024-11,2024-11-01,177.55,207.59,185.6,4.11,560.44
2024-25,30,Goa,2024-12,2024-12-01,214.98,219.41,178.07,3.28,578.31
2024-25,30,Goa,2025-01,2025-01-01,184.79,275.19,199.54,5.11,694.8199999999999
2024-25,30,Goa,2025-02,2025-02-01,185.06,227.54,183.9,4.31,600.54
2024-25,30,Goa,2025-03,2025-03-01,185.06,228.71,262.65,3.62,680.04
2024-25,31,Lakshadweep,2024-04,2024-04-01,0.5,0.22,0.81,0.0,1.21
2024-25,31,Lakshadweep,2024-05,2024-05-01,0.17,0.52,0.25,0.0,1.27
2024-25,31,Lakshadweep,2024-06,2024-06-01,0.49,0.49,0.13,0.0,0.79
2024-25,31,Lakshadweep,2024-07,2024-07-01,0.4,0.52,0.16,0.0,1.17
2024-25,31,Lakshadweep,2024-08,2024-08-01,0.52,0.75,0.76,0.0,1.91
2024-25,31,Lakshadweep,2024-09,2024-09-01,0.29,0.6,0.26,0.0,1.3800000000000001
2024-25,31,Lakshadweep,2024-10,2024-10-01,2.32,0.84,0.16,0.0,1.2899999999999998
2024-25,31,Lakshadweep,2024-11,2024-11-01,0.3,2.39,0.29,0.0,5.0
2024-25,31,Lakshadweep,2024-12,2024-12-01,0.47,0.35,1.09,0.0,1.74
2024-25,31,Lakshadweep,2025-01,2025-01-01,0.36,0.62,0.26,0.0,1.3499999999999999
2024-25,31,Lakshadweep,2025-02,2025-02-01,0.67,0.39,0.11,0.0,0.86
2024-25,31,Lakshadweep,2025-03,2025-03-01,0.67,1.2,0.96,0.0,2.83
2024-25,32,Kerala,2024-04,2024-04-01,935.92,1456.12,652.1,6.88,3272.2099999999996
2024-25,32,Kerala,2024-05,2024-05-01,925.4,1208.98,442.69,6.19,2593.78
2024-25,32,Kerala,2024-06,2024-06-01,896.24,1181.24,505.18,5.87,2617.6899999999996
2024-25,32,Kerala,2024-07,2024-07-01,892.9,1100.54,491.87,3.98,2492.63
2024-25,32,Kerala,2024-08,2024-08-01,944.2,1086.78,525.6,6.05,2511.33
2024-25,32,Kerala,2024-09,2024-09-01,993.26,1219.98,506.41,4.45,2675.04
2024-25,32,Kerala,2024-10,2024-10-01,960.1,1275.31,624.08,3.34,2895.99
2024-25,32,Kerala,2024-11,2024-11-01,928.58,1213.76,583.45,5.98,2763.2900000000004
2024-25,32,Kerala,2024-12,2024-12-01,1066.85,1183.93,455.94,6.6,2575.05
2024-25,32,Kerala,2025-01,2025-01-01,1023.01,1380.49,522.98,18.42,2988.7400000000002
2024-25,32,Kerala,2025-02,2025-02-01,1039.89,1312.42,545.98,12.43,2893.84
2024-25,32,Kerala,2025-03,2025-03-01,1039.89,1265.2,518.71,5.23,2829.03
2024-25,33,Tamil Nadu,2024-04,2024-04-01,2736.71,4066.49,4157.69,792.3,12209.96
2024-25,33,Tamil Nadu,2024-05,2024-05-01,2674.76,3529.8,2762.21,739.13,9767.85
2024-25,33,Tamil Nadu,2024-06,2024-06-01,2753.61,3572.88,3245.77,724.51,10217.92
2024-25,33,Tamil Nadu,2024-07,2024-07-01,2719.72,3637.41,3265.9,832.89,10489.81
2024-25,33,Tamil Nadu,2024-08,2024-08-01,2840.13,3728.47,3030.31,702.25,10180.75
2024-25,33,Tamil Nadu,2024-09,2024-09-01,2754.58,3932.74,3382.94,867.76,11023.57
2024-25,33,Tamil Nadu,2024-10,2024-10-01,2941.23,3891.47,3671.48,870.26,11187.789999999999
2024-25,33,Tamil Nadu,2024-11,2024-11-01,2797.99,3923.18,3462.05,769.35,11095.81
2024-25,33,Tamil Nadu,2024-12,2024-12-01,2873.93,3707.16,3653.33,797.52,10956.0
2024-25,33,Tamil Nadu,2025-01,2025-01-01,2845.11,3832.43,4018.62,771.31,11496.289999999999
2024-25,33,Tamil Nadu,2025-02,2025-02-01,3152.02,3930.95,3244.8,673.62,10694.480000000001
2024-25,33,Tamil Nadu,2025-03,2025-03-01,3152.02,4565.37,3349.24,728.57,11795.199999999999
2024-25,34,Puducherry,2024-04,2024-04-01,28.73,54.12,154.95,2.22,246.64999999999998
2024-25,34,Puducherry,2024-05,2024-05-01,28.57,40.65,168.77,0.81,238.96
2024-25,34,Puducherry,2024-06,2024-06-01,28.73,42.92,171.01,0.79,243.29
2024-25,34,Puducherry,2024-07,2024-07-01,28.32,42.17,153.15,0.59,224.64000000000001
2024-25,34,Puducherry,2024-08,2024-08-01,28.26,45.0,159.93,0.46,233.71
2024-25,34,Puducherry,2024-09,2024-09-01,29.4,44.92,151.19,0.98,225.35
2024-25,34,Puducherry,2024-10,2024-10-01,29.45,46.53,175.18,0.59,251.70000000000002
2024-25,34,Puducherry,2024-11,2024-11-01,29.54,46.53,152.65,0.44,229.07
2024-25,34,Puducherry,2024-12,2024-12-01,31.02,44.22,151.72,2.49,227.97
2024-25,34,Puducherry,2025-01,2025-01-01,31.84,51.8,156.56,2.47,241.85
2024-25,34,Puducherry,2025-02,2025-02-01,34.44,45.83,172.38,0.58,250.63000000000002
2024-25,34,Puducherry,2025-03,2025-03-01,34.44,48.6,167.56,0.86,251.46
2024-25,35,Andaman and Nicobar Islands,2024-04,2024-04-01,13.54,31.56,6.15,0.05,64.55
2024-25,35,Andaman and Nicobar Islands,2024-05,2024-05-01,12.05,17.7,5.28,0.05,36.56999999999999
2024-25,35,Andaman and Nicobar Islands,2024-06,2024-06-01,15.83,14.05,4.75,0.09,30.94
2024-25,35,Andaman and Nicobar Islands,2024-07,2024-07-01,9.6,18.79,4.5,0.12,39.239999999999995
2024-25,35,Andaman and Nicobar Islands,2024-08,2024-08-01,10.75,13.27,4.4,0.04,27.309999999999995
2024-25,35,Andaman and Nicobar Islands,2024-09,2024-09-01,10.03,14.18,3.66,0.08,28.669999999999998
2024-25,35,Andaman and Nicobar Islands,2024-10,2024-10-01,11.55,13.67,4.06,0.05,27.81
2024-25,35,Andaman and Nicobar Islands,2024-11,2024-11-01,18.0,16.57,3.86,0.09,32.07
2024-25,35,Andaman and Nicobar Islands,2024-12,2024-12-01,17.72,23.8,6.36,0.46,48.62
2024-25,35,Andaman and Nicobar Islands,2025-01,2025-01-01,18.42,21.57,4.13,0.06,43.480000000000004
2024-25,35,Andaman and Nicobar Islands,2025-02,2025-02-01,16.04,22.74,10.3,0.23,51.68999999999999
2024-25,35,Andaman and Nicobar Islands,2025-03,2025-03-01,16.04,20.5,14.71,0.2,51.45
2024-25,36,Telangana,2024-04,2024-04-01,1266.21,2062.94,1890.34,561.88,6235.89
2024-25,36,Telangana,2024-05,2024-05-01,1216.61,1635.88,1550.39,533.68,4986.160000000001
2024-25,36,Telangana,2024-06,2024-06-01,1290.9,1567.93,1381.23,550.46,4716.2300000000005
2024-25,36,Telangana,2024-07,2024-07-01,1238.62,1625.38,1484.03,539.43,4939.740000000001
2024-25,36,Telangana,2024-08,2024-08-01,1364.87,1544.62,1365.9,419.45,4568.589999999999
2024-25,36,Telangana,2024-09,2024-09-01,1483.27,1961.32,1398.39,542.12,5266.7
2024-25,36,Telangana,2024-10,2024-10-01,1373.93,1690.98,1568.87,467.54,5210.66
2024-25,36,Telangana,2024-11,2024-11-01,1442.23,1769.45,1521.15,476.65,5141.18
2024-25,36,Telangana,2024-12,2024-12-01,1613.75,1816.51,1422.47,542.42,5223.63
2024-25,36,Telangana,2025-01,2025-01-01,1401.63,2047.4,1754.28,601.35,6016.780000000001
2024-25,36,Telangana,2025-02,2025-02-01,1479.76,1747.72,1552.22,578.47,5280.040000000001
2024-25,36,Telangana,2025-03,2025-03-01,1479.76,1821.92,1564.3,535.05,5401.030000000001
2024-25,37,Andhra Pradesh,2024-04,2024-04-01,980.51,1621.08,1639.61,297.99,4849.5199999999995
2024-25,37,Andhra Pradesh,2024-05,2024-05-01,894.95,1240.1,1410.08,259.78,3890.4699999999993
2024-25,37,Andhra Pradesh,2024-06,2024-06-01,839.82,1150.42,1352.66,252.78,3650.8100000000004
2024-25,37,Andhra Pradesh,2024-07,2024-07-01,827.59,1074.17,1195.83,236.32,3346.1400000000003
2024-25,37,Andhra Pradesh,2024-08,2024-08-01,857.21,1061.17,1195.7,213.62,3298.08
2024-25,37,Andhra Pradesh,2024-09,2024-09-01,909.24,1094.17,1302.33,252.75,3506.46
2024-25,37,Andhra Pradesh,2024-10,2024-10-01,879.67,1174.46,1489.98,241.36,3815.04
2024-25,37,Andhra Pradesh,2024-11,2024-11-01,849.12,1197.47,1346.1,276.18,3699.4199999999996
2024-25,37,Andhra Pradesh,2024-12,2024-12-01,919.18,1076.0,1181.9,208.04,3315.06
2024-25,37,Andhra Pradesh,2025-01,2025-01-01,967.45,1184.57,1378.31,121.45,3603.5099999999998
2024-25,37,Andhra Pradesh,2025-02,2025-02-01,985.07,1214.86,1387.05,247.39,3816.7499999999995
2024-25,37,Andhra Pradesh,2025-03,2025-03-01,985.07,1399.46,1413.21,235.51,4033.25
2024-25,38,Ladakh,2024-04,2024-04-01,5.93,35.92,3.97,0.05,69.51
2024-25,38,Ladakh,2024-05,2024-05-01,7.41,7.79,1.77,0.0,15.489999999999998
2024-25,38,Ladakh,2024-06,2024-06-01,14.21,11.54,3.31,0.67,22.93
2024-25,38,Ladakh,2024-07,2024-07-01,12.49,19.21,4.16,0.1,37.68
2024-25,38,Ladakh,2024-08,2024-08-01,17.81,15.35,4.83,0.25,32.92
2024-25,38,Ladakh,2024-09,2024-09-01,20.79,21.46,4.25,0.02,43.54
2024-25,38,Ladakh,2024-10,2024-10-01,25.48,30.77,4.61,0.18,56.35
2024-25,38,Ladakh,2024-11,2024-11-01,25.66,34.11,6.76,0.38,66.73
2024-25,38,Ladakh,2024-12,2024-12-01,25.3,32.85,6.16,0.21,64.88
2024-25,38,Ladakh,2025-01,2025-01-01,6.96,35.15,7.63,0.18,68.26
2024-25,38,Ladakh,2025-02,2025-02-01,19.87,9.69,2.11,0.05,18.81
2024-25,38,Ladakh,2025-03,2025-03-01,19.87,21.79,6.57,0.23,48.459999999999994
2024-25,97,Other Territory,2024-04,2024-04-01,14.64,16.03,196.97,0.0,224.63
2024-25,97,Other Territory,2024-05,2024-05-01,12.59,17.15,175.62,0.0,207.41
2024-25,97,Other Territory,2024-06,2024-06-01,12.27,14.77,179.45,0.0,206.81
2024-25,97,Other Territory,2024-07,2024-07-01,15.6,14.52,193.65,0.0,220.44
2024-25,97,Other Territory,2024-08,2024-08-01,15.07,17.93,165.43,0.0,198.96
2024-25,97,Other Territory,2024-09,2024-09-01,12.6,17.75,190.5,0.0,223.32
2024-25,97,Other Territory,2024-10,2024-10-01,11.07,13.5,164.49,0.0,190.59
2024-25,97,Other Territory,2024-11,2024-11-01,14.74,13.45,147.82,0.0,172.34
2024-25,97,Other Territory,2024-12,2024-12-01,18.43,15.71,165.51,0.0,195.95999999999998
2024-25,97,Other Territory,2025-01,2025-01-01,22.15,20.06,158.62,0.0,197.11
2024-25,97,Other Territory,2025-02,2025-02-01,18.01,26.06,166.23,0.0,214.44
2024-25,97,Other Territory,2025-03,2025-03-01,18.01,20.8,182.05,0.0,220.86
2024-25,99,OIDAR,2024-04,2024-04-01,0.0,0.0,221.06,0.0,221.06
2024-25,99,OIDAR,2024-05,2024-05-01,0.0,0.0,244.59,0.0,244.59
2024-25,99,OIDAR,2024-06,2024-06-01,0.0,0.0,249.19,0.0,249.19
2024-25,99,OIDAR,2024-07,2024-07-01,0.0,0.0,237.81,0.0,237.81
2024-25,99,OIDAR,2024-08,2024-08-01,0.0,0.0,287.53,0.0,287.53
2024-25,99,OIDAR,2024-09,2024-09-01,0.0,0.0,261.3,0.0,261.3
2024-25,99,OIDAR,2024-10,2024-10-01,0.0,0.0,265.98,0.0,265.98
2024-25,99,OIDAR,2024-11,2024-11-01,0.0,0.0,286.39,0.0,286.39
2024-25,99,OIDAR,2024-12,2024-12-01,0.0,0.0,308.42,0.0,308.42
2024-25,99,OIDAR,2025-01,2025-01-01,0.0,0.0,284.23,0.0,284.23
2024-25,99,OIDAR,2025-02,2025-02-01,0.0,0.0,336.34,0.0,336.34
2024-25,99,OIDAR,2025-03,2025-03-01,0.0,0.0,291.83,0.0,291.83
2024-25,Domestic GST Collection- All India,,2024-04,2024-04-01,32409.039999999997,53538.310000000005,61796.7,12252.039999999994,171432.56999999995
2024-25,Domestic GST Collection- All India,,2024-05,2024-05-01,32627.160000000003,40265.36,47901.70999999999,11207.210000000001,131783.32000000004
2024-25,Domestic GST Collection- All India,,2024-06,2024-06-01,32386.310000000005,40714.72999999998,47269.89,12188.300000000003,132800.08
2024-25,Domestic GST Collection- All India,,2024-07,2024-07-01,30862.02,40289.389999999985,49437.26000000002,11923.369999999999,134036.33
2024-25,Domestic GST Collection- All India,,2024-08,2024-08-01,31421.52,38410.84999999999,44592.94,11119.650000000001,124985.46000000004
2024-25,Domestic GST Collection- All India,,2024-09,2024-09-01,33821.13999999999,39282.92999999999,46086.73000000001,11058.65,127849.83
2024-25,Domestic GST Collection- All India,,2024-10,2024-10-01,34140.96,41863.56999999999,54878.150000000016,11687.82,142250.68000000002
2024-25,Domestic GST Collection- All India,,2024-11,2024-11-01,32836.23,43046.84999999999,50092.719999999994,12397.630000000001,139678.16000000003
2024-25,Domestic GST Collection- All India,,2024-12,2024-12-01,36076.96000000001,40498.94000000001,47782.97000000001,11470.8,132588.94
2024-25,Domestic GST Collection- All India,,2025-01,2025-01-01,35204.399999999994,44941.75,53622.65,12482.920000000002,147124.28000000006
2024-25,Domestic GST Collection- All India,,2025-02,2025-02-01,38144.5,43704.049999999996,50048.81000000001,12987.459999999997,141944.72000000003
2024-25,Domestic GST Collection- All India,,2025-03,2025-03-01,38144.5,49890.799999999996,50071.01000000001,11115.87,149222.18
2024-25,IGST and CESS on Import - All India,,2024-04,2024-04-01,0.0,0.0,37826.49532065,1008.0192646999999,38834.51458535
2024-25,IGST and CESS on Import - All India,,2024-05,2024-05-01,0.0,0.0,39879.2556121,1076.3199233999999,40955.5755355
2024-25,IGST and CESS on Import - All India,,2024-06,2024-06-01,0.0,0.0,40040.3627491,972.0228893000001,41012.3856384
2024-25,IGST and CESS on Import - All India,,2024-07,2024-07-01,0.0,0.0,47009.381365500005,1029.4991095999999,48038.880475100006
2024-25,IGST and CESS on Import - All India,,2024-08,2024-08-01,,0.0,49027.8316844,948.2697468,49976.1014312
2024-25,IGST and CESS on Import - All India,,2024-09,2024-09-01,,,44507.436867799996,882.7904872,45390.227354999995
2024-25,IGST and CESS on Import - All India,,2024-10,2024-10-01,,,44233.298748,862.4973313,45095.7960793
2024-25,IGST and CESS on Import - All India,,2024-11,2024-11-01,,,41735.526430950005,855.3426012,42590.86903215
2024-25,IGST and CESS on Import - All India,,2024-12,2024-12-01,,,43437.619071995,830.0358593999999,44267.654931395
2024-25,IGST and CESS on Import - All India,,2025-01,2025-01-01,,,47452.6616987,929.0390945,48381.700793200005
2024-25,IGST and CESS on Import - All India,,2025-02,2025-02-01,,,40821.37116553,880.3454018,41701.71656733
2024-25,IGST and CESS on Import - All India,,2025-03,2025-03-01,,,45782.315858300004,1136.7045821,46919.0204404
2025-26,1,Jammu and Kashmir,2025-04,2025-04-01,138.34,201.87,214.21,,867.94
2025-26,1,Jammu and Kashmir,2025-05,2025-05-01,156.78,214.19,224.95,,565.1600000000001
2025-26,1,Jammu and Kashmir,2025-06,2025-06-01,153.07,224.07,181.14,,552.11
2025-26,1,Jammu and Kashmir,2025-07,2025-07-01,162.3,235.04,203.62,,580.76
2025-26,1,Jammu and Kashmir,2025-08,2025-08-01,234.64,290.85,171.11,,568.45
2025-26,1,Jammu and Kashmir,2025-09,2025-09-01,168.91,228.04,164.96,,690.45
2025-26,1,Jammu and Kashmir,2025-10,2025-10-01,153.12,213.66,148.87,,545.8199999999999
2025-26,1,Jammu and Kashmir,2025-11,2025-11-01,154.64,203.69,124.99,,491.77
2025-26,1,Jammu and Kashmir,2025-12,2025-12-01,224.97,292.6,113.95,,472.28
2025-26,1,Jammu and Kashmir,2026-01,2026-01-01,192.27,236.32,101.94,,619.51
2025-26,1,Jammu and Kashmir,2026-02,2026-02-01,192.27,236.32,91.63,,520.22
2025-26,2,Himachal Pradesh,2025-04,2025-04-01,148.51,203.64,540.51,,1088.7
2025-26,2,Himachal Pradesh,2025-05,2025-05-01,153.23,213.67,489.03,,841.18
2025-26,2,Himachal Pradesh,2025-06,2025-06-01,172.62,244.12,527.82,,894.72
2025-26,2,Himachal Pradesh,2025-07,2025-07-01,147.9,210.38,524.65,,941.39
2025-26,2,Himachal Pradesh,2025-08,2025-08-01,140.93,195.32,506.56,,864.8399999999999
2025-26,2,Himachal Pradesh,2025-09,2025-09-01,142.35,194.38,478.34,,814.5899999999999
2025-26,2,Himachal Pradesh,2025-10,2025-10-01,148.27,209.13,382.47,,719.2
2025-26,2,Himachal Pradesh,2025-11,2025-11-01,141.59,180.58,258.3,,615.7
2025-26,2,Himachal Pradesh,2025-12,2025-12-01,172.88,239.18,297.89,,620.06
2025-26,2,Himachal Pradesh,2026-01,2026-01-01,156.98,204.33,268.66,,680.72
2025-26,2,Himachal Pradesh,2026-02,2026-02-01,156.98,204.33,283.52,,644.8299999999999
2025-26,3,Punjab,2025-04,2025-04-01,554.4,797.47,1213.08,,3063.26
2025-26,3,Punjab,2025-05,2025-05-01,539.68,782.67,1014.38,,2366.25
2025-26,3,Punjab,2025-06,2025-06-01,589.55,815.84,863.6,,2185.95
2025-26,3,Punjab,2025-07,2025-07-01,535.62,750.37,876.46,,2281.85
2025-26,3,Punjab,2025-08,2025-08-01,516.23,738.05,882.11,,2168.1
2025-26,3,Punjab,2025-09,2025-09-01,588.33,803.07,912.59,,2166.87
2025-26,3,Punjab,2025-10,2025-10-01,557.45,784.67,899.31,,2290.71
2025-26,3,Punjab,2025-11,2025-11-01,528.5,718.57,795.34,,2137.46
2025-26,3,Punjab,2025-12,2025-12-01,634.04,938.46,631.43,,1878.5
2025-26,3,Punjab,2026-01,2026-01-01,585.03,828.97,822.76,,2395.26
2025-26,3,Punjab,2026-02,2026-02-01,585.03,828.97,942.63,,2356.63
2025-26,4,Chandigarh,2025-04,2025-04-01,51.61,59.71,190.19,,332.03999999999996
2025-26,4,Chandigarh,2025-05,2025-05-01,43.97,58.62,250.37,,361.69
2025-26,4,Chandigarh,2025-06,2025-06-01,47.01,59.52,111.96,,214.55
2025-26,4,Chandigarh,2025-07,2025-07-01,46.09,60.54,113.07,,219.6
2025-26,4,Chandigarh,2025-08,2025-08-01,44.61,54.87,105.49,,212.12
2025-26,4,Chandigarh,2025-09,2025-09-01,50.48,65.32,129.27,,228.75
2025-26,4,Chandigarh,2025-10,2025-10-01,52.66,64.67,114.95,,230.75
2025-26,4,Chandigarh,2025-11,2025-11-01,51.68,62.05,166.0,,283.33
2025-26,4,Chandigarh,2025-12,2025-12-01,63.84,89.45,94.97,,208.7
2025-26,4,Chandigarh,2026-01,2026-01-01,53.27,67.18,136.46,,289.75
2025-26,4,Chandigarh,2026-02,2026-02-01,53.27,67.18,110.77,,231.22000000000003
2025-26,5,Uttarakhand,2025-04,2025-04-01,346.9,518.64,1312.52,,2574.4300000000003
2025-26,5,Uttarakhand,2025-05,2025-05-01,360.45,549.19,728.71,,1594.25
2025-26,5,Uttarakhand,2025-06,2025-06-01,376.06,523.96,778.36,,1688.0
2025-26,5,Uttarakhand,2025-07,2025-07-01,295.42,493.37,861.6,,1761.62
2025-26,5,Uttarakhand,2025-08,2025-08-01,301.81,486.56,647.38,,1436.17
2025-26,5,Uttarakhand,2025-09,2025-09-01,336.12,506.49,876.84,,1665.21
2025-26,5,Uttarakhand,2025-10,2025-10-01,287.93,443.73,759.13,,1601.74
2025-26,5,Uttarakhand,2025-11,2025-11-01,271.95,391.31,583.25,,1314.91
2025-26,5,Uttarakhand,2025-12,2025-12-01,311.86,470.4,640.07,,1303.33
2025-26,5,Uttarakhand,2026-01,2026-01-01,292.32,428.0,687.53,,1469.79
2025-26,5,Uttarakhand,2026-02,2026-02-01,292.32,428.0,620.78,,1341.1
2025-26,6,Haryana,2025-04,2025-04-01,1666.57,2080.53,8819.71,,13323.41
2025-26,6,Haryana,2025-05,2025-05-01,1638.59,2119.55,5731.29,,9478.39
2025-26,6,Haryana,2025-06,2025-06-01,1629.23,2049.82,5478.42,,9236.560000000001
2025-26,6,Haryana,2025-07,2025-07-01,1547.11,1997.51,5823.34,,9502.39
2025-26,6,Haryana,2025-08,2025-08-01,1546.29,1937.91,5531.81,,9076.43
2025-26,6,Haryana,2025-09,2025-09-01,1746.75,2262.38,6398.14,,9882.34
2025-26,6,Haryana,2025-10,2025-10-01,1458.22,1872.22,5819.33,,9828.46
2025-26,6,Haryana,2025-11,2025-11-01,1464.33,1836.3,5483.8,,8814.24
2025-26,6,Haryana,2025-12,2025-12-01,1654.0,2173.85,6122.65,,9423.279999999999
2025-26,6,Haryana,2026-01,2026-01-01,1543.16,1950.54,6651.92,,10479.77
2025-26,6,Haryana,2026-02,2026-02-01,1543.16,1950.54,7206.44,,10700.14
2025-26,7,Delhi,2025-04,2025-04-01,2361.59,2546.41,4380.39,,8196.23
2025-26,7,Delhi,2025-05,2025-05-01,1135.27,1315.91,5381.24,,10289.24
2025-26,7,Delhi,2025-06,2025-06-01,1163.46,1423.82,3075.33,,5526.51
2025-26,7,Delhi,2025-07,2025-07-01,1182.58,1360.68,3386.14,,5973.42
2025-26,7,Delhi,2025-08,2025-08-01,1220.6,1394.54,3095.8,,5639.06
2025-26,7,Delhi,2025-09,2025-09-01,1394.22,1607.5,3076.11,,5691.25
2025-26,7,Delhi,2025-10,2025-10-01,1274.63,1451.97,5452.31,,8454.03
2025-26,7,Delhi,2025-11,2025-11-01,1115.23,1297.66,3454.99,,6181.59
2025-26,7,Delhi,2025-12,2025-12-01,1334.94,1609.34,3105.85,,5518.74
2025-26,7,Delhi,2026-01,2026-01-01,1319.49,1506.19,3553.91,,6498.19
2025-26,7,Delhi,2026-02,2026-02-01,1319.49,1506.19,3325.71,,6151.39
2025-26,8,Rajasthan,2025-04,2025-04-01,1210.77,1576.27,2193.39,,6049.91
2025-26,8,Rajasthan,2025-05,2025-05-01,1125.74,1514.77,1915.05,,4702.09
2025-26,8,Rajasthan,2025-06,2025-06-01,1220.08,1580.82,1739.2,,4379.71
2025-26,8,Rajasthan,2025-07,2025-07-01,1122.86,1480.05,1603.63,,4404.53
2025-26,8,Rajasthan,2025-08,2025-08-01,1132.8,1456.78,1619.22,,4222.13
2025-26,8,Rajasthan,2025-09,2025-09-01,1188.32,1532.19,1575.62,,4165.2
2025-26,8,Rajasthan,2025-10,2025-10-01,1186.37,1548.18,1540.95,,4261.46
2025-26,8,Rajasthan,2025-11,2025-11-01,1163.21,1441.42,1205.61,,3940.16
2025-26,8,Rajasthan,2025-12,2025-12-01,1370.56,1807.52,1203.38,,3808.01
2025-26,8,Rajasthan,2026-01,2026-01-01,1214.1,1595.49,1464.17,,4642.25
2025-26,8,Rajasthan,2026-02,2026-02-01,1214.1,1595.49,1507.97,,4317.56
2025-26,9,Uttar Pradesh,2025-04,2025-04-01,2100.42,2818.11,4526.73,,12196.22
2025-26,9,Uttar Pradesh,2025-05,2025-05-01,2159.36,2911.61,2813.95,,7732.4800000000005
2025-26,9,Uttar Pradesh,2025-06,2025-06-01,2304.53,3127.52,2603.71,,7674.68
2025-26,9,Uttar Pradesh,2025-07,2025-07-01,2125.94,2735.7,2928.12,,8360.17
2025-26,9,Uttar Pradesh,2025-08,2025-08-01,1976.21,2587.41,2785.79,,7647.429999999999
2025-26,9,Uttar Pradesh,2025-09,2025-09-01,2135.58,2776.14,2952.33,,7515.95
2025-26,9,Uttar Pradesh,2025-10,2025-10-01,2076.52,2664.05,3371.71,,8283.43
2025-26,9,Uttar Pradesh,2025-11,2025-11-01,2022.97,2538.42,2847.83,,7588.4
2025-26,9,Uttar Pradesh,2025-12,2025-12-01,2294.85,3003.33,2714.06,,7275.450000000001
2025-26,9,Uttar Pradesh,2026-01,2026-01-01,2265.37,2862.76,3080.54,,8378.720000000001
2025-26,9,Uttar Pradesh,2026-02,2026-02-01,2265.37,2862.76,2804.39,,7932.52
2025-26,10,Bihar,2025-04,2025-04-01,418.75,764.94,310.54,,2144.23
2025-26,10,Bihar,2025-05,2025-05-01,447.92,842.07,514.78,,1698.47
2025-26,10,Bihar,2025-06,2025-06-01,488.34,910.98,238.43,,1528.42
2025-26,10,Bihar,2025-07,2025-07-01,464.74,840.52,224.2,,1623.52
2025-26,10,Bihar,2025-08,2025-08-01,454.25,784.37,245.5,,1550.76
2025-26,10,Bihar,2025-09,2025-09-01,481.11,750.31,351.11,,1589.73
2025-26,10,Bihar,2025-10,2025-10-01,426.68,764.66,246.11,,1477.5300000000002
2025-26,10,Bihar,2025-11,2025-11-01,375.59,716.91,217.44,,1408.78
2025-26,10,Bihar,2025-12,2025-12-01,421.28,926.21,200.97,,1293.47
2025-26,10,Bihar,2026-01,2026-01-01,395.36,986.05,238.05,,1585.54
2025-26,10,Bihar,2026-02,2026-02-01,395.36,986.05,205.8,,1587.2099999999998
2025-26,11,Sikkim,2025-04,2025-04-01,36.88,42.64,305.69,,470.06
2025-26,11,Sikkim,2025-05,2025-05-01,22.66,30.56,344.59,,424.11
2025-26,11,Sikkim,2025-06,2025-06-01,30.82,38.15,310.45,,363.66999999999996
2025-26,11,Sikkim,2025-07,2025-07-01,30.14,47.41,331.89,,400.86
2025-26,11,Sikkim,2025-08,2025-08-01,24.0,30.86,376.61,,454.16
2025-26,11,Sikkim,2025-09,2025-09-01,25.56,31.3,341.32,,396.18
2025-26,11,Sikkim,2025-10,2025-10-01,26.53,30.84,250.35,,307.21
2025-26,11,Sikkim,2025-11,2025-11-01,28.41,35.5,76.1,,133.47
2025-26,11,Sikkim,2025-12,2025-12-01,28.66,34.83,93.82,,157.73
2025-26,11,Sikkim,2026-01,2026-01-01,38.44,45.34,88.21,,151.7
2025-26,11,Sikkim,2026-02,2026-02-01,38.44,45.34,89.44,,173.22
2025-26,12,Arunachal Pradesh,2025-04,2025-04-01,60.02,78.1,27.87,,331.71000000000004
2025-26,12,Arunachal Pradesh,2025-05,2025-05-01,33.88,46.71,12.18,,150.3
2025-26,12,Arunachal Pradesh,2025-06,2025-06-01,36.17,42.67,7.46,,88.05
2025-26,12,Arunachal Pradesh,2025-07,2025-07-01,35.53,41.08,9.31,,88.15
2025-26,12,Arunachal Pradesh,2025-08,2025-08-01,33.44,44.55,11.62,,88.23
2025-26,12,Arunachal Pradesh,2025-09,2025-09-01,32.05,39.82,14.7,,92.69
2025-26,12,Arunachal Pradesh,2025-10,2025-10-01,32.05,41.04,11.81,,83.68
2025-26,12,Arunachal Pradesh,2025-11,2025-11-01,44.24,53.83,17.99,,91.08
2025-26,12,Arunachal Pradesh,2025-12,2025-12-01,43.95,51.23,20.01,,118.08
2025-26,12,Arunachal Pradesh,2026-01,2026-01-01,47.15,56.74,15.54,,110.72
2025-26,12,Arunachal Pradesh,2026-02,2026-02-01,47.15,56.74,13.97,,117.86
2025-26,13,Nagaland,2025-04,2025-04-01,24.56,30.0,16.33,,120.76
2025-26,13,Nagaland,2025-05,2025-05-01,32.51,41.91,8.88,,63.440000000000005
2025-26,13,Nagaland,2025-06,2025-06-01,23.19,32.67,8.64,,83.05999999999999
2025-26,13,Nagaland,2025-07,2025-07-01,20.03,24.09,11.69,,67.55
2025-26,13,Nagaland,2025-08,2025-08-01,20.83,24.23,10.23,,54.35000000000001
2025-26,13,Nagaland,2025-09,2025-09-01,23.56,29.66,9.89,,54.95
2025-26,13,Nagaland,2025-10,2025-10-01,20.39,26.43,11.64,,64.86
2025-26,13,Nagaland,2025-11,2025-11-01,21.86,26.45,11.34,,58.16
2025-26,13,Nagaland,2025-12,2025-12-01,21.36,25.96,11.7,,60.010000000000005
2025-26,13,Nagaland,2026-01,2026-01-01,23.87,30.02,14.41,,61.730000000000004
2025-26,13,Nagaland,2026-02,2026-02-01,23.87,30.02,14.5,,68.39
2025-26,14,Manipur,2025-04,2025-04-01,49.72,60.57,10.95,,120.46000000000001
2025-26,14,Manipur,2025-05,2025-05-01,13.93,18.79,7.67,,117.96
2025-26,14,Manipur,2025-06,2025-06-01,14.25,20.51,7.08,,39.8
2025-26,14,Manipur,2025-07,2025-07-01,15.0,19.02,8.38,,43.14000000000001
2025-26,14,Manipur,2025-08,2025-08-01,12.03,17.69,8.01,,42.029999999999994
2025-26,14,Manipur,2025-09,2025-09-01,26.05,31.33,7.75,,37.47
2025-26,14,Manipur,2025-10,2025-10-01,14.7,19.96,6.83,,64.21
2025-26,14,Manipur,2025-11,2025-11-01,12.55,20.37,7.01,,41.669999999999995
2025-26,14,Manipur,2025-12,2025-12-01,19.77,26.61,7.47,,40.39
2025-26,14,Manipur,2026-01,2026-01-01,20.13,28.7,8.61,,54.989999999999995
2025-26,14,Manipur,2026-02,2026-02-01,20.13,28.7,13.23,,62.06
2025-26,15,Mizoram,2025-04,2025-04-01,10.02,13.36,6.1,,77.74999999999999
2025-26,15,Mizoram,2025-05,2025-05-01,9.95,14.7,5.28,,28.66
2025-26,15,Mizoram,2025-06,2025-06-01,9.95,15.03,5.35,,30.0
2025-26,15,Mizoram,2025-07,2025-07-01,9.36,13.0,5.56,,30.539999999999996
2025-26,15,Mizoram,2025-08,2025-08-01,8.81,13.81,7.46,,29.82
2025-26,15,Mizoram,2025-09,2025-09-01,14.95,19.91,6.71,,29.330000000000002
2025-26,15,Mizoram,2025-10,2025-10-01,8.27,10.95,5.09,,39.95
2025-26,15,Mizoram,2025-11,2025-11-01,10.52,12.84,3.38,,22.599999999999998
2025-26,15,Mizoram,2025-12,2025-12-01,11.43,16.61,5.66,,29.02
2025-26,15,Mizoram,2026-01,2026-01-01,12.04,16.79,5.0,,33.04
2025-26,15,Mizoram,2026-02,2026-02-01,12.04,16.79,5.51,,34.339999999999996
2025-26,16,Tripura,2025-04,2025-04-01,32.5,44.38,16.81,,149.11
2025-26,16,Tripura,2025-05,2025-05-01,32.51,43.41,15.19,,92.07
2025-26,16,Tripura,2025-06,2025-06-01,37.96,46.72,11.3,,87.21999999999998
2025-26,16,Tripura,2025-07,2025-07-01,32.74,40.42,16.47,,101.15
2025-26,16,Tripura,2025-08,2025-08-01,32.24,40.07,13.3,,86.46
2025-26,16,Tripura,2025-09,2025-09-01,38.58,48.5,17.12,,89.43
2025-26,16,Tripura,2025-10,2025-10-01,29.8,39.02,11.84,,98.92
2025-26,16,Tripura,2025-11,2025-11-01,37.28,46.63,15.25,,84.07000000000001
2025-26,16,Tripura,2025-12,2025-12-01,41.25,55.09,14.89,,98.8
2025-26,16,Tripura,2026-01,2026-01-01,42.27,55.7,16.78,,113.12
2025-26,16,Tripura,2026-02,2026-02-01,42.27,55.7,13.76,,111.73
2025-26,17,Meghalaya,2025-04,2025-04-01,39.57,49.24,130.98,,349.68999999999994
2025-26,17,Meghalaya,2025-05,2025-05-01,28.06,35.73,120.84,,209.65
2025-26,17,Meghalaya,2025-06,2025-06-01,43.22,51.41,106.01,,169.8
2025-26,17,Meghalaya,2025-07,2025-07-01,39.75,47.21,78.16,,172.79
2025-26,17,Meghalaya,2025-08,2025-08-01,40.73,51.11,119.82,,206.78
2025-26,17,Meghalaya,2025-09,2025-09-01,37.77,46.52,99.18,,191.02
2025-26,17,Meghalaya,2025-10,2025-10-01,39.16,48.57,75.41,,159.7
2025-26,17,Meghalaya,2025-11,2025-11-01,34.54,52.74,47.03,,134.76
2025-26,17,Meghalaya,2025-12,2025-12-01,54.06,69.6,58.64,,145.92000000000002
2025-26,17,Meghalaya,2026-01,2026-01-01,61.89,71.85,70.67,,194.32999999999998
2025-26,17,Meghalaya,2026-02,2026-02-01,61.89,71.85,74.36,,208.10000000000002
2025-26,18,Assam,2025-04,2025-04-01,403.73,545.44,498.86,,1979.7600000000002
2025-26,18,Assam,2025-05,2025-05-01,392.15,522.15,553.29,,1502.46
2025-26,18,Assam,2025-06,2025-06-01,423.83,565.67,358.18,,1272.48
2025-26,18,Assam,2025-07,2025-07-01,444.29,562.43,365.94,,1355.44
2025-26,18,Assam,2025-08,2025-08-01,376.84,477.36,396.72,,1403.44
2025-26,18,Assam,2025-09,2025-09-01,437.09,541.88,432.64,,1286.8400000000001
2025-26,18,Assam,2025-10,2025-10-01,391.35,517.76,336.21,,1315.18
2025-26,18,Assam,2025-11,2025-11-01,394.14,505.65,423.31,,1332.42
2025-26,18,Assam,2025-12,2025-12-01,414.71,571.9,352.15,,1251.94
2025-26,18,Assam,2026-01,2026-01-01,421.15,559.41,298.0,,1284.61
2025-26,18,Assam,2026-02,2026-02-01,421.15,559.41,302.13,,1282.69
2025-26,19,West Bengal,2025-04,2025-04-01,1580.91,1970.12,2370.73,,7615.68
2025-26,19,West Bengal,2025-05,2025-05-01,1564.6,1969.88,2319.7,,5870.73
2025-26,19,West Bengal,2025-06,2025-06-01,1727.71,2070.05,1496.09,,5030.57
2025-26,19,West Bengal,2025-07,2025-07-01,1615.47,1931.0,1673.26,,5471.02
2025-26,19,West Bengal,2025-08,2025-08-01,1658.43,1979.02,1491.0,,5037.47
2025-26,19,West Bengal,2025-09,2025-09-01,1759.31,2076.85,1591.26,,5228.71
2025-26,19,West Bengal,2025-10,2025-10-01,1512.18,1837.39,1338.97,,5175.13
2025-26,19,West Bengal,2025-11,2025-11-01,1618.68,1847.28,1268.35,,4617.92
2025-26,19,West Bengal,2025-12,2025-12-01,1872.17,2150.6,1314.57,,4780.53
2025-26,19,West Bengal,2026-01,2026-01-01,1787.67,2045.43,1482.96,,5505.73
2025-26,19,West Bengal,2026-02,2026-02-01,1787.67,2045.43,1388.05,,5221.150000000001
2025-26,20,Jharkhand,2025-04,2025-04-01,537.96,744.42,1524.99,,3457.55
2025-26,20,Jharkhand,2025-05,2025-05-01,610.29,781.24,958.46,,2240.84
2025-26,20,Jharkhand,2025-06,2025-06-01,570.41,752.18,1036.73,,2428.26
2025-26,20,Jharkhand,2025-07,2025-07-01,586.84,751.67,1183.97,,2506.56
2025-26,20,Jharkhand,2025-08,2025-08-01,561.09,701.01,1005.1,,2343.61
2025-26,20,Jharkhand,2025-09,2025-09-01,567.25,736.6,1097.79,,2359.89
2025-26,20,Jharkhand,2025-10,2025-10-01,534.2,685.92,845.64,,2149.49
2025-26,20,Jharkhand,2025-11,2025-11-01,617.75,770.1,888.46,,2108.58
2025-26,20,Jharkhand,2025-12,2025-12-01,602.52,766.37,982.63,,2370.48
2025-26,20,Jharkhand,2026-01,2026-01-01,603.82,774.57,1056.8,,2425.6899999999996
2025-26,20,Jharkhand,2026-02,2026-02-01,603.82,774.57,959.26,,2337.65
2025-26,21,Odisha,2025-04,2025-04-01,1139.12,1462.36,1793.59,,5272.47
2025-26,21,Odisha,2025-05,2025-05-01,1198.32,1506.2,1662.26,,4263.74
2025-26,21,Odisha,2025-06,2025-06-01,1192.6,1527.45,1497.86,,4202.38
2025-26,21,Odisha,2025-07,2025-07-01,1095.84,1452.2,1428.68,,4148.7300000000005
2025-26,21,Odisha,2025-08,2025-08-01,1040.77,1340.61,1658.54,,4206.58
2025-26,21,Odisha,2025-09,2025-09-01,1187.05,1548.27,1582.38,,3963.76
2025-26,21,Odisha,2025-10,2025-10-01,1074.67,1416.25,1558.46,,4293.78
2025-26,21,Odisha,2025-11,2025-11-01,1213.84,1485.35,1333.99,,3824.91
2025-26,21,Odisha,2025-12,2025-12-01,1313.93,1668.52,1008.46,,3707.6499999999996
2025-26,21,Odisha,2026-01,2026-01-01,1336.57,1749.19,1157.08,,4139.53
2025-26,21,Odisha,2026-02,2026-02-01,1336.57,1749.19,1260.84,,4346.6
2025-26,22,Chhattisgarh,2025-04,2025-04-01,537.13,714.08,1602.95,,3436.36
2025-26,22,Chhattisgarh,2025-05,2025-05-01,640.33,746.47,972.45,,2223.66
2025-26,22,Chhattisgarh,2025-06,2025-06-01,635.89,774.08,1204.06,,2590.86
2025-26,22,Chhattisgarh,2025-07,2025-07-01,573.78,720.33,1064.78,,2474.75
2025-26,22,Chhattisgarh,2025-08,2025-08-01,569.57,681.29,943.6,,2237.71
2025-26,22,Chhattisgarh,2025-09,2025-09-01,593.05,712.88,1095.65,,2346.51
2025-26,22,Chhattisgarh,2025-10,2025-10-01,567.44,713.74,894.88,,2200.81
2025-26,22,Chhattisgarh,2025-11,2025-11-01,687.19,755.13,834.83,,2116.01
2025-26,22,Chhattisgarh,2025-12,2025-12-01,706.66,815.18,944.58,,2386.9
2025-26,22,Chhattisgarh,2026-01,2026-01-01,763.83,895.24,897.08,,2418.92
2025-26,22,Chhattisgarh,2026-02,2026-02-01,763.83,895.24,1198.31,,2857.38
2025-26,23,Madhya Pradesh,2025-04,2025-04-01,866.81,1101.58,1508.13,,4568.84
2025-26,23,Madhya Pradesh,2025-05,2025-05-01,927.69,1167.62,1051.49,,3019.88
2025-26,23,Madhya Pradesh,2025-06,2025-06-01,1105.84,1362.49,1078.32,,3173.63
2025-26,23,Madhya Pradesh,2025-07,2025-07-01,904.58,1129.13,1171.14,,3639.4700000000003
2025-26,23,Madhya Pradesh,2025-08,2025-08-01,847.53,1057.81,1052.99,,3086.7
2025-26,23,Madhya Pradesh,2025-09,2025-09-01,878.56,1079.39,1135.81,,3041.1499999999996
2025-26,23,Madhya Pradesh,2025-10,2025-10-01,904.18,1120.9,952.89,,2910.84
2025-26,23,Madhya Pradesh,2025-11,2025-11-01,872.77,1057.37,750.85,,2775.93
2025-26,23,Madhya Pradesh,2025-12,2025-12-01,1039.48,1280.19,844.98,,2775.12
2025-26,23,Madhya Pradesh,2026-01,2026-01-01,978.65,1181.72,920.09,,3239.76
2025-26,23,Madhya Pradesh,2026-02,2026-02-01,978.65,1181.72,954.22,,3114.59
2025-26,24,Gujarat,2025-04,2025-04-01,3199.58,3897.65,4524.95,,14387.400000000001
2025-26,24,Gujarat,2025-05,2025-05-01,3141.5,3790.78,4015.84,,11113.07
2025-26,24,Gujarat,2025-06,2025-06-01,3333.67,4005.93,3558.62,,10490.900000000001
2025-26,24,Gujarat,2025-07,2025-07-01,3130.42,3881.59,3500.79,,10840.39
2025-26,24,Gujarat,2025-08,2025-08-01,3058.0,3693.41,3470.11,,10482.12
2025-26,24,Gujarat,2025-09,2025-09-01,3475.86,4139.42,3667.77,,10419.18
2025-26,24,Gujarat,2025-10,2025-10-01,3337.99,3824.79,3997.57,,11612.85
2025-26,24,Gujarat,2025-11,2025-11-01,3070.28,3549.36,3118.43,,10281.21
2025-26,24,Gujarat,2025-12,2025-12-01,3682.32,4338.11,3302.02,,9921.66
2025-26,24,Gujarat,2026-01,2026-01-01,3730.13,4276.12,3965.65,,11986.08
2025-26,24,Gujarat,2026-02,2026-02-01,3730.13,4276.12,3694.68,,11700.93
2025-26,25,Daman and Diu,2025-04,2025-04-01,0.0,0.0,0.08,,0.08
2025-26,25,Daman and Diu,2025-05,2025-05-01,0.0,0.0,0.0,,0.0
2025-26,25,Daman and Diu,2025-06,2025-06-01,0.01,0.01,0.0,,0.0
2025-26,25,Daman and Diu,2025-07,2025-07-01,0.01,0.01,0.0,,0.02
2025-26,25,Daman and Diu,2025-08,2025-08-01,0.0,0.0,0.0,,0.02
2025-26,25,Daman and Diu,2025-09,2025-09-01,0.0,0.0,0.02,,0.02
2025-26,25,Daman and Diu,2025-10,2025-10-01,0.0,0.0,0.01,,0.01
2025-26,25,Daman and Diu,2025-11,2025-11-01,0.0,0.0,0.0,,0.0
2025-26,25,Daman and Diu,2025-12,2025-12-01,0.0,0.0,0.0,,0.0
2025-26,25,Daman and Diu,2026-01,2026-01-01,0.0,0.0,0.0,,0.0
2025-26,25,Daman and Diu,2026-02,2026-02-01,0.0,0.0,0.02,,0.02
2025-26,26,Dadra and Nagar Haveli,2025-04,2025-04-01,44.9,56.12,338.45,,495.26
2025-26,26,Dadra and Nagar Haveli,2025-05,2025-05-01,48.53,59.03,249.71,,350.73
2025-26,26,Dadra and Nagar Haveli,2025-06,2025-06-01,58.45,64.03,302.68,,410.24
2025-26,26,Dadra and Nagar Haveli,2025-07,2025-07-01,49.69,61.65,271.86,,394.34000000000003
2025-26,26,Dadra and Nagar Haveli,2025-08,2025-08-01,52.5,63.82,251.13,,362.47
2025-26,26,Dadra and Nagar Haveli,2025-09,2025-09-01,47.08,58.21,250.04,,366.36
2025-26,26,Dadra and Nagar Haveli,2025-10,2025-10-01,56.07,66.62,297.52,,402.80999999999995
2025-26,26,Dadra and Nagar Haveli,2025-11,2025-11-01,51.78,65.78,200.6,,323.28999999999996
2025-26,26,Dadra and Nagar Haveli,2025-12,2025-12-01,53.07,67.63,211.93,,329.49
2025-26,26,Dadra and Nagar Haveli,2026-01,2026-01-01,51.06,73.01,306.58,,427.28
2025-26,26,Dadra and Nagar Haveli,2026-02,2026-02-01,51.06,73.01,223.53,,347.6
2025-26,27,Maharashtra,2025-04,2025-04-01,8232.6,9357.24,14489.93,,39276.6
2025-26,27,Maharashtra,2025-05,2025-05-01,8477.11,9839.21,11646.26,,29236.1
2025-26,27,Maharashtra,2025-06,2025-06-01,8265.51,9415.67,9931.64,,28247.96
2025-26,27,Maharashtra,2025-07,2025-07-01,7840.27,9400.0,10869.94,,28551.120000000003
2025-26,27,Maharashtra,2025-08,2025-08-01,7965.73,9239.64,9505.44,,26745.71
2025-26,27,Maharashtra,2025-09,2025-09-01,8877.77,10347.02,8767.63,,25973.0
2025-26,27,Maharashtra,2025-10,2025-10-01,8863.39,9923.24,11788.47,,31013.260000000002
2025-26,27,Maharashtra,2025-11,2025-11-01,8763.95,9851.5,9818.9,,28605.53
2025-26,27,Maharashtra,2025-12,2025-12-01,9353.92,10571.83,10461.62,,29077.07
2025-26,27,Maharashtra,2026-01,2026-01-01,8967.14,10286.34,12902.61,,32828.36
2025-26,27,Maharashtra,2026-02,2026-02-01,8967.14,10286.34,10097.31,,29350.79
2025-26,29,Karnataka,2025-04,2025-04-01,3121.0,3792.1,6696.87,,16547.88
2025-26,29,Karnataka,2025-05,2025-05-01,3182.2,3854.8,6039.23,,12952.33
2025-26,29,Karnataka,2025-06,2025-06-01,3211.58,3908.7,4747.49,,11784.49
2025-26,29,Karnataka,2025-07,2025-07-01,3308.49,3958.77,5288.05,,12408.33
2025-26,29,Karnataka,2025-08,2025-08-01,3154.49,3887.33,5244.97,,12512.23
2025-26,29,Karnataka,2025-09,2025-09-01,3308.58,4053.84,4959.3,,12001.119999999999
2025-26,29,Karnataka,2025-10,2025-10-01,3151.61,3877.95,6083.89,,13446.310000000001
2025-26,29,Karnataka,2025-11,2025-11-01,3122.37,3816.4,5828.03,,12857.59
2025-26,29,Karnataka,2025-12,2025-12-01,3656.2,4425.49,5045.89,,11984.66
2025-26,29,Karnataka,2026-01,2026-01-01,3492.03,4353.21,6094.15,,14175.84
2025-26,29,Karnataka,2026-02,2026-02-01,3492.03,4353.21,6169.27,,14014.51
2025-26,30,Goa,2025-04,2025-04-01,146.86,191.6,263.73,,799.58
2025-26,30,Goa,2025-05,2025-05-01,153.78,193.12,243.74,,582.2
2025-26,30,Goa,2025-06,2025-06-01,169.3,209.39,199.84,,546.74
2025-26,30,Goa,2025-07,2025-07-01,158.44,193.19,205.05,,583.74
2025-26,30,Goa,2025-08,2025-08-01,153.54,193.05,191.61,,543.24
2025-26,30,Goa,2025-09,2025-09-01,175.47,214.68,186.3,,532.8900000000001
2025-26,30,Goa,2025-10,2025-10-01,174.41,213.81,152.49,,542.64
2025-26,30,Goa,2025-11,2025-11-01,176.35,214.48,128.05,,516.27
2025-26,30,Goa,2025-12,2025-12-01,205.66,261.25,123.7,,514.53
2025-26,30,Goa,2026-01,2026-01-01,205.5,251.56,150.11,,617.02
2025-26,30,Goa,2026-02,2026-02-01,205.5,251.56,132.75,,589.81
2025-26,31,Lakshadweep,2025-04,2025-04-01,0.84,1.11,2.61,,4.68
2025-26,31,Lakshadweep,2025-05,2025-05-01,0.5,0.49,4.97,,6.92
2025-26,31,Lakshadweep,2025-06,2025-06-01,0.13,0.17,0.09,,1.08
2025-26,31,Lakshadweep,2025-07,2025-07-01,0.17,0.27,0.26,,0.56
2025-26,31,Lakshadweep,2025-08,2025-08-01,0.2,0.21,0.21,,0.65
2025-26,31,Lakshadweep,2025-09,2025-09-01,0.31,0.93,1.17,,1.58
2025-26,31,Lakshadweep,2025-10,2025-10-01,0.16,0.37,0.55,,1.79
2025-26,31,Lakshadweep,2025-11,2025-11-01,0.22,0.89,0.1,,0.63
2025-26,31,Lakshadweep,2025-12,2025-12-01,0.38,0.5,0.24,,1.35
2025-26,31,Lakshadweep,2026-01,2026-01-01,0.43,0.44,0.62,,1.5
2025-26,31,Lakshadweep,2026-02,2026-02-01,0.43,0.44,0.11,,0.98
2025-26,32,Kerala,2025-04,2025-04-01,1007.61,1265.26,674.29,,3420.45
2025-26,32,Kerala,2025-05,2025-05-01,1055.46,1304.6,932.01,,3204.88
2025-26,32,Kerala,2025-06,2025-06-01,998.2,1203.01,489.64,,2849.7
2025-26,32,Kerala,2025-07,2025-07-01,991.22,1220.93,509.74,,2710.95
2025-26,32,Kerala,2025-08,2025-08-01,1058.05,1371.62,504.63,,2716.78
2025-26,32,Kerala,2025-09,2025-09-01,1060.65,1280.81,579.88,,3009.55
2025-26,32,Kerala,2025-10,2025-10-01,1097.56,1304.25,487.66,,2829.12
2025-26,32,Kerala,2025-11,2025-11-01,1038.41,1235.91,498.53,,2900.34
2025-26,32,Kerala,2025-12,2025-12-01,1239.28,1488.5,477.7,,2752.02
2025-26,32,Kerala,2026-01,2026-01-01,1220.64,1437.55,532.61,,3260.39
2025-26,32,Kerala,2026-02,2026-02-01,1220.64,1437.55,561.89,,3220.08
2025-26,33,Tamil Nadu,2025-04,2025-04-01,2983.15,3909.9,4332.31,,12995.79
2025-26,33,Tamil Nadu,2025-05,2025-05-01,2886.21,3727.98,4688.57,,11581.619999999999
2025-26,33,Tamil Nadu,2025-06,2025-06-01,2987.26,3819.54,3348.63,,9962.82
2025-26,33,Tamil Nadu,2025-07,2025-07-01,3105.19,4038.01,3729.51,,10536.310000000001
2025-26,33,Tamil Nadu,2025-08,2025-08-01,3069.98,4018.26,3185.78,,10328.980000000001
2025-26,33,Tamil Nadu,2025-09,2025-09-01,3108.62,4038.98,3581.41,,10669.65
2025-26,33,Tamil Nadu,2025-10,2025-10-01,3009.29,3763.78,4150.02,,11297.62
2025-26,33,Tamil Nadu,2025-11,2025-11-01,2723.31,3598.48,3442.15,,10215.22
2025-26,33,Tamil Nadu,2025-12,2025-12-01,3066.33,3947.34,3454.14,,9775.93
2025-26,33,Tamil Nadu,2026-01,2026-01-01,2960.59,3713.25,3893.34,,10907.01
2025-26,33,Tamil Nadu,2026-02,2026-02-01,2960.59,3713.25,4335.35,,11009.19
2025-26,34,Puducherry,2025-04,2025-04-01,29.92,45.01,170.97,,265.85
2025-26,34,Puducherry,2025-05,2025-05-01,31.38,47.54,198.85,,273.78
2025-26,34,Puducherry,2025-06,2025-06-01,32.97,46.59,161.15,,240.07
2025-26,34,Puducherry,2025-07,2025-07-01,31.16,46.8,164.74,,244.3
2025-26,34,Puducherry,2025-08,2025-08-01,34.75,47.67,147.1,,225.06
2025-26,34,Puducherry,2025-09,2025-09-01,35.01,46.58,177.04,,259.46
2025-26,34,Puducherry,2025-10,2025-10-01,31.49,44.86,109.78,,191.37
2025-26,34,Puducherry,2025-11,2025-11-01,32.64,43.87,91.82,,168.17
2025-26,34,Puducherry,2025-12,2025-12-01,38.33,59.36,93.36,,169.87
2025-26,34,Puducherry,2026-01,2026-01-01,32.91,45.09,119.46,,217.14999999999998
2025-26,34,Puducherry,2026-02,2026-02-01,32.91,45.09,114.01,,192.01
2025-26,35,Andaman and Nicobar Islands,2025-04,2025-04-01,14.71,18.63,24.03,,77.99
2025-26,35,Andaman and Nicobar Islands,2025-05,2025-05-01,12.59,15.28,19.52,,52.86
2025-26,35,Andaman and Nicobar Islands,2025-06,2025-06-01,16.93,20.7,4.12,,31.99
2025-26,35,Andaman and Nicobar Islands,2025-07,2025-07-01,12.28,15.08,13.76,,51.38999999999999
2025-26,35,Andaman and Nicobar Islands,2025-08,2025-08-01,12.05,15.03,9.44,,36.8
2025-26,35,Andaman and Nicobar Islands,2025-09,2025-09-01,12.87,16.18,7.77,,34.849999999999994
2025-26,35,Andaman and Nicobar Islands,2025-10,2025-10-01,13.32,18.07,6.9,,35.949999999999996
2025-26,35,Andaman and Nicobar Islands,2025-11,2025-11-01,15.3,18.82,9.3,,40.69
2025-26,35,Andaman and Nicobar Islands,2025-12,2025-12-01,17.1,20.54,10.03,,44.150000000000006
2025-26,35,Andaman and Nicobar Islands,2026-01,2026-01-01,21.39,24.49,8.97,,46.61
2025-26,35,Andaman and Nicobar Islands,2026-02,2026-02-01,21.39,24.49,8.48,,54.36
2025-26,36,Telangana,2025-04,2025-04-01,1363.47,1715.08,2369.83,,6376.0
2025-26,36,Telangana,2025-05,2025-05-01,1335.65,1707.52,1671.51,,4750.06
2025-26,36,Telangana,2025-06,2025-06-01,1404.33,1824.02,1504.51,,4547.68
2025-26,36,Telangana,2025-07,2025-07-01,1335.67,1688.75,1642.73,,4871.08
2025-26,36,Telangana,2025-08,2025-08-01,1326.65,1693.06,1587.69,,4612.110000000001
2025-26,36,Telangana,2025-09,2025-09-01,1567.25,1939.53,1492.46,,4512.17
2025-26,36,Telangana,2025-10,2025-10-01,1432.55,1808.9,1737.26,,5244.04
2025-26,36,Telangana,2025-11,2025-11-01,1498.72,1761.64,1369.44,,4610.889999999999
2025-26,36,Telangana,2025-12,2025-12-01,1760.95,2189.96,1262.52,,4522.88
2025-26,36,Telangana,2026-01,2026-01-01,1609.18,1958.29,1753.26,,5704.17
2025-26,36,Telangana,2026-02,2026-02-01,1609.18,1958.29,1699.7,,5267.17
2025-26,37,Andhra Pradesh,2025-04,2025-04-01,941.23,1189.75,1578.92,,4443.91
2025-26,37,Andhra Pradesh,2025-05,2025-05-01,924.15,1225.4,1464.68,,3595.66
2025-26,37,Andhra Pradesh,2025-06,2025-06-01,957.52,1226.35,1228.59,,3378.1400000000003
2025-26,37,Andhra Pradesh,2025-07,2025-07-01,1048.75,1364.26,1348.39,,3532.26
2025-26,37,Andhra Pradesh,2025-08,2025-08-01,934.79,1184.4,1297.05,,3710.0600000000004
2025-26,37,Andhra Pradesh,2025-09,2025-09-01,966.13,1247.25,1265.3,,3384.49
2025-26,37,Andhra Pradesh,2025-10,2025-10-01,872.4,1109.17,1249.45,,3462.83
2025-26,37,Andhra Pradesh,2025-11,2025-11-01,873.5,1102.44,997.88,,2979.4500000000003
2025-26,37,Andhra Pradesh,2025-12,2025-12-01,1007.68,1283.73,1123.5,,3099.44
2025-26,37,Andhra Pradesh,2026-01,2026-01-01,983.06,1251.44,1183.23,,3474.64
2025-26,37,Andhra Pradesh,2026-02,2026-02-01,983.06,1251.44,1328.5,,3563.0
2025-26,38,Ladakh,2025-04,2025-04-01,8.58,11.35,4.84,,71.57
2025-26,38,Ladakh,2025-05,2025-05-01,11.07,13.76,9.35,,29.28
2025-26,38,Ladakh,2025-06,2025-06-01,16.14,22.23,3.14,,27.97
2025-26,38,Ladakh,2025-07,2025-07-01,13.25,18.11,3.53,,41.900000000000006
2025-26,38,Ladakh,2025-08,2025-08-01,15.78,22.97,3.58,,34.94
2025-26,38,Ladakh,2025-09,2025-09-01,29.94,42.79,4.77,,43.519999999999996
2025-26,38,Ladakh,2025-10,2025-10-01,16.16,24.7,5.68,,78.41
2025-26,38,Ladakh,2025-11,2025-11-01,14.1,18.14,4.89,,45.75
2025-26,38,Ladakh,2025-12,2025-12-01,24.04,30.94,6.09,,38.33
2025-26,38,Ladakh,2026-01,2026-01-01,10.12,12.49,8.25,,63.230000000000004
2025-26,38,Ladakh,2026-02,2026-02-01,10.12,12.49,3.49,,26.1
2025-26,97,Other Territory,2025-04,2025-04-01,22.51,26.91,217.74,,261.35
2025-26,97,Other Territory,2025-05,2025-05-01,29.63,40.74,162.63,,212.05
2025-26,97,Other Territory,2025-06,2025-06-01,22.22,33.28,157.45,,227.82
2025-26,97,Other Territory,2025-07,2025-07-01,17.17,23.92,156.82,,212.32
2025-26,97,Other Territory,2025-08,2025-08-01,14.34,19.1,158.45,,199.54
2025-26,97,Other Territory,2025-09,2025-09-01,28.76,39.14,172.97,,206.41
2025-26,97,Other Territory,2025-10,2025-10-01,10.13,16.2,178.65,,246.55
2025-26,97,Other Territory,2025-11,2025-11-01,24.35,33.84,172.19,,198.51999999999998
2025-26,97,Other Territory,2025-12,2025-12-01,33.4,49.25,168.87,,227.06
2025-26,97,Other Territory,2026-01,2026-01-01,33.47,40.6,176.77,,259.42
2025-26,97,Other Territory,2026-02,2026-02-01,33.47,40.6,176.75,,250.82
2025-26,99,OIDAR,2025-04,2025-04-01,0.0,0.0,299.58,,299.58
2025-26,99,OIDAR,2025-05,2025-05-01,0.0,0.0,323.78,,323.78
2025-26,99,OIDAR,2025-06,2025-06-01,0.0,0.0,317.09,,317.09
2025-26,99,OIDAR,2025-07,2025-07-01,0.0,0.0,310.98,,310.98
2025-26,99,OIDAR,2025-08,2025-08-01,0.0,0.0,396.32,,396.32
2025-26,99,OIDAR,2025-09,2025-09-01,0.0,0.0,391.55,,391.55
2025-26,99,OIDAR,2025-10,2025-10-01,0.0,0.0,365.78,,365.78
2025-26,99,OIDAR,2025-11,2025-11-01,0.0,0.0,438.12,,438.12
2025-26,99,OIDAR,2025-12,2025-12-01,0.0,0.0,390.88,,390.88
2025-26,99,OIDAR,2026-01,2026-01-01,0.0,0.0,389.69,,389.69
2025-26,99,OIDAR,2026-02,2026-02-01,0.0,0.0,466.31,,466.31
2025-26,Domestic GST Collection- All India,,2025-04,2025-04-01,35433.75,43901.59000000001,69504.38,,177510.54
2025-26,Domestic GST Collection- All India,,2025-05,2025-05-01,34557.63,43267.869999999995,58766.679999999986,,138102.01999999996
2025-26,Domestic GST Collection- All India,,2025-06,2025-06-01,35470.01,44059.16999999999,48680.179999999986,,126505.68000000004
2025-26,Domestic GST Collection- All India,,2025-07,2025-07-01,34076.09,42854.490000000005,51910.210000000014,,131439.39
2025-26,Domestic GST Collection- All India,,2025-08,2025-08-01,33645.53,41835.65000000001,48639.280000000006,,125569.86
2025-26,Domestic GST Collection- All India,,2025-09,2025-09-01,36547.30000000001,45134.090000000004,49852.89,,125334.07000000002
2025-26,Domestic GST Collection- All India,,2025-10,2025-10-01,34843.30000000001,42522.41999999999,55646.84,,137328.22999999992
2025-26,Domestic GST Collection- All India,,2025-11,2025-11-01,34288.74,41367.70000000001,46933.87000000001,,124299.59
2025-26,Domestic GST Collection- All India,,2025-12,2025-12-01,38791.83000000001,47817.46,46917.26999999998,,122573.71
2025-26,Domestic GST Collection- All India,,2026-01,2026-01-01,37472.479999999996,45900.409999999996,54522.47,,141131.76000000004
2025-26,Domestic GST Collection- All India,,2026-02,2026-02-01,37472.479999999996,45900.409999999996,52399.369999999995,,135772.26
2025-26,IGST and CESS on Import - All India,,2025-04,2025-04-01,0.0,0.0,45754.0,,45754.0
2025-26,IGST and CESS on Import - All India,,2025-05,2025-05-01,0.0,0.0,50069.7110893,,50069.7110893
2025-26,IGST and CESS on Import - All India,,2025-06,2025-06-01,0.0,0.0,44599.516060327005,,44599.516060327005
2025-26,IGST and CESS on Import - All India,,2025-07,2025-07-01,0.0,0.0,51625.84925418,,51625.84925418
2025-26,IGST and CESS on Import - All India,,2025-08,2025-08-01,0.0,0.0,48546.490319204,,48546.490319204
2025-26,IGST and CESS on Import - All India,,2025-09,2025-09-01,0.0,0.0,52030.524295491,,52030.524295491
2025-26,IGST and CESS on Import - All India,,2025-10,2025-10-01,0.0,0.0,50796.394906131,,50796.394906131
2025-26,IGST and CESS on Import - All India,,2025-11,2025-11-01,0.0,0.0,45976.177108200005,,45976.177108200005
2025-26,IGST and CESS on Import - All India,,2025-12,2025-12-01,0.0,0.0,51976.57973638,,51976.57973638
2025-26,IGST and CESS on Import - All India,,2026-01,2026-01-01,0.0,0.0,52252.656265150996,,52252.656265150996
2025-26,IGST and CESS on Import - All India,,2026-02,2026-02-01,0.0,0.0,47837.016739725,,47837.016739725
