financial_year,state_code,state,month,month_date,cgst,sgst,igst,cess,total
2020-21,01,Jammu and Kashmir,2020-04,2020-04-01,0.68183664,0.52830714,4.6275989200000005,0.0,5.8377427
2020-21,01,Jammu and Kashmir,2020-05,2020-05-01,1.9378886940000002,1.7911853940000002,2.58356505,0.0,6.3126391
2020-21,01,Jammu and Kashmir,2020-06,2020-06-01,2.2359709,1.22596,4.5521733,0.0258787,8.0399829
2020-21,01,Jammu and Kashmir,2020-07,2020-07-01,1.2895334,1.2888644,0.210135,0.0,2.7885328
2020-21,01,Jammu and Kashmir,2020-08,2020-08-01,1.6714751,1.4799632,4.20725824,0.0139415,7.372638
2020-21,01,Jammu and Kashmir,2020-09,2020-09-01,1.1961962,0.7036992,2.0379577,0.0222,3.9600531
2020-21,01,Jammu and Kashmir,2020-10,2020-10-01,3.59649345,3.34315415,2.870912734,0.0,9.8105603
2020-21,01,Jammu and Kashmir,2020-11,2020-11-01,1.0736118,1.1656871,0.6954422,0.0010474,2.9357885
2020-21,01,Jammu and Kashmir,2020-12,2020-12-01,0.8441277380000001,0.612830138,4.407854552000001,0.000715,5.8655273
2020-21,01,Jammu and Kashmir,2021-01,2021-01-01,0.1959525,0.3791601,2.8140901,0.0,3.3892027
2020-21,01,Jammu and Kashmir,2021-02,2021-02-01,0.8567387,1.6969185,8.4740024,0.00052,11.0281797
2020-21,01,Jammu and Kashmir,2021-03,2021-03-01,2.52813014,2.67940964,3.6317754,0.002826,8.8421412
2020-21,02,Himachal Pradesh,2020-04,2020-04-01,7.5954819,8.6174491,9.94458062,0.0016195,26.1591311
2020-21,02,Himachal Pradesh,2020-05,2020-05-01,10.4837605,17.4699419,25.94099144,0.0673744,53.9620682
2020-21,02,Himachal Pradesh,2020-06,2020-06-01,10.679499,9.8539541,14.895080609999999,0.046928,35.4754618
2020-21,02,Himachal Pradesh,2020-07,2020-07-01,6.0291076,8.6060173,19.3476552,0.0,33.9827802
2020-21,02,Himachal Pradesh,2020-08,2020-08-01,9.9986569,18.8067955,27.82778982,0.005953,56.6391954
2020-21,02,Himachal Pradesh,2020-09,2020-09-01,7.2770348799999995,7.32787308,30.680376239999998,0.0021196,45.2874039
2020-21,02,Himachal Pradesh,2020-10,2020-10-01,6.6346828,8.7709045,12.9335113,0.015781,28.3548797
2020-21,02,Himachal Pradesh,2020-11,2020-11-01,13.37073252,11.64268972,30.327501119999997,0.0073528,55.3482762
2020-21,02,Himachal Pradesh,2020-12,2020-12-01,11.469495,14.6127811,15.2846616,0.0015363,41.3684736
2020-21,02,Himachal Pradesh,2021-01,2021-01-01,5.5148026,10.2285176,13.0461471,0.000225,28.7896925
2020-21,02,Himachal Pradesh,2021-02,2021-02-01,7.375792,11.654382,22.9427718,0.0015551,41.9745011
2020-21,02,Himachal Pradesh,2021-03,2021-03-01,14.7451944,15.6867048,32.5081913,0.0010636,62.9411539
2020-21,03,Punjab,2020-04,2020-04-01,23.426270451,47.141202189999994,15.494597881999999,0.43075147999999996,86.4928224
2020-21,03,Punjab,2020-05,2020-05-01,36.311510206,68.12909245,29.437472012,0.135366391,134.0134409
2020-21,03,Punjab,2020-06,2020-06-01,36.400843101,68.101105536,24.487719690000002,1.3806111,130.3702795
2020-21,03,Punjab,2020-07,2020-07-01,16.78016002,34.761053106,17.235201059999998,0.27534883,69.0517627
2020-21,03,Punjab,2020-08,2020-08-01,37.68391476,44.112991932,27.08645325,0.039426218,108.9227866
2020-21,03,Punjab,2020-09,2020-09-01,22.88161788,46.529317696,18.944557890000002,0.12740381,88.4828971
2020-21,03,Punjab,2020-10,2020-10-01,29.098553957999997,48.727529757999996,21.28134265,0.1507688,99.2581948
2020-21,03,Punjab,2020-11,2020-11-01,58.075348442999996,76.411724123,33.425261258,0.126961613,168.0392954
2020-21,03,Punjab,2020-12,2020-12-01,25.82283233,73.86413546200001,16.891846679,0.0026399,116.5814551
2020-21,03,Punjab,2021-01,2021-01-01,21.102626309999998,43.35149121,15.969939619999998,0.03359799,80.4576553
2020-21,03,Punjab,2021-02,2021-02-01,20.95088045,44.49359856,8.9342043,0.03180735,74.4104906
2020-21,03,Punjab,2021-03,2021-03-01,75.28534979,83.775013971,33.828033952,0.44407622,193.3324742
2020-21,04,Chandigarh,2020-04,2020-04-01,0.291639,0.3327881,1.8207312,0.0041469,2.4493052
2020-21,04,Chandigarh,2020-05,2020-05-01,0.8740176,0.6285178,1.3101051,0.0176759,2.8303164
2020-21,04,Chandigarh,2020-06,2020-06-01,0.32243135,0.33228025,0.9414334,0.0413304,1.6374754
2020-21,04,Chandigarh,2020-07,2020-07-01,0.675502919,0.670265317,0.986543817,0.0,2.332312
2020-21,04,Chandigarh,2020-08,2020-08-01,0.6507709,0.578693,1.5429436,1e-05,2.7724175
2020-21,04,Chandigarh,2020-09,2020-09-01,0.60143741,0.60143591,8.871712458,0.0027864,10.0773724
2020-21,04,Chandigarh,2020-10,2020-10-01,0.4026412,0.2667185,1.4306678,0.0,2.1000275
2020-21,04,Chandigarh,2020-11,2020-11-01,0.6685561,0.6801577,2.4777578,0.000377,3.8268486
2020-21,04,Chandigarh,2020-12,2020-12-01,0.2227073,0.2283134,0.4541268,0.0,0.9051475
2020-21,04,Chandigarh,2021-01,2021-01-01,0.2669775,0.2669775,1.0350242,0.0,1.5689792
2020-21,04,Chandigarh,2021-02,2021-02-01,0.27426763,0.26279933,2.3722415800000003,0.0,2.9093085
2020-21,04,Chandigarh,2021-03,2021-03-01,1.4305625,1.5680247,9.1802784,0.000931,12.179797
2020-21,05,Uttarakhand,2020-04,2020-04-01,9.844868420000001,12.27848421,20.859908117,0.0168853,43.0001455
2020-21,05,Uttarakhand,2020-05,2020-05-01,12.339402778,14.707667080000002,41.1867687,0.0848909,68.3187286
2020-21,05,Uttarakhand,2020-06,2020-06-01,8.38546841,12.50821997,34.59258844,2.1984582,57.6847349
2020-21,05,Uttarakhand,2020-07,2020-07-01,4.3311707,7.59716228,12.95972629,2.7058298,27.5938888
2020-21,05,Uttarakhand,2020-08,2020-08-01,7.8088298,8.68567176,25.492535994999997,0.5850123,42.57205
2020-21,05,Uttarakhand,2020-09,2020-09-01,8.48378597,11.445823523,21.02751995,0.2374243,41.1945536
2020-21,05,Uttarakhand,2020-10,2020-10-01,7.588472059999999,9.136974134,16.8255313,0.1768917,33.7278692
2020-21,05,Uttarakhand,2020-11,2020-11-01,18.20771014,27.693354160000002,48.739217010000004,0.2224971,94.8627787
2020-21,05,Uttarakhand,2020-12,2020-12-01,4.54198665,8.38070835,12.430434140000001,0.2081074,25.5612365
2020-21,05,Uttarakhand,2021-01,2021-01-01,7.14412382,9.820476564,23.81082968,0.2886742,41.0641046
2020-21,05,Uttarakhand,2021-02,2021-02-01,6.6631929,10.3092749,10.570275859999999,0.4131182,27.9558619
2020-21,05,Uttarakhand,2021-03,2021-03-01,9.380665593000002,13.671192018000001,26.3273383,0.4502389,49.8294351
2020-21,06,Haryana,2020-04,2020-04-01,44.638766821,53.862604317999995,174.333535348,0.3489704,273.1838752
2020-21,06,Haryana,2020-05,2020-05-01,77.717111262,107.993398717,176.098808261,1.2985799,363.1078971
2020-21,06,Haryana,2020-06,2020-06-01,76.162722984,93.98804193400001,227.216140549,0.37171061,397.7386153
2020-21,06,Haryana,2020-07,2020-07-01,60.280326184,61.372926183000004,127.22845009400001,0.11066028,248.9923631
2020-21,06,Haryana,2020-08,2020-08-01,64.531794556,77.469078024,154.30804040499999,0.6010067,296.909919
2020-21,06,Haryana,2020-09,2020-09-01,64.852398975,68.198888622,175.553493531,0.5123593900000001,309.1171391
2020-21,06,Haryana,2020-10,2020-10-01,59.085159604,67.463459637,126.554918953,0.12733507,253.2308726
2020-21,06,Haryana,2020-11,2020-11-01,103.102111591,113.189832424,224.397295524,0.07697562,440.7662145
2020-21,06,Haryana,2020-12,2020-12-01,67.898166973,61.840562111000004,170.706548992,0.1487746,300.5940507
2020-21,06,Haryana,2021-01,2021-01-01,46.677156638999996,48.624479564999994,144.444362195,0.05640517,239.8024042
2020-21,06,Haryana,2021-02,2021-02-01,80.567164328,83.53609192799999,238.19701862399998,0.21107612999999997,402.5113531
2020-21,06,Haryana,2021-03,2021-03-01,102.969695827,116.300771707,225.248183491,0.19794587,444.7165988
2020-21,07,Delhi,2020-04,2020-04-01,19.45709071,26.653563405,17.272316438999997,4.158709318,67.5416796
2020-21,07,Delhi,2020-05,2020-05-01,28.029002686000002,35.268199692,18.907774335,1.275248714,83.4802255
2020-21,07,Delhi,2020-06,2020-06-01,30.316517599,46.701388164,30.912429131,0.8737867429999999,108.804121
2020-21,07,Delhi,2020-07,2020-07-01,23.014875641,33.989005682999995,22.620418635,1.13781677,80.7621166
2020-21,07,Delhi,2020-08,2020-08-01,60.644429247000005,87.629705927,49.120881677,2.53977754,199.9347936
2020-21,07,Delhi,2020-09,2020-09-01,50.190145266,67.125712272,35.362507152,0.25771328,152.9360775
2020-21,07,Delhi,2020-10,2020-10-01,37.410882244,48.08659053,42.357093987,2.382103707,130.2366705
2020-21,07,Delhi,2020-11,2020-11-01,45.902454413,62.497155526,62.986328273000005,2.567893561,173.953832
2020-21,07,Delhi,2020-12,2020-12-01,44.629894193,54.833274282000005,42.438993026999995,1.71380598,143.6159666
2020-21,07,Delhi,2021-01,2021-01-01,37.590146554,48.732783237999996,40.904082927999994,0.52972265,127.7567349
2020-21,07,Delhi,2021-02,2021-02-01,36.856687342,46.569450768,78.128533363,2.40853193,163.9632037
2020-21,07,Delhi,2021-03,2021-03-01,47.620610541000005,56.164326835000004,112.701506746,2.04156572,218.5280093
2020-21,08,Rajasthan,2020-04,2020-04-01,23.79866065,28.341730285000004,20.359729835,0.4945964,72.9947164
2020-21,08,Rajasthan,2020-05,2020-05-01,29.664070549,37.633388734,41.071439065,1.9838296,110.3527273
2020-21,08,Rajasthan,2020-06,2020-06-01,49.549086513,68.419296093,42.347776026999995,3.75847406,164.0746325
2020-21,08,Rajasthan,2020-07,2020-07-01,31.850144804000003,54.60618511799999,32.197644832,0.6135467,119.2675219
2020-21,08,Rajasthan,2020-08,2020-08-01,50.868371227,67.909961783,34.243258501999996,1.1817234,154.2033147
2020-21,08,Rajasthan,2020-09,2020-09-01,52.982915682,58.50224206,52.17656025,2.6109875,166.2727054
2020-21,08,Rajasthan,2020-10,2020-10-01,50.174540779000004,69.069466979,41.760449756999996,0.3910047,161.395462
2020-21,08,Rajasthan,2020-11,2020-11-01,51.657490499,58.411840158000004,54.733170622,3.16373065,167.9662316
2020-21,08,Rajasthan,2020-12,2020-12-01,37.647753488,40.911880268,39.481648544,11.63915325,129.680435
2020-21,08,Rajasthan,2021-01,2021-01-01,28.002706629000002,33.622631909,30.653147880000002,0.3116172,92.5901034
2020-21,08,Rajasthan,2021-02,2021-02-01,49.746887126,48.863566586000005,50.181217071,0.7739099,149.5655802
2020-21,08,Rajasthan,2021-03,2021-03-01,86.24571586799999,97.187328788,55.02993076,1.5900768,240.0530523
2020-21,09,Uttar Pradesh,2020-04,2020-04-01,41.760754999,52.886037542000004,247.09502405100002,19.27006582,361.0118864
2020-21,09,Uttar Pradesh,2020-05,2020-05-01,102.98945707899999,116.300901583,103.87516121799999,0.520907656,323.6864272
2020-21,09,Uttar Pradesh,2020-06,2020-06-01,95.974376405,137.705946201,165.215600493,1.62330124,400.5192183
2020-21,09,Uttar Pradesh,2020-07,2020-07-01,98.49153962199989,64.21687226,67.192142928,4.96406644,234.8646205
2020-21,09,Uttar Pradesh,2020-08,2020-08-01,89.053254886,95.726041589,102.973581563,33.67976378,321.4326389
2020-21,09,Uttar Pradesh,2020-09,2020-09-01,142.75298221,108.74298699,119.496334888,30.462043769999998,401.454348
2020-21,09,Uttar Pradesh,2020-10,2020-10-01,165.42663283599998,71.892011795,49.02496018,118.074536579,404.418138
2020-21,09,Uttar Pradesh,2020-11,2020-11-01,105.332877728,227.566601206,92.313265384,44.159400385000005,469.3721392
2020-21,09,Uttar Pradesh,2020-12,2020-12-01,84.590861209,109.856060379,86.770020487,56.71755113,337.9344929
2020-21,09,Uttar Pradesh,2021-01,2021-01-01,59.945548483,66.003661298,82.519017257,75.40990089900001,283.8781264
2020-21,09,Uttar Pradesh,2021-02,2021-02-01,57.796757053,59.447945178,81.508380257,42.861964948,241.6150458
2020-21,09,Uttar Pradesh,2021-03,2021-03-01,128.41628305999998,134.207880329,152.977839425,13.993391690000001,429.5953933
2020-21,10,Bihar,2020-04,2020-04-01,0.9181161099999999,0.89382741,4.99884741,0.095649707,6.9064408
2020-21,10,Bihar,2020-05,2020-05-01,7.35658543,6.90671557,3.2653296899999997,0.1444632,17.673094
2020-21,10,Bihar,2020-06,2020-06-01,6.86077152,7.483365619,8.142428932,0.1525911,22.639157
2020-21,10,Bihar,2020-07,2020-07-01,12.070050109999999,11.807576509999999,3.87930545,0.0122274,27.7691591
2020-21,10,Bihar,2020-08,2020-08-01,18.362654693,17.577129553,10.43648393,0.0737038,46.4499717
2020-21,10,Bihar,2020-09,2020-09-01,4.39844609,4.5112014,2.9880495,0.0402711,11.9379682
2020-21,10,Bihar,2020-10,2020-10-01,3.7212628100000003,3.68626374,2.2059133699999998,0.48359954000000005,10.0970394
2020-21,10,Bihar,2020-11,2020-11-01,7.5505495,7.329128,2.1147782,0.3942836,17.3887395
2020-21,10,Bihar,2020-12,2020-12-01,5.28945221,4.76307451,3.0579079300000003,0.06916786,13.1796025
2020-21,10,Bihar,2021-01,2021-01-01,13.44501255,11.47779875,40.66621927,0.0313857,65.6204165
2020-21,10,Bihar,2021-02,2021-02-01,8.13651643,6.57212193,4.0314929,0.0005691,18.7407004
2020-21,10,Bihar,2021-03,2021-03-01,8.430319236,8.089648436,3.7450511079999997,0.4511003,20.7161189
2020-21,11,Sikkim,2020-04,2020-04-01,0.2199832,0.228949,0.0030388,7.14e-05,0.4520424
2020-21,11,Sikkim,2020-05,2020-05-01,0.0223613,0.0065412,0.0095682,0.0013799,0.0398506
2020-21,11,Sikkim,2020-06,2020-06-01,,,,,
2020-21,11,Sikkim,2020-07,2020-07-01,0.1917199,0.068726,0.0,0.0,0.2604459
2020-21,11,Sikkim,2020-08,2020-08-01,0.26741742,0.26741732,1.09639574,0.0,1.6312305
2020-21,11,Sikkim,2020-09,2020-09-01,0.0278374,0.0278365,0.07905,0.000771,0.1354949
2020-21,11,Sikkim,2020-10,2020-10-01,,,,,
2020-21,11,Sikkim,2020-11,2020-11-01,0.0942547,0.0942547,4.6e-05,0.0,0.1885554
2020-21,11,Sikkim,2020-12,2020-12-01,,,,,
2020-21,11,Sikkim,2021-01,2021-01-01,0.0678956,0.0678956,0.0,0.0,0.1357912
2020-21,11,Sikkim,2021-02,2021-02-01,0.0002,0.0002,0.0,0.0,0.0004
2020-21,11,Sikkim,2021-03,2021-03-01,0.0079073,0.0049598,0.0035761,0.0007099,0.0171531
2020-21,12,Arunachal Pradesh,2020-04,2020-04-01,0.0009189,0.0009189,0.0,0.0,0.0018378
2020-21,12,Arunachal Pradesh,2020-05,2020-05-01,0.0921596,0.1284646,0.073716,0.0,0.2943402
2020-21,12,Arunachal Pradesh,2020-06,2020-06-01,0.0740198,0.0,0.0,0.0,0.0740198
2020-21,12,Arunachal Pradesh,2020-07,2020-07-01,,,,,
2020-21,12,Arunachal Pradesh,2020-08,2020-08-01,6e-06,0.0,0.0,0.0,6e-06
2020-21,12,Arunachal Pradesh,2020-09,2020-09-01,0.041184,0.043684,0.0,0.0,0.084868
2020-21,12,Arunachal Pradesh,2020-10,2020-10-01,0.4970337,0.4418205,5.54e-05,0.0,0.9389096
2020-21,12,Arunachal Pradesh,2020-11,2020-11-01,2.664968,2.6778734,0.0207498,0.0,5.3635912
2020-21,12,Arunachal Pradesh,2020-12,2020-12-01,0.0,0.0,0.0005,0.0005,0.001
2020-21,12,Arunachal Pradesh,2021-01,2021-01-01,0.0160583,0.0160584,0.0279248,0.0,0.0600415
2020-21,12,Arunachal Pradesh,2021-02,2021-02-01,0.6950568,0.6950568,0.0432864,0.0,1.4334
2020-21,12,Arunachal Pradesh,2021-03,2021-03-01,0.1447426,0.1447426,0.4352837,0.0,0.7247689
2020-21,13,Nagaland,2020-04,2020-04-01,0.0215636,0.1182408,0.0,0.0025822,0.1423866
2020-21,13,Nagaland,2020-05,2020-05-01,0.0131501,0.0131501,0.0,0.0003842,0.0266844
2020-21,13,Nagaland,2020-06,2020-06-01,0.0175896,0.0155857,0.002004,0.0,0.0351793
2020-21,13,Nagaland,2020-07,2020-07-01,0.0336371,0.0445716,0.226311,0.0,0.3045197
2020-21,13,Nagaland,2020-08,2020-08-01,0.0081818,0.0081818,0.212039,0.0,0.2284026
2020-21,13,Nagaland,2020-09,2020-09-01,0.0033346,0.0033346,0.1897343,0.0,0.1964035
2020-21,13,Nagaland,2020-10,2020-10-01,0.0465676,0.0614372,0.0876406,0.0,0.1956454
2020-21,13,Nagaland,2020-11,2020-11-01,0.1144838,0.1144838,0.0,0.0,0.2289676
2020-21,13,Nagaland,2020-12,2020-12-01,0.0083294,0.0083294,0.0,0.0,0.0166588
2020-21,13,Nagaland,2021-01,2021-01-01,0.0202268,0.0202573,0.0,0.0,0.0404841
2020-21,13,Nagaland,2021-02,2021-02-01,0.0060707,0.0060707,0.007335,0.0,0.0194764
2020-21,13,Nagaland,2021-03,2021-03-01,0.0323353,0.0347673,0.0,0.0,0.0671026
2020-21,14,Manipur,2020-04,2020-04-01,0.00122,0.00122,0.0,0.0,0.00244
2020-21,14,Manipur,2020-05,2020-05-01,0.0021316,0.0021316,0.1340415,0.0,0.1383047
2020-21,14,Manipur,2020-06,2020-06-01,0.0004927,0.0002857,0.0002028,0.0,0.0009812
2020-21,14,Manipur,2020-07,2020-07-01,0.2676772,0.2676772,0.0,0.0,0.5353544
2020-21,14,Manipur,2020-08,2020-08-01,0.002565,0.0033779,0.0003016,0.0002067,0.0064512
2020-21,14,Manipur,2020-09,2020-09-01,0.0378697,0.0169578,0.0,0.0,0.0548275
2020-21,14,Manipur,2020-10,2020-10-01,0.4720536,0.48536,0.0,0.0057233,0.9631369
2020-21,14,Manipur,2020-11,2020-11-01,0.006306,0.006306,0.0,0.0,0.012612
2020-21,14,Manipur,2020-12,2020-12-01,,,,,
2020-21,14,Manipur,2021-01,2021-01-01,0.6357798,0.2147868,0.4035293,0.0,1.2540959
2020-21,14,Manipur,2021-02,2021-02-01,0.0037,0.0037,0.0,0.0,0.0074
2020-21,14,Manipur,2021-03,2021-03-01,0.00101,0.00101,0.0,0.0,0.00202
2020-21,15,Mizoram,2020-04,2020-04-01,0.019271,0.019271,0.0,0.0,0.038542
2020-21,15,Mizoram,2020-05,2020-05-01,0.0010836,0.0010836,0.00025,0.0,0.0024172
2020-21,15,Mizoram,2020-06,2020-06-01,0.796327,0.6500571,0.1851607,0.0,1.6315448
2020-21,15,Mizoram,2020-07,2020-07-01,0.5,0.5001,0.0,0.0,1.0001
2020-21,15,Mizoram,2020-08,2020-08-01,0.0083152,0.0083152,0.0304664,0.0,0.0470968
2020-21,15,Mizoram,2020-09,2020-09-01,0.0003013,0.0003013,0.0109889,0.0,0.0115915
2020-21,15,Mizoram,2020-10,2020-10-01,0.6247904,0.5241617,0.0052264,0.0,1.1541785
2020-21,15,Mizoram,2020-11,2020-11-01,0.0071194,0.0071195,0.0012574,0.0,0.0154963
2020-21,15,Mizoram,2020-12,2020-12-01,0.025,0.034394,0.0,0.0,0.059394
2020-21,15,Mizoram,2021-01,2021-01-01,,,,,
2020-21,15,Mizoram,2021-02,2021-02-01,0.000887,0.0013348,0.0,0.0,0.0022218
2020-21,15,Mizoram,2021-03,2021-03-01,0.1375885,0.1370202,0.02934805,0.0,0.3039567
2020-21,16,Tripura,2020-04,2020-04-01,0.0034881,0.0057258,0.00035,0.0,0.0095639
2020-21,16,Tripura,2020-05,2020-05-01,0.7329676,0.5501583,0.2549604,0.0,1.5380863
2020-21,16,Tripura,2020-06,2020-06-01,0.2656641,0.2656641,0.00208,6e-05,0.5334682
2020-21,16,Tripura,2020-07,2020-07-01,0.0121832,0.020412638,0.0005892,0.0,0.0331851
2020-21,16,Tripura,2020-08,2020-08-01,0.2552303,0.2552303,0.030287,0.00169,0.5424376
2020-21,16,Tripura,2020-09,2020-09-01,0.317287,0.3167064,0.040109,0.0,0.6741024
2020-21,16,Tripura,2020-10,2020-10-01,0.0,0.0,0.006615,0.0,0.006615
2020-21,16,Tripura,2020-11,2020-11-01,0.6564161,0.520788,0.1135222,0.00054,1.2912663
2020-21,16,Tripura,2020-12,2020-12-01,0.0104295,0.0104295,0.0001889,0.0,0.0210479
2020-21,16,Tripura,2021-01,2021-01-01,0.0041017,0.0041013,0.2010319,0.0,0.2092349
2020-21,16,Tripura,2021-02,2021-02-01,0.3777624,0.3777624,0.0500715,0.0,0.8055963
2020-21,16,Tripura,2021-03,2021-03-01,0.0075383,0.0075162,0.0374283,0.0009153,0.0533981
2020-21,17,Meghalaya,2020-04,2020-04-01,0.014,0.014,0.0,0.0,0.028
2020-21,17,Meghalaya,2020-05,2020-05-01,1.6378972,1.6567265,0.3779366,0.0,3.6725603
2020-21,17,Meghalaya,2020-06,2020-06-01,0.189354,0.1257402,0.0566069,0.0066188,0.3783199
2020-21,17,Meghalaya,2020-07,2020-07-01,0.20889422,0.20345011999999998,0.07459009,0.0,0.4869344
2020-21,17,Meghalaya,2020-08,2020-08-01,0.050592503000000004,0.073681403,0.0026239849999999997,0.007553,0.1344509
2020-21,17,Meghalaya,2020-09,2020-09-01,0.2435265,0.2633137,0.44413967000000004,0.0,0.9509799
2020-21,17,Meghalaya,2020-10,2020-10-01,0.0138054,0.0138054,0.0037474,0.0,0.0313582
2020-21,17,Meghalaya,2020-11,2020-11-01,0.2166352,0.2167627,0.2435754,0.0,0.6769733
2020-21,17,Meghalaya,2020-12,2020-12-01,0.0020251419999999997,0.0020251419999999997,0.00764,0.0,0.0116903
2020-21,17,Meghalaya,2021-01,2021-01-01,0.030236624,0.030236624,0.255212721,0.0088519,0.3245378
2020-21,17,Meghalaya,2021-02,2021-02-01,0.0684363,0.0856473,0.0307432,0.0,0.1848268
2020-21,17,Meghalaya,2021-03,2021-03-01,5.726811845,5.726671845,1.5212882,0.0,12.9747721
2020-21,18,Assam,2020-04,2020-04-01,0.28115057000000004,0.24044635,0.55026261,0.48960048,1.56146
2020-21,18,Assam,2020-05,2020-05-01,5.726300482,9.318519006999999,1.239288218,0.11517523,16.3992829
2020-21,18,Assam,2020-06,2020-06-01,1.9164130899999998,5.15590556,1.3233400199999998,0.1706685,8.5663272
2020-21,18,Assam,2020-07,2020-07-01,0.7512488,0.7626506,0.3560997,0.8581808,2.7281799
2020-21,18,Assam,2020-08,2020-08-01,4.019377051,3.91748684,1.872358927,0.1193636,9.9285865
2020-21,18,Assam,2020-09,2020-09-01,3.6156428899999997,2.3069153,2.5082393,0.0308006,8.4615981
2020-21,18,Assam,2020-10,2020-10-01,2.2308965,2.4903508,1.7956266,0.1127083,6.6295822
2020-21,18,Assam,2020-11,2020-11-01,1.17776796,1.3330923,2.733705,0.2531564,5.4977216
2020-21,18,Assam,2020-12,2020-12-01,2.227070132,2.0388009019999997,1.910998489,0.0038218,6.1806912
2020-21,18,Assam,2021-01,2021-01-01,1.7602371399999999,2.6008094,1.308134275,0.878864,6.5480446
2020-21,18,Assam,2021-02,2021-02-01,1.09776502,1.2173449,12.252601,0.4276726,14.9953835
2020-21,18,Assam,2021-03,2021-03-01,3.925422789,14.701956539,1.8011164,0.1885252,20.6170206
2020-21,19,West Bengal,2020-04,2020-04-01,24.715209285,30.605964589,27.084592360000002,3.222024158,85.6277891
2020-21,19,West Bengal,2020-05,2020-05-01,22.070103974000002,23.703337913,40.714979486000004,6.8926352159999995,93.3810552
2020-21,19,West Bengal,2020-06,2020-06-01,28.060670900999998,25.477528027,29.782259497000002,20.322684146,103.6431429
2020-21,19,West Bengal,2020-07,2020-07-01,42.513425188999996,50.221742507,61.380264324,8.341484770000001,162.4569154
2020-21,19,West Bengal,2020-08,2020-08-01,57.46948324299999,64.680211584,51.869800236,51.162182814,225.1816777
2020-21,19,West Bengal,2020-09,2020-09-01,56.453808635,50.388716734,58.91126308,3.676164579,169.4299527
2020-21,19,West Bengal,2020-10,2020-10-01,52.888645738,61.562919930999996,85.984876152,4.91042276,205.346863
2020-21,19,West Bengal,2020-11,2020-11-01,54.361772,55.259586585,72.490203648,0.84861929,182.9601815
2020-21,19,West Bengal,2020-12,2020-12-01,45.157141499,45.501208113,46.179964722,5.676507893999999,142.5148215
2020-21,19,West Bengal,2021-01,2021-01-01,44.748969335000005,47.151951194,38.656546592000005,0.842118,131.3995843
2020-21,19,West Bengal,2021-02,2021-02-01,48.487400752999996,68.87253477200001,60.338328428,1.672217593,179.3704819
2020-21,19,West Bengal,2021-03,2021-03-01,73.412776069,68.042664638,99.50581876599999,3.22635351,244.1876108
2020-21,20,Jharkhand,2020-04,2020-04-01,1.0852573349999999,0.935141601,0.8473372640000001,0.5958178599999999,3.4635541
2020-21,20,Jharkhand,2020-05,2020-05-01,1.972373623,1.864980022,8.273965837999999,1.287122684,13.3984421
2020-21,20,Jharkhand,2020-06,2020-06-01,1.0259031,0.774684,3.3858223,0.669108776,5.8555182
2020-21,20,Jharkhand,2020-07,2020-07-01,4.05750733,4.142716129999999,0.92646238,0.743907749,9.8705936
2020-21,20,Jharkhand,2020-08,2020-08-01,2.19475443,2.12521943,11.30046518,1.7587200809999999,17.3791592
2020-21,20,Jharkhand,2020-09,2020-09-01,2.7272442,2.6254647,29.228416160000002,1.227021604,35.8081468
2020-21,20,Jharkhand,2020-10,2020-10-01,2.13626305,1.66101885,0.5491888,0.3953719,4.7418426
2020-21,20,Jharkhand,2020-11,2020-11-01,30.53422545,30.453345730000002,0.678467351,1.977879156,63.6439172
2020-21,20,Jharkhand,2020-12,2020-12-01,3.8942613600000002,3.8992495899999997,0.70624104,0.77881149,9.2785634
2020-21,20,Jharkhand,2021-01,2021-01-01,16.369253448,1.875072538,6.4310741600000005,3.320812991,27.9962126
2020-21,20,Jharkhand,2021-02,2021-02-01,7.1031341,6.0211557,4.31762226,0.611276109,18.053188
2020-21,20,Jharkhand,2021-03,2021-03-01,1.601955,1.5287346,10.490111195999999,1.936493016,15.5572938
2020-21,21,Odisha,2020-04,2020-04-01,22.360492166,27.454197641000004,16.069566094,50.688544085000004,116.5727998
2020-21,21,Odisha,2020-05,2020-05-01,19.983714537,24.061929207,50.297450424000004,105.52521727,199.8683133
2020-21,21,Odisha,2020-06,2020-06-01,49.29761312,49.475102958,20.084732355,63.95119575499999,182.8086439
2020-21,21,Odisha,2020-07,2020-07-01,27.572587074,34.692611904,65.34239496000001,90.54811859,218.1557119
2020-21,21,Odisha,2020-08,2020-08-01,94.892388515,98.219798135,25.413648135,181.94402474,400.4698575
2020-21,21,Odisha,2020-09,2020-09-01,21.563913073,25.632853486000002,16.569475309999998,13.49947839,77.2657207
2020-21,21,Odisha,2020-10,2020-10-01,28.256495136,34.515154879,5.44759104,68.51081248,136.7300554
2020-21,21,Odisha,2020-11,2020-11-01,29.051848889,39.705615744999996,56.521551478999996,81.68620482,206.9652171
2020-21,21,Odisha,2020-12,2020-12-01,55.990063977,57.041406322,46.241860089999996,95.61584902999999,254.8891824
2020-21,21,Odisha,2021-01,2021-01-01,33.64903707,42.141077169999996,64.613612973,66.65582114,207.0595479
2020-21,21,Odisha,2021-02,2021-02-01,44.743304077999994,46.584766677999994,56.58472986,44.57176305,192.4845643
2020-21,21,Odisha,2021-03,2021-03-01,100.786321246,120.22573914600001,100.98363627,214.764518646,536.760217
2020-21,22,Chattisgarh,2020-04,2020-04-01,1.9609745600000001,2.09855376,4.20514406,11.27828665,19.5429591
2020-21,22,Chattisgarh,2020-05,2020-05-01,10.21767448,10.25016768,2.39022585,8.93501293,31.7930806
2020-21,22,Chattisgarh,2020-06,2020-06-01,8.955874337000001,8.652318537000001,2.05177562,8.90764523,28.5676138
2020-21,22,Chattisgarh,2020-07,2020-07-01,8.384884018000001,10.614658818,22.512693119999998,33.00803341,74.5202693
2020-21,22,Chattisgarh,2020-08,2020-08-01,8.807756591,8.666664891,4.80448502,27.7876979,50.066604
2020-21,22,Chattisgarh,2020-09,2020-09-01,10.2098332,8.5818409,3.8065385,9.13341332,31.7316259
2020-21,22,Chattisgarh,2020-10,2020-10-01,2.265188689,3.4633224890000003,1.53871776,12.60710514,19.8743342
2020-21,22,Chattisgarh,2020-11,2020-11-01,8.4932575,8.2305595,6.0705883,4.15705613,26.9514614
2020-21,22,Chattisgarh,2020-12,2020-12-01,8.9921571,8.9341616,2.7395715,10.49771795,31.1636078
2020-21,22,Chattisgarh,2021-01,2021-01-01,8.795318190000001,8.900629290000001,1.81128487,11.31571023,30.8229425
2020-21,22,Chattisgarh,2021-02,2021-02-01,4.491565473,4.40615951,7.45217502,10.09257254,26.4424723
2020-21,22,Chattisgarh,2021-03,2021-03-01,5.421531806,5.52594009,3.6410963649999997,7.050318754999999,21.6388866
2020-21,23,Madhya Pradesh,2020-04,2020-04-01,12.628476048,11.533348345,80.597431499,0.3615775,105.1208344
2020-21,23,Madhya Pradesh,2020-05,2020-05-01,34.338288796,41.182443108,106.159768254,3.3824378100000003,185.0629391
2020-21,23,Madhya Pradesh,2020-06,2020-06-01,16.61685452,28.51165232,22.366471743,0.07591734,67.5708958
2020-21,23,Madhya Pradesh,2020-07,2020-07-01,20.025019691999997,20.207237562,27.086933303,6.3454644799999995,73.6646554
2020-21,23,Madhya Pradesh,2020-08,2020-08-01,62.131114354,68.027891074,135.00693848499998,38.7846059,303.950551
2020-21,23,Madhya Pradesh,2020-09,2020-09-01,35.16290613,44.817281910000005,60.11645977999999,9.88648217,149.9831293
2020-21,23,Madhya Pradesh,2020-10,2020-10-01,27.248926822,40.441470472000006,44.020518960000004,11.35839237,123.0693099
2020-21,23,Madhya Pradesh,2020-11,2020-11-01,32.781082999,41.297844379000004,53.708658496000005,14.85863834,142.6462233
2020-21,23,Madhya Pradesh,2020-12,2020-12-01,29.522296585000003,28.198565735000003,34.344770754,5.34719762,97.4128302
2020-21,23,Madhya Pradesh,2021-01,2021-01-01,19.145054611000003,20.411970931,43.586941429,1.59667618,84.7406424
2020-21,23,Madhya Pradesh,2021-02,2021-02-01,26.151538337999998,27.224867357999997,42.29207518,9.7419724,105.4104538
2020-21,23,Madhya Pradesh,2021-03,2021-03-01,39.521775747,40.62787802,38.952880492,1.21288219,120.3154159
2020-21,24,Gujarat,2020-04,2020-04-01,146.070710145,135.127541074,127.808052597,6.10160448,415.1079088
2020-21,24,Gujarat,2020-05,2020-05-01,160.795583751,212.663773744,129.999149555,16.807727827,520.2662301
2020-21,24,Gujarat,2020-06,2020-06-01,290.34965314299995,331.510727747,237.14490271,18.730427773,877.735707
2020-21,24,Gujarat,2020-07,2020-07-01,155.788369902,236.385477687,225.80672736999998,27.252222094,645.232797
2020-21,24,Gujarat,2020-08,2020-08-01,311.723003379,381.597931781,227.746855126,46.243475525,967.3112623
2020-21,24,Gujarat,2020-09,2020-09-01,179.015357945,227.11288884099997,253.983130293,41.48048301,701.5918581
2020-21,24,Gujarat,2020-10,2020-10-01,146.074267544,195.629755099,169.30894818,19.23691433,530.2498832
2020-21,24,Gujarat,2020-11,2020-11-01,255.038943895,353.27438840300005,241.32942772600003,57.877732912,907.5204924
2020-21,24,Gujarat,2020-12,2020-12-01,210.241531148,232.466007055,212.146321546,66.63854206,721.4924016
2020-21,24,Gujarat,2021-01,2021-01-01,118.962749578,147.94709391400002,130.346560225,16.102951315000002,413.3593512
2020-21,24,Gujarat,2021-02,2021-02-01,207.101691376,306.350110138,142.182023566,37.863110494,693.4969297
2020-21,24,Gujarat,2021-03,2021-03-01,165.855412427,241.67672238000003,125.689860796,12.17965896,545.401651
2020-21,25,Daman and Diu,2020-04,2020-04-01,0.62425283,0.60821105,13.56382697,0.0,14.7962908
2020-21,25,Daman and Diu,2020-05,2020-05-01,1.72412135,0.9365059099999999,10.18266221,0.0,12.8432896
2020-21,25,Daman and Diu,2020-06,2020-06-01,1.9693939699999998,0.9980943400000001,9.45590265,0.0,12.4233909
2020-21,25,Daman and Diu,2020-07,2020-07-01,0.46543590999999995,0.51985921,0.86040039,0.0028961,1.8485916
2020-21,25,Daman and Diu,2020-08,2020-08-01,4.6707211200000005,1.0216436800000002,13.87743751,0.0,19.5698021
2020-21,25,Daman and Diu,2020-09,2020-09-01,4.4826762,2.1095674100000004,14.383634,0.0,20.9758771
2020-21,25,Daman and Diu,2020-10,2020-10-01,1.3731168699999998,1.1515199,11.08347297,0.0,13.6081099
2020-21,25,Daman and Diu,2020-11,2020-11-01,1.074552845,0.887958865,11.53411205,0.0,13.4966236
2020-21,25,Daman and Diu,2020-12,2020-12-01,3.60970404,1.6526603199999998,6.1596771299999995,0.01,11.4320413
2020-21,25,Daman and Diu,2021-01,2021-01-01,1.1303568,0.9527783400000001,1.3438412800000001,0.0001038,3.4270801
2020-21,25,Daman and Diu,2021-02,2021-02-01,0.15849638,0.18605358,3.33516313,1e-05,3.679723
2020-21,25,Daman and Diu,2021-03,2021-03-01,0.85823356,0.85406464,3.03767752,1.75e-05,4.7499933
2020-21,26,Dadra and Nagar Haveli,2020-04,2020-04-01,7.718085520000001,9.11051945,48.639866760000004,0.0232602,65.4917317
2020-21,26,Dadra and Nagar Haveli,2020-05,2020-05-01,2.7723218800000002,2.93789338,32.138466029,0.0301289,37.8788102
2020-21,26,Dadra and Nagar Haveli,2020-06,2020-06-01,4.54679943,6.3056546,41.429870581,0.0,52.2823244
2020-21,26,Dadra and Nagar Haveli,2020-07,2020-07-01,4.0006508,4.3921354,32.4035066,0.0,40.7962923
2020-21,26,Dadra and Nagar Haveli,2020-08,2020-08-01,4.0320572,2.21785949,23.92673299,0.0,30.1766501
2020-21,26,Dadra and Nagar Haveli,2020-09,2020-09-01,5.731141,7.846221409999999,37.05004331,0.0551792,50.6825849
2020-21,26,Dadra and Nagar Haveli,2020-10,2020-10-01,3.4358619,3.7125487,48.42475899,0.0,55.5731701
2020-21,26,Dadra and Nagar Haveli,2020-11,2020-11-01,6.4799549,3.7679691,34.486222155,0.0,44.7341462
2020-21,26,Dadra and Nagar Haveli,2020-12,2020-12-01,8.00337667,4.75639836,24.362858102,0.003065,37.1256976
2020-21,26,Dadra and Nagar Haveli,2021-01,2021-01-01,15.975402655000002,15.341525955000002,75.112917732,0.0480217,106.4778679
2020-21,26,Dadra and Nagar Haveli,2021-02,2021-02-01,11.283646285,17.267168277,38.1404759,0.0,66.6912905
2020-21,26,Dadra and Nagar Haveli,2021-03,2021-03-01,19.392175478,24.890509588,82.638924571,0.00025,126.9218602
2020-21,27,Maharastra,2020-04,2020-04-01,190.166072288,431.845139395,287.20066574099997,0.894953098,910.1068308
2020-21,27,Maharastra,2020-05,2020-05-01,451.1038786,589.627410701,509.894394781,3.518376539,1554.1440495
2020-21,27,Maharastra,2020-06,2020-06-01,322.719916076,365.606060723,485.71524116300003,1.4546335099999999,1175.49585
2020-21,27,Maharastra,2020-07,2020-07-01,176.670196548,246.591596741,193.671208963,0.22655936000000002,617.1595614
2020-21,27,Maharastra,2020-08,2020-08-01,367.201155013,470.660416625,482.68868183999996,6.519343613,1327.0695885
2020-21,27,Maharastra,2020-09,2020-09-01,314.306555973,364.0578768,331.969724609,4.375029798,1014.7091817
2020-21,27,Maharastra,2020-10,2020-10-01,217.424416642,391.512038449,373.460632289,1.805830153,984.2029113
2020-21,27,Maharastra,2020-11,2020-11-01,323.513968996,621.226785094,348.399776044,10.589863606,1303.7303933
2020-21,27,Maharastra,2020-12,2020-12-01,175.10502572000001,208.46682746300002,230.753901714,1.252231802,615.5779776
2020-21,27,Maharastra,2021-01,2021-01-01,264.043821054,462.28711810100003,336.64305795999996,2.118393293,1065.0923891
2020-21,27,Maharastra,2021-02,2021-02-01,271.291839914,539.621675009,443.34470395799997,1.433812134,1255.6920216
2020-21,27,Maharastra,2021-03,2021-03-01,171.777658476,225.04570238899998,195.17673245,1.253882118,593.2539706
2020-21,29,Karnataka,2020-04,2020-04-01,232.40092518600002,232.833041852,505.48696389099996,11.44624608,982.1671738
2020-21,29,Karnataka,2020-05,2020-05-01,215.08282109,221.58927771799998,446.43475090299995,7.665954409999999,890.772804
2020-21,29,Karnataka,2020-06,2020-06-01,279.147564204,262.562183086,557.0371191739999,2.4051562300000002,1101.1520223
2020-21,29,Karnataka,2020-07,2020-07-01,402.470779979,314.730032567,522.425056963,0.29105452000000004,1239.9169062
2020-21,29,Karnataka,2020-08,2020-08-01,300.221848059,290.175929553,745.059996836,3.7044509100000003,1339.162224
2020-21,29,Karnataka,2020-09,2020-09-01,252.496458981,265.17666045500005,463.483272992,4.31128089,985.4676709
2020-21,29,Karnataka,2020-10,2020-10-01,211.306707809,203.771886003,431.93973936000003,1.0062296,848.024564
2020-21,29,Karnataka,2020-11,2020-11-01,290.124532714,309.942010305,572.382313116,28.6514791,1201.1003347
2020-21,29,Karnataka,2020-12,2020-12-01,223.990531225,264.694192995,453.886715346,30.330969739999997,972.9024103
2020-21,29,Karnataka,2021-01,2021-01-01,164.965759284,175.67124613599998,274.18384195,3.49230696,618.3131539
2020-21,29,Karnataka,2021-02,2021-02-01,273.650230469,280.473719467,481.99632197299997,2.4597014,1038.5799731
2020-21,29,Karnataka,2021-03,2021-03-01,253.709792536,257.498789653,580.295685287,24.81288946,1116.3171517
2020-21,30,Goa,2020-04,2020-04-01,5.831030755,4.856312893999999,31.34905074,0.0,42.0363941
2020-21,30,Goa,2020-05,2020-05-01,3.277440494,2.465713114,25.24829562,0.002964,30.9944137
2020-21,30,Goa,2020-06,2020-06-01,3.6617182299999995,3.18903852,11.86782146,0.0210722,18.7396502
2020-21,30,Goa,2020-07,2020-07-01,2.8520664,1.2677909,13.4301659,0.0,17.5500232
2020-21,30,Goa,2020-08,2020-08-01,3.731670095,2.758985445,18.30212894,0.0002,24.7929844
2020-21,30,Goa,2020-09,2020-09-01,3.84936228,2.89389139,14.593894274,0.0,21.3371478
2020-21,30,Goa,2020-10,2020-10-01,3.81049105,2.99386152,11.68207632,0.0022343,18.4886633
2020-21,30,Goa,2020-11,2020-11-01,16.796127780000003,17.1225704,38.875342114999995,0.0,72.79404
2020-21,30,Goa,2020-12,2020-12-01,2.520746703,3.8035055329999996,19.510579775,0.0,25.8348317
2020-21,30,Goa,2021-01,2021-01-01,3.33255788,1.2781579,23.11229745,0.0,27.7230129
2020-21,30,Goa,2021-02,2021-02-01,3.6418329299999996,3.94090685,20.30467149,0.0,27.8874107
2020-21,30,Goa,2021-03,2021-03-01,1.27503115,0.46241255,14.3818036,0.0,16.1192469
2020-21,31,Lakshadweep,2020-04,2020-04-01,0.2679494,0.5986033,0.0002985,0.0,0.8668512
2020-21,31,Lakshadweep,2020-05,2020-05-01,,,,,
2020-21,31,Lakshadweep,2020-06,2020-06-01,0.1732162,0.1732162,0.0,0.0,0.3464324
2020-21,31,Lakshadweep,2020-07,2020-07-01,,,,,
2020-21,31,Lakshadweep,2020-08,2020-08-01,,,,,
2020-21,31,Lakshadweep,2020-09,2020-09-01,,,,,
2020-21,31,Lakshadweep,2020-10,2020-10-01,,,,,
2020-21,31,Lakshadweep,2020-11,2020-11-01,,,,,
2020-21,31,Lakshadweep,2020-12,2020-12-01,0.0288365,0.0288365,0.0,0.0,0.057673
2020-21,31,Lakshadweep,2021-01,2021-01-01,,,,,
2020-21,31,Lakshadweep,2021-02,2021-02-01,,,,,
2020-21,31,Lakshadweep,2021-03,2021-03-01,,,,,
2020-21,32,Kerala,2020-04,2020-04-01,12.025879793000001,12.238970353000001,9.378710092,0.472648892,34.1162089
2020-21,32,Kerala,2020-05,2020-05-01,13.511643323,14.461235153,12.570804875,0.059323583,40.6030065
2020-21,32,Kerala,2020-06,2020-06-01,20.459214249000002,21.209696667,27.898056889999996,0.181546645,69.7485137
2020-21,32,Kerala,2020-07,2020-07-01,9.795783353000001,9.667555222,10.087885065,0.016029270999999998,29.5672529
2020-21,32,Kerala,2020-08,2020-08-01,16.592492312,16.339248577,11.618040164,0.0990215,44.6488018
2020-21,32,Kerala,2020-09,2020-09-01,7.179329773,8.040092568,15.158151295,0.06956765,30.4471411
2020-21,32,Kerala,2020-10,2020-10-01,9.406059161,9.951926584,24.72583917,0.0625848,44.1464099
2020-21,32,Kerala,2020-11,2020-11-01,6.769446731,6.861840620999999,16.461184011,0.032517301,30.1249889
2020-21,32,Kerala,2020-12,2020-12-01,19.2174602,15.511901738999999,24.778231019,0.14321019599999998,59.6508027
2020-21,32,Kerala,2021-01,2021-01-01,6.548611638000001,6.722209248,5.941391926,0.081204673,19.2934176
2020-21,32,Kerala,2021-02,2021-02-01,36.162658169,36.122231277,17.2303044,0.034046479,89.5492405
2020-21,32,Kerala,2021-03,2021-03-01,22.623785011000002,22.559677943,19.640235026,1.197459267,66.0211576
2020-21,33,Tamil Nadu,2020-04,2020-04-01,243.435329706,288.210711025,248.456540127,1.3770601900000001,781.479646
2020-21,33,Tamil Nadu,2020-05,2020-05-01,251.64227510799998,235.509679418,316.021343814,0.55755304,803.7308484
2020-21,33,Tamil Nadu,2020-06,2020-06-01,190.748913165,451.485720073,418.254887012,1.17209779,1061.6616172
2020-21,33,Tamil Nadu,2020-07,2020-07-01,112.851747891,125.60205376199998,153.761366142,0.13077176999999998,392.3459368
2020-21,33,Tamil Nadu,2020-08,2020-08-01,283.544759734,321.684993146,356.503435821,3.5039737100000004,965.2371623
2020-21,33,Tamil Nadu,2020-09,2020-09-01,180.527716357,237.631135534,169.76421473099998,0.5733660700000001,588.4964304
2020-21,33,Tamil Nadu,2020-10,2020-10-01,129.01904369000002,196.91692493399998,208.91842403599998,1.3532843449999998,536.2076782
2020-21,33,Tamil Nadu,2020-11,2020-11-01,234.00081399299998,315.35451262199996,257.03864217800003,3.4124468299999995,809.8064077
2020-21,33,Tamil Nadu,2020-12,2020-12-01,144.369845723,228.061949121,214.572618727,0.9246724,587.929084
2020-21,33,Tamil Nadu,2021-01,2021-01-01,99.057377673,116.712015069,109.054189853,5.7687439,330.5923227
2020-21,33,Tamil Nadu,2021-02,2021-02-01,209.67330071700002,285.835785829,256.35605539,3.7899881200000003,755.6551272
2020-21,33,Tamil Nadu,2021-03,2021-03-01,157.330629691,213.60399883,203.81978577,0.71186608,575.4662808
2020-21,34,Puducherry,2020-04,2020-04-01,1.7159595,1.5442951,25.319793256,0.0,28.580048
2020-21,34,Puducherry,2020-05,2020-05-01,0.642095972,1.845757272,11.293646144,0.000181,13.7816805
2020-21,34,Puducherry,2020-06,2020-06-01,0.150973956,0.150973956,5.0637912,0.0114042,5.3771433
2020-21,34,Puducherry,2020-07,2020-07-01,0.8921997,0.8766831,17.3600042,0.0,19.1288866
2020-21,34,Puducherry,2020-08,2020-08-01,5.534749164,3.163292,12.2322576,1e-05,20.930309
2020-21,34,Puducherry,2020-09,2020-09-01,0.778022236,0.7681984,10.2952985,0.0,11.8415192
2020-21,34,Puducherry,2020-10,2020-10-01,0.5602334,0.4899736,18.261833069999998,0.0,19.3120401
2020-21,34,Puducherry,2020-11,2020-11-01,0.2476416,0.1322491,9.8216418,0.0,10.2015326
2020-21,34,Puducherry,2020-12,2020-12-01,0.4597563,0.4797563,16.7957396,0.0,17.7352522
2020-21,34,Puducherry,2021-01,2021-01-01,1.1112287,1.1316708,2.2523208,0.0,4.4952204
2020-21,34,Puducherry,2021-02,2021-02-01,0.08140158,0.08335888000000001,14.560838180000001,0.0,14.7255987
2020-21,34,Puducherry,2021-03,2021-03-01,1.89376445,1.89466625,9.31272092,0.0,13.1011514
2020-21,35,Andaman and Nicobar Islands,2020-04,2020-04-01,0.01,0.0,0.0,0.0,0.01
2020-21,35,Andaman and Nicobar Islands,2020-05,2020-05-01,1.4505117,0.3305117,0.0,0.0009135,1.7819369
2020-21,35,Andaman and Nicobar Islands,2020-06,2020-06-01,0.2369744,0.2369745,0.005168,0.0147112,0.4938281
2020-21,35,Andaman and Nicobar Islands,2020-07,2020-07-01,0.0410495,0.0415895,0.0,0.0,0.082639
2020-21,35,Andaman and Nicobar Islands,2020-08,2020-08-01,0.0028291,0.0038243,0.0,0.0,0.0066534
2020-21,35,Andaman and Nicobar Islands,2020-09,2020-09-01,0.6416058,0.5316058,0.0687167,0.0,1.2419283
2020-21,35,Andaman and Nicobar Islands,2020-10,2020-10-01,2.51e-05,2.51e-05,0.0,0.0,5.02e-05
2020-21,35,Andaman and Nicobar Islands,2020-11,2020-11-01,1.270735,1.0686064,0.0001291,0.0,2.3394705
2020-21,35,Andaman and Nicobar Islands,2020-12,2020-12-01,0.2291765,0.2291605,0.042164,0.0,0.500501
2020-21,35,Andaman and Nicobar Islands,2021-01,2021-01-01,1.0792239,0.4746452,0.0,0.0001783,1.5540474
2020-21,35,Andaman and Nicobar Islands,2021-02,2021-02-01,,,,,
2020-21,35,Andaman and Nicobar Islands,2021-03,2021-03-01,0.80658,0.6216611,3.25e-05,0.0,1.4282736
2020-21,36,Telangana,2020-04,2020-04-01,57.205596555999996,64.74350231599999,238.985664861,0.8617489199999999,361.7965109
2020-21,36,Telangana,2020-05,2020-05-01,101.087448065,120.51037119000001,220.061287745,0.61734426,442.2764474
2020-21,36,Telangana,2020-06,2020-06-01,68.457481611,95.662977406,164.957548892,0.87355672,329.9515662
2020-21,36,Telangana,2020-07,2020-07-01,60.658963220000004,72.10043214400001,229.111599752,1.63769059,363.5086858
2020-21,36,Telangana,2020-08,2020-08-01,93.038343549,93.882441126,212.44590484,1.306740444,400.6734316
2020-21,36,Telangana,2020-09,2020-09-01,127.867407251,134.061736981,277.290412876,35.108442566,574.3279997
2020-21,36,Telangana,2020-10,2020-10-01,94.512858215,122.155950756,238.668216273,0.99114176,456.3281674
2020-21,36,Telangana,2020-11,2020-11-01,129.650870741,133.67552006300002,281.474337809,0.5790563400000001,545.3797855
2020-21,36,Telangana,2020-12,2020-12-01,78.627644201,84.752471515,246.624422275,1.9443345100000002,411.9488711
2020-21,36,Telangana,2021-01,2021-01-01,84.451077397,85.243527963,236.124724457,0.342093788,406.161422
2020-21,36,Telangana,2021-02,2021-02-01,106.90047815599999,112.712870901,229.55308520500003,5.5183851,454.6848149
2020-21,36,Telangana,2021-03,2021-03-01,87.913570811,91.843160547,193.991293272,0.166267709,373.9142909
2020-21,37,Andhra Pradesh,2020-04,2020-04-01,14.704595703,14.815586175,57.413508328,19.1387072,106.0723962
2020-21,37,Andhra Pradesh,2020-05,2020-05-01,18.579193642,21.016787569999998,121.360274876,7.793767131,168.7500243
2020-21,37,Andhra Pradesh,2020-06,2020-06-01,18.669203134,20.200209405000003,103.224214371,1.406793187,143.5004193
2020-21,37,Andhra Pradesh,2020-07,2020-07-01,24.025506234999998,17.253100674000002,67.012813601,1.872177564,110.1635976
2020-21,37,Andhra Pradesh,2020-08,2020-08-01,18.538103621,19.869828627,137.51303357999998,15.841312835,191.7622788
2020-21,37,Andhra Pradesh,2020-09,2020-09-01,22.249756713,23.447135207,76.148030499,3.443751505,125.2886736
2020-21,37,Andhra Pradesh,2020-10,2020-10-01,10.40539441,10.177247475,61.947833241999994,0.8532940109999999,83.3837684
2020-21,37,Andhra Pradesh,2020-11,2020-11-01,128.65334855,26.062409876,73.34815228,2.690198059,230.7541107
2020-21,37,Andhra Pradesh,2020-12,2020-12-01,15.10339046,16.257772169,67.173733579,3.148054099,101.6829503
2020-21,37,Andhra Pradesh,2021-01,2021-01-01,30.023944713,29.172022919,132.256358091,27.851456723000002,219.3037835
2020-21,37,Andhra Pradesh,2021-02,2021-02-01,24.146583699,24.637404399,74.23012919600001,6.781226078,129.795342
2020-21,37,Andhra Pradesh,2021-03,2021-03-01,27.402777879000002,19.957779567,139.372168244,2.0953580649999997,188.8280842
2020-21,38,Ladakh,2020-04,2020-04-01,,,,,
2020-21,38,Ladakh,2020-05,2020-05-01,,,,,
2020-21,38,Ladakh,2020-06,2020-06-01,,,,,
2020-21,38,Ladakh,2020-07,2020-07-01,,,,,
2020-21,38,Ladakh,2020-08,2020-08-01,,,,,
2020-21,38,Ladakh,2020-09,2020-09-01,,,,,
2020-21,38,Ladakh,2020-10,2020-10-01,,,,,
2020-21,38,Ladakh,2020-11,2020-11-01,,,,,
2020-21,38,Ladakh,2020-12,2020-12-01,,,,,
2020-21,38,Ladakh,2021-01,2021-01-01,,,,,
2020-21,38,Ladakh,2021-02,2021-02-01,,,,,
2020-21,38,Ladakh,2021-03,2021-03-01,,,,,
2020-21,97,Other Territory,2020-04,2020-04-01,,,,,
2020-21,97,Other Territory,2020-05,2020-05-01,,,,,
2020-21,97,Other Territory,2020-06,2020-06-01,,,,,
2020-21,97,Other Territory,2020-07,2020-07-01,,,,,
2020-21,97,Other Territory,2020-08,2020-08-01,,,,,
2020-21,97,Other Territory,2020-09,2020-09-01,,,,,
2020-21,97,Other Territory,2020-10,2020-10-01,,,,,
2020-21,97,Other Territory,2020-11,2020-11-01,,,,,
2020-21,97,Other Territory,2020-12,2020-12-01,,,,,
2020-21,97,Other Territory,2021-01,2021-01-01,,,,,
2020-21,97,Other Territory,2021-02,2021-02-01,,,,,
2020-21,97,Other Territory,2021-03,2021-03-01,19.3579136,16.952338,0.8078242,0.0,37.118076
2020-21,Grand Total,,2020-04,2020-04-01,1147.9018778470002,1501.32440547,2239.767534372,131.776128218,5020.7699457
2020-21,Grand Total,,2020-05,2020-05-01,1626.1823486510004,1943.4635586269997,2488.8086421929997,168.721936091,6227.1764623
2020-21,Grand Total,,2020-06,2020-06-01,1625.395485818,2124.715609292,2694.5983506100006,130.848368155,6575.557798600001
2020-21,Grand Total,,2020-07,2020-07-01,1309.843944161,1430.090790143,1947.6942963290003,181.094087288,4868.723093100001
2020-21,Grand Total,,2020-08,2020-08-01,1980.2130668220004,2269.605902495,2910.7935419369996,417.50489151,7578.1173852
2020-21,Grand Total,,2020-09,2020-09-01,1585.1470396999998,1782.391398879,2303.232007638,161.146541502,5831.916972300001
2020-21,Grand Total,,2020-10,2020-10-01,1307.1484641670002,1614.567554064,2055.1068800430003,245.01407064499995,5221.8369609
2020-21,Grand Total,,2020-11,2020-11-01,1958.722518477,2555.8826233050004,2629.943622849,258.335908013,7402.8846545
2020-21,Grand Total,,2020-12,2020-12-01,1310.2930771759998,1576.733629874,2040.862741059,292.81693701099994,5220.706369600001
2020-21,Grand Total,,2021-01,2021-01-01,1135.809333475,1438.8768358259997,1879.5296549739999,217.08583770200002,4671.3016480999995
2020-21,Grand Total,,2021-02,2021-02-01,1546.543864596,2076.134035205,2409.942878391,171.700806755,6204.321561999999
2020-21,Grand Total,,2021-03,2021-03-01,1637.977568526,1903.901385639,2480.744456877,289.971581776,6312.594978400001
2020-21,"IGST and CESS Refund on Exports
(disbursed by Customs)",,2020-04,2020-04-01,0.0,0.0,4183.1593346,68.3491979,4251.5085325
2020-21,"IGST and CESS Refund on Exports
(disbursed by Customs)",,2020-05,2020-05-01,0.0,0.0,2779.4784329,25.1857706,2804.6642035
2020-21,"IGST and CESS Refund on Exports
(disbursed by Customs)",,2020-06,2020-06-01,0.0,0.0,3788.0775789,32.5342599,3820.6118388
2020-21,"IGST and CESS Refund on Exports
(disbursed by Customs)",,2020-07,2020-07-01,0.0,0.0,4855.8948091,94.3056828,4950.2004919
2020-21,"IGST and CESS Refund on Exports
(disbursed by Customs)",,2020-08,2020-08-01,0.0,0.0,1368.5897858,1.7606907,1370.3504765
2020-21,"IGST and CESS Refund on Exports
(disbursed by Customs)",,2020-09,2020-09-01,0.0,0.0,7128.7289827,64.0442173,7192.7732000000005
2020-21,"IGST and CESS Refund on Exports
(disbursed by Customs)",,2020-10,2020-10-01,0.0,0.0,6752.5910789,301.280231,7053.8713099
2020-21,"IGST and CESS Refund on Exports
(disbursed by Customs)",,2020-11,2020-11-01,0.0,0.0,4742.8602664,102.5879473,4845.4482136999995
2020-21,"IGST and CESS Refund on Exports
(disbursed by Customs)",,2020-12,2020-12-01,0.0,0.0,4336.0684064,265.6727256,4601.741132
2020-21,"IGST and CESS Refund on Exports
(disbursed by Customs)",,2021-01,2021-01-01,0.0,0.0,6321.4464426,194.2334585,6515.6799011
2020-21,"IGST and CESS Refund on Exports
(disbursed by Customs)",,2021-02,2021-02-01,0.0,0.0,1915.9392417,114.2710832,2030.2103249
2020-21,"IGST and CESS Refund on Exports
(disbursed by Customs)",,2021-03,2021-03-01,0.0,0.0,4447.2717457,89.9400903,4537.2118359999995
2020-21,Total GST Refund - All India,,2020-04,2020-04-01,1147.9018778470002,1501.32440547,6422.926868971999,200.12532611799998,9272.2784782
2020-21,Total GST Refund - All India,,2020-05,2020-05-01,1626.1823486510004,1943.4635586269997,5268.287075093,193.90770669100002,9031.8406658
2020-21,Total GST Refund - All India,,2020-06,2020-06-01,1625.395485818,2124.715609292,6482.67592951,163.382628055,10396.1696374
2020-21,Total GST Refund - All India,,2020-07,2020-07-01,1309.843944161,1430.090790143,6803.5891054290005,275.39977008799997,9818.923585
2020-21,Total GST Refund - All India,,2020-08,2020-08-01,1980.2130668220004,2269.605902495,4279.3833277369995,419.26558221,8948.4678617
2020-21,Total GST Refund - All India,,2020-09,2020-09-01,1585.1470396999998,1782.391398879,9431.960990338,225.190758802,13024.690172300001
2020-21,Total GST Refund - All India,,2020-10,2020-10-01,1307.1484641670002,1614.567554064,8807.697958943001,546.2943016449999,12275.7082708
2020-21,Total GST Refund - All India,,2020-11,2020-11-01,1958.722518477,2555.8826233050004,7372.803889249,360.923855313,12248.3328682
2020-21,Total GST Refund - All India,,2020-12,2020-12-01,1310.2930771759998,1576.733629874,6376.9311474589995,558.4896626109999,9822.447501600001
2020-21,Total GST Refund - All India,,2021-01,2021-01-01,1135.809333475,1438.8768358259997,8200.976097574001,411.31929620200003,11186.9815492
2020-21,Total GST Refund - All India,,2021-02,2021-02-01,1546.543864596,2076.134035205,4325.882120091,285.971889955,8234.531886899998
2020-21,Total GST Refund - All India,,2021-03,2021-03-01,1637.977568526,1903.901385639,6928.0162025770005,379.911672076,10849.8068144
2021-22,01,Jammu and Kashmir,2021-04,2021-04-01,2.7195371600000002,2.44380896,3.5260939,0.0,8.6894401
2021-22,01,Jammu and Kashmir,2021-05,2021-05-01,2.216423207,1.570055907,0.677839526,0.0,4.4643186
2021-22,01,Jammu and Kashmir,2021-06,2021-06-01,8.2798322,8.6408149,6.209784303,0.000506,23.1309373
2021-22,01,Jammu and Kashmir,2021-07,2021-07-01,1.691801185,1.578445069,3.2921013,0.0,6.5623477
2021-22,01,Jammu and Kashmir,2021-08,2021-08-01,2.5325606,2.5523426,7.260326962000001,0.0018076,12.3470378
2021-22,01,Jammu and Kashmir,2021-09,2021-09-01,2.779924032,3.032067332,1.2956746,0.0,7.107666
2021-22,01,Jammu and Kashmir,2021-10,2021-10-01,2.9062773,3.3237261,3.3745558,0.01075,9.6153092
2021-22,01,Jammu and Kashmir,2021-11,2021-11-01,0.2510722,0.8103699,3.3093859,0.0,4.3708279
2021-22,01,Jammu and Kashmir,2021-12,2021-12-01,3.6724855,3.6945340799999995,15.8825226,4.38e-05,23.2495862
2021-22,01,Jammu and Kashmir,2022-01,2022-01-01,0.70556292,0.70396292,17.8248045,0.00616,19.2404901
2021-22,01,Jammu and Kashmir,2022-02,2022-02-01,0.2550126,0.7512952,2.5786733,0.0,3.5849811
2021-22,01,Jammu and Kashmir,2022-03,2022-03-01,2.63510957,4.533650870000001,8.0851693,0.0,15.2539297
2021-22,02,Himachal Pradesh,2021-04,2021-04-01,4.043552775999999,7.206713955,19.6286448,0.04836,30.9272717
2021-22,02,Himachal Pradesh,2021-05,2021-05-01,0.2397974,0.7825616,2.013128,0.0,3.035487
2021-22,02,Himachal Pradesh,2021-06,2021-06-01,9.985684,14.6516163,36.437344,0.0,61.0746445
2021-22,02,Himachal Pradesh,2021-07,2021-07-01,31.6212023,29.2899703,74.5392368,0.0012408,135.4516507
2021-22,02,Himachal Pradesh,2021-08,2021-08-01,15.7568729,19.6550323,41.7972579,0.0,77.2091631
2021-22,02,Himachal Pradesh,2021-09,2021-09-01,11.58203815,14.52396425,19.40198865,0.0001326,45.5081238
2021-22,02,Himachal Pradesh,2021-10,2021-10-01,17.572074955,20.196299155000002,36.03957755,0.0043385,73.8122902
2021-22,02,Himachal Pradesh,2021-11,2021-11-01,16.029926630000002,15.742741849000002,18.2550784,0.0155152,50.0432619
2021-22,02,Himachal Pradesh,2021-12,2021-12-01,14.058744540000001,27.163980225,41.183836,0.003476,82.4100368
2021-22,02,Himachal Pradesh,2022-01,2022-01-01,14.288516875,21.832833701,34.164386194,0.000297,70.2860337
2021-22,02,Himachal Pradesh,2022-02,2022-02-01,19.5085644,21.8973341,27.1864675,0.0,68.5923659
2021-22,02,Himachal Pradesh,2022-03,2022-03-01,29.6641529,27.4549845,44.8918715,5.86e-05,102.0110678
2021-22,03,Punjab,2021-04,2021-04-01,28.522666760000003,52.7002182,12.63211875,0.03580908,93.8908128
2021-22,03,Punjab,2021-05,2021-05-01,51.51905907,92.164957274,34.101582125,0.1124076,177.8980061
2021-22,03,Punjab,2021-06,2021-06-01,46.508523307,84.64084514700001,28.475746982,0.0886769,159.7137923
2021-22,03,Punjab,2021-07,2021-07-01,72.1944179,185.36183981,32.90635938,0.0502539,290.5128699
2021-22,03,Punjab,2021-08,2021-08-01,47.84881105,102.244951402,31.041446930000003,0.01991091,181.1551198
2021-22,03,Punjab,2021-09,2021-09-01,46.3498529,74.85866371,21.23507828,0.33306309,142.7766579
2021-22,03,Punjab,2021-10,2021-10-01,58.713019358000004,144.306121306,32.306389053,0.1279524,235.4534813
2021-22,03,Punjab,2021-11,2021-11-01,29.685068145,46.982245481,28.92572321,0.2536671,105.8467036
2021-22,03,Punjab,2021-12,2021-12-01,41.03096959,86.80815797000001,25.316622491,1.6046127,154.7603627
2021-22,03,Punjab,2022-01,2022-01-01,44.100357839,66.37882505900001,22.82309746,0.1167366,133.4190174
2021-22,03,Punjab,2022-02,2022-02-01,39.23573247,62.40467006,30.93361365,2.2234992,134.797515
2021-22,03,Punjab,2022-03,2022-03-01,44.456812580000005,164.75151169,41.342804810000004,0.0255148,250.576646
2021-22,04,Chandigarh,2021-04,2021-04-01,0.32169497,0.29786417000000004,0.50884482,0.0,1.128404
2021-22,04,Chandigarh,2021-05,2021-05-01,0.88778925,0.77901,2.9670353,0.0007571,4.6345916
2021-22,04,Chandigarh,2021-06,2021-06-01,0.3579748,0.3644923,4.1631314,0.0,4.8855985
2021-22,04,Chandigarh,2021-07,2021-07-01,0.7925763,0.8674691,3.6992197,0.0,5.3592651
2021-22,04,Chandigarh,2021-08,2021-08-01,1.0560533,1.0683787,1.3634891,0.0,3.4879211
2021-22,04,Chandigarh,2021-09,2021-09-01,1.2685006,1.2329413,2.4191489,0.0,4.9205908
2021-22,04,Chandigarh,2021-10,2021-10-01,0.4845163,0.4981973,3.222408,0.0,4.2051216
2021-22,04,Chandigarh,2021-11,2021-11-01,0.2967789,0.3654215,9.475515,0.0,10.1377154
2021-22,04,Chandigarh,2021-12,2021-12-01,0.538134,0.4590844,1.8467181,0.0011469,2.8450834
2021-22,04,Chandigarh,2022-01,2022-01-01,1.6693534,1.5195022,9.1751397,0.0017697,12.3657651
2021-22,04,Chandigarh,2022-02,2022-02-01,1.1766847,1.2323453,1.8558876,0.0001126,4.2650302
2021-22,04,Chandigarh,2022-03,2022-03-01,1.7841842,1.8142471,11.4943949,0.0,15.0928264
2021-22,05,Uttarakhand,2021-04,2021-04-01,,,,,
2021-22,05,Uttarakhand,2021-05,2021-05-01,13.15003517,6.6870591600000004,14.48954341,0.24314857,34.5697864
2021-22,05,Uttarakhand,2021-06,2021-06-01,12.673629203,17.446035093,24.032860715,0.0009161,54.1534412
2021-22,05,Uttarakhand,2021-07,2021-07-01,23.153409258,30.25981785,27.357654256,2.0102145300000003,82.781096
2021-22,05,Uttarakhand,2021-08,2021-08-01,16.58496766,26.470683469999997,39.522861830000004,0.67037863,83.248892
2021-22,05,Uttarakhand,2021-09,2021-09-01,3.8125489200000002,6.63478596,9.44957631,0.01835297,19.9152642
2021-22,05,Uttarakhand,2021-10,2021-10-01,19.2292035,28.413262873,44.552574905,0.6725061,92.8675467
2021-22,05,Uttarakhand,2021-11,2021-11-01,16.116541297999998,23.141406924,22.486709878,0.0068232,61.7514811
2021-22,05,Uttarakhand,2021-12,2021-12-01,15.978865309,29.888273332,30.474106947000003,0.7925924,77.1338382
2021-22,05,Uttarakhand,2022-01,2022-01-01,7.762450407999999,13.916978718000001,31.026494597000003,0.5312967,53.2372207
2021-22,05,Uttarakhand,2022-02,2022-02-01,7.992076623,9.802564434999999,27.264725498,0.2576355,45.3170019
2021-22,05,Uttarakhand,2022-03,2022-03-01,16.096646980000003,21.99317239,24.525139330000002,0.1302484,62.7452073
2021-22,06,Haryana,2021-04,2021-04-01,51.381372739999996,58.179971728999995,80.99106756,0.04374109,190.596153
2021-22,06,Haryana,2021-05,2021-05-01,45.492096363,52.214551643,95.183712035,0.0874813,192.9778415
2021-22,06,Haryana,2021-06,2021-06-01,176.18388976600002,188.863642051,396.401335196,0.24555264,761.6944203
2021-22,06,Haryana,2021-07,2021-07-01,143.544612672,155.40781130599999,281.09443145700004,1.01952586,581.0663815
2021-22,06,Haryana,2021-08,2021-08-01,130.126745147,155.46069039900001,248.60105871999997,0.36418297,534.552678
2021-22,06,Haryana,2021-09,2021-09-01,79.517751005,85.618999315,211.609792312,0.41049237,377.1570342
2021-22,06,Haryana,2021-10,2021-10-01,144.58191366300002,159.33877116300002,266.493300177,0.68728319,571.1012666
2021-22,06,Haryana,2021-11,2021-11-01,102.186148962,110.253061632,223.26157361100002,0.0153913,435.7161771
2021-22,06,Haryana,2021-12,2021-12-01,132.153424707,145.846999919,288.076584152,0.20608104,566.283087
2021-22,06,Haryana,2022-01,2022-01-01,155.905773331,167.391518221,194.361870942,0.2788731,517.9380399
2021-22,06,Haryana,2022-02,2022-02-01,137.455137575,171.41914148499998,377.489051292,0.8237552,687.1870857
2021-22,06,Haryana,2022-03,2022-03-01,126.87170115999999,150.09115773,275.188578754,0.813104,552.9645408
2021-22,07,Delhi,2021-04,2021-04-01,45.835708278,42.967693476,24.039588237,0.8526884,113.6956788
2021-22,07,Delhi,2021-05,2021-05-01,47.437410362,56.205256726,54.160812379999996,0.27110628,158.0745849
2021-22,07,Delhi,2021-06,2021-06-01,49.058327596,45.417100715,51.561124658,1.37456406,147.4111167
2021-22,07,Delhi,2021-07,2021-07-01,90.576068165,116.01093445999999,245.315902671,1.6347661900000001,453.5376704
2021-22,07,Delhi,2021-08,2021-08-01,87.356168783,108.08916405699999,147.563520445,1.4125716099999999,344.4214231
2021-22,07,Delhi,2021-09,2021-09-01,69.818363214,84.674389034,62.208077870000004,2.1034271899999997,218.8042569
2021-22,07,Delhi,2021-10,2021-10-01,87.47475680599999,106.011780746,105.271676471,2.443763808,301.2019764
2021-22,07,Delhi,2021-11,2021-11-01,53.745732757000006,61.535765701,73.373701446,2.71718329,191.3723827
2021-22,07,Delhi,2021-12,2021-12-01,64.631245475,77.45875981,67.012232579,1.73379898,210.8360368
2021-22,07,Delhi,2022-01,2022-01-01,45.54948601,54.909556174,55.554755334000006,2.62434294,158.6381402
2021-22,07,Delhi,2022-02,2022-02-01,61.96391640900001,71.390964239,45.22780771,2.0745522800000002,180.65724
2021-22,07,Delhi,2022-03,2022-03-01,65.903441525,80.65250687300001,70.395380039,3.914369692,220.8656977
2021-22,08,Rajasthan,2021-04,2021-04-01,34.839796289,42.131551564999995,23.414928118000002,0.0955251,100.4818005
2021-22,08,Rajasthan,2021-05,2021-05-01,38.585011333,56.264582253,29.082459443,1.1331108,125.0651635
2021-22,08,Rajasthan,2021-06,2021-06-01,64.029800369,77.491812223,45.604965328,1.25337496,188.379953
2021-22,08,Rajasthan,2021-07,2021-07-01,70.037832412,94.969730162,94.989044738,1.92211671,261.9187234
2021-22,08,Rajasthan,2021-08,2021-08-01,81.84781807200001,93.273393167,77.890967781,5.570609729999999,258.5827888
2021-22,08,Rajasthan,2021-09,2021-09-01,48.335131405,61.9691418,37.098727313,1.5311625,148.934163
2021-22,08,Rajasthan,2021-10,2021-10-01,92.408729577,114.088346405,89.874708863,1.39425594,297.7660394
2021-22,08,Rajasthan,2021-11,2021-11-01,31.497977669999997,44.96826547,42.196817114,3.32919061,121.992251
2021-22,08,Rajasthan,2021-12,2021-12-01,60.760503029,68.06780075900001,63.0977893,0.91156925,192.8376625
2021-22,08,Rajasthan,2022-01,2022-01-01,66.255471737,79.846919787,46.45174272,0.56804805,193.1221817
2021-22,08,Rajasthan,2022-02,2022-02-01,83.85169967,93.75003615,92.72232002999999,0.96316383,271.2872194
2021-22,08,Rajasthan,2022-03,2022-03-01,84.97831957300001,110.50865713900001,96.394483323,2.88212014,294.76358
2021-22,09,Uttar Pradesh,2021-04,2021-04-01,82.819507906,93.80573371099989,135.98391611600002,1.304720661,313.913875
2021-22,09,Uttar Pradesh,2021-05,2021-05-01,51.037983088,56.56546713099999,42.026165076,0.70550405,150.3351172
2021-22,09,Uttar Pradesh,2021-06,2021-06-01,121.258500376,128.753320317,168.144038573,92.111183226,510.2670383
2021-22,09,Uttar Pradesh,2021-07,2021-07-01,195.081790411,207.772774154,267.29264558200003,3.7694717520000003,673.9166766
2021-22,09,Uttar Pradesh,2021-08,2021-08-01,139.219287455,153.532240569,184.204429841,42.23183791,519.1877949
2021-22,09,Uttar Pradesh,2021-09,2021-09-01,91.52723648300001,102.32078608500001,134.148149153,32.01748188,360.0136522
2021-22,09,Uttar Pradesh,2021-10,2021-10-01,140.040948521,148.369635555,182.725319198,1.2700171199999999,472.4059154
2021-22,09,Uttar Pradesh,2021-11,2021-11-01,87.75288742000001,102.23615483500001,175.883209969,1.59731413,367.4695644
2021-22,09,Uttar Pradesh,2021-12,2021-12-01,144.476363638,155.010737207,201.612382709,15.526628594,516.6261091
2021-22,09,Uttar Pradesh,2022-01,2022-01-01,114.69001054600001,125.92107630899999,141.977752133,3.9522165700000005,386.5410528
2021-22,09,Uttar Pradesh,2022-02,2022-02-01,142.773739001,142.378647121,202.174593269,12.1787047,499.5056807
2021-22,09,Uttar Pradesh,2022-03,2022-03-01,140.219399907,151.944648278,193.136618525,15.568680815999999,500.8693471
2021-22,10,Bihar,2021-04,2021-04-01,2.839366872,2.8124775719999997,0.218906116,0.0043433,5.8750935
2021-22,10,Bihar,2021-05,2021-05-01,12.449387,12.4135072,3.7451356,0.00014,28.6081696
2021-22,10,Bihar,2021-06,2021-06-01,13.0866615,13.039293,1.4878845,0.0015,27.615339
2021-22,10,Bihar,2021-07,2021-07-01,15.79416834,14.132167540000001,3.6326986590000003,0.0120049,33.5710396
2021-22,10,Bihar,2021-08,2021-08-01,5.68170649,5.81162419,2.0302938,0.0,13.5236245
2021-22,10,Bihar,2021-09,2021-09-01,5.91151436,5.32416566,2.9316036800000003,0.0190147,14.1862984
2021-22,10,Bihar,2021-10,2021-10-01,18.32189042,17.725370419999997,6.04561569,0.39005,42.4829267
2021-22,10,Bihar,2021-11,2021-11-01,3.367837239,3.557143239,2.6810262600000003,0.0024325,9.6084392
2021-22,10,Bihar,2021-12,2021-12-01,20.32183725,18.96852875,9.491664159,0.043235,48.8252652
2021-22,10,Bihar,2022-01,2022-01-01,6.7230018650000005,6.590268665,1.59572581,0.0002935,14.9092898
2021-22,10,Bihar,2022-02,2022-02-01,5.950063526,6.449398326,1.04717554,0.0471494,13.4937868
2021-22,10,Bihar,2022-03,2022-03-01,11.141435143999999,10.726960844,5.878125986,0.0,27.7465219
2021-22,11,Sikkim,2021-04,2021-04-01,0.3418618,0.3418618,0.4305471,0.0,1.1142707
2021-22,11,Sikkim,2021-05,2021-05-01,0.5608756,0.0437809,0.3479258,0.0016122,0.9541945
2021-22,11,Sikkim,2021-06,2021-06-01,0.0112201,0.0112201,0.109049,0.0,0.1314892
2021-22,11,Sikkim,2021-07,2021-07-01,,,,,
2021-22,11,Sikkim,2021-08,2021-08-01,0.1330651,0.1330651,0.2493462,0.0,0.5154764
2021-22,11,Sikkim,2021-09,2021-09-01,0.0102,0.0152,0.0,0.0,0.0254
2021-22,11,Sikkim,2021-10,2021-10-01,0.7270783,0.0,0.096384,0.0,0.8234623
2021-22,11,Sikkim,2021-11,2021-11-01,,,,,
2021-22,11,Sikkim,2021-12,2021-12-01,0.1963892,0.208432052,6.14e-05,0.0,0.4048827
2021-22,11,Sikkim,2022-01,2022-01-01,,,,,
2021-22,11,Sikkim,2022-02,2022-02-01,,,,,
2021-22,11,Sikkim,2022-03,2022-03-01,0.3,0.0,0.0,0.0,0.3
2021-22,12,Arunachal Pradesh,2021-04,2021-04-01,0.6776894,0.6776894,0.0,0.0,1.3553788
2021-22,12,Arunachal Pradesh,2021-05,2021-05-01,0.3716962,0.3594081,0.0110254,0.0,0.7421297
2021-22,12,Arunachal Pradesh,2021-06,2021-06-01,0.0308994,0.0308994,0.649,0.0,0.7107988
2021-22,12,Arunachal Pradesh,2021-07,2021-07-01,0.075156,0.073756,0.0,0.0,0.148912
2021-22,12,Arunachal Pradesh,2021-08,2021-08-01,0.3307098,0.248534,0.0101066,0.0,0.5893504
2021-22,12,Arunachal Pradesh,2021-09,2021-09-01,0.0999586,0.1064359,1.0083364,0.0,1.2147309
2021-22,12,Arunachal Pradesh,2021-10,2021-10-01,0.12,0.12,0.002925,0.0,0.242925
2021-22,12,Arunachal Pradesh,2021-11,2021-11-01,0.5225498,0.5113348,0.01,0.0,1.0438846
2021-22,12,Arunachal Pradesh,2021-12,2021-12-01,0.3092277,0.3191662,0.0885327,0.0,0.7169266
2021-22,12,Arunachal Pradesh,2022-01,2022-01-01,0.575,0.435,0.0,0.0,1.01
2021-22,12,Arunachal Pradesh,2022-02,2022-02-01,0.5911796,0.4911796,0.0,0.0,1.0823592
2021-22,12,Arunachal Pradesh,2022-03,2022-03-01,0.0057665,0.1604896,0.180078,0.0,0.3463341
2021-22,13,Nagaland,2021-04,2021-04-01,0.0378634,0.0376134,0.0098215,0.0,0.0852983
2021-22,13,Nagaland,2021-05,2021-05-01,0.6363345,0.7363344,0.0,0.0,1.3726689
2021-22,13,Nagaland,2021-06,2021-06-01,0.3594474,0.2849958,0.0,0.0,0.6444432
2021-22,13,Nagaland,2021-07,2021-07-01,0.1486911,0.145373,0.0002432,0.0,0.2943073
2021-22,13,Nagaland,2021-08,2021-08-01,0.1082634,0.0974521,0.0336649,0.0,0.2393804
2021-22,13,Nagaland,2021-09,2021-09-01,0.0,0.0,0.016107,0.0,0.016107
2021-22,13,Nagaland,2021-10,2021-10-01,0.109018,0.109018,0.4413902,0.0,0.6594262
2021-22,13,Nagaland,2021-11,2021-11-01,0.6828313,0.6825601,0.0774248,0.0,1.4428162
2021-22,13,Nagaland,2021-12,2021-12-01,0.0998141,0.1143592,0.0015,0.0,0.2156733
2021-22,13,Nagaland,2022-01,2022-01-01,0.0766362,0.0766362,0.0,0.0,0.1532724
2021-22,13,Nagaland,2022-02,2022-02-01,0.0352405,0.0338747,0.0322085,0.0015,0.1028237
2021-22,13,Nagaland,2022-03,2022-03-01,0.5651483,0.4964301,8.41e-05,0.0,1.0616625
2021-22,14,Manipur,2021-04,2021-04-01,0.00108,0.00108,0.0,0.0,0.00216
2021-22,14,Manipur,2021-05,2021-05-01,,,,,
2021-22,14,Manipur,2021-06,2021-06-01,0.05,0.05,0.0,0.0,0.1
2021-22,14,Manipur,2021-07,2021-07-01,,,,,
2021-22,14,Manipur,2021-08,2021-08-01,,,,,
2021-22,14,Manipur,2021-09,2021-09-01,0.3728693,0.3728694,0.00684,0.0,0.7525787
2021-22,14,Manipur,2021-10,2021-10-01,0.0020269,0.0020269,0.0,0.0,0.0040538
2021-22,14,Manipur,2021-11,2021-11-01,0.0002023,0.0002023,0.00304,0.0,0.0034446
2021-22,14,Manipur,2021-12,2021-12-01,3.21688195,3.21688195,0.0,0.0,6.433764
2021-22,14,Manipur,2022-01,2022-01-01,0.0080822,0.0080792,0.0,0.0,0.0161614
2021-22,14,Manipur,2022-02,2022-02-01,,,,,
2021-22,14,Manipur,2022-03,2022-03-01,0.1451733,0.1451733,0.0,0.0,0.2903466
2021-22,15,Mizoram,2021-04,2021-04-01,0.1640533,0.0965465,0.2255867,0.0,0.4861865
2021-22,15,Mizoram,2021-05,2021-05-01,0.0022651,0.0022651,6.77e-05,5.5e-06,0.0046034
2021-22,15,Mizoram,2021-06,2021-06-01,0.000371,0.000369,0.0,0.0,0.00074
2021-22,15,Mizoram,2021-07,2021-07-01,0.5084464,0.4619269,0.0,0.0,0.9703733
2021-22,15,Mizoram,2021-08,2021-08-01,0.2128247,0.2087414,0.0115218,0.0,0.4330879
2021-22,15,Mizoram,2021-09,2021-09-01,0.8521125,0.8541125,0.0027342,0.0,1.7089592
2021-22,15,Mizoram,2021-10,2021-10-01,0.004512,0.2280638,0.0091593,0.0,0.2417351
2021-22,15,Mizoram,2021-11,2021-11-01,0.1811086,0.1811086,0.0,0.0,0.3622172
2021-22,15,Mizoram,2021-12,2021-12-01,1.0660406,0.9955931,0.0499988,0.0,2.1116325
2021-22,15,Mizoram,2022-01,2022-01-01,0.105,0.105,0.11275,0.0,0.32275
2021-22,15,Mizoram,2022-02,2022-02-01,0.2194072,0.2255586,0.0,0.0,0.4449658
2021-22,15,Mizoram,2022-03,2022-03-01,2.0014346,2.0082276,0.0,0.0,4.0096622
2021-22,16,Tripura,2021-04,2021-04-01,,,,,
2021-22,16,Tripura,2021-05,2021-05-01,0.0335201,0.0288263,0.0678184,0.0,0.1301648
2021-22,16,Tripura,2021-06,2021-06-01,0.0206461,0.0987816,0.0008101,0.0475886,0.1678264
2021-22,16,Tripura,2021-07,2021-07-01,0.0689464,0.0689464,0.0054118,0.0,0.1433046
2021-22,16,Tripura,2021-08,2021-08-01,0.1081322,0.1126353,0.1817274,0.0,0.4024949
2021-22,16,Tripura,2021-09,2021-09-01,0.341165,0.3375069,0.0070618,0.0,0.6857337
2021-22,16,Tripura,2021-10,2021-10-01,0.6485811,0.6470847,0.0062505,0.0935395,1.3954558
2021-22,16,Tripura,2021-11,2021-11-01,0.0308491,0.0308491,0.0172689,0.0,0.0789671
2021-22,16,Tripura,2021-12,2021-12-01,0.3346458,0.3346459,2.5e-06,0.0,0.6692942
2021-22,16,Tripura,2022-01,2022-01-01,0.0985524,0.0965717,0.1137687,0.0,0.3088928
2021-22,16,Tripura,2022-02,2022-02-01,0.0284424,0.0279634,0.0149807,0.0,0.0713865
2021-22,16,Tripura,2022-03,2022-03-01,0.0025,0.0025001,0.0,0.0,0.0050001
2021-22,17,Meghalaya,2021-04,2021-04-01,6.9238732,6.9195076,5.3179813,0.0,19.1613614
2021-22,17,Meghalaya,2021-05,2021-05-01,0.125288925,0.125320325,0.000205911,0.0,0.2508151
2021-22,17,Meghalaya,2021-06,2021-06-01,0.370982946,0.369371946,0.006932657000000001,0.0,0.7472876
2021-22,17,Meghalaya,2021-07,2021-07-01,0.257158017,0.223629317,0.0314294,0.0187993,0.531016
2021-22,17,Meghalaya,2021-08,2021-08-01,0.2946557,0.2949122,0.641200947,0.0,1.2307688
2021-22,17,Meghalaya,2021-09,2021-09-01,0.1303674,0.1201725,0.0479193,0.0,0.2984592
2021-22,17,Meghalaya,2021-10,2021-10-01,7.2428318,7.2580716,7.7032754,0.0,22.2041787
2021-22,17,Meghalaya,2021-11,2021-11-01,0.0031518,0.0031518,0.0,0.0,0.0063036
2021-22,17,Meghalaya,2021-12,2021-12-01,0.1314811,0.1677967,0.0,0.0,0.2992778
2021-22,17,Meghalaya,2022-01,2022-01-01,2.6705651,2.6705651,0.9605865,0.0,6.3017168
2021-22,17,Meghalaya,2022-02,2022-02-01,0.5712568,0.4927016,0.9,0.0,1.9639584
2021-22,17,Meghalaya,2022-03,2022-03-01,0.1075695,0.1075645,0.039421036,0.0,0.254555
2021-22,18,Assam,2021-04,2021-04-01,1.13630185,0.8092693,1.4796171,0.1200682,3.5452564
2021-22,18,Assam,2021-05,2021-05-01,1.528431888,1.440855338,0.951507357,0.0053239,3.9261184
2021-22,18,Assam,2021-06,2021-06-01,1.11376405,1.1640404,0.6168288,0.00216,2.8967932
2021-22,18,Assam,2021-07,2021-07-01,4.05197414,6.6455204,2.3432957,0.2970059,13.3377961
2021-22,18,Assam,2021-08,2021-08-01,2.34016009,2.7958178,2.1866428,0.1852764,7.5078971
2021-22,18,Assam,2021-09,2021-09-01,3.37024073,3.2838001,1.8294246,0.0298059,8.5132713
2021-22,18,Assam,2021-10,2021-10-01,8.021570686,7.377114145999999,2.7090485010000003,0.140021,18.2477542
2021-22,18,Assam,2021-11,2021-11-01,5.397917077000001,5.484995177,2.9238567,0.6859231,14.4926921
2021-22,18,Assam,2021-12,2021-12-01,3.0867595,3.9761316,3.20366,0.07643,10.3429811
2021-22,18,Assam,2022-01,2022-01-01,6.294373820000001,7.2475513099999995,3.9857238,0.541122,18.0687709
2021-22,18,Assam,2022-02,2022-02-01,3.4323930299999996,4.112394070000001,2.98821247,0.049758359999999995,10.582758
2021-22,18,Assam,2022-03,2022-03-01,2.56890575,2.63139032,1.32219683,0.08043134,6.6029242
2021-22,19,West Bengal,2021-04,2021-04-01,57.165115299,59.668483230999996,66.648130453,0.53818643,184.0199146
2021-22,19,West Bengal,2021-05,2021-05-01,32.700989358,31.323081594999998,44.64882477,0.61409255,109.2869884
2021-22,19,West Bengal,2021-06,2021-06-01,70.285748615,79.790555057,101.804263498,4.652685004,256.5332514
2021-22,19,West Bengal,2021-07,2021-07-01,101.469765487,102.651708242,77.882884245,6.0167303,288.021088
2021-22,19,West Bengal,2021-08,2021-08-01,79.924261137,87.177555799,76.574504375,4.909201877,248.5855229
2021-22,19,West Bengal,2021-09,2021-09-01,50.987443282,57.38173129,69.48281069,5.59303768,183.4450238
2021-22,19,West Bengal,2021-10,2021-10-01,90.736893793,95.08491594099999,107.247115697,6.415916111,299.4848409
2021-22,19,West Bengal,2021-11,2021-11-01,55.125858961,57.070932377999995,59.384109507000005,30.43241031,202.0133128
2021-22,19,West Bengal,2021-12,2021-12-01,90.276803223,91.98957889,93.973698327,5.05087923,281.2909586
2021-22,19,West Bengal,2022-01,2022-01-01,68.352865305,70.896075497,80.825407406,37.50269334,257.5770427
2021-22,19,West Bengal,2022-02,2022-02-01,68.399899328,80.616569362,85.92976144299999,4.640260497,239.5864904
2021-22,19,West Bengal,2022-03,2022-03-01,70.67427480399999,78.082386814,88.35389627,3.12225473,240.2328121
2021-22,20,Jharkhand,2021-04,2021-04-01,9.2985032,17.1045975,0.7027539,0.17961336,27.2854673
2021-22,20,Jharkhand,2021-05,2021-05-01,1.2335574,1.1801295,1.792429,3.901415154,8.1075311
2021-22,20,Jharkhand,2021-06,2021-06-01,40.8017269,40.3619525,9.8518789,2.514331029,93.5298907
2021-22,20,Jharkhand,2021-07,2021-07-01,11.907982655,11.651413354999999,8.585813375,2.202342245,34.3475519
2021-22,20,Jharkhand,2021-08,2021-08-01,7.861642890000001,7.73910049,3.0345836399999997,5.820276896,24.4556038
2021-22,20,Jharkhand,2021-09,2021-09-01,6.64973201,6.64212671,2.2022454739999997,0.653856403,16.1479604
2021-22,20,Jharkhand,2021-10,2021-10-01,18.254454254,21.470907653999998,2.038957741,5.812179031,47.5764987
2021-22,20,Jharkhand,2021-11,2021-11-01,2.56615995,2.53603785,0.4186514,3.823512128,9.3443614
2021-22,20,Jharkhand,2021-12,2021-12-01,10.85375514,8.45004494,9.388029020000001,0.896137351,29.5879667
2021-22,20,Jharkhand,2022-01,2022-01-01,7.8475065299999995,7.982749129999999,14.899591330000002,2.8583385800000003,33.588186
2021-22,20,Jharkhand,2022-02,2022-02-01,3.65311928,4.07795218,0.84805265,0.932018158,9.5111422
2021-22,20,Jharkhand,2022-03,2022-03-01,15.509569291,18.326124575,17.509412819,1.709166099,53.0542722
2021-22,21,Odisha,2021-04,2021-04-01,42.357773648,37.550412128,39.025873592,57.36436882,176.2984297
2021-22,21,Odisha,2021-05,2021-05-01,16.163670767,19.627147412,46.19225665,38.437382039999996,120.420456
2021-22,21,Odisha,2021-06,2021-06-01,68.760014122,71.612042457,44.94287859,134.26141353,319.5763433
2021-22,21,Odisha,2021-07,2021-07-01,59.98333719,64.03264813,122.88897662000001,212.67103587,459.5760027
2021-22,21,Odisha,2021-08,2021-08-01,50.515010637,47.863692147,86.991623794,76.17466325,261.5449852
2021-22,21,Odisha,2021-09,2021-09-01,51.838371939999995,55.75107489,66.25896381,80.98011996,254.8285355
2021-22,21,Odisha,2021-10,2021-10-01,79.574661162,92.046413563,192.31573086,131.94652004,495.8833242
2021-22,21,Odisha,2021-11,2021-11-01,9.045797023,10.898498683,77.985229387,31.30769199,129.2372159
2021-22,21,Odisha,2021-12,2021-12-01,77.96814501,77.430861521,155.159090274,150.2941286,460.8522239
2021-22,21,Odisha,2022-01,2022-01-01,224.323085354,220.430975129,338.01913601,56.669640279999996,839.4428467
2021-22,21,Odisha,2022-02,2022-02-01,89.58347678,92.39254294,30.57607787,87.41419065299999,299.9662876
2021-22,21,Odisha,2022-03,2022-03-01,92.806270595,94.406314275,234.54374695,65.18438169,486.9407162
2021-22,22,Chattisgarh,2021-04,2021-04-01,10.42892041,10.208266,6.15960159,14.230809359999999,41.0275973
2021-22,22,Chattisgarh,2021-05,2021-05-01,2.68849878,2.27767543,2.34184913,0.4229846,7.7310079
2021-22,22,Chattisgarh,2021-06,2021-06-01,6.44855089,4.7961531200000005,3.36688941,12.16267644,26.7742698
2021-22,22,Chattisgarh,2021-07,2021-07-01,13.914627902000001,13.563894812000001,9.016129690000001,25.68038623,62.1750383
2021-22,22,Chattisgarh,2021-08,2021-08-01,11.0386043,14.120922821,7.30603314,18.59033085,51.055891
2021-22,22,Chattisgarh,2021-09,2021-09-01,8.8438624,8.67327298,5.68567406,3.3872759799999996,26.5900856
2021-22,22,Chattisgarh,2021-10,2021-10-01,11.17250639,13.64677727,4.9302313,43.850986289999994,73.6005009
2021-22,22,Chattisgarh,2021-11,2021-11-01,4.548368628,4.792605308,1.8750749800000002,4.28094632,15.4969954
2021-22,22,Chattisgarh,2021-12,2021-12-01,8.17698737,8.76902882,6.265250620000001,36.31225983,59.5235262
2021-22,22,Chattisgarh,2022-01,2022-01-01,6.89749149,10.42165548,6.9946687,13.0705278,37.3843432
2021-22,22,Chattisgarh,2022-02,2022-02-01,5.79887202,5.38478542,3.8830038,2.56111244,17.6277735
2021-22,22,Chattisgarh,2022-03,2022-03-01,3.61137418,4.073804979999999,5.10917834,5.02340636,17.8177641
2021-22,23,Madhya Pradesh,2021-04,2021-04-01,14.698355703999999,20.807918842,17.350739968,1.8413714190000001,54.6983855
2021-22,23,Madhya Pradesh,2021-05,2021-05-01,21.4593189,22.2763718,46.296562762,7.21185445,97.2441066
2021-22,23,Madhya Pradesh,2021-06,2021-06-01,28.93433033,39.809236489999996,43.697942198,7.33043455,119.7719433
2021-22,23,Madhya Pradesh,2021-07,2021-07-01,89.059586391,148.86211404300002,64.478233075,16.21744127,318.6173738
2021-22,23,Madhya Pradesh,2021-08,2021-08-01,48.855575625,104.9617055,65.760667482,0.59819928,220.1761474
2021-22,23,Madhya Pradesh,2021-09,2021-09-01,33.986582151,35.628977651,39.391037315,18.52751076,127.5341066
2021-22,23,Madhya Pradesh,2021-10,2021-10-01,42.805845355,55.963554265,46.730298895,7.965167459999999,153.4648668
2021-22,23,Madhya Pradesh,2021-11,2021-11-01,64.568040365,62.444575685000004,45.975963889999996,4.197728569,177.1863088
2021-22,23,Madhya Pradesh,2021-12,2021-12-01,43.113570479,46.548493769,35.00432675,4.686271629999999,129.352662
2021-22,23,Madhya Pradesh,2022-01,2022-01-01,21.88482505,22.666662669999997,99.04671056000001,4.7755024299999995,148.3736992
2021-22,23,Madhya Pradesh,2022-02,2022-02-01,44.291362026,45.165156481,70.607291382,6.780495751999999,166.8443049
2021-22,23,Madhya Pradesh,2022-03,2022-03-01,45.195568439999995,48.616505785,76.194950885,7.497339231000001,177.5043662
2021-22,24,Gujarat,2021-04,2021-04-01,225.69620217399998,279.12347909299996,172.391310717,32.73750116,709.9484918
2021-22,24,Gujarat,2021-05,2021-05-01,263.49314202399995,347.44537614499995,252.54421001900002,69.782644466,933.2653691
2021-22,24,Gujarat,2021-06,2021-06-01,296.43589837800005,409.59765146300003,183.971935293,16.876461984,906.8819409
2021-22,24,Gujarat,2021-07,2021-07-01,406.173898161,551.7502153859999,294.11948136300003,75.200998646,1327.2445858
2021-22,24,Gujarat,2021-08,2021-08-01,275.49273230100005,405.359102956,265.291802918,35.352012755000004,981.4956459
2021-22,24,Gujarat,2021-09,2021-09-01,270.801820331,349.162814421,176.78598729,72.119512888,868.8701292
2021-22,24,Gujarat,2021-10,2021-10-01,437.19865651899994,538.1291378100001,429.31447574099997,29.509517397000003,1434.1517788
2021-22,24,Gujarat,2021-11,2021-11-01,215.50965696999998,309.186021653,147.925447559,9.898354490000001,682.5194757
2021-22,24,Gujarat,2021-12,2021-12-01,327.376121146,374.91012311,368.793888755,62.036384785,1133.1165121
2021-22,24,Gujarat,2022-01,2022-01-01,271.96504983899996,351.056433245,268.491313701,71.894128587,963.4069257
2021-22,24,Gujarat,2022-02,2022-02-01,415.746637268,485.42601922,260.20899235,24.528842367,1185.9104873
2021-22,24,Gujarat,2022-03,2022-03-01,378.620507702,460.02103576499997,311.391640418,120.212054116,1270.2452296
2021-22,25,Daman and Diu,2021-04,2021-04-01,0.05902368,0.0086566,0.09879517,0.0,0.1664754
2021-22,25,Daman and Diu,2021-05,2021-05-01,0.04820209,0.048209590000000004,0.03986928,0.0,0.136281
2021-22,25,Daman and Diu,2021-06,2021-06-01,0.08772187,0.6066371700000001,1.0247568,0.0223635,1.7414794
2021-22,25,Daman and Diu,2021-07,2021-07-01,0.4350094,0.5251231,0.63794718,0.0008651,1.5989447
2021-22,25,Daman and Diu,2021-08,2021-08-01,0.253240676,0.0651516,0.620820331,0.0,0.9392125
2021-22,25,Daman and Diu,2021-09,2021-09-01,0.201959934,0.1978433,1.00435911,0.0,1.4041624
2021-22,25,Daman and Diu,2021-10,2021-10-01,0.0516928,0.04909,0.5918688,0.0,0.6926516
2021-22,25,Daman and Diu,2021-11,2021-11-01,0.0,0.0,0.0001981,0.0,0.0001981
2021-22,25,Daman and Diu,2021-12,2021-12-01,0.151692,0.0,0.0856929,0.0,0.2373849
2021-22,25,Daman and Diu,2022-01,2022-01-01,0.31758915,0.36787255,2.82744936,0.0,3.5129111
2021-22,25,Daman and Diu,2022-02,2022-02-01,0.0124205,0.0286423,0.3422162,0.0,0.383279
2021-22,25,Daman and Diu,2022-03,2022-03-01,0.0183495,0.0209581,0.2807593,0.0,0.3200669
2021-22,26,Dadra and Nagar Haveli,2021-04,2021-04-01,3.8832467380000004,9.168556339,76.93541142699999,0.0,89.9872154
2021-22,26,Dadra and Nagar Haveli,2021-05,2021-05-01,7.012314990000001,8.09090648,40.626325087,5.7e-05,55.7296032
2021-22,26,Dadra and Nagar Haveli,2021-06,2021-06-01,15.898386750999999,16.989653497,187.294041261,0.0046912230000000004,220.1867729
2021-22,26,Dadra and Nagar Haveli,2021-07,2021-07-01,15.587806706,21.936352636000002,137.380184242,0.035133651,174.9394773
2021-22,26,Dadra and Nagar Haveli,2021-08,2021-08-01,21.655036786,22.971366248,109.330257445,0.0,153.9566607
2021-22,26,Dadra and Nagar Haveli,2021-09,2021-09-01,8.002370465,10.091716614,102.905340064,0.0,120.9994254
2021-22,26,Dadra and Nagar Haveli,2021-10,2021-10-01,9.368079490000001,10.9812012,64.49297525,0.0,84.8422555
2021-22,26,Dadra and Nagar Haveli,2021-11,2021-11-01,8.24587484,10.42439874,115.41144441400002,0.1026013,134.1843171
2021-22,26,Dadra and Nagar Haveli,2021-12,2021-12-01,18.1615278,26.2900757,98.29966409,0.0323705,142.7836386
2021-22,26,Dadra and Nagar Haveli,2022-01,2022-01-01,18.8644263,26.363511,101.708676877,0.0097471,146.9463603
2021-22,26,Dadra and Nagar Haveli,2022-02,2022-02-01,16.85723306,20.49725444,95.060364026,0.0186429,132.4334947
2021-22,26,Dadra and Nagar Haveli,2022-03,2022-03-01,13.35345887,21.3235917,59.25096464,0.0968392,94.0248552
2021-22,27,Maharastra,2021-04,2021-04-01,354.366572099,872.9748483059999,441.05472448500007,34.202741823000004,1702.5988795
2021-22,27,Maharastra,2021-05,2021-05-01,368.414798206,628.770362797001,400.29406156199997,11.5387254,1409.017943
2021-22,27,Maharastra,2021-06,2021-06-01,577.9305725529999,710.112295567,816.430476163,97.81360794199999,2202.2869497
2021-22,27,Maharastra,2021-07,2021-07-01,632.53502361,1069.666715788,776.760961668,8.416277647,2487.3789561
2021-22,27,Maharastra,2021-08,2021-08-01,451.92551839399994,677.233678653,428.45080831399997,3.9054517090000003,1561.5154418
2021-22,27,Maharastra,2021-09,2021-09-01,475.497430995,574.979294264,274.976961206,11.450480963,1336.9041555
2021-22,27,Maharastra,2021-10,2021-10-01,553.74235065,764.075896032,488.73020557899997,5.489548772,1812.0379819
2021-22,27,Maharastra,2021-11,2021-11-01,298.272048386,520.842528441,316.666638166,1.302649148,1137.0838656
2021-22,27,Maharastra,2021-12,2021-12-01,471.08265428000004,752.650904271001,581.632573653,2.273968975,1807.6400977
2021-22,27,Maharastra,2022-01,2022-01-01,357.259669875,603.0528214970001,537.968652688,3.131940311,1501.4130773
2021-22,27,Maharastra,2022-02,2022-02-01,398.085839694,518.693725642,355.67323772,1.72014447,1274.1729456
2021-22,27,Maharastra,2022-03,2022-03-01,457.928520366,918.414058256,516.587387593,11.102974453,1904.0329234
2021-22,29,Karnataka,2021-04,2021-04-01,114.667292254,126.359765721,140.528059393,2.82365938,384.3787747
2021-22,29,Karnataka,2021-05,2021-05-01,445.552381746,450.910156229,735.920045563,0.52806909,1632.9106534
2021-22,29,Karnataka,2021-06,2021-06-01,422.84371382399996,438.15805644899996,670.774675011,1.79897345,1533.5754068
2021-22,29,Karnataka,2021-07,2021-07-01,358.36889018,382.379803354,603.3343992,0.9411385099999999,1345.0242291
2021-22,29,Karnataka,2021-08,2021-08-01,423.800480587,435.687843879,542.7564990569999,0.42912480999999997,1402.6739578
2021-22,29,Karnataka,2021-09,2021-09-01,174.589047991,173.466445903,273.008374456,44.05164823,665.1155161
2021-22,29,Karnataka,2021-10,2021-10-01,449.98073652200003,448.999254472,740.028926102,0.50734087,1639.516254
2021-22,29,Karnataka,2021-11,2021-11-01,240.30892648000003,235.66928388000002,509.55785525,28.200625730000002,1013.73668
2021-22,29,Karnataka,2021-12,2021-12-01,364.747724006,377.731754034,658.215783296,2.6668795,1403.3621326
2021-22,29,Karnataka,2022-01,2022-01-01,312.574186747,312.824548472,308.690943429,0.5500091,934.639693
2021-22,29,Karnataka,2022-02,2022-02-01,499.139745624,529.912129986,801.014076436,0.27639022,1830.3423433
2021-22,29,Karnataka,2022-03,2022-03-01,247.116277461,249.6601498,387.36686036599997,0.8605769,885.0038647
2021-22,30,Goa,2021-04,2021-04-01,11.961959847,9.42107399,24.04842669,0.0,45.4314604
2021-22,30,Goa,2021-05,2021-05-01,8.872143612,20.993398048,14.491588941999998,0.0,44.3571304
2021-22,30,Goa,2021-06,2021-06-01,22.898373535,15.286097655,32.496267018,0.0128798,70.6936178
2021-22,30,Goa,2021-07,2021-07-01,9.084190643000001,6.802018362999999,50.50946057,0.0,66.3956693
2021-22,30,Goa,2021-08,2021-08-01,11.90925973,10.20718272,8.660838385,0.0,30.7772804
2021-22,30,Goa,2021-09,2021-09-01,1.6947109390000001,2.348021859,8.962305715000001,0.0,13.0050384
2021-22,30,Goa,2021-10,2021-10-01,17.868158704,10.520129154000001,41.222541414999995,2.32e-05,69.6108519
2021-22,30,Goa,2021-11,2021-11-01,2.578607545,2.460928245,33.59034895,0.0,38.6298841
2021-22,30,Goa,2021-12,2021-12-01,5.07616291,4.6599387,23.39370423,0.0,33.1298057
2021-22,30,Goa,2022-01,2022-01-01,5.837469049,5.0559830219999995,49.740618809,0.0,60.6340706
2021-22,30,Goa,2022-02,2022-02-01,19.057316284,4.542642914,37.823196126999996,0.0785983,61.5017535
2021-22,30,Goa,2022-03,2022-03-01,6.0262154,3.4838576299999997,10.95875141,4.5e-05,20.4688694
2021-22,31,Lakshadweep,2021-04,2021-04-01,,,,,
2021-22,31,Lakshadweep,2021-05,2021-05-01,,,,,
2021-22,31,Lakshadweep,2021-06,2021-06-01,,,,,
2021-22,31,Lakshadweep,2021-07,2021-07-01,,,,,
2021-22,31,Lakshadweep,2021-08,2021-08-01,,,,,
2021-22,31,Lakshadweep,2021-09,2021-09-01,,,,,
2021-22,31,Lakshadweep,2021-10,2021-10-01,,,,,
2021-22,31,Lakshadweep,2021-11,2021-11-01,,,,,
2021-22,31,Lakshadweep,2021-12,2021-12-01,0.0005098,0.0003633,5e-07,0.0,0.0008736
2021-22,31,Lakshadweep,2022-01,2022-01-01,,,,,
2021-22,31,Lakshadweep,2022-02,2022-02-01,,,,,
2021-22,31,Lakshadweep,2022-03,2022-03-01,,,,,
2021-22,32,Kerala,2021-04,2021-04-01,1.259616579,1.348943819,1.4631019699999999,0.00048746000000000005,4.0721499
2021-22,32,Kerala,2021-05,2021-05-01,5.625865944,6.015753772,8.221131778,0.012075769,19.874827
2021-22,32,Kerala,2021-06,2021-06-01,24.491259637,24.591707709,34.9540226,0.0268232,84.0638133
2021-22,32,Kerala,2021-07,2021-07-01,39.842113898,38.118505436,23.109915592,0.090692618,101.16122849999999
2021-22,32,Kerala,2021-08,2021-08-01,19.290224326,19.875831425999998,39.542171693,0.0618892,78.7701163
2021-22,32,Kerala,2021-09,2021-09-01,18.48250405,18.043210855,17.773556044,0.015883529,54.3151543
2021-22,32,Kerala,2021-10,2021-10-01,27.745793592000002,31.650594845,28.924945868000002,0.4829428,88.8042766
2021-22,32,Kerala,2021-11,2021-11-01,12.111385355,12.619359085,14.832784058000001,0.054884,39.6184122
2021-22,32,Kerala,2021-12,2021-12-01,23.380529022,24.292662777,184.82000628,1.0236747199999998,233.5168754
2021-22,32,Kerala,2022-01,2022-01-01,20.515955591999997,20.917611812,28.146174322000004,0.016292964,69.5960341
2021-22,32,Kerala,2022-02,2022-02-01,25.034052772,26.560930572,30.548994311,0.11635868600000002,82.2603365
2021-22,32,Kerala,2022-03,2022-03-01,12.699513305,12.873363029,19.850629284,0.008652861999999999,45.4321584
2021-22,33,Tamil Nadu,2021-04,2021-04-01,185.466987415,215.57145177600003,158.978112936,2.323935,562.3404807
2021-22,33,Tamil Nadu,2021-05,2021-05-01,247.48564306999998,286.85670726399997,278.345362272,6.41668485,819.1043959
2021-22,33,Tamil Nadu,2021-06,2021-06-01,186.691202465,163.850129825,94.627342865,14.00103317,459.1697067
2021-22,33,Tamil Nadu,2021-07,2021-07-01,305.196490791,359.816294356,498.44248228699996,2.17014041,1165.6254088
2021-22,33,Tamil Nadu,2021-08,2021-08-01,275.973130487,329.80564216799996,476.57841745699994,1.13554165,1083.4927268
2021-22,33,Tamil Nadu,2021-09,2021-09-01,165.089730424,208.782051948,187.40927951700002,4.80582068,566.0868765
2021-22,33,Tamil Nadu,2021-10,2021-10-01,305.983083984,359.897972007,429.475842505,2.34854661,1097.7054424
2021-22,33,Tamil Nadu,2021-11,2021-11-01,176.80084756300002,207.62176255699998,252.243501706,0.9928376449999999,637.6589444
2021-22,33,Tamil Nadu,2021-12,2021-12-01,231.978862678,308.91350331999996,414.27150973,6.07249563,961.2363617
2021-22,33,Tamil Nadu,2022-01,2022-01-01,162.74194455999998,213.47628134200002,267.595668995,0.78368163,644.5975759
2021-22,33,Tamil Nadu,2022-02,2022-02-01,174.690870349,290.52749125,156.444383754,4.9588819,626.6216192
2021-22,33,Tamil Nadu,2022-03,2022-03-01,208.61587056099998,279.189729295,601.796058238,0.88240278,1090.4840572
2021-22,34,Puducherry,2021-04,2021-04-01,0.06931277,0.07012557,2.6968034,0.0,2.8362418
2021-22,34,Puducherry,2021-05,2021-05-01,1.1873547199999999,1.20493132,13.23668268,0.0,15.6289687
2021-22,34,Puducherry,2021-06,2021-06-01,0.6807862,0.6377281,8.7252185,0.0072321,10.0509647
2021-22,34,Puducherry,2021-07,2021-07-01,2.717824902,3.031253802,20.56456992,0.0,26.3136485
2021-22,34,Puducherry,2021-08,2021-08-01,0.2737499,0.4802512,10.570772032999999,0.0108316,11.3356046
2021-22,34,Puducherry,2021-09,2021-09-01,0.3484956,0.3935035,14.3056229,0.0,15.0476222
2021-22,34,Puducherry,2021-10,2021-10-01,0.81205701,0.99073731,23.8300908,0.0,25.6328851
2021-22,34,Puducherry,2021-11,2021-11-01,0.14328048999999998,0.14328042,4.291582770000001,0.0,4.5781438
2021-22,34,Puducherry,2021-12,2021-12-01,0.0879599,0.08546846999999999,16.7862636,0.0,16.9596918
2021-22,34,Puducherry,2022-01,2022-01-01,0.719144945,0.695326145,8.04127585,0.0,9.4557467
2021-22,34,Puducherry,2022-02,2022-02-01,0.20782341499999998,0.256720315,9.703820290000001,0.0,10.1683642
2021-22,34,Puducherry,2022-03,2022-03-01,0.15787548999999998,0.15873082,9.88982968,0.0,10.2064357
2021-22,35,Andaman and Nicobar Islands,2021-04,2021-04-01,0.0005,0.0005,0.0,0.0,0.001
2021-22,35,Andaman and Nicobar Islands,2021-05,2021-05-01,0.5166426,0.4466426,0.0,0.0,0.9632852
2021-22,35,Andaman and Nicobar Islands,2021-06,2021-06-01,0.0021309,0.0,0.0,0.0,0.0021309
2021-22,35,Andaman and Nicobar Islands,2021-07,2021-07-01,0.00307,0.00307,0.0,0.0,0.00614
2021-22,35,Andaman and Nicobar Islands,2021-08,2021-08-01,0.2558471,0.2517548,0.0,0.0,0.5076019
2021-22,35,Andaman and Nicobar Islands,2021-09,2021-09-01,0.008664,0.008664,0.0,0.0,0.017328
2021-22,35,Andaman and Nicobar Islands,2021-10,2021-10-01,0.0621928,0.0556948,0.0041636,0.0,0.1220512
2021-22,35,Andaman and Nicobar Islands,2021-11,2021-11-01,0.000362,0.000362,0.0,0.0,0.000724
2021-22,35,Andaman and Nicobar Islands,2021-12,2021-12-01,0.7553875,0.7553874,0.0007634,0.0,1.5115383
2021-22,35,Andaman and Nicobar Islands,2022-01,2022-01-01,0.205787,0.205787,0.0,0.0,0.411574
2021-22,35,Andaman and Nicobar Islands,2022-02,2022-02-01,0.0061012,0.2519608,0.0319229,0.0,0.2899849
2021-22,35,Andaman and Nicobar Islands,2022-03,2022-03-01,0.52805,0.263159,0.001463,0.0,0.792672
2021-22,36,Telangana,2021-04,2021-04-01,148.71367367599998,152.440006242,346.830528259,0.160186221,648.1443896
2021-22,36,Telangana,2021-05,2021-05-01,4.864838525,4.459090325,17.588689940000002,0.64221662,27.5548355
2021-22,36,Telangana,2021-06,2021-06-01,202.82750878299998,270.355499103,561.520763102,1.74493752,1036.4487022
2021-22,36,Telangana,2021-07,2021-07-01,257.34656437399997,254.005186464,408.61826271999996,5.5494474,925.5194616
2021-22,36,Telangana,2021-08,2021-08-01,160.255916824,168.627578894,427.754587442,0.6815046,757.3195868
2021-22,36,Telangana,2021-09,2021-09-01,67.32881843099999,70.682451161,275.25621481,1.15089674,414.4183793
2021-22,36,Telangana,2021-10,2021-10-01,147.007337401,163.913996408,392.12647254,0.76473968,703.8125492
2021-22,36,Telangana,2021-11,2021-11-01,160.15703578,168.17433810999998,312.109670248,1.43191058,641.8729523
2021-22,36,Telangana,2021-12,2021-12-01,123.27627736199999,134.619845833,208.251171036,1.99385283,468.1411489
2021-22,36,Telangana,2022-01,2022-01-01,82.0069347,74.765666914,279.565989673,2.59137527,438.9299664
2021-22,36,Telangana,2022-02,2022-02-01,120.55545883900001,109.357144709,369.27170498600003,2.3175374,601.5018458
2021-22,36,Telangana,2022-03,2022-03-01,89.79319031200001,94.988314247,185.300073379,2.4039354399999997,372.4855142
2021-22,37,Andhra Pradesh,2021-04,2021-04-01,21.267436147,15.367781067,74.622251236,0.606314943,111.863784
2021-22,37,Andhra Pradesh,2021-05,2021-05-01,16.622468308000002,36.489571074000004,19.62226919,7.90523535,80.6395429
2021-22,37,Andhra Pradesh,2021-06,2021-06-01,45.345980399,38.517177303,198.57575033,4.6959805,287.1348887
2021-22,37,Andhra Pradesh,2021-07,2021-07-01,65.974283937,75.70729618300001,187.619408099,3.083755687,332.3847448
2021-22,37,Andhra Pradesh,2021-08,2021-08-01,48.696658499,46.343937079,109.083764572,4.666618195,208.7909766
2021-22,37,Andhra Pradesh,2021-09,2021-09-01,22.278592529,18.327750241,151.469779076,1.6817656699999999,193.7578891
2021-22,37,Andhra Pradesh,2021-10,2021-10-01,45.987580433,50.205909645,159.826200998,23.76673095,279.7864221
2021-22,37,Andhra Pradesh,2021-11,2021-11-01,18.407830816,20.125171852,261.788213677,3.5224549799999996,303.8436766
2021-22,37,Andhra Pradesh,2021-12,2021-12-01,34.889869565,40.665736382,135.21535492,4.3351085,215.1060678
2021-22,37,Andhra Pradesh,2022-01,2022-01-01,44.367305865,43.685390836,98.07247015,1.32264628,187.4478125
2021-22,37,Andhra Pradesh,2022-02,2022-02-01,33.842469097000006,34.588757137,356.788054744,35.284712139999996,460.5039828
2021-22,37,Andhra Pradesh,2022-03,2022-03-01,49.03586423,53.615610411,162.294200508,7.42313038,272.3688023
2021-22,38,Ladakh,2021-04,2021-04-01,,,,,
2021-22,38,Ladakh,2021-05,2021-05-01,,,,,
2021-22,38,Ladakh,2021-06,2021-06-01,0.115545,0.1126994,0.0058022,0.0,0.2340466
2021-22,38,Ladakh,2021-07,2021-07-01,,,,,
2021-22,38,Ladakh,2021-08,2021-08-01,0.0477192,0.0574595,0.0105805,0.0,0.1157592
2021-22,38,Ladakh,2021-09,2021-09-01,,,,,
2021-22,38,Ladakh,2021-10,2021-10-01,0.0926371,0.0926371,0.0,0.0,0.1852742
2021-22,38,Ladakh,2021-11,2021-11-01,0.0207609,0.0207609,0.0,0.0,0.0415218
2021-22,38,Ladakh,2021-12,2021-12-01,,,,,
2021-22,38,Ladakh,2022-01,2022-01-01,0.275,0.275,0.0,0.0,0.55
2021-22,38,Ladakh,2022-02,2022-02-01,,,,,
2021-22,38,Ladakh,2022-03,2022-03-01,0.9,0.9,0.0,0.0,1.8
2021-22,97,Other Territory,2021-04,2021-04-01,,,,,
2021-22,97,Other Territory,2021-05,2021-05-01,1.5,1.5,0.0,0.0,3.0
2021-22,97,Other Territory,2021-06,2021-06-01,3.9,3.9,0.0,0.0,7.8
2021-22,97,Other Territory,2021-07,2021-07-01,0.5,2.5,0.0,0.0,3.0
2021-22,97,Other Territory,2021-08,2021-08-01,0.8874356,0.7322403,0.52,0.0,2.1396759
2021-22,97,Other Territory,2021-09,2021-09-01,1.3758746,0.5,0.0,0.0,1.8758746
2021-22,97,Other Territory,2021-10,2021-10-01,0.7658934,1.641768,0.0,0.0,2.4076614
2021-22,97,Other Territory,2021-11,2021-11-01,1.8023822,1.8023822,0.1722798,0.0,3.7770442
2021-22,97,Other Territory,2021-12,2021-12-01,0.25,0.25,0.0,0.0,0.5
2021-22,97,Other Territory,2022-01,2022-01-01,0.4,0.4,0.0,0.0,0.8
2021-22,97,Other Territory,2022-02,2022-02-01,0.5,1.024989,0.0,0.0,1.524989
2021-22,97,Other Territory,2022-03,2022-03-01,0.5,0.5,0.0,0.0,1.0
2021-22,Grand Total,,2021-04,2021-04-01,1463.9664183409996,2138.624467562,1877.942287303,149.514431207,5630.0475791
2021-22,Grand Total,,2021-05,2021-05-01,1711.715235596,2208.299310738001,2202.028122088,149.974034639,6272.0166865
2021-22,Grand Total,,2021-06,2021-06-01,2518.7596052649997,2910.4039231570005,3757.965739951,393.052547428,9580.181778600001
2021-22,Grand Total,,2021-07,2021-07-01,3019.6987172270005,3950.2737252179995,4320.448784489,369.011785426,11659.432979399999
2021-22,Grand Total,,2021-08,2021-08-01,2420.450847446001,3051.6116569340006,3443.428596533999,202.79222243199996,9118.283296499998
2021-22,Grand Total,,2021-09,2021-09-01,1724.0857866709998,2036.3409533330002,2171.594751905,280.880742683,6212.902210299999
2021-22,Grand Total,,2021-10,2021-10-01,2837.819560545,3417.4294776449997,3932.705602299,266.094636769,10454.049232
2021-22,Grand Total,,2021-11,2021-11-01,1617.9618054500002,2043.3200063950003,2757.10932505,128.17204762,6546.5631639
2021-22,Grand Total,,2021-12,2021-12-01,2337.6683521789996,2901.713634391001,3736.894985818001,298.57402674499997,9274.850966599999
2021-22,Grand Total,,2022-01,2022-01-01,2074.834432002,2535.191197005,3050.76334625,203.79767983199997,7864.5866611
2021-22,Grand Total,,2022-02,2022-02-01,2420.5032440399996,2836.1654830539997,3477.1708680479996,190.248016953,8924.0875827
2021-22,Grand Total,,2022-03,2022-03-01,2222.5384519960003,3068.940967416,3459.5541495129996,248.941687029,8999.975229199998
2021-22,"IGST and CESS Refund on Exports
(disbursed by Customs)",,2021-04,2021-04-01,0.0,0.0,8900.9503632,160.8644994,9061.8148626
2021-22,"IGST and CESS Refund on Exports
(disbursed by Customs)",,2021-05,2021-05-01,0.0,0.0,6379.8251784,223.6593545,6603.4845329
2021-22,"IGST and CESS Refund on Exports
(disbursed by Customs)",,2021-06,2021-06-01,0.0,0.0,4750.3698885,154.7015682,4905.0714567
2021-22,"IGST and CESS Refund on Exports
(disbursed by Customs)",,2021-07,2021-07-01,0.0,0.0,6915.5917776,82.0302029,6997.6219805
2021-22,"IGST and CESS Refund on Exports
(disbursed by Customs)",,2021-08,2021-08-01,0.0,0.0,5885.6646363,173.6735211,6059.3381574
2021-22,"IGST and CESS Refund on Exports
(disbursed by Customs)",,2021-09,2021-09-01,0.0,0.0,6847.0026844,273.205238,7120.207922400001
2021-22,"IGST and CESS Refund on Exports
(disbursed by Customs)",,2021-10,2021-10-01,0.0,0.0,6829.1304678,176.1732529,7005.3037207
2021-22,"IGST and CESS Refund on Exports
(disbursed by Customs)",,2021-11,2021-11-01,0.0,0.0,6886.981124,113.101373,7000.082497
2021-22,"IGST and CESS Refund on Exports
(disbursed by Customs)",,2021-12,2021-12-01,0.0,0.0,5712.7289627,109.0881075,5821.8170702
2021-22,"IGST and CESS Refund on Exports
(disbursed by Customs)",,2022-01,2022-01-01,0.0,0.0,7830.4850075,191.1970946,8021.6821021000005
2021-22,"IGST and CESS Refund on Exports
(disbursed by Customs)",,2022-02,2022-02-01,0.0,0.0,6786.8987978,264.1717702,7051.070567999999
2021-22,"IGST and CESS Refund on Exports
(disbursed by Customs)",,2022-03,2022-03-01,0.0,0.0,7148.5724473,151.3300911,7299.9025384
2021-22,Total GST Refund - All India,,2021-04,2021-04-01,1463.9664183409996,2138.624467562,10778.892650503,310.37893060700003,14691.8624417
2021-22,Total GST Refund - All India,,2021-05,2021-05-01,1711.715235596,2208.299310738001,8581.853300488001,373.633389139,12875.501219400001
2021-22,Total GST Refund - All India,,2021-06,2021-06-01,2518.7596052649997,2910.4039231570005,8508.335628451001,547.754115628,14485.253235300002
2021-22,Total GST Refund - All India,,2021-07,2021-07-01,3019.6987172270005,3950.2737252179995,11236.040562089,451.041988326,18657.0549599
2021-22,Total GST Refund - All India,,2021-08,2021-08-01,2420.450847446001,3051.6116569340006,9329.093232833999,376.4657435319999,15177.621453899998
2021-22,Total GST Refund - All India,,2021-09,2021-09-01,1724.0857866709998,2036.3409533330002,9018.597436305,554.085980683,13333.1101327
2021-22,Total GST Refund - All India,,2021-10,2021-10-01,2837.819560545,3417.4294776449997,10761.836070099,442.26788966899994,17459.3529527
2021-22,Total GST Refund - All India,,2021-11,2021-11-01,1617.9618054500002,2043.3200063950003,9644.09044905,241.27342062,13546.645660900002
2021-22,Total GST Refund - All India,,2021-12,2021-12-01,2337.6683521789996,2901.713634391001,9449.623948518001,407.66213424499995,15096.668036799998
2021-22,Total GST Refund - All India,,2022-01,2022-01-01,2074.834432002,2535.191197005,10881.248353750001,394.994774432,15886.268763200002
2021-22,Total GST Refund - All India,,2022-02,2022-02-01,2420.5032440399996,2836.1654830539997,10264.069665848,454.419787153,15975.1581507
2021-22,Total GST Refund - All India,,2022-03,2022-03-01,2222.5384519960003,3068.940967416,10608.126596813,400.27177812900004,16299.877767599997
2022-23,01,Jammu and Kashmir,2022-04,2022-04-01,5.3265752,5.5515679,6.6828472,0.0,17.5609899
2022-23,01,Jammu and Kashmir,2022-05,2022-05-01,1.8189346,2.2946183,3.0197339739999998,0.0,7.1332869
2022-23,01,Jammu and Kashmir,2022-06,2022-06-01,2.6364931420000004,3.684420442,6.8798873,0.0,13.2008008
2022-23,01,Jammu and Kashmir,2022-07,2022-07-01,7.887705594,7.979718094,2.4550086,0.0,18.322432
2022-23,01,Jammu and Kashmir,2022-08,2022-08-01,0.3875408,1.0399536,3.602597,0.00033,5.0304214
2022-23,01,Jammu and Kashmir,2022-09,2022-09-01,7.647774448999999,7.805864849,3.8830034,0.0,19.336643
2022-23,01,Jammu and Kashmir,2022-10,2022-10-01,0.8557286,1.7707968,9.474124516,0.0071244,12.1077741
2022-23,01,Jammu and Kashmir,2022-11,2022-11-01,0.1726525,0.1715032,11.227393,0.0,11.5715487
2022-23,01,Jammu and Kashmir,2022-12,2022-12-01,4.150155376,4.872581776,12.289767,0.0,21.3125041
2022-23,01,Jammu and Kashmir,2023-01,2023-01-01,1.388348447,3.694544347,4.206357,0.0,9.2892497
2022-23,01,Jammu and Kashmir,2023-02,2023-02-01,5.0929004,4.3227653,5.5503332,4.99e-05,14.9660488
2022-23,01,Jammu and Kashmir,2023-03,2023-03-01,6.784793825,7.591852625,13.351383794,0.0,27.72803
2022-23,02,Himachal Pradesh,2022-04,2022-04-01,22.3705101,25.3238537,70.75684931900001,0.0,118.451213
2022-23,02,Himachal Pradesh,2022-05,2022-05-01,9.0361732,23.2747187,22.8317191,0.0,55.1426108
2022-23,02,Himachal Pradesh,2022-06,2022-06-01,17.523820556,19.56203107,52.3405543,0.0,89.426406
2022-23,02,Himachal Pradesh,2022-07,2022-07-01,21.20341605,23.33051295,31.6277034,0.0,76.1616324
2022-23,02,Himachal Pradesh,2022-08,2022-08-01,19.809912615000002,27.166099314999997,28.457790004000003,0.0,75.4338018
2022-23,02,Himachal Pradesh,2022-09,2022-09-01,24.86998935,25.41683735,38.5663102,0.0,88.8531372
2022-23,02,Himachal Pradesh,2022-10,2022-10-01,14.0649784,18.4330085,24.344775690000002,0.0007242,56.8434869
2022-23,02,Himachal Pradesh,2022-11,2022-11-01,10.9226217,14.1842768,19.9481496,0.0,45.0550486
2022-23,02,Himachal Pradesh,2022-12,2022-12-01,18.0719628,27.9402639,68.411707,0.0495594,114.4734934
2022-23,02,Himachal Pradesh,2023-01,2023-01-01,20.9355687,21.1521819,22.8095918,0.0240911,64.9214332
2022-23,02,Himachal Pradesh,2023-02,2023-02-01,17.0509374,25.6820704,56.1096007,0.1310912,98.9737003
2022-23,02,Himachal Pradesh,2023-03,2023-03-01,22.958785,34.5752404,47.1141241,0.0731026,104.7212522
2022-23,03,Punjab,2022-04,2022-04-01,44.59452738,186.79664557,36.0416074,8.4052627,275.8380406
2022-23,03,Punjab,2022-05,2022-05-01,153.78121574000002,103.77138597999999,39.10509362,7.4039828,304.0616785
2022-23,03,Punjab,2022-06,2022-06-01,73.44849282999999,130.70956837,44.96900855,1.37958793,250.5066574
2022-23,03,Punjab,2022-07,2022-07-01,82.95217066000001,140.50329389,79.43486029,0.9589789699999999,303.849303
2022-23,03,Punjab,2022-08,2022-08-01,145.20280021,66.70830203999999,16.85297931,0.06043,228.8245141
2022-23,03,Punjab,2022-09,2022-09-01,68.025519615,108.25771311500002,33.0809139,0.035612,209.3997592
2022-23,03,Punjab,2022-10,2022-10-01,38.25017475,162.57966355,70.20809501000001,0.4163103,271.4542431
2022-23,03,Punjab,2022-11,2022-11-01,17.852381091999998,30.136918872000003,5.1069967179999995,0.0785165,53.1748132
2022-23,03,Punjab,2022-12,2022-12-01,50.8895453,133.37921543,46.190279035,0.0451976,230.5042369
2022-23,03,Punjab,2023-01,2023-01-01,63.77758095,71.48474994,25.268141475,0.4563042,160.9867768
2022-23,03,Punjab,2023-02,2023-02-01,141.6398674,76.2336307,67.26101358,0.2802783,285.4147888
2022-23,03,Punjab,2023-03,2023-03-01,53.870997434,85.195023154,28.962295060000002,0.6059705,168.6342866
2022-23,04,Chandigarh,2022-04,2022-04-01,2.1258509,2.3636764,2.0290472,0.0,6.5185745
2022-23,04,Chandigarh,2022-05,2022-05-01,0.46672653,0.59154313,1.67850882,0.0,2.7367785
2022-23,04,Chandigarh,2022-06,2022-06-01,0.43481977,0.590614491,1.04293927,0.000249,2.0686225
2022-23,04,Chandigarh,2022-07,2022-07-01,3.54663772,3.8174244200000005,10.464954037,0.0,17.829016
2022-23,04,Chandigarh,2022-08,2022-08-01,0.92352035,0.91833675,5.328045099000001,0.0,7.1699022
2022-23,04,Chandigarh,2022-09,2022-09-01,1.1146442,1.0818389,4.1414354,0.0,6.3379185
2022-23,04,Chandigarh,2022-10,2022-10-01,1.5758437,1.5589034,2.3255844,0.0,5.4603314
2022-23,04,Chandigarh,2022-11,2022-11-01,0.4056043,0.4061043,3.760041436,0.0,4.57175
2022-23,04,Chandigarh,2022-12,2022-12-01,1.7563184,1.760221,10.0416335,0.0,13.5581725
2022-23,04,Chandigarh,2023-01,2023-01-01,1.1136241,1.0969478,5.4244685,0.0,7.6350403
2022-23,04,Chandigarh,2023-02,2023-02-01,1.59556005,1.6297663,1.4883154,0.0,4.7136417
2022-23,04,Chandigarh,2023-03,2023-03-01,5.2543199,5.2688788,6.778174968000001,0.0,17.3013741
2022-23,05,Uttarakhand,2022-04,2022-04-01,19.836010067,21.791181351,30.24553806,0.0003392,71.8730681
2022-23,05,Uttarakhand,2022-05,2022-05-01,19.51823183,21.40243123,22.04256354,0.9848722,63.9480983
2022-23,05,Uttarakhand,2022-06,2022-06-01,20.082737224000002,22.975797815,21.679177075,0.0,64.7377123
2022-23,05,Uttarakhand,2022-07,2022-07-01,22.399445349,26.314589609,37.457520299,1.01e-05,86.1715652
2022-23,05,Uttarakhand,2022-08,2022-08-01,6.56978451,8.120762486,11.6762289,0.0,26.3667759
2022-23,05,Uttarakhand,2022-09,2022-09-01,12.93565538,18.728044315,27.922669905000003,2.1546032,61.7409727
2022-23,05,Uttarakhand,2022-10,2022-10-01,10.459148647,12.679301627,20.862631965000002,0.0705714,44.0716533
2022-23,05,Uttarakhand,2022-11,2022-11-01,5.1608864,5.8895931,7.5189278,0.00145,18.570857
2022-23,05,Uttarakhand,2022-12,2022-12-01,22.573396436000003,27.087553536,24.522582687,0.6534162,74.8369488
2022-23,05,Uttarakhand,2023-01,2023-01-01,8.521313679,14.928691229,18.242838491,0.1039538,41.7967969
2022-23,05,Uttarakhand,2023-02,2023-02-01,10.55859913,15.711004913999998,16.092351843,0.5445319,42.9064882
2022-23,05,Uttarakhand,2023-03,2023-03-01,18.258290462999998,22.572037439,32.945974468,0.0,73.7763022
2022-23,06,Haryana,2022-04,2022-04-01,150.258319719,163.63965935899998,261.00343096,0.04724672,574.9486594
2022-23,06,Haryana,2022-05,2022-05-01,113.056534797,126.18358893699998,259.295024793,0.10343388,498.6385811
2022-23,06,Haryana,2022-06,2022-06-01,112.958281645,135.501864095,234.138474917,0.4751962,483.0738168
2022-23,06,Haryana,2022-07,2022-07-01,170.271157106,185.294152956,340.599420221,0.36804,696.5327688
2022-23,06,Haryana,2022-08,2022-08-01,114.09812468,159.02245968,150.27403229,0.2435507,423.6381675
2022-23,06,Haryana,2022-09,2022-09-01,151.49303093199998,179.602883602,318.093324802,0.3602045,649.5494421
2022-23,06,Haryana,2022-10,2022-10-01,98.049556778,125.834852944,124.619146585,0.0712969,348.5748522
2022-23,06,Haryana,2022-11,2022-11-01,70.56320799,92.510655244,150.24984412999999,0.1916868,313.5153942
2022-23,06,Haryana,2022-12,2022-12-01,154.509390703,180.489496043,329.601091704,0.3372242,664.9372029
2022-23,06,Haryana,2023-01,2023-01-01,95.76964496900001,129.40160563900002,163.89183653,0.2174588,389.2805466
2022-23,06,Haryana,2023-02,2023-02-01,123.086066474,140.726730444,233.800053832,0.1537335,497.7665863
2022-23,06,Haryana,2023-03,2023-03-01,157.25723532,200.88736334,300.43727145,0.252328,658.8341984
2022-23,07,Delhi,2022-04,2022-04-01,72.748107026,93.761494076,88.27564662,5.228227234,260.0134747
2022-23,07,Delhi,2022-05,2022-05-01,90.163156101,99.33748385199999,192.075999724,3.886344736,385.4629844
2022-23,07,Delhi,2022-06,2022-06-01,57.60941497,67.017071128,97.870292825,1.85785135,224.35463
2022-23,07,Delhi,2022-07,2022-07-01,57.45509239500001,70.30228568300001,89.21865109299999,3.5676422899999998,220.5436711
2022-23,07,Delhi,2022-08,2022-08-01,49.975117985000004,58.476899084,35.179952954,0.8613189,144.4932892
2022-23,07,Delhi,2022-09,2022-09-01,43.447575162999996,54.494563861,78.372346463,2.2763164,178.5908018
2022-23,07,Delhi,2022-10,2022-10-01,40.687126439,46.881672191,66.555969939,1.526174,155.6509421
2022-23,07,Delhi,2022-11,2022-11-01,31.777279508999996,38.324584619,29.847371494999997,1.63567488,101.5849113
2022-23,07,Delhi,2022-12,2022-12-01,60.884155164,70.720109634,58.99080573,1.9537445199999999,192.5488142
2022-23,07,Delhi,2023-01,2023-01-01,48.592037522000005,58.252569674,61.747301189999995,0.685141,169.2770492
2022-23,07,Delhi,2023-02,2023-02-01,39.631181585,53.238983794999996,47.42865603,4.80735809,145.1061794
2022-23,07,Delhi,2023-03,2023-03-01,75.349079933,86.571927336,80.408425274,5.58471541,247.9141464
2022-23,08,Rajasthan,2022-04,2022-04-01,66.580900677,87.409109157,94.624205064,3.16066317,251.7748786
2022-23,08,Rajasthan,2022-05,2022-05-01,74.580028128,83.031107348,56.765926052999994,3.92835584,218.3054175
2022-23,08,Rajasthan,2022-06,2022-06-01,73.91514467,113.0645488,100.2335661,0.17737811,287.3906366
2022-23,08,Rajasthan,2022-07,2022-07-01,119.734731961,125.154372971,71.688723293,0.39362371,316.9714524
2022-23,08,Rajasthan,2022-08,2022-08-01,79.87315413099999,97.191388512,65.53663919600001,0.7689477299999999,243.3701293
2022-23,08,Rajasthan,2022-09,2022-09-01,95.58410097699999,125.790650797,77.826089744,0.22914047999999998,299.4299811
2022-23,08,Rajasthan,2022-10,2022-10-01,51.884728283,65.800877263,36.003205912,2.9854871,156.6742981
2022-23,08,Rajasthan,2022-11,2022-11-01,59.163942829999996,63.447980439999995,67.406571156,0.3770309,190.395525
2022-23,08,Rajasthan,2022-12,2022-12-01,99.56686235299999,126.788686973,107.92671719100001,3.8378641,338.1201292
2022-23,08,Rajasthan,2023-01,2023-01-01,73.80151115700001,87.762010477,82.893253006,0.2761663,244.7329417
2022-23,08,Rajasthan,2023-02,2023-02-01,83.774509232,100.951715752,68.51632848999999,2.98519031,256.2277433
2022-23,08,Rajasthan,2023-03,2023-03-01,100.787326175,122.369769995,98.322112663,3.56660479,325.0458148
2022-23,09,Uttar Pradesh,2022-04,2022-04-01,190.260864753,206.996580703,295.83705064000003,4.58486436,697.6793571
2022-23,09,Uttar Pradesh,2022-05,2022-05-01,156.056619345,166.281723941,178.365984984,20.73759036,521.4419169
2022-23,09,Uttar Pradesh,2022-06,2022-06-01,164.119174733,175.189953831,227.30324938899997,4.727295422,571.3396687
2022-23,09,Uttar Pradesh,2022-07,2022-07-01,181.103320257,213.109215898,168.831371015,15.74569024,578.7895946
2022-23,09,Uttar Pradesh,2022-08,2022-08-01,120.13163895299999,129.63059522999998,161.104861827,28.192978860000004,439.0600719
2022-23,09,Uttar Pradesh,2022-09,2022-09-01,163.337592522,173.529597165,170.14664750999998,23.507206923,530.5210401
2022-23,09,Uttar Pradesh,2022-10,2022-10-01,112.41208745,122.334281955,160.22761515599998,30.12574826,425.0997265
2022-23,09,Uttar Pradesh,2022-11,2022-11-01,111.535426798,123.95550419300001,141.63850788599999,4.36783593,381.4972705
2022-23,09,Uttar Pradesh,2022-12,2022-12-01,179.209969346,210.790011141,303.78494001999996,14.681230330000002,708.4661494
2022-23,09,Uttar Pradesh,2023-01,2023-01-01,96.579154626,109.27685449,134.04973875299999,9.03194338,348.9376905
2022-23,09,Uttar Pradesh,2023-02,2023-02-01,102.98786121799999,113.386883579,180.337531743,11.625972059999999,408.3382465
2022-23,09,Uttar Pradesh,2023-03,2023-03-01,155.470395353,169.129864833,218.517286572,11.561515587999999,554.67906
2022-23,10,Bihar,2022-04,2022-04-01,13.900307077,11.865850077,3.022459443,0.5242282,29.3128447
2022-23,10,Bihar,2022-05,2022-05-01,13.33853485,13.14806055,4.9237976,0.0012559,31.4116484
2022-23,10,Bihar,2022-06,2022-06-01,7.358007840000001,6.90676405,7.595597390000001,7.5e-05,21.8604442
2022-23,10,Bihar,2022-07,2022-07-01,19.59910753,18.99521962,3.4026991700000004,0.7040858,42.7011119
2022-23,10,Bihar,2022-08,2022-08-01,5.982877804999999,6.010722104999999,4.4796003,0.0,16.4731998
2022-23,10,Bihar,2022-09,2022-09-01,14.030883869999998,13.732575269999998,6.13687102,0.0010176,33.9013483
2022-23,10,Bihar,2022-10,2022-10-01,7.432001431000001,7.362521931,4.5838938,0.0,19.3784169
2022-23,10,Bihar,2022-11,2022-11-01,9.402576995999999,9.336031396,0.8590244199999999,3e-05,19.5976626
2022-23,10,Bihar,2022-12,2022-12-01,17.40268316,17.35115986,4.545566920000001,0.0,39.2994098
2022-23,10,Bihar,2023-01,2023-01-01,11.869369725,12.091675725,2.9895209019999998,8.9e-06,26.9505751
2022-23,10,Bihar,2023-02,2023-02-01,8.0395192,7.8784111,1.64607102,0.0,17.5640012
2022-23,10,Bihar,2023-03,2023-03-01,5.4663530399999996,5.958591196,1.13875742,0.0,12.5637017
2022-23,11,Sikkim,2022-04,2022-04-01,1.1321522,1.0713152,0.0,0.0,2.2034674
2022-23,11,Sikkim,2022-05,2022-05-01,0.8840188,0.2456957,0.1211124,0.0,1.2508269
2022-23,11,Sikkim,2022-06,2022-06-01,0.0295433,0.0282166,0.0,0.019582,0.0773419
2022-23,11,Sikkim,2022-07,2022-07-01,0.4415465,0.4324629,0.0,0.0,0.8740094
2022-23,11,Sikkim,2022-08,2022-08-01,0.0510862,0.0510862,0.0,0.0,0.1021724
2022-23,11,Sikkim,2022-09,2022-09-01,0.0083271,0.0,0.0265597,0.0,0.0348868
2022-23,11,Sikkim,2022-10,2022-10-01,0.0005503,0.002851431,0.0,0.0,0.0034017
2022-23,11,Sikkim,2022-11,2022-11-01,0.8506986,0.9507756,0.0,0.0,1.8014742
2022-23,11,Sikkim,2022-12,2022-12-01,0.6886739,0.6886741,0.0,0.0,1.377348
2022-23,11,Sikkim,2023-01,2023-01-01,0.87935,0.8793495,0.0,0.0,1.7586995
2022-23,11,Sikkim,2023-02,2023-02-01,0.0581896,0.0581896,1.3137796,0.0,1.4301588
2022-23,11,Sikkim,2023-03,2023-03-01,0.4800786,0.480028,0.0,0.0,0.9601066
2022-23,12,Arunachal Pradesh,2022-04,2022-04-01,1.0057047,0.8447436,0.2029283,0.0,2.0533766
2022-23,12,Arunachal Pradesh,2022-05,2022-05-01,0.7379,0.7295,0.1419,0.0,1.6093
2022-23,12,Arunachal Pradesh,2022-06,2022-06-01,0.6491006,0.5420605,1.1273712,0.0,2.3185323
2022-23,12,Arunachal Pradesh,2022-07,2022-07-01,1.3204859,1.3204859,0.1417294,0.0,2.7827012
2022-23,12,Arunachal Pradesh,2022-08,2022-08-01,2.2564493,2.2564492,0.0055,0.0,4.5183984
2022-23,12,Arunachal Pradesh,2022-09,2022-09-01,2.6675493,2.6560499,0.0508575,0.0,5.3744568
2022-23,12,Arunachal Pradesh,2022-10,2022-10-01,1.0164278,0.9464515,0.0274544,0.0,1.9903337
2022-23,12,Arunachal Pradesh,2022-11,2022-11-01,,,,,
2022-23,12,Arunachal Pradesh,2022-12,2022-12-01,4.646338,4.6097295,0.0950499,0.0,9.3511174
2022-23,12,Arunachal Pradesh,2023-01,2023-01-01,1.0329224,0.9829223,0.017,0.0,2.0328447
2022-23,12,Arunachal Pradesh,2023-02,2023-02-01,0.5486595,0.5146596,0.0,0.0,1.0633191
2022-23,12,Arunachal Pradesh,2023-03,2023-03-01,1.2644944,1.2244944,0.0,0.0,2.4889888
2022-23,13,Nagaland,2022-04,2022-04-01,0.2283314,0.1941314,0.0,0.0,0.4224628
2022-23,13,Nagaland,2022-05,2022-05-01,0.3015114,0.3015114,0.0,0.0,0.6030228
2022-23,13,Nagaland,2022-06,2022-06-01,2.0089285,2.0089285,0.0,0.0,4.017857
2022-23,13,Nagaland,2022-07,2022-07-01,1.2825044,1.2935512,0.000992,0.0,2.5770476
2022-23,13,Nagaland,2022-08,2022-08-01,0.001555,0.0461164,0.0018134,0.0,0.0494848
2022-23,13,Nagaland,2022-09,2022-09-01,0.0088005,0.0088005,0.0185261,0.0,0.0361271
2022-23,13,Nagaland,2022-10,2022-10-01,0.0811856,0.0678333,0.0,0.0,0.1490189
2022-23,13,Nagaland,2022-11,2022-11-01,0.0291909,0.0010478,0.0,0.0,0.0302387
2022-23,13,Nagaland,2022-12,2022-12-01,0.2741014,0.3826404,0.0,0.0,0.6567418
2022-23,13,Nagaland,2023-01,2023-01-01,0.0066792,0.0066792,0.0,0.0,0.0133584
2022-23,13,Nagaland,2023-02,2023-02-01,0.0093875,0.0093875,0.0,0.0,0.018775
2022-23,13,Nagaland,2023-03,2023-03-01,0.2921831,0.2921831,0.002,0.0015,0.5878662
2022-23,14,Manipur,2022-04,2022-04-01,0.9706733,1.111278576,0.0,0.0,2.0819519
2022-23,14,Manipur,2022-05,2022-05-01,0.1206448,0.1206451,0.0,0.0,0.2412899
2022-23,14,Manipur,2022-06,2022-06-01,,,,,
2022-23,14,Manipur,2022-07,2022-07-01,4.6780566,4.6780566,0.0,0.0,9.3561132
2022-23,14,Manipur,2022-08,2022-08-01,,,,,
2022-23,14,Manipur,2022-09,2022-09-01,0.4787482,0.4163512,0.0209576,0.0,0.916057
2022-23,14,Manipur,2022-10,2022-10-01,0.0053346,0.0053346,0.0,0.0,0.0106692
2022-23,14,Manipur,2022-11,2022-11-01,0.5099727,0.5095473,0.0,0.0,1.01952
2022-23,14,Manipur,2022-12,2022-12-01,4.7217117,4.7014822,0.038376,0.0,9.4615698
2022-23,14,Manipur,2023-01,2023-01-01,0.0679894,0.0679894,0.0113617,0.0,0.1473405
2022-23,14,Manipur,2023-02,2023-02-01,0.8320478,0.8320478,0.0,0.0,1.6640956
2022-23,14,Manipur,2023-03,2023-03-01,0.1550908,0.1550908,0.0004633,0.0,0.3106449
2022-23,15,Mizoram,2022-04,2022-04-01,0.385,0.385,0.0,0.0,0.77
2022-23,15,Mizoram,2022-05,2022-05-01,0.4895112,0.4795112,0.1318652,0.0,1.1008876
2022-23,15,Mizoram,2022-06,2022-06-01,0.9111487,0.9265348,8.22e-05,0.0,1.8377657
2022-23,15,Mizoram,2022-07,2022-07-01,1.9250439,1.9821127,0.0074285,0.0,3.9145851
2022-23,15,Mizoram,2022-08,2022-08-01,0.7164397,0.7164397,0.0,0.0,1.4328794
2022-23,15,Mizoram,2022-09,2022-09-01,4.7206772,4.3578197,0.0,0.0,9.0784967
2022-23,15,Mizoram,2022-10,2022-10-01,0.1038849,0.1038849,0.0,0.0,0.2077698
2022-23,15,Mizoram,2022-11,2022-11-01,1.1202873,1.1181777,7.07e-05,0.0,2.2385357
2022-23,15,Mizoram,2022-12,2022-12-01,0.0935778,0.0258931,0.0,0.0,0.1194709
2022-23,15,Mizoram,2023-01,2023-01-01,0.2273423,0.230948,0.0,0.0,0.4582903
2022-23,15,Mizoram,2023-02,2023-02-01,0.4495261,0.4495261,0.0,0.0,0.8990522
2022-23,15,Mizoram,2023-03,2023-03-01,1.5662765,1.5662763,0.002494,0.0,3.1350468
2022-23,16,Tripura,2022-04,2022-04-01,0.0422894,0.0471557,0.010823,0.0,0.1002681
2022-23,16,Tripura,2022-05,2022-05-01,0.0696756,0.0696756,0.0,0.0681302,0.2074814
2022-23,16,Tripura,2022-06,2022-06-01,1.5846568,1.1017328,0.1242861,0.0,2.8106757
2022-23,16,Tripura,2022-07,2022-07-01,0.5783861,0.5776109,0.0057727,0.0,1.1617697
2022-23,16,Tripura,2022-08,2022-08-01,0.1307581,0.1492964,0.0174497,0.0,0.2975042
2022-23,16,Tripura,2022-09,2022-09-01,0.4783846,0.4783847,0.0173893,0.0,0.9741586
2022-23,16,Tripura,2022-10,2022-10-01,0.0722962,0.0722962,0.001632,0.0,0.1462244
2022-23,16,Tripura,2022-11,2022-11-01,,,,,
2022-23,16,Tripura,2022-12,2022-12-01,0.5504261,0.5394874,0.101052,0.0,1.1909655
2022-23,16,Tripura,2023-01,2023-01-01,0.0110378,0.0110378,0.0160551,0.0,0.0381307
2022-23,16,Tripura,2023-02,2023-02-01,0.0145374,0.0145374,0.0208381,0.0,0.0499129
2022-23,16,Tripura,2023-03,2023-03-01,0.450421,0.472421,0.0,0.0,0.922842
2022-23,17,Meghalaya,2022-04,2022-04-01,3.4987364,3.4987357,1.339601625,0.0,8.3370733
2022-23,17,Meghalaya,2022-05,2022-05-01,0.1030385,0.1030385,0.0,0.0,0.206077
2022-23,17,Meghalaya,2022-06,2022-06-01,0.5044832,0.5044832,0.0566066,0.0,1.065573
2022-23,17,Meghalaya,2022-07,2022-07-01,1.3859061,1.3583454,0.1066769,0.0,2.8509284
2022-23,17,Meghalaya,2022-08,2022-08-01,2.0864475,2.0926858,1.301587,8e-05,5.4808002
2022-23,17,Meghalaya,2022-09,2022-09-01,0.058396877,0.068396777,0.06,0.0,0.1867937
2022-23,17,Meghalaya,2022-10,2022-10-01,0.0850732,0.0850731,0.0897779,1e-05,0.2599342
2022-23,17,Meghalaya,2022-11,2022-11-01,0.0,0.0,0.097981772,0.0,0.0979818
2022-23,17,Meghalaya,2022-12,2022-12-01,1.751351468,1.751576768,0.6903345,0.004076,4.1973386
2022-23,17,Meghalaya,2023-01,2023-01-01,0.1133997,0.1133997,0.053098543000000005,0.0,0.2798979
2022-23,17,Meghalaya,2023-02,2023-02-01,3.1354537,3.13576,0.7610711,0.0052298,7.0375145
2022-23,17,Meghalaya,2023-03,2023-03-01,0.416219776,0.415410776,0.0177087,0.0,0.8493393
2022-23,18,Assam,2022-04,2022-04-01,2.626060709,7.1777276,2.5673705,0.0581448,12.4293036
2022-23,18,Assam,2022-05,2022-05-01,4.7741982,4.4494094,2.32252,0.2869327,11.8330603
2022-23,18,Assam,2022-06,2022-06-01,5.854381566,5.637570466,2.5965916,0.0020124,14.090556
2022-23,18,Assam,2022-07,2022-07-01,6.1285792,5.9360796,3.4361018,0.6497516,16.1505122
2022-23,18,Assam,2022-08,2022-08-01,6.720739359,6.5816696,1.551216,0.0935455,14.9471706
2022-23,18,Assam,2022-09,2022-09-01,8.234494822,8.298432472,3.627315608,1.8652558,22.0254986
2022-23,18,Assam,2022-10,2022-10-01,1.6299599,1.56357715,1.811333,0.186,5.19087
2022-23,18,Assam,2022-11,2022-11-01,1.3904067,1.2885167,1.3983587,0.3736332,4.4509153
2022-23,18,Assam,2022-12,2022-12-01,4.4818017,3.6158818,5.7152322,0.3540854,14.1670011
2022-23,18,Assam,2023-01,2023-01-01,6.3285491,6.4547105,3.6247897,0.0001,16.4081493
2022-23,18,Assam,2023-02,2023-02-01,5.64539161,5.9064756030000005,2.5283887,0.1820186,14.2622747
2022-23,18,Assam,2023-03,2023-03-01,4.3637141,3.780303,2.6830331,0.000246,10.8272962
2022-23,19,West Bengal,2022-04,2022-04-01,86.640829808,104.39151312999999,168.788294943,10.892030120000001,370.7126687
2022-23,19,West Bengal,2022-05,2022-05-01,71.60696975900001,81.821302516,96.030453957,13.14298208,262.6017079
2022-23,19,West Bengal,2022-06,2022-06-01,79.904861847,85.258638427,87.770254811,15.69681166,268.6305676
2022-23,19,West Bengal,2022-07,2022-07-01,93.594504965,100.900094776,138.599834175,9.86632796,342.9607622
2022-23,19,West Bengal,2022-08,2022-08-01,84.641127672,89.356878565,96.321841257,14.478686407,284.7985333
2022-23,19,West Bengal,2022-09,2022-09-01,109.30807624,122.874570831,111.76632002999999,15.260123853,359.2090899
2022-23,19,West Bengal,2022-10,2022-10-01,66.12222308300001,66.549837887,49.977704965,11.270326359999999,193.9200923
2022-23,19,West Bengal,2022-11,2022-11-01,58.853244347,64.064388835,75.09725382,6.14329213,204.1581786
2022-23,19,West Bengal,2022-12,2022-12-01,105.122536713,128.146369894,122.500440399,37.342679495999995,393.1120246
2022-23,19,West Bengal,2023-01,2023-01-01,81.58965857000001,92.887773475,87.334959449,13.611307865999999,275.4236989
2022-23,19,West Bengal,2023-02,2023-02-01,56.674287580999994,60.828194722000006,67.627634061,7.10622367,192.236339
2022-23,19,West Bengal,2023-03,2023-03-01,86.863460253,95.505091672,107.306471643,7.013885649,296.6889089
2022-23,20,Jharkhand,2022-04,2022-04-01,17.710568236,20.840908642,5.899486420000001,9.123916126000001,53.5748787
2022-23,20,Jharkhand,2022-05,2022-05-01,17.870570052,16.172409262000002,14.863742191999998,1.00597132,49.9126928
2022-23,20,Jharkhand,2022-06,2022-06-01,7.651444072,8.288849059,3.900963847,0.93467161,20.7759287
2022-23,20,Jharkhand,2022-07,2022-07-01,7.582693840000001,7.3831813010000005,23.083087525,0.44428884,38.4932522
2022-23,20,Jharkhand,2022-08,2022-08-01,13.721894791999999,12.635317092,1.8922804,0.8749568300000001,29.1244488
2022-23,20,Jharkhand,2022-09,2022-09-01,19.044135418,12.351767568000001,33.38191297,0.74210645,65.5199237
2022-23,20,Jharkhand,2022-10,2022-10-01,11.29196043,12.61510417,5.02886233,0.52230033,29.4582274
2022-23,20,Jharkhand,2022-11,2022-11-01,0.2201964,0.2165729,0.2201372,0.0675683,0.7244748
2022-23,20,Jharkhand,2022-12,2022-12-01,7.755077094,7.205631984,6.42146425,0.20989387,21.5920672
2022-23,20,Jharkhand,2023-01,2023-01-01,3.613355408,3.4701635079999997,0.43871525,0.01953914,7.5417733
2022-23,20,Jharkhand,2023-02,2023-02-01,3.1761359,3.1445942,1.2431122289999998,0.0995411,7.6633834
2022-23,20,Jharkhand,2023-03,2023-03-01,3.6634731200000004,8.98747766,1.50850077,0.913980326,15.073432
2022-23,21,Odisha,2022-04,2022-04-01,90.249402094,92.201907594,237.5117199,93.33250652999999,513.2955305
2022-23,21,Odisha,2022-05,2022-05-01,32.572194603,37.536811603,52.9575682,44.777913526999995,167.8444911
2022-23,21,Odisha,2022-06,2022-06-01,67.251841294,63.787965775,132.0070188,85.41851586,348.4653449
2022-23,21,Odisha,2022-07,2022-07-01,28.91022972,157.85021563,55.421910970000006,76.3895739,318.5719347
2022-23,21,Odisha,2022-08,2022-08-01,64.23366854199999,141.029074554,318.9633739,114.62644915,638.852565
2022-23,21,Odisha,2022-09,2022-09-01,90.74184589299999,113.30095990299999,360.13550852,113.7480623,677.9263662
2022-23,21,Odisha,2022-10,2022-10-01,83.79356314099999,99.42576637100001,277.564619195,96.09293042,556.8768768
2022-23,21,Odisha,2022-11,2022-11-01,19.724521652,37.417867812,83.202815291,26.67704651,167.0222494
2022-23,21,Odisha,2022-12,2022-12-01,64.851175142,79.042798542,212.353717104,78.98032982000001,435.2280225
2022-23,21,Odisha,2023-01,2023-01-01,30.440346522000002,34.935199342000004,230.90083346,67.73235079,364.0087341
2022-23,21,Odisha,2023-02,2023-02-01,36.44468455,35.872850394,122.32577234000001,59.75110865,254.3944194
2022-23,21,Odisha,2023-03,2023-03-01,104.43365009,146.36721588,338.36839948,88.19631902,677.3655725
2022-23,22,Chattisgarh,2022-04,2022-04-01,5.54298189,7.12267897,4.04008121,33.87931926,50.5850612
2022-23,22,Chattisgarh,2022-05,2022-05-01,4.91807045,6.35746237,2.1206173699999997,0.62865402,14.0248042
2022-23,22,Chattisgarh,2022-06,2022-06-01,12.7181462,13.3688227,4.89326514,24.24290393,55.2231384
2022-23,22,Chattisgarh,2022-07,2022-07-01,13.02660137,16.30514065,4.744674463,0.92691401,35.0033309
2022-23,22,Chattisgarh,2022-08,2022-08-01,21.331758592,22.414602612,4.968896946,8.287543599,57.0028013
2022-23,22,Chattisgarh,2022-09,2022-09-01,6.99699012,6.67005316,4.73774446,7.488881490000001,25.8936693
2022-23,22,Chattisgarh,2022-10,2022-10-01,10.96922483,11.1419633,6.23459208,0.0585596,28.4043398
2022-23,22,Chattisgarh,2022-11,2022-11-01,3.210875884,3.052777384,1.80294337,1.3599762,9.4265727
2022-23,22,Chattisgarh,2022-12,2022-12-01,9.043503904000001,10.131515794,8.89093079,21.50991722,49.5758674
2022-23,22,Chattisgarh,2023-01,2023-01-01,7.52543097,10.35552857,3.25173725,3.84238872,24.9750851
2022-23,22,Chattisgarh,2023-02,2023-02-01,6.71137915,6.52643895,3.05383735,0.52535898,16.8170144
2022-23,22,Chattisgarh,2023-03,2023-03-01,7.180167186,8.454176056,12.027149609999999,10.86339655,38.5248894
2022-23,23,Madhya Pradesh,2022-04,2022-04-01,48.86243133,50.67534204,109.31423773,2.816535984,211.6685442
2022-23,23,Madhya Pradesh,2022-05,2022-05-01,34.263999548,38.428160458,63.910974777999996,6.057462181,142.6605965
2022-23,23,Madhya Pradesh,2022-06,2022-06-01,52.672895041000004,55.055955420000004,62.306163041999994,7.2348073,177.2698209
2022-23,23,Madhya Pradesh,2022-07,2022-07-01,59.889828904,71.65326835900001,83.766874465,7.75288098,223.0628529
2022-23,23,Madhya Pradesh,2022-08,2022-08-01,43.73746487,47.76636162,60.189897825,0.685009708,152.3787326
2022-23,23,Madhya Pradesh,2022-09,2022-09-01,38.804787334,48.451850463999996,65.9209585,5.3664203100000005,158.544016
2022-23,23,Madhya Pradesh,2022-10,2022-10-01,63.257827805999995,70.042033546,37.224093866000004,2.8904454399999997,173.4144016
2022-23,23,Madhya Pradesh,2022-11,2022-11-01,36.128181941,37.630596084,45.157085576,6.2481703799999995,125.1640347
2022-23,23,Madhya Pradesh,2022-12,2022-12-01,71.788076275,82.071715062,127.08560425,16.51860847,297.4640041
2022-23,23,Madhya Pradesh,2023-01,2023-01-01,33.84512587,39.739511169,85.930073425,5.004104462,164.5188151
2022-23,23,Madhya Pradesh,2023-02,2023-02-01,55.712702549,59.21986605399999,90.595159484,7.694106420000001,213.2218335
2022-23,23,Madhya Pradesh,2023-03,2023-03-01,49.359532497000004,55.236478643,96.548096623,0.1383696,201.2824778
2022-23,24,Gujarat,2022-04,2022-04-01,367.490438998,457.17914125299995,313.72517032800005,23.2963291,1161.6910818
2022-23,24,Gujarat,2022-05,2022-05-01,319.594669821,428.859463781,342.22248368099997,17.913011044999998,1108.5896274
2022-23,24,Gujarat,2022-06,2022-06-01,480.76145969399994,605.640249412,500.72018551800005,137.57428896500002,1724.6961808
2022-23,24,Gujarat,2022-07,2022-07-01,568.626159641,769.347987367,446.765845283,24.28324022,1809.0232285
2022-23,24,Gujarat,2022-08,2022-08-01,360.323313661,430.72892970500004,195.163354269,68.915011945,1055.1306109
2022-23,24,Gujarat,2022-09,2022-09-01,408.079379998,533.428170101,375.802327568,10.704839784,1328.014718
2022-23,24,Gujarat,2022-10,2022-10-01,334.583647123,423.607174743,397.75338422600004,61.236578395,1217.1807809
2022-23,24,Gujarat,2022-11,2022-11-01,201.673322788,236.024961048,295.95682503200004,13.362182901,747.0172924
2022-23,24,Gujarat,2022-12,2022-12-01,480.73843591,589.988404842,625.149176868,32.115439279,1727.9914589
2022-23,24,Gujarat,2023-01,2023-01-01,261.828488431,313.004613114,221.94199183400002,85.018109638,881.7932017
2022-23,24,Gujarat,2023-02,2023-02-01,318.25459861,402.767709481,332.049701226,39.101136432,1092.1731415
2022-23,24,Gujarat,2023-03,2023-03-01,484.203817863,622.951447809,961.161625959,24.936708125,2093.2535917
2022-23,25,Daman and Diu,2022-04,2022-04-01,0.01283302,0.01733472,0.0041442300000000005,0.0,0.0343119
2022-23,25,Daman and Diu,2022-05,2022-05-01,0.012527660000000001,0.01295336,0.033103259999999995,0.0,0.0585843
2022-23,25,Daman and Diu,2022-06,2022-06-01,0.027342,0.0176372,0.10743169,0.0,0.1524109
2022-23,25,Daman and Diu,2022-07,2022-07-01,0.0338571,0.0338571,0.0,0.0,0.0677142
2022-23,25,Daman and Diu,2022-08,2022-08-01,0.0186394,0.0186394,0.0080256,0.0,0.0453044
2022-23,25,Daman and Diu,2022-09,2022-09-01,0.0418857,0.0,0.1054744,0.0,0.1473601
2022-23,25,Daman and Diu,2022-10,2022-10-01,0.0242935,5.23e-05,0.1097418,0.0,0.1340876
2022-23,25,Daman and Diu,2022-11,2022-11-01,0.0,0.0055814,0.0,0.0,0.0055814
2022-23,25,Daman and Diu,2022-12,2022-12-01,0.0,0.0170453,0.1458255,0.0,0.1628708
2022-23,25,Daman and Diu,2023-01,2023-01-01,0.1232066,0.0144455,0.3084865,0.0,0.4461386
2022-23,25,Daman and Diu,2023-02,2023-02-01,0.0002,0.0002,0.0183513,0.0,0.0187513
2022-23,25,Daman and Diu,2023-03,2023-03-01,0.01875,0.01875,0.1392671,0.0,0.1767671
2022-23,26,Dadra and Nagar Haveli,2022-04,2022-04-01,20.056259609999998,31.383234589999997,124.103739272,0.0,175.5432335
2022-23,26,Dadra and Nagar Haveli,2022-05,2022-05-01,9.50776785,13.68309054,171.23963764,0.0148359,194.4453323
2022-23,26,Dadra and Nagar Haveli,2022-06,2022-06-01,11.78438474,13.82689135,99.16257032,0.0186125,124.7924593
2022-23,26,Dadra and Nagar Haveli,2022-07,2022-07-01,19.90737388,20.62525607,132.5555563,0.0425368,173.1307224
2022-23,26,Dadra and Nagar Haveli,2022-08,2022-08-01,6.42193,9.929037509999999,71.47531992,0.0099163,87.8362038
2022-23,26,Dadra and Nagar Haveli,2022-09,2022-09-01,26.402931797999997,30.150557619999997,153.34831545999998,0.0447759,209.9465795
2022-23,26,Dadra and Nagar Haveli,2022-10,2022-10-01,13.698238219999999,18.99523162,69.16920479,0.0,101.8626751
2022-23,26,Dadra and Nagar Haveli,2022-11,2022-11-01,15.633114680000002,12.55008819,87.51514431,0.0,115.6983467
2022-23,26,Dadra and Nagar Haveli,2022-12,2022-12-01,24.18281206,26.73464322,215.981319777,0.0133339,266.9121106
2022-23,26,Dadra and Nagar Haveli,2023-01,2023-01-01,17.88349301,20.61196301,88.12594619,0.06138042,126.6827839
2022-23,26,Dadra and Nagar Haveli,2023-02,2023-02-01,27.023375160000004,30.06613995,158.58437364,0.01645566,215.6903462
2022-23,26,Dadra and Nagar Haveli,2023-03,2023-03-01,10.2600429,12.962851709999999,224.3428978,0.00172952,247.56752
2022-23,27,Maharastra,2022-04,2022-04-01,483.717259416,736.062364029,524.073664883001,18.523597438,1762.3768778
2022-23,27,Maharastra,2022-05,2022-05-01,467.983149351,563.610841515,504.93878185600005,7.733448075,1544.2662186
2022-23,27,Maharastra,2022-06,2022-06-01,548.254029864,1109.784097211,494.238570504,6.972806729999999,2159.2494947
2022-23,27,Maharastra,2022-07,2022-07-01,461.18701266899996,568.653471709,627.897378931,10.151833363,1667.8896955
2022-23,27,Maharastra,2022-08,2022-08-01,517.666280469,777.521513964999,554.292557339999,21.861639011,1871.3419866
2022-23,27,Maharastra,2022-09,2022-09-01,594.541661256,741.019364561,732.214156344,10.580742087,2078.3559187
2022-23,27,Maharastra,2022-10,2022-10-01,330.579799267,441.316683438,701.8187567489999,1.298349373,1475.0135846
2022-23,27,Maharastra,2022-11,2022-11-01,303.82477967600005,557.43664275,476.44745428000004,2.0156088,1339.7244851
2022-23,27,Maharastra,2022-12,2022-12-01,669.1505462050001,864.715802931,780.803337725,19.593411592,2334.2630866
2022-23,27,Maharastra,2023-01,2023-01-01,382.796483273,427.485258836,504.29999554399996,2.483591631,1317.0653289
2022-23,27,Maharastra,2023-02,2023-02-01,309.420389767,339.485988451,464.951530466,3.5812900880000003,1117.4391939
2022-23,27,Maharastra,2023-03,2023-03-01,473.36403021999996,914.884685649001,920.595683188,4.517876435,2313.3622614
2022-23,29,Karnataka,2022-04,2022-04-01,374.75670721999995,383.64522274,557.9964512199999,22.68017596,1339.0785551
2022-23,29,Karnataka,2022-05,2022-05-01,486.92301684700004,494.921340267,814.58933311,0.81995623,1797.2536416
2022-23,29,Karnataka,2022-06,2022-06-01,305.989261209,298.905699439,545.680550496,47.80965777,1198.3851702
2022-23,29,Karnataka,2022-07,2022-07-01,396.172865118,392.280153418,462.445182582,0.78671125,1251.6849088
2022-23,29,Karnataka,2022-08,2022-08-01,424.432732499,420.422142951,744.370830194,10.858825040000001,1600.084532
2022-23,29,Karnataka,2022-09,2022-09-01,396.215186817,413.908839997,582.043214337,0.36705301,1392.534298
2022-23,29,Karnataka,2022-10,2022-10-01,285.059007269,298.828513667,422.090165676,0.44838321,1006.4260754
2022-23,29,Karnataka,2022-11,2022-11-01,155.74545342000002,155.83841788,496.7797915,10.5359783,818.899642
2022-23,29,Karnataka,2022-12,2022-12-01,346.520991848,350.388039337,796.949250811,0.9070856,1494.7653657
2022-23,29,Karnataka,2023-01,2023-01-01,298.950641637,326.909434095,661.1208710029999,9.0850079,1296.0659546
2022-23,29,Karnataka,2023-02,2023-02-01,251.314661488,230.57799817800003,499.56907603400003,1.4256354800000002,982.8873669
2022-23,29,Karnataka,2023-03,2023-03-01,340.135464481,347.789709554,704.5973981850001,17.101993930000003,1409.624569
2022-23,30,Goa,2022-04,2022-04-01,9.15476227,7.859844709999999,24.44592341,0.000177,41.4607072
2022-23,30,Goa,2022-05,2022-05-01,5.915215925,5.718229925,35.849243902999994,0.0025677,47.485257
2022-23,30,Goa,2022-06,2022-06-01,5.540936855,6.637827435,14.493372359999999,0.0,26.6721365
2022-23,30,Goa,2022-07,2022-07-01,3.8020143729999996,3.6634612460000002,13.131265975,4.5568884,25.1536297
2022-23,30,Goa,2022-08,2022-08-01,4.99316069,5.8758320799999995,30.460092466000003,0.0,41.3290853
2022-23,30,Goa,2022-09,2022-09-01,8.85885728,8.35712572,92.11555818,0.00025,109.3317915
2022-23,30,Goa,2022-10,2022-10-01,1.8320273,1.93838582,53.69161654,14.4479222,71.9099517
2022-23,30,Goa,2022-11,2022-11-01,1.5676966300000001,1.59989633,5.19245048,0.0,8.3600435
2022-23,30,Goa,2022-12,2022-12-01,4.002517070000001,4.4549148700000005,65.2359063,0.0036163,73.6969538
2022-23,30,Goa,2023-01,2023-01-01,6.631424042,6.35688831,21.756263947999997,0.0,34.7445766
2022-23,30,Goa,2023-02,2023-02-01,3.469340805,3.3759759049999998,43.855529979,0.0,50.7008472
2022-23,30,Goa,2023-03,2023-03-01,7.385789181,7.740810381,49.675223894,0.0,64.8018222
2022-23,31,Lakshadweep,2022-04,2022-04-01,0.25,0.25,0.0,0.0,0.5
2022-23,31,Lakshadweep,2022-05,2022-05-01,,,,,
2022-23,31,Lakshadweep,2022-06,2022-06-01,,,,,
2022-23,31,Lakshadweep,2022-07,2022-07-01,0.055,0.055,0.0,0.0,0.11
2022-23,31,Lakshadweep,2022-08,2022-08-01,,,,,
2022-23,31,Lakshadweep,2022-09,2022-09-01,,,,,
2022-23,31,Lakshadweep,2022-10,2022-10-01,,,,,
2022-23,31,Lakshadweep,2022-11,2022-11-01,,,,,
2022-23,31,Lakshadweep,2022-12,2022-12-01,,,,,
2022-23,31,Lakshadweep,2023-01,2023-01-01,,,,,
2022-23,31,Lakshadweep,2023-02,2023-02-01,,,,,
2022-23,31,Lakshadweep,2023-03,2023-03-01,0.0187951,0.0187951,0.2780792,0.0,0.3156694
2022-23,32,Kerala,2022-04,2022-04-01,17.354497195,16.758316844,28.271501525,0.15424115,62.5385561
2022-23,32,Kerala,2022-05,2022-05-01,15.074105309,15.924157509,25.222998353999998,0.0900912,56.3113526
2022-23,32,Kerala,2022-06,2022-06-01,40.321583386,34.723689916000005,29.899274438,0.051509990000000005,104.9960579
2022-23,32,Kerala,2022-07,2022-07-01,22.274842916999997,22.339520776,31.408445921,0.099635,76.1224439
2022-23,32,Kerala,2022-08,2022-08-01,40.133587398,42.594494068,27.19062793,0.2830671,110.2017755
2022-23,32,Kerala,2022-09,2022-09-01,29.012493097000004,40.933095457,31.550873198,0.07198455,101.5684472
2022-23,32,Kerala,2022-10,2022-10-01,28.211277669999998,30.683188985,16.301651091,0.0978966,75.2940145
2022-23,32,Kerala,2022-11,2022-11-01,13.828320003999998,17.041795684,11.473407882,0.08699466800000001,42.4305181
2022-23,32,Kerala,2022-12,2022-12-01,18.346440285,20.015399916,19.301890447999998,0.0859758,57.7497064
2022-23,32,Kerala,2023-01,2023-01-01,17.841379816,17.489875746,14.717978633000001,0.0303798,50.0796141
2022-23,32,Kerala,2023-02,2023-02-01,9.355313014,8.827154894,14.577971646,0.0140161,32.7744556
2022-23,32,Kerala,2023-03,2023-03-01,18.434199375,20.20505259,19.084123128,0.0051394,57.7285147
2022-23,33,Tamil Nadu,2022-04,2022-04-01,256.305888031,354.020042349,317.305886522,0.56704409,928.1988557
2022-23,33,Tamil Nadu,2022-05,2022-05-01,216.74160775700003,259.713989038,354.492285733,0.63640547,831.5842873
2022-23,33,Tamil Nadu,2022-06,2022-06-01,246.63833258600002,289.727463841,324.177754013,0.69065343,861.2341989
2022-23,33,Tamil Nadu,2022-07,2022-07-01,373.502055201,604.422975296,520.345820308,0.62190201,1498.8927477
2022-23,33,Tamil Nadu,2022-08,2022-08-01,241.213344956,322.498235169,281.93197398,0.61753539,846.2610866
2022-23,33,Tamil Nadu,2022-09,2022-09-01,273.535894604,350.968265627,601.055614577001,0.77994206,1226.3397035
2022-23,33,Tamil Nadu,2022-10,2022-10-01,266.583472258,377.07859934,402.071653483,0.39928347999999997,1046.1330062
2022-23,33,Tamil Nadu,2022-11,2022-11-01,156.197914321,268.866946791,216.49958408499998,2.36761233,643.9320548
2022-23,33,Tamil Nadu,2022-12,2022-12-01,349.243505126,515.226113698,378.984514246,1.6369405300000002,1245.0910685
2022-23,33,Tamil Nadu,2023-01,2023-01-01,225.036339685,309.38304084600003,266.252891258,0.11826041999999999,800.7905271
2022-23,33,Tamil Nadu,2023-02,2023-02-01,227.671834928,340.266026838,397.950982506,0.9329452,966.821792
2022-23,33,Tamil Nadu,2023-03,2023-03-01,369.319279484,464.46296370600004,517.299838858,3.7134624700000005,1354.7955287
2022-23,34,Puducherry,2022-04,2022-04-01,0.12788623200000002,0.210397602,11.542454999,0.0,11.8807392
2022-23,34,Puducherry,2022-05,2022-05-01,0.599076268,0.599076198,21.337938401,0.0,22.5360909
2022-23,34,Puducherry,2022-06,2022-06-01,0.47105081,0.63791118,13.147773090000001,0.0,14.2567349
2022-23,34,Puducherry,2022-07,2022-07-01,0.72698587,0.726986,17.497029407,0.0,18.9510014
2022-23,34,Puducherry,2022-08,2022-08-01,1.107202371,0.7296350610000001,12.090928193,0.0,13.9277655
2022-23,34,Puducherry,2022-09,2022-09-01,0.50208062,0.4841132,17.06339372,0.0,18.0495877
2022-23,34,Puducherry,2022-10,2022-10-01,0.777921025,0.77015177,15.150373950999999,0.0,16.6984467
2022-23,34,Puducherry,2022-11,2022-11-01,0.045359609999999995,0.030664979999999998,0.4204547,0.0,0.4964793
2022-23,34,Puducherry,2022-12,2022-12-01,2.200344725,1.901711639,25.869293228,0.0,29.971349
2022-23,34,Puducherry,2023-01,2023-01-01,0.8094469900000001,0.41023152,13.76257496,0.0,14.9822535
2022-23,34,Puducherry,2023-02,2023-02-01,0.51312009,0.7893874599999999,16.12835114,0.0,17.4308586
2022-23,34,Puducherry,2023-03,2023-03-01,1.52453193,2.0583047,18.97731234,0.0,22.5601489
2022-23,35,Andaman and Nicobar Islands,2022-04,2022-04-01,0.2769962,0.2769962,0.0390199,0.0,0.5930123
2022-23,35,Andaman and Nicobar Islands,2022-05,2022-05-01,1.938773,1.5454261,1.7578243,0.0,5.2420235
2022-23,35,Andaman and Nicobar Islands,2022-06,2022-06-01,0.03488,0.0348803,0.1768265,0.0,0.2465868
2022-23,35,Andaman and Nicobar Islands,2022-07,2022-07-01,2.2172923,0.9334591,3.6170011,0.0,6.7677524
2022-23,35,Andaman and Nicobar Islands,2022-08,2022-08-01,0.0,0.0,0.1081188,0.0,0.1081188
2022-23,35,Andaman and Nicobar Islands,2022-09,2022-09-01,0.5897453,0.5897453,0.0066471,0.0,1.1861377
2022-23,35,Andaman and Nicobar Islands,2022-10,2022-10-01,0.000203,0.000203,0.0,0.0,0.000406
2022-23,35,Andaman and Nicobar Islands,2022-11,2022-11-01,0.0125371,0.0125371,0.0,0.0,0.0250742
2022-23,35,Andaman and Nicobar Islands,2022-12,2022-12-01,0.2004707,0.2004707,0.0001866,0.0,0.401128
2022-23,35,Andaman and Nicobar Islands,2023-01,2023-01-01,0.05,0.05,0.0,0.0,0.1
2022-23,35,Andaman and Nicobar Islands,2023-02,2023-02-01,,,,,
2022-23,35,Andaman and Nicobar Islands,2023-03,2023-03-01,0.3992133,0.3895502,0.7473385,0.0,1.536102
2022-23,36,Telangana,2022-04,2022-04-01,124.185831167,144.65035263,319.403982652,3.0867038,591.3268719
2022-23,36,Telangana,2022-05,2022-05-01,128.169715912,127.352725468,426.76557784,0.5908507599999999,682.8788731
2022-23,36,Telangana,2022-06,2022-06-01,193.56820471,194.56006272,252.69390240799999,1.62853109,642.4507041
2022-23,36,Telangana,2022-07,2022-07-01,166.76280913800002,188.56459235699998,471.201320446,2.74240456,829.2711251
2022-23,36,Telangana,2022-08,2022-08-01,117.031652673,133.259762954,259.738856375,2.04983955,512.0801113
2022-23,36,Telangana,2022-09,2022-09-01,96.869340636,100.55316501,312.981807482,1.29953076,511.7038423
2022-23,36,Telangana,2022-10,2022-10-01,107.07245384,108.44913217999999,273.717744919,1.46147463,490.7008051
2022-23,36,Telangana,2022-11,2022-11-01,100.62265833,104.65020326,232.87854479,2.6216090100000002,440.7730148
2022-23,36,Telangana,2022-12,2022-12-01,181.08003338199998,182.503295602,504.75682992,2.12480846,870.464963
2022-23,36,Telangana,2023-01,2023-01-01,156.702465529,170.565842849,271.812669075,0.34688102000000004,599.4278581
2022-23,36,Telangana,2023-02,2023-02-01,111.652215698,110.304268907,263.70655136199997,0.21580362000000003,485.8788364
2022-23,36,Telangana,2023-03,2023-03-01,127.153831281,154.251275921,331.901360456,4.34130265,617.6477692
2022-23,37,Andhra Pradesh,2022-04,2022-04-01,57.958947001,72.97436522000001,347.459235574,4.006251788,482.3987957
2022-23,37,Andhra Pradesh,2022-05,2022-05-01,38.478377945999995,40.34927143,53.512849677,1.8095043100000001,134.1500032
2022-23,37,Andhra Pradesh,2022-06,2022-06-01,49.161704138,54.718106854,223.672894373,3.86822545,331.4209306
2022-23,37,Andhra Pradesh,2022-07,2022-07-01,70.04742801799999,74.843366228,205.292600702,6.668558679999999,356.8519538
2022-23,37,Andhra Pradesh,2022-08,2022-08-01,35.123587837,38.605231692000004,34.760894739,20.11501239,128.6047257
2022-23,37,Andhra Pradesh,2022-09,2022-09-01,32.575197745,33.71395122,100.397097238,2.338882482,169.0251292
2022-23,37,Andhra Pradesh,2022-10,2022-10-01,79.469126275,82.474227937,417.041715408,2.55020103,581.5352708
2022-23,37,Andhra Pradesh,2022-11,2022-11-01,32.25202924,38.16125354,288.93899142,1.2710115800000001,360.6232821
2022-23,37,Andhra Pradesh,2022-12,2022-12-01,34.437000292,40.069651822000004,454.240844983,3.2246158780000003,531.9721136
2022-23,37,Andhra Pradesh,2023-01,2023-01-01,28.997157487,35.526112892,470.36370816499993,2.56909017,537.4560706
2022-23,37,Andhra Pradesh,2023-02,2023-02-01,33.563491199,34.068177097,121.63415517899999,1.97109674,191.2369202
2022-23,37,Andhra Pradesh,2023-03,2023-03-01,50.383582854000004,53.078143999,375.683298252,4.20319195,483.3482176
2022-23,38,Ladakh,2022-04,2022-04-01,,,,,
2022-23,38,Ladakh,2022-05,2022-05-01,,,,,
2022-23,38,Ladakh,2022-06,2022-06-01,0.0635,0.0635,0.0,0.0,0.127
2022-23,38,Ladakh,2022-07,2022-07-01,0.0387592,0.0387592,0.0,0.0,0.0775184
2022-23,38,Ladakh,2022-08,2022-08-01,0.0437806,0.0437807,0.0332802,0.0,0.1208415
2022-23,38,Ladakh,2022-09,2022-09-01,0.0009596,0.0009596,0.0152877,0.0,0.0172069
2022-23,38,Ladakh,2022-10,2022-10-01,0.0,0.0,0.1048468,0.0,0.1048468
2022-23,38,Ladakh,2022-11,2022-11-01,,,,,
2022-23,38,Ladakh,2022-12,2022-12-01,1.6,1.4,0.0,0.0,3.0
2022-23,38,Ladakh,2023-01,2023-01-01,0.4617214,0.4617213,0.0,0.0,0.9234427
2022-23,38,Ladakh,2023-02,2023-02-01,1.3728585,1.4728585,0.0076,0.0,2.853317
2022-23,38,Ladakh,2023-03,2023-03-01,,,,,
2022-23,97,Other Territory,2022-04,2022-04-01,1.3545804,1.3545804,0.0,0.0,2.7091608
2022-23,97,Other Territory,2022-05,2022-05-01,,,,,
2022-23,97,Other Territory,2022-06,2022-06-01,1.0,1.0,0.0,0.0,2.0
2022-23,97,Other Territory,2022-07,2022-07-01,0.7,0.7,0.0,0.0,1.4
2022-23,97,Other Territory,2022-08,2022-08-01,0.4,0.0,0.0,0.0,0.4
2022-23,97,Other Territory,2022-09,2022-09-01,0.75,0.75,0.0,0.0,1.5
2022-23,97,Other Territory,2022-10,2022-10-01,0.95,0.95,0.0,0.0,1.9
2022-23,97,Other Territory,2022-11,2022-11-01,,,,,
2022-23,97,Other Territory,2022-12,2022-12-01,1.0,1.0,0.0,0.0,2.0
2022-23,97,Other Territory,2023-01,2023-01-01,4.075,2.475,0.0,0.0,6.55
2022-23,97,Other Territory,2023-02,2023-02-01,,,,,
2022-23,97,Other Territory,2023-03,2023-03-01,2.0,2.0,0.0,0.0,4.0
2022-23,Grand Total,,2022-04,2022-04-01,2559.9000211260004,3301.704249732,3986.564400049001,244.36780473,10092.5364466
2022-23,Grand Total,,2022-05,2022-05-01,2491.4664616789996,2778.4223602079996,3764.6671640599993,132.62455243399995,9167.1805315
2022-23,Grand Total,,2022-06,2022-06-01,2645.4444884920003,3521.990409197,3587.0064561660006,340.7812236970001,10095.222563
2022-23,Grand Total,,2022-07,2022-07-01,2992.9516075460006,3833.7002378740003,4076.653441271,167.72151868300003,11071.026788899999
2022-23,Grand Total,,2022-08,2022-08-01,2531.49307422,3061.608731799999,3179.3314433139985,293.88467411,9066.317912
2022-23,Grand Total,,2022-09,2022-09-01,2732.0135945129996,3283.2313598120004,4336.633429936001,199.222951939,10551.101304699998
2022-23,Grand Total,,2022-10,2022-10-01,2062.9423530149998,2612.9494324159996,3666.1859681419996,228.16409762800004,8570.241835800001
2022-23,Grand Total,,2022-11,2022-11-01,1420.397342338,1916.8324092319997,2756.642122549,79.78290931900001,6173.6547714
2022-23,Grand Total,,2022-12,2022-12-01,2997.485887837,3722.7081897140006,5317.615668586,236.183053965,12273.992775
2022-23,Grand Total,,2023-01,2023-01-01,1990.216589015,2330.0214717030003,3467.565048634,200.71755945700002,7988.520668200001
2022-23,Grand Total,,2023-02,2023-02-01,1996.480784288,2218.276375868,3280.73402328,143.1501718,7638.641343799999
2022-23,Grand Total,,2023-03,2023-03-01,2746.5476658339994,3665.869537724001,5510.923569855001,187.59333851299996,12110.934059700001
2022-23,"IGST and CESS Refund on Exports
(disbursed by Customs)",,2022-04,2022-04-01,0.0,0.0,7414.5270494,330.1785411,7744.7055905
2022-23,"IGST and CESS Refund on Exports
(disbursed by Customs)",,2022-05,2022-05-01,0.0,0.0,11545.5508987,414.8691728,11960.420071499999
2022-23,"IGST and CESS Refund on Exports
(disbursed by Customs)",,2022-06,2022-06-01,0.0,0.0,8976.6346163,202.9699894,9179.6046057
2022-23,"IGST and CESS Refund on Exports
(disbursed by Customs)",,2022-07,2022-07-01,0.0,0.0,7888.6554253,281.7677727,8170.423198
2022-23,"IGST and CESS Refund on Exports
(disbursed by Customs)",,2022-08,2022-08-01,0.0,0.0,8743.8708368,176.3709548,8920.241791600001
2022-23,"IGST and CESS Refund on Exports
(disbursed by Customs)",,2022-09,2022-09-01,0.0,0.0,6894.9608384,144.1630315,7039.1238699000005
2022-23,"IGST and CESS Refund on Exports
(disbursed by Customs)",,2022-10,2022-10-01,0.0,0.0,7567.8312668,104.5568185,7672.3880853
2022-23,"IGST and CESS Refund on Exports
(disbursed by Customs)",,2022-11,2022-11-01,0.0,0.0,9931.8885522,169.2437157,10101.1322679
2022-23,"IGST and CESS Refund on Exports
(disbursed by Customs)",,2022-12,2022-12-01,0.0,0.0,8832.153314,116.3963872,8948.5497012
2022-23,"IGST and CESS Refund on Exports
(disbursed by Customs)",,2023-01,2023-01-01,0.0,0.0,6830.9130914,124.0574844,6954.9705758
2022-23,"IGST and CESS Refund on Exports
(disbursed by Customs)",,2023-02,2023-02-01,0.0,0.0,9257.543115,227.2181616,9484.7612766
2022-23,"IGST and CESS Refund on Exports
(disbursed by Customs)",,2023-03,2023-03-01,0.0,0.0,8512.9094124,122.6190761,8635.5284885
2022-23,Total GST Refund - All India,,2022-04,2022-04-01,2559.9000211260004,3301.704249732,11401.091449449,574.5463458300001,17837.242037099997
2022-23,Total GST Refund - All India,,2022-05,2022-05-01,2491.4664616789996,2778.4223602079996,15310.21806276,547.493725234,21127.600603
2022-23,Total GST Refund - All India,,2022-06,2022-06-01,2645.4444884920003,3521.990409197,12563.641072466,543.7512130970001,19274.8271687
2022-23,Total GST Refund - All India,,2022-07,2022-07-01,2992.9516075460006,3833.7002378740003,11965.308866571,449.489291383,19241.4499869
2022-23,Total GST Refund - All India,,2022-08,2022-08-01,2531.49307422,3061.608731799999,11923.202280114,470.25562891,17986.559703600004
2022-23,Total GST Refund - All India,,2022-09,2022-09-01,2732.0135945129996,3283.2313598120004,11231.594268336,343.38598343900003,17590.225174599997
2022-23,Total GST Refund - All India,,2022-10,2022-10-01,2062.9423530149998,2612.9494324159996,11234.017234941999,332.72091612800006,16242.6299211
2022-23,Total GST Refund - All India,,2022-11,2022-11-01,1420.397342338,1916.8324092319997,12688.530674749,249.026625019,16274.787039300001
2022-23,Total GST Refund - All India,,2022-12,2022-12-01,2997.485887837,3722.7081897140006,14149.768982586,352.579441165,21222.5424762
2022-23,Total GST Refund - All India,,2023-01,2023-01-01,1990.216589015,2330.0214717030003,10298.478140034,324.775043857,14943.491244
2022-23,Total GST Refund - All India,,2023-02,2023-02-01,1996.480784288,2218.276375868,12538.27713828,370.3683334,17123.4026204
2022-23,Total GST Refund - All India,,2023-03,2023-03-01,2746.5476658339994,3665.869537724001,14023.832982255,310.21241461299996,20746.4625482
2023-24,01,Jammu and Kashmir,2023-04,2023-04-01,8.256880352,10.071501052,7.750273607,0.0,26.0786551
2023-24,01,Jammu and Kashmir,2023-05,2023-05-01,2.01551735,2.10404215,11.9406087,0.0,16.0601684
2023-24,01,Jammu and Kashmir,2023-06,2023-06-01,4.13243015,2.74054455,7.313467,0.081685,14.2681268
2023-24,01,Jammu and Kashmir,2023-07,2023-07-01,8.7604254,8.6439972,4.9536761,0.0,22.3580995
2023-24,01,Jammu and Kashmir,2023-08,2023-08-01,1.2100450839999999,1.7546703940000001,4.6549633,0.0,7.6196787
2023-24,01,Jammu and Kashmir,2023-09,2023-09-01,1.090772,1.076302,4.84291,0.0,7.009984
2023-24,01,Jammu and Kashmir,2023-10,2023-10-01,1.2193322,1.4838065,16.4863542,0.0,19.1894925
2023-24,01,Jammu and Kashmir,2023-11,2023-11-01,0.7026982,0.8944445,11.7900509,0.0,13.3871933
2023-24,01,Jammu and Kashmir,2023-12,2023-12-01,0.5743069,0.4872166,3.2075521890000003,0.0,4.2690757
2023-24,01,Jammu and Kashmir,2024-01,2024-01-01,1.8484189,3.0073296,4.1775983,0.0010266,9.0343734
2023-24,01,Jammu and Kashmir,2024-02,2024-02-01,5.902820744,6.045729644,0.9585553,0.0,12.9071058
2023-24,01,Jammu and Kashmir,2024-03,2024-03-01,6.3052707,6.916454,3.6818452,1e-07,16.9035702
2023-24,02,Himachal Pradesh,2023-04,2023-04-01,19.658563230000002,32.437371230000004,34.177795079,0.4859811,86.7597112
2023-24,02,Himachal Pradesh,2023-05,2023-05-01,18.6880604,28.260948207,46.0963343,0.5477451,93.5930879
2023-24,02,Himachal Pradesh,2023-06,2023-06-01,8.584471039,29.217913939,32.9442674,0.1977236,70.9443757
2023-24,02,Himachal Pradesh,2023-07,2023-07-01,21.172630986,33.901401986,28.895300252,0.1830512,84.1523845
2023-24,02,Himachal Pradesh,2023-08,2023-08-01,30.398714894000012,36.372755694,26.034990747,0.4258663,93.2323273
2023-24,02,Himachal Pradesh,2023-09,2023-09-01,9.60919745,13.97760925,19.578496938999997,0.0148269,43.1801305
2023-24,02,Himachal Pradesh,2023-10,2023-10-01,9.00893045,11.66709305,29.9851583,0.0,50.6611817
2023-24,02,Himachal Pradesh,2023-11,2023-11-01,16.2495502,20.037933,43.0012431,0.0282803,79.3170062
2023-24,02,Himachal Pradesh,2023-12,2023-12-01,11.70032795,18.87230445,35.8869932,0.6686797,67.1283055
2023-24,02,Himachal Pradesh,2024-01,2024-01-01,11.7614717,21.0217609,65.9117493,0.0,98.6949821
2023-24,02,Himachal Pradesh,2024-02,2024-02-01,15.73330272,23.415365608000002,23.0634758,0.0,62.2121438
2023-24,02,Himachal Pradesh,2024-03,2024-03-01,19.070109022,34.207676122,34.596819166,0.2687907,88.1433953
2023-24,03,Punjab,2023-04,2023-04-01,54.369271160000004,117.995862918,23.8797883,0.0794074,196.3243295
2023-24,03,Punjab,2023-05,2023-05-01,78.49046165,194.32919816199998,41.40989335100001,0.3297842,314.5593368
2023-24,03,Punjab,2023-06,2023-06-01,48.497289027,82.73327342700001,55.48611184899999,0.1856976,186.9023723
2023-24,03,Punjab,2023-07,2023-07-01,65.402010578,135.403112588,34.710120976999995,0.8810955,236.3963396
2023-24,03,Punjab,2023-08,2023-08-01,59.351962060000005,77.12648924,28.414870114,0.17174933,165.0650698
2023-24,03,Punjab,2023-09,2023-09-01,44.117708325,90.399528645,30.439351407999997,0.3383218,165.2949101
2023-24,03,Punjab,2023-10,2023-10-01,31.391963589999996,54.56045384000001,17.717339135,0.7415076700000001,104.4112638
2023-24,03,Punjab,2023-11,2023-11-01,136.364048522,100.302467122,46.87647397500001,0.35288799,283.895875
2023-24,03,Punjab,2023-12,2023-12-01,49.920214332,89.148808842,18.514782977,0.2508777,157.8346838
2023-24,03,Punjab,2024-01,2024-01-01,98.08098021,155.13225665,39.003475986,1.548078091,293.7647903
2023-24,03,Punjab,2024-02,2024-02-01,44.777072260000004,72.75762561,39.16165302800001,0.56746091,157.2638121
2023-24,03,Punjab,2024-03,2024-03-01,70.50945578199999,110.33590851199999,58.207806860000005,0.0151199,239.0682912
2023-24,04,Chandigarh,2023-04,2023-04-01,1.309425484,1.386001,1.567387,0.0,4.2628135
2023-24,04,Chandigarh,2023-05,2023-05-01,0.56710655,0.66798305,7.192596,0.0,8.4276855
2023-24,04,Chandigarh,2023-06,2023-06-01,1.4795114,1.4540024,3.7382373,0.0,6.6717511
2023-24,04,Chandigarh,2023-07,2023-07-01,1.8430217,1.8436538,1.354325547,0.0,5.041001
2023-24,04,Chandigarh,2023-08,2023-08-01,2.6471326,2.642204,5.4136189,0.0,10.7029554
2023-24,04,Chandigarh,2023-09,2023-09-01,1.017444497,0.433330297,1.4976578,0.0004455,2.9488781
2023-24,04,Chandigarh,2023-10,2023-10-01,0.1231953,0.0959248,1.6428579,0.0,1.861978
2023-24,04,Chandigarh,2023-11,2023-11-01,0.666944937,0.8236133370000001,1.6739043439999999,0.0,3.1644626
2023-24,04,Chandigarh,2023-12,2023-12-01,0.898871225,0.898898025,3.399142175,0.0,5.1969114
2023-24,04,Chandigarh,2024-01,2024-01-01,2.5393509,2.5516007,11.087674,0.0,16.1786254
2023-24,04,Chandigarh,2024-02,2024-02-01,0.482364,0.294174,1.0696088400000001,0.0,1.8461468
2023-24,04,Chandigarh,2024-03,2024-03-01,0.84310865,0.7758052799999999,5.607409329999999,0.0,7.2263233
2023-24,05,Uttarakhand,2023-04,2023-04-01,11.467746108,18.660966428000002,19.736970281,0.9337437,50.7994266
2023-24,05,Uttarakhand,2023-05,2023-05-01,26.010303105000002,27.856743294999998,38.09670688700001,0.3034143,92.267167
2023-24,05,Uttarakhand,2023-06,2023-06-01,11.995406651,22.571176531,17.489101186000003,0.5122374,52.5679216
2023-24,05,Uttarakhand,2023-07,2023-07-01,15.938516284,22.981611824,26.477268856,0.6498462,66.0472427
2023-24,05,Uttarakhand,2023-08,2023-08-01,9.084280711,8.502180361,34.241745271,0.2263645,52.0545706
2023-24,05,Uttarakhand,2023-09,2023-09-01,12.005601783,15.911653353,26.982132026,0.4132782,55.3126657
2023-24,05,Uttarakhand,2023-10,2023-10-01,21.153168661000002,30.512276141,28.598732730000002,0.274471,80.5386468
2023-24,05,Uttarakhand,2023-11,2023-11-01,13.212676623,27.447570006,20.463904206,0.9109581,62.035109
2023-24,05,Uttarakhand,2023-12,2023-12-01,8.516397658,17.792282752000002,15.148881951,0.211942,41.6695045
2023-24,05,Uttarakhand,2024-01,2024-01-01,8.31949389,15.5206858,10.04861693,0.0047957,33.8935922
2023-24,05,Uttarakhand,2024-02,2024-02-01,11.009142537999999,15.999983398,15.979038136000002,0.0,42.988164
2023-24,05,Uttarakhand,2024-03,2024-03-01,15.531002575999999,23.634566816,28.002710985000004,0.4520052,67.6202854
2023-24,06,Haryana,2023-04,2023-04-01,162.44095116,180.13177688599998,360.396174524,0.0252414,702.9941471
2023-24,06,Haryana,2023-05,2023-05-01,175.829252593,206.37826776300003,285.217515928,0.3208807,667.7459164
2023-24,06,Haryana,2023-06,2023-06-01,135.202475349,152.578402266,326.69065381999997,0.1284289,614.599956
2023-24,06,Haryana,2023-07,2023-07-01,154.18030538399998,178.790667094,376.017556449,0.1753121,709.1638414
2023-24,06,Haryana,2023-08,2023-08-01,145.390934149,166.708999869,429.98172423100004,0.0720881,742.1537463
2023-24,06,Haryana,2023-09,2023-09-01,101.96646958400001,124.16417626199998,213.158260422,0.1285407,439.417446
2023-24,06,Haryana,2023-10,2023-10-01,109.41450188900001,126.93928494000001,318.286953967,0.3588961,554.999636
2023-24,06,Haryana,2023-11,2023-11-01,201.029169445,200.65977889500002,453.243429337,0.1118941,855.0442697
2023-24,06,Haryana,2023-12,2023-12-01,132.29900974,152.27142138,300.472947434,0.08617528,585.1295555
2023-24,06,Haryana,2024-01,2024-01-01,154.479705172,173.138097432,951.885408478,0.21778532000000003,1279.7210022
2023-24,06,Haryana,2024-02,2024-02-01,146.83549102,162.49117842,328.4651669860001,0.427557,638.2193937
2023-24,06,Haryana,2024-03,2024-03-01,216.08144131999998,209.91079600999998,534.366861447,0.2764043,960.6354986
2023-24,07,Delhi,2023-04,2023-04-01,53.28872547199999,66.64567600599999,134.378528626,2.56584647,256.8787769
2023-24,07,Delhi,2023-05,2023-05-01,49.399274398,63.56440586099999,83.838138748,6.03464591,202.8364647
2023-24,07,Delhi,2023-06,2023-06-01,38.82603134899999,49.55141032699999,58.829073439999995,2.1309448,149.3374585
2023-24,07,Delhi,2023-07,2023-07-01,76.390526746,90.403417838,89.94656279200001,2.6366780199999997,259.3771863
2023-24,07,Delhi,2023-08,2023-08-01,60.28682540999999,69.10867194800001,55.16228763700001,2.1775771,186.7353618
2023-24,07,Delhi,2023-09,2023-09-01,53.498013664,50.764774224,71.985623265,3.31594435,179.5643546
2023-24,07,Delhi,2023-10,2023-10-01,38.16170689,44.69230779,47.424988915,2.1535397,132.4325426
2023-24,07,Delhi,2023-11,2023-11-01,47.474123154000004,57.03338200399998,89.069367725,3.3416268760000003,196.9184999
2023-24,07,Delhi,2023-12,2023-12-01,25.917663609999998,31.578337010000002,46.518417398000004,4.043195390000001,108.0576134
2023-24,07,Delhi,2024-01,2024-01-01,32.081099695999995,41.73890659,52.80263823400001,4.81254657,131.4351907
2023-24,07,Delhi,2024-02,2024-02-01,33.289979419,39.41437991799999,35.824094207,0.18869227,108.7171457
2023-24,07,Delhi,2024-03,2024-03-01,43.693814960000005,53.631512977999996,58.566733299,9.06614228,164.9582037
2023-24,08,Rajasthan,2023-04,2023-04-01,91.26935297899999,103.305848724,96.13135114399999,6.030548460000001,296.737102
2023-24,08,Rajasthan,2023-05,2023-05-01,85.79092835,102.77896551,81.52597855200001,1.314576949,271.4104487
2023-24,08,Rajasthan,2023-06,2023-06-01,112.776393808,130.127624878,104.031778502,5.39494815,352.330746
2023-24,08,Rajasthan,2023-07,2023-07-01,71.607620459,95.867385404,78.77617503699999,1.95782325,248.2090037
2023-24,08,Rajasthan,2023-08,2023-08-01,67.79566069299999,84.21492973299999,69.407794127,3.4340094399999996,224.8523935
2023-24,08,Rajasthan,2023-09,2023-09-01,61.176692733,89.842108833,57.045481319000004,0.9165520899999998,208.980834
2023-24,08,Rajasthan,2023-10,2023-10-01,43.517997558999994,50.489317533,66.98803441400001,0.256787,161.2521363
2023-24,08,Rajasthan,2023-11,2023-11-01,75.64024144700001,93.622367547,89.50858917299999,0.59807177,259.3692701
2023-24,08,Rajasthan,2023-12,2023-12-01,62.49965085,79.86208735,82.692840184,3.8417319,228.8963101
2023-24,08,Rajasthan,2024-01,2024-01-01,70.475576541,82.423774451,67.63388300400001,0.1177414,220.650975
2023-24,08,Rajasthan,2024-02,2024-02-01,69.962162462,122.51089439200001,75.882722536,1.37369636,269.7294748
2023-24,08,Rajasthan,2024-03,2024-03-01,108.363799322,138.694467176,94.62123569899998,2.16435764,343.8438597
2023-24,09,Uttar Pradesh,2023-04,2023-04-01,112.771470952,121.56992741300002,194.11386888399988,3.4929630700000005,431.9482292
2023-24,09,Uttar Pradesh,2023-05,2023-05-01,191.756234928,196.734237016,276.1180573300002,10.221957488,674.8304802
2023-24,09,Uttar Pradesh,2023-06,2023-06-01,133.096585972,137.04115890699998,150.767404824,12.83825917,433.743406
2023-24,09,Uttar Pradesh,2023-07,2023-07-01,148.948496001,156.33101492699998,228.355040454,23.51372176,557.1482685
2023-24,09,Uttar Pradesh,2023-08,2023-08-01,102.687268441,116.74947527099991,157.0435295670001,18.49325508,394.9735271
2023-24,09,Uttar Pradesh,2023-09,2023-09-01,124.43483148099999,135.8979934859999,143.8999297569999,9.89162143,414.1243743
2023-24,09,Uttar Pradesh,2023-10,2023-10-01,75.445333101,88.65775199099997,100.230599339,3.0437934,267.3774753
2023-24,09,Uttar Pradesh,2023-11,2023-11-01,141.38140151800002,148.2745048409999,246.5343704580001,22.97046509,559.1607405
2023-24,09,Uttar Pradesh,2023-12,2023-12-01,128.9724685440001,146.124096998,167.2290940070001,14.67329322,456.9989507
2023-24,09,Uttar Pradesh,2024-01,2024-01-01,185.14421522,199.211589817,172.8755341929999,17.34656526,574.577902
2023-24,09,Uttar Pradesh,2024-02,2024-02-01,270.70769850799996,280.4642315190001,140.24459025899998,5.347622200000001,696.7641328
2023-24,09,Uttar Pradesh,2024-03,2024-03-01,208.4165323079999,223.4330599660001,250.4004694789999,19.877127754,702.1271884
2023-24,10,Bihar,2023-04,2023-04-01,15.68522755,17.29128555,1.7874738,0.0448757,34.8088627
2023-24,10,Bihar,2023-05,2023-05-01,4.677455009,4.881954709,2.5633689,0.4392,12.5619786
2023-24,10,Bihar,2023-06,2023-06-01,3.06855856,3.27833106,2.906606,0.015693609,9.2691892
2023-24,10,Bihar,2023-07,2023-07-01,6.1481767,5.6294068,4.6364294,0.0018845,16.4158972
2023-24,10,Bihar,2023-08,2023-08-01,2.3814622,3.1483318,5.882642286,0.0,11.4124361
2023-24,10,Bihar,2023-09,2023-09-01,5.9297529,5.7418185,0.3425003,0.0,12.0140717
2023-24,10,Bihar,2023-10,2023-10-01,4.04648772,4.06244882,6.141702116999999,2e-06,14.2506408
2023-24,10,Bihar,2023-11,2023-11-01,5.7857702799999995,5.7317342799999995,7.07734177,3e-07,18.5948466
2023-24,10,Bihar,2023-12,2023-12-01,8.1573735,5.0949419,1.1599474,0.0145152,14.426778
2023-24,10,Bihar,2024-01,2024-01-01,33.90163748,32.84321168,1.9699828649999997,0.0,68.7148317
2023-24,10,Bihar,2024-02,2024-02-01,3.9904223200000004,3.6313442200000003,2.6366576100000003,0.0,10.2584241
2023-24,10,Bihar,2024-03,2024-03-01,2.6764247,2.5796392,1.5425322,0.0253728,6.8239689
2023-24,11,Sikkim,2023-04,2023-04-01,0.1498251,0.1496584,0.5846663,0.0,0.8841498
2023-24,11,Sikkim,2023-05,2023-05-01,0.3823978,0.3823978,0.2731504,0.0,1.037946
2023-24,11,Sikkim,2023-06,2023-06-01,0.3095511,0.3014929,0.4187968,0.040277,1.0701178
2023-24,11,Sikkim,2023-07,2023-07-01,0.1009847,0.0290457,0.0,0.0,0.1300304
2023-24,11,Sikkim,2023-08,2023-08-01,1.525,1.525,0.0,0.0,3.05
2023-24,11,Sikkim,2023-09,2023-09-01,0.1073539,0.107354,0.0403608,0.0,0.2550687
2023-24,11,Sikkim,2023-10,2023-10-01,0.0626992,0.0595949,0.0,0.0,0.1222941
2023-24,11,Sikkim,2023-11,2023-11-01,0.0025398,0.0025398,0.0,0.0,0.0050796
2023-24,11,Sikkim,2023-12,2023-12-01,0.0369108,0.0330182,0.0,0.0,0.069929
2023-24,11,Sikkim,2024-01,2024-01-01,0.5440474,0.2733482,0.012,0.0,0.8293956
2023-24,11,Sikkim,2024-02,2024-02-01,0.01,0.01,0.0,0.0,0.02
2023-24,11,Sikkim,2024-03,2024-03-01,0.0471815,0.1667815,1.1227867,0.0,1.3367497
2023-24,12,Arunachal Pradesh,2023-04,2023-04-01,1.6330636,1.6412988,0.0,0.0,3.2743624
2023-24,12,Arunachal Pradesh,2023-05,2023-05-01,1.8412127,1.8406224,0.45,0.0,4.1318351
2023-24,12,Arunachal Pradesh,2023-06,2023-06-01,1.769,1.769,0.0479,0.0,3.5859
2023-24,12,Arunachal Pradesh,2023-07,2023-07-01,0.0,0.000381999,0.0,0.0,0.000382
2023-24,12,Arunachal Pradesh,2023-08,2023-08-01,0.6474828,0.6119828,0.0,0.0,1.2594656
2023-24,12,Arunachal Pradesh,2023-09,2023-09-01,0.270300099,0.270300099,0.07,0.0,0.6106002
2023-24,12,Arunachal Pradesh,2023-10,2023-10-01,0.443366788,0.44462588799999997,0.030149588,0.0,0.9181423
2023-24,12,Arunachal Pradesh,2023-11,2023-11-01,0.2919915,0.31841,0.0,0.0,0.6104015
2023-24,12,Arunachal Pradesh,2023-12,2023-12-01,0.1488848,0.1488849,0.0,0.0,0.2977697
2023-24,12,Arunachal Pradesh,2024-01,2024-01-01,0.0724407,0.0538884,0.0,0.0,0.1263291
2023-24,12,Arunachal Pradesh,2024-02,2024-02-01,0.014278332999999999,0.014278332999999999,0.0,0.0,0.0285567
2023-24,12,Arunachal Pradesh,2024-03,2024-03-01,0.5897221,0.5897221,2.7168554,0.0,3.8962996
2023-24,13,Nagaland,2023-04,2023-04-01,0.8011988,0.7956987,0.0,0.0,1.5968975
2023-24,13,Nagaland,2023-05,2023-05-01,0.001575,0.0567244,0.00099,0.0,0.0592894
2023-24,13,Nagaland,2023-06,2023-06-01,0.427612,0.427612,0.0001815,0.0,0.8554055
2023-24,13,Nagaland,2023-07,2023-07-01,0.6170323,0.6170323,0.0135272,0.0,1.2475918
2023-24,13,Nagaland,2023-08,2023-08-01,1.9923193,1.9921554,0.0161023,0.0,4.000577
2023-24,13,Nagaland,2023-09,2023-09-01,0.0074866,0.0074866,0.0,0.0,0.0149732
2023-24,13,Nagaland,2023-10,2023-10-01,0.1751137,0.1687115,0.0,0.0,0.3438252
2023-24,13,Nagaland,2023-11,2023-11-01,0.3732994,0.3681115,0.05,0.0,0.7914109
2023-24,13,Nagaland,2023-12,2023-12-01,0.1130143,0.1065659,0.0,0.0,0.2195802
2023-24,13,Nagaland,2024-01,2024-01-01,1.0299578,1.0300199,1.1042593,1e-07,3.1642371
2023-24,13,Nagaland,2024-02,2024-02-01,1.8020237,1.8029456,0.0,0.0,3.6049693
2023-24,13,Nagaland,2024-03,2024-03-01,0.0047794,0.0047793,0.2577256,0.6410709,0.9083552
2023-24,14,Manipur,2023-04,2023-04-01,0.2053557,2.3744255,0.0,0.0,2.5797812
2023-24,14,Manipur,2023-05,2023-05-01,3.2233,3.1733,0.0,0.0,6.3966
2023-24,14,Manipur,2023-06,2023-06-01,1.2528204,1.2528204,0.0,0.0,2.5056408
2023-24,14,Manipur,2023-07,2023-07-01,1.5714535,1.5714535,0.0,0.0,3.142907
2023-24,14,Manipur,2023-08,2023-08-01,0.256665,0.256665,0.0,0.0,0.51333
2023-24,14,Manipur,2023-09,2023-09-01,1e-06,1e-06,0.0,0.0,2e-06
2023-24,14,Manipur,2023-10,2023-10-01,,,,,
2023-24,14,Manipur,2023-11,2023-11-01,,,,,
2023-24,14,Manipur,2023-12,2023-12-01,0.1172719,0.1172718,0.0,0.0,0.2345437
2023-24,14,Manipur,2024-01,2024-01-01,0.0783152,0.0783152,0.0,0.0,0.1566304
2023-24,14,Manipur,2024-02,2024-02-01,,,,,
2023-24,14,Manipur,2024-03,2024-03-01,0.0083167,0.0077345,0.0,0.0,0.0160512
2023-24,15,Mizoram,2023-04,2023-04-01,1.2025325,1.2025325,0.0,0.0,2.405065
2023-24,15,Mizoram,2023-05,2023-05-01,1.3504066,1.4049183,2e-06,0.0,2.7553269
2023-24,15,Mizoram,2023-06,2023-06-01,3.2023167,3.1728542,0.0,0.0,6.3751709
2023-24,15,Mizoram,2023-07,2023-07-01,0.8902146,0.8933298,0.0015974,0.0,1.7851418
2023-24,15,Mizoram,2023-08,2023-08-01,0.46,0.46,0.0,0.0,0.92
2023-24,15,Mizoram,2023-09,2023-09-01,,,,,
2023-24,15,Mizoram,2023-10,2023-10-01,0.0197072,0.0197458,0.0400005,0.0,0.0794535
2023-24,15,Mizoram,2023-11,2023-11-01,1.5902416,1.594479,0.0001135,0.0,3.1848342
2023-24,15,Mizoram,2023-12,2023-12-01,0.76585,0.76585,0.0,0.0,1.5317
2023-24,15,Mizoram,2024-01,2024-01-01,5.068887,5.0775052,0.0050855,0.0,10.1514777
2023-24,15,Mizoram,2024-02,2024-02-01,0.00048,0.000224,0.000256,0.0,0.00096
2023-24,15,Mizoram,2024-03,2024-03-01,1.6591495,1.6949237,0.0,0.0,3.3540732
2023-24,16,Tripura,2023-04,2023-04-01,0.206303,0.2060879,1.020036402,0.00021,1.4326373
2023-24,16,Tripura,2023-05,2023-05-01,0.0597284,0.0531687,0.2626714,0.0,0.3755685
2023-24,16,Tripura,2023-06,2023-06-01,0.2220569,0.2325438,0.2101592,0.0,0.6647599
2023-24,16,Tripura,2023-07,2023-07-01,0.4270263,0.4263023,0.0105184,0.0,0.863847
2023-24,16,Tripura,2023-08,2023-08-01,0.0,0.0,0.0054,0.0,0.0054
2023-24,16,Tripura,2023-09,2023-09-01,0.030069,0.030069,0.0,0.0,0.060138
2023-24,16,Tripura,2023-10,2023-10-01,0.01228,0.01228,0.0,0.0,0.02456
2023-24,16,Tripura,2023-11,2023-11-01,0.0660982,0.0660982,0.1224491,0.0,0.2546455
2023-24,16,Tripura,2023-12,2023-12-01,0.0607332,0.0607332,0.0714115,0.0,0.1928779
2023-24,16,Tripura,2024-01,2024-01-01,0.1011105,0.1011104,0.5197413,0.0,0.7219622
2023-24,16,Tripura,2024-02,2024-02-01,0.0423818,0.0423818,0.0185986,0.0,0.1033622
2023-24,16,Tripura,2024-03,2024-03-01,0.1737811,0.0880563,0.0763856,0.0,0.338223
2023-24,17,Meghalaya,2023-04,2023-04-01,0.0355593,0.0351991,6.5198424,0.0,6.5906008
2023-24,17,Meghalaya,2023-05,2023-05-01,0.0697789,0.069799,0.0950223,0.0,0.2346002
2023-24,17,Meghalaya,2023-06,2023-06-01,0.0763199,0.0763199,0.37124607000000004,0.0,0.5238859
2023-24,17,Meghalaya,2023-07,2023-07-01,0.37505929,0.38411469,0.14002223,0.0,0.8991962
2023-24,17,Meghalaya,2023-08,2023-08-01,0.06648801,0.06837641,0.0123639,0.0,0.1472283
2023-24,17,Meghalaya,2023-09,2023-09-01,7.4907956,7.4907955,8.609001,0.0,23.5905918
2023-24,17,Meghalaya,2023-10,2023-10-01,0.0709547,0.0487839,0.0032007,0.0,0.1229393
2023-24,17,Meghalaya,2023-11,2023-11-01,0.1288667,0.3064747,0.16144524,0.0,0.5967866
2023-24,17,Meghalaya,2023-12,2023-12-01,0.835407,0.6874901,3.12724654,0.0,4.6501436
2023-24,17,Meghalaya,2024-01,2024-01-01,0.06916304000000001,0.06947364,0.00817572,0.0,0.1468124
2023-24,17,Meghalaya,2024-02,2024-02-01,0.6066996,0.6066915,2.5712983,0.0,3.7846896
2023-24,17,Meghalaya,2024-03,2024-03-01,0.6038514,0.6038514,2.1211755,0.0,3.3288783
2023-24,18,Assam,2023-04,2023-04-01,4.9716497,4.9835639,8.7295425,0.0,18.6847561
2023-24,18,Assam,2023-05,2023-05-01,8.3064234,9.185047,2.4383288,0.0003195,19.9301187
2023-24,18,Assam,2023-06,2023-06-01,4.043094690999999,4.901807690999999,3.3540160980000002,0.3393114,12.6382299
2023-24,18,Assam,2023-07,2023-07-01,3.8283162,3.7812454,3.6719659,0.0082029,11.2897304
2023-24,18,Assam,2023-08,2023-08-01,10.1042942,26.3803708,2.6461541,0.0,39.1308188
2023-24,18,Assam,2023-09,2023-09-01,1.7504897,2.8686639,2.8941963,0.0,7.5133499
2023-24,18,Assam,2023-10,2023-10-01,3.1424607,3.3615452,1.6869149,1.2142955,9.4052164
2023-24,18,Assam,2023-11,2023-11-01,4.867340574,5.470333474,5.7629212,0.4355239,16.536119
2023-24,18,Assam,2023-12,2023-12-01,1.614639992,4.371634992000001,37.4673768,0.8319099,44.2855609
2023-24,18,Assam,2024-01,2024-01-01,8.0772882,9.2558813,7.3660596,3.26312757,27.962357
2023-24,18,Assam,2024-02,2024-02-01,4.4543573,5.4307352,4.4099838,0.9509981,15.2460744
2023-24,18,Assam,2024-03,2024-03-01,6.5019439,12.668746,4.294757339999999,2.8982569,26.3637044
2023-24,19,West Bengal,2023-04,2023-04-01,113.951282485,121.07279584400001,111.32733942200001,16.5403649,362.8917826
2023-24,19,West Bengal,2023-05,2023-05-01,92.56571932699997,110.43407998800001,116.28128883499998,13.741754654,333.0228426
2023-24,19,West Bengal,2023-06,2023-06-01,70.60894430500001,81.117698723,136.403447656,4.871101709999999,293.0011903
2023-24,19,West Bengal,2023-07,2023-07-01,111.3032946660001,129.497637894,153.867900698,6.821564069,401.4903992
2023-24,19,West Bengal,2023-08,2023-08-01,84.762212324,105.228030659,60.725930284,7.076883255000001,257.7930571
2023-24,19,West Bengal,2023-09,2023-09-01,76.85503261999999,84.82098883399999,84.91290509699998,10.414104270000001,257.00303
2023-24,19,West Bengal,2023-10,2023-10-01,63.74957358099999,66.102067208,94.248735139,13.38817865,237.4885538
2023-24,19,West Bengal,2023-11,2023-11-01,92.82948485899996,112.78958429100001,90.67921118299999,18.894329043,315.1926072
2023-24,19,West Bengal,2023-12,2023-12-01,85.769699651,108.810116867,128.97334386400001,7.943805000000001,331.4969648
2023-24,19,West Bengal,2024-01,2024-01-01,118.71541790699999,135.800541409,117.546853694,13.657358830000002,385.7201717
2023-24,19,West Bengal,2024-02,2024-02-01,89.65701062000002,101.907964,72.894902804,9.492304269999998,273.952182
2023-24,19,West Bengal,2024-03,2024-03-01,108.07644475699999,135.895365026,107.29753482699999,21.8198889,373.0892333
2023-24,20,Jharkhand,2023-04,2023-04-01,5.27435058,7.839762639999999,7.327565175999999,5.5784885,26.0201671
2023-24,20,Jharkhand,2023-05,2023-05-01,6.289898936,7.584465156,1.646594326,0.05782216999999999,15.5787805
2023-24,20,Jharkhand,2023-06,2023-06-01,6.836829963,13.075908262999999,0.370054366,1.14344256,21.4262353
2023-24,20,Jharkhand,2023-07,2023-07-01,3.513591404,3.8676839039999997,3.4228892159999997,0.70566594,11.5098304
2023-24,20,Jharkhand,2023-08,2023-08-01,11.74306907,11.77856956,2.30140005,5.54413718,31.3671758
2023-24,20,Jharkhand,2023-09,2023-09-01,9.65125915,16.70242936,2.7192644,0.56384042,29.6367933
2023-24,20,Jharkhand,2023-10,2023-10-01,8.51581585,8.46493415,4.3755428,0.1320327,21.4883257
2023-24,20,Jharkhand,2023-11,2023-11-01,12.802115,17.2387617,9.3427569,8.978090459999999,48.3617239
2023-24,20,Jharkhand,2023-12,2023-12-01,8.93901013,10.14797937,3.5385567,0.5050669099999999,23.1306134
2023-24,20,Jharkhand,2024-01,2024-01-01,13.963205980000001,16.68338834,3.0809233,6.789549290000001,40.5170674
2023-24,20,Jharkhand,2024-02,2024-02-01,9.975290222,9.226996212000001,2.418919111,6.921648759999999,28.542854
2023-24,20,Jharkhand,2024-03,2024-03-01,5.03287962,6.6982170100000005,1.962716834,1.1202754300000002,14.8140888
2023-24,21,Odisha,2023-04,2023-04-01,97.83611853000001,120.95730782000001,183.721915526,80.04956236,482.5649036
2023-24,21,Odisha,2023-05,2023-05-01,100.61718457,123.41574098,267.85437541100004,88.39858600999999,580.2858964
2023-24,21,Odisha,2023-06,2023-06-01,65.710368453,74.632156963,381.97267044,66.14503436999999,588.4602314
2023-24,21,Odisha,2023-07,2023-07-01,102.897164924,110.03813916400001,123.21129092999999,53.10338521,389.2499839
2023-24,21,Odisha,2023-08,2023-08-01,55.38705650799999,75.51544860799999,101.99969142,67.97086460000001,300.8730653
2023-24,21,Odisha,2023-09,2023-09-01,75.77820329999997,85.32362856999998,236.29617609000002,53.04239581,450.4404012
2023-24,21,Odisha,2023-10,2023-10-01,62.012671335,91.99881763500001,46.75512277600001,61.67717947999999,262.4437894
2023-24,21,Odisha,2023-11,2023-11-01,62.51390585400001,72.949516944,118.03570067000001,74.64519375900001,328.1443162
2023-24,21,Odisha,2023-12,2023-12-01,33.319496574,43.989736889999996,108.61316388,53.8304814,239.7528839
2023-24,21,Odisha,2024-01,2024-01-01,93.45163855499999,103.254126935,93.98013905,46.22268853,336.9085898
2023-24,21,Odisha,2024-02,2024-02-01,82.73485339300001,88.232827443,176.94841165999998,51.98558299399999,399.9016799
2023-24,21,Odisha,2024-03,2024-03-01,87.9104,128.74898862,71.32152895799999,137.75983476,425.7407593
2023-24,22,Chattisgarh,2023-04,2023-04-01,10.248829482,16.858837052000002,5.55521917,7.01438008,39.677266
2023-24,22,Chattisgarh,2023-05,2023-05-01,12.45100311,14.29940745,9.557869720000001,10.309919859999999,46.6182001
2023-24,22,Chattisgarh,2023-06,2023-06-01,7.162961006000001,27.007377876,6.389158469,10.02545864,50.584956
2023-24,22,Chattisgarh,2023-07,2023-07-01,8.74475415,9.72549702,2.37531741,11.21092528,32.0564938
2023-24,22,Chattisgarh,2023-08,2023-08-01,7.779686610000001,7.991481589999999,3.660161135,3.3724869,22.8038162
2023-24,22,Chattisgarh,2023-09,2023-09-01,3.79969009,3.75602819,5.287003862,5.754439055,18.5971614
2023-24,22,Chattisgarh,2023-10,2023-10-01,4.6135184,8.690636979999999,4.12183892,3.37134041,20.7973345
2023-24,22,Chattisgarh,2023-11,2023-11-01,12.046204340000001,11.78060916,10.681326395000001,6.72724168,41.2353813
2023-24,22,Chattisgarh,2023-12,2023-12-01,6.192435609999999,6.5244869099999985,6.67674045,2.0618140649999996,21.455477
2023-24,22,Chattisgarh,2024-01,2024-01-01,13.490720319,12.026091318999999,7.205578187,4.01382795,36.7362174
2023-24,22,Chattisgarh,2024-02,2024-02-01,6.0745959,5.8322585,7.876319809999999,2.80034882,22.5835228
2023-24,22,Chattisgarh,2024-03,2024-03-01,4.45675324,5.89181574,6.855280990000001,4.195394909999998,21.399245
2023-24,23,Madhya Pradesh,2023-04,2023-04-01,77.460019693,74.853496313,95.363632042,2.7554028,250.4325508
2023-24,23,Madhya Pradesh,2023-05,2023-05-01,50.741414739999996,63.884355230000004,97.29096981500003,0.4394356,212.3561742
2023-24,23,Madhya Pradesh,2023-06,2023-06-01,40.03878116,54.777750869999984,90.94216952,1.8519609,187.6106638
2023-24,23,Madhya Pradesh,2023-07,2023-07-01,67.15214259000001,71.56835076,132.51411632,7.9040723,279.1386804
2023-24,23,Madhya Pradesh,2023-08,2023-08-01,34.119314106,36.714614866000005,28.160073244,0.0809014,99.0749033
2023-24,23,Madhya Pradesh,2023-09,2023-09-01,72.18143208,85.58269753,66.79909123,5.3324494,229.8956727
2023-24,23,Madhya Pradesh,2023-10,2023-10-01,72.96879472500001,83.67389429500001,89.95943982,17.29447456,263.8966001
2023-24,23,Madhya Pradesh,2023-11,2023-11-01,36.021448815,47.173237664999995,69.97009083,14.98658089,168.1513581
2023-24,23,Madhya Pradesh,2023-12,2023-12-01,35.86275421999999,49.853873316000005,65.69375163400001,12.47923262,163.8896122
2023-24,23,Madhya Pradesh,2024-01,2024-01-01,68.84130854799999,72.36290579099999,87.30729634499998,9.115344919999998,237.6268574
2023-24,23,Madhya Pradesh,2024-02,2024-02-01,50.356286992,57.370134908999994,81.49860218999997,10.37147792,199.5965039
2023-24,23,Madhya Pradesh,2024-03,2024-03-01,60.785556376,71.201898598,67.19290113300002,7.00305005,206.1834051
2023-24,24,Gujarat,2023-04,2023-04-01,483.9963682290001,586.5511103870002,417.382415834,14.005895030000001,1501.9357859
2023-24,24,Gujarat,2023-05,2023-05-01,547.3393911049999,701.6042336099999,990.7196627009998,18.907610045,2258.5708901
2023-24,24,Gujarat,2023-06,2023-06-01,298.375631828,434.6168314169999,442.671062582,22.599395982,1198.2629227
2023-24,24,Gujarat,2023-07,2023-07-01,503.9981608339999,720.3544263119996,582.8146173090001,112.04275475,1919.2099596
2023-24,24,Gujarat,2023-08,2023-08-01,373.75583099899995,474.140040345,511.8420735309999,16.12727051,1375.865212
2023-24,24,Gujarat,2023-09,2023-09-01,323.1134425090002,394.591479128,304.08080792100003,24.97068522,1046.7564146
2023-24,24,Gujarat,2023-10,2023-10-01,248.47635576599998,296.55857101,217.7873272059999,7.5389221730000004,770.3611804
2023-24,24,Gujarat,2023-11,2023-11-01,561.2236514990001,670.7872075259996,792.1694681399999,126.790101028,2150.9704295
2023-24,24,Gujarat,2023-12,2023-12-01,330.18004087399987,442.7982072239998,238.26368421700002,13.345541312,1024.5874725
2023-24,24,Gujarat,2024-01,2024-01-01,446.85731662800015,561.1635162499998,615.0401359540003,21.37713819,1644.4381163
2023-24,24,Gujarat,2024-02,2024-02-01,435.5384085579998,538.138024716,347.5115607540001,173.669537275,1494.8575327
2023-24,24,Gujarat,2024-03,2024-03-01,603.785093257,746.337406352,608.6764055159999,23.945995705,1982.7448986
2023-24,25,Daman and Diu,2023-04,2023-04-01,0.0153611,0.0153611,0.0354201,0.0,0.0661423
2023-24,25,Daman and Diu,2023-05,2023-05-01,0.0,0.0,0.0453456,0.0,0.0453456
2023-24,25,Daman and Diu,2023-06,2023-06-01,,,,,
2023-24,25,Daman and Diu,2023-07,2023-07-01,,,,,
2023-24,25,Daman and Diu,2023-08,2023-08-01,,,,,
2023-24,25,Daman and Diu,2023-09,2023-09-01,0.0,0.0,0.0149144,0.0,0.0149144
2023-24,25,Daman and Diu,2023-10,2023-10-01,0.0005553,0.0005553,0.0024199,0.0,0.0035305
2023-24,25,Daman and Diu,2023-11,2023-11-01,,,,,
2023-24,25,Daman and Diu,2023-12,2023-12-01,,,,,
2023-24,25,Daman and Diu,2024-01,2024-01-01,0.0,0.0,0.0541747,0.0,0.0541747
2023-24,25,Daman and Diu,2024-02,2024-02-01,,,,,
2023-24,25,Daman and Diu,2024-03,2024-03-01,,,,,
2023-24,26,Dadra and Nagar Haveli,2023-04,2023-04-01,88.29021305,87.33041179,297.45544441,0.0346297,473.1107007
2023-24,26,Dadra and Nagar Haveli,2023-05,2023-05-01,21.27477772,24.734208159999998,126.115887382,0.0047385,172.1296116
2023-24,26,Dadra and Nagar Haveli,2023-06,2023-06-01,14.5566603,20.2257159,142.215916248,0.1123345,177.1106252
2023-24,26,Dadra and Nagar Haveli,2023-07,2023-07-01,25.24625133,27.108640639999997,187.915646823,0.0466971,240.3172348
2023-24,26,Dadra and Nagar Haveli,2023-08,2023-08-01,22.120943534000002,36.551910434,223.52409094,0.0,282.1969416
2023-24,26,Dadra and Nagar Haveli,2023-09,2023-09-01,14.089407821,19.55992555,106.137203273,0.0070257,139.7935617
2023-24,26,Dadra and Nagar Haveli,2023-10,2023-10-01,5.5077357,10.7662413,68.727956719,0.0,85.0019349
2023-24,26,Dadra and Nagar Haveli,2023-11,2023-11-01,37.3167742,48.7756117,127.56114060799999,0.0,213.6535272
2023-24,26,Dadra and Nagar Haveli,2023-12,2023-12-01,8.6438501,13.1806267,154.175932112,0.0608785,176.0612872
2023-24,26,Dadra and Nagar Haveli,2024-01,2024-01-01,12.2506261,11.7281322,95.80026697,0.0093221,119.7883485
2023-24,26,Dadra and Nagar Haveli,2024-02,2024-02-01,19.63996175,30.18879665,186.612626,0.0055703,236.4469558
2023-24,26,Dadra and Nagar Haveli,2024-03,2024-03-01,17.3761042,29.2955028,209.399196,0.1203433,256.1911478
2023-24,27,Maharastra,2023-04,2023-04-01,578.9523124769996,801.5416237350004,934.5828300380005,5.806382715000002,2320.8831392
2023-24,27,Maharastra,2023-05,2023-05-01,562.1770260989999,741.2329276269999,1008.468682175,11.69648586,2323.5751229
2023-24,27,Maharastra,2023-06,2023-06-01,465.6387182960002,539.9193396700001,658.351104706,2.258479051000001,1666.1676358
2023-24,27,Maharastra,2023-07,2023-07-01,518.8300949219996,698.903880248,729.4714181209995,10.879929054000002,1958.0853156
2023-24,27,Maharastra,2023-08,2023-08-01,397.5328124170001,543.1461250089998,491.1534754450001,1.940705796,1433.7731185
2023-24,27,Maharastra,2023-09,2023-09-01,364.66930542,573.1701033630003,501.2845007759999,5.565652677999998,1444.689558
2023-24,27,Maharastra,2023-10,2023-10-01,247.29071696999998,436.6734852720002,400.9334047430002,10.852278331,1095.7498891
2023-24,27,Maharastra,2023-11,2023-11-01,584.2267524690002,850.0713763950001,1468.264209461,3.8152642429999992,2906.3775952
2023-24,27,Maharastra,2023-12,2023-12-01,400.6034490709999,498.44335330499973,609.9040668120002,3.115411405,1512.0662779
2023-24,27,Maharastra,2024-01,2024-01-01,511.4031708180003,773.7492348529997,713.5144935209998,7.821988743999999,2006.4888883
2023-24,27,Maharastra,2024-02,2024-02-01,366.460111357,546.3762871520001,658.192312475,20.433187682,1591.4618985
2023-24,27,Maharastra,2024-03,2024-03-01,562.8714097870003,794.637310137,739.7494748449996,30.405803369999997,2127.6639902
2023-24,29,Karnataka,2023-04,2023-04-01,470.71501090999993,468.1630288380001,906.4880226540001,0.4662275,1845.8322764
2023-24,29,Karnataka,2023-05,2023-05-01,508.13053050599996,587.9005854659999,1002.742568329,14.2696365,2113.0433457
2023-24,29,Karnataka,2023-06,2023-06-01,278.69550731799995,271.35825448400004,642.3411768729999,11.767431,1204.1623696
2023-24,29,Karnataka,2023-07,2023-07-01,396.26685102600004,398.184535787,979.884990601,0.71010748,1775.0464895
2023-24,29,Karnataka,2023-08,2023-08-01,325.6160217370001,312.1742365070001,452.1934772040001,4.068244,1094.0519806
2023-24,29,Karnataka,2023-09,2023-09-01,408.56495021099994,444.971144833,743.743329954,2.202896599,1599.4823347
2023-24,29,Karnataka,2023-10,2023-10-01,282.5434095,274.29716696999986,697.3848856869998,0.39553,1254.6209976
2023-24,29,Karnataka,2023-11,2023-11-01,403.7136656360001,384.782026273,1074.571951471,0.7108336,1863.7784881
2023-24,29,Karnataka,2023-12,2023-12-01,454.5831697129999,473.09205631299983,1014.157129552,1.8250169,1943.6573625
2023-24,29,Karnataka,2024-01,2024-01-01,313.408310214,320.538532724,823.6042939849999,8.8295054,1466.3806417
2023-24,29,Karnataka,2024-02,2024-02-01,299.8267260199999,314.31482483000013,606.40495026,1.8171437,1222.3636433
2023-24,29,Karnataka,2024-03,2024-03-01,387.509714861,390.6788041809999,663.559825059,0.3131833,1442.0615282
2023-24,30,Goa,2023-04,2023-04-01,4.15563838,5.09526438,54.33918037000001,0.0,63.5900829
2023-24,30,Goa,2023-05,2023-05-01,7.91611098,8.02256777,38.225232901999995,0.0019468,54.1658585
2023-24,30,Goa,2023-06,2023-06-01,5.30635226,5.33995586,35.08277784,0.002,45.7310856
2023-24,30,Goa,2023-07,2023-07-01,2.866395608,3.400497518,201.524015303,0.0007973,207.7917047
2023-24,30,Goa,2023-08,2023-08-01,3.5359568299999995,2.81721633,27.579297037,0.017,33.9494703
2023-24,30,Goa,2023-09,2023-09-01,2.89992056,2.8858043600000003,55.066914829999995,0.0,60.8526385
2023-24,30,Goa,2023-10,2023-10-01,8.312820882,8.409466092,70.95672812,0.0,87.6790146
2023-24,30,Goa,2023-11,2023-11-01,22.14879085,4.831571190000001,70.849893747,0.0,97.8302566
2023-24,30,Goa,2023-12,2023-12-01,2.26820774,1.7396370399999999,37.342993505,0.0,41.3508379
2023-24,30,Goa,2024-01,2024-01-01,6.479832389999999,4.459288749999999,41.20244441200001,16.5081259,68.6496913
2023-24,30,Goa,2024-02,2024-02-01,12.29210849,12.07179099,26.99089645,0.0,51.3547955
2023-24,30,Goa,2024-03,2024-03-01,7.795204890000001,9.45244917,62.28298775,0.0,79.530641
2023-24,31,Lakshadweep,2023-04,2023-04-01,,,,,
2023-24,31,Lakshadweep,2023-05,2023-05-01,,,,,
2023-24,31,Lakshadweep,2023-06,2023-06-01,,,,,
2023-24,31,Lakshadweep,2023-07,2023-07-01,,,,,
2023-24,31,Lakshadweep,2023-08,2023-08-01,,,,,
2023-24,31,Lakshadweep,2023-09,2023-09-01,,,,,
2023-24,31,Lakshadweep,2023-10,2023-10-01,,,,,
2023-24,31,Lakshadweep,2023-11,2023-11-01,,,,,
2023-24,31,Lakshadweep,2023-12,2023-12-01,,,,,
2023-24,31,Lakshadweep,2024-01,2024-01-01,,,,,
2023-24,31,Lakshadweep,2024-02,2024-02-01,,,,,
2023-24,31,Lakshadweep,2024-03,2024-03-01,,,,,
2023-24,32,Kerala,2023-04,2023-04-01,27.04573561,29.982510562999998,61.761368510999986,0.11328089,118.9028948
2023-24,32,Kerala,2023-05,2023-05-01,20.975112321,21.955371471,37.671712239,0.1211105,80.7233062
2023-24,32,Kerala,2023-06,2023-06-01,15.674903297999998,20.035228128,18.046570949,0.034098659999999996,53.7908014
2023-24,32,Kerala,2023-07,2023-07-01,26.272803342,33.10671866100001,32.81803005000001,0.06581385,92.2633658
2023-24,32,Kerala,2023-08,2023-08-01,76.643687676,105.86204140800001,25.39689666999999,0.0,207.902629
2023-24,32,Kerala,2023-09,2023-09-01,16.064327013,15.470263001,26.742141869,0.09129831,58.3680302
2023-24,32,Kerala,2023-10,2023-10-01,10.870192864,10.712679968000002,25.983905069,0.0,47.5667774
2023-24,32,Kerala,2023-11,2023-11-01,20.849307296,38.29738560099999,48.04071054,0.06700646,107.2544099
2023-24,32,Kerala,2023-12,2023-12-01,16.257115196,18.584482303999998,35.044306614999996,0.04691495,69.932819
2023-24,32,Kerala,2024-01,2024-01-01,29.505127265,42.637466125,32.13787482299999,0.056240306999999996,104.3367078
2023-24,32,Kerala,2024-02,2024-02-01,17.363425922,26.139020697,28.928984328,0.1670525,72.5984834
2023-24,32,Kerala,2024-03,2024-03-01,33.162120385,37.825258175,32.314096971,0.08972711,103.3912021
2023-24,33,Tamil Nadu,2023-04,2023-04-01,327.2588573240002,434.174253609,597.8440797459999,0.5263311300000001,1359.8035164
2023-24,33,Tamil Nadu,2023-05,2023-05-01,278.008583088,378.9983540610002,515.9651778709994,4.800398899999999,1177.7725096
2023-24,33,Tamil Nadu,2023-06,2023-06-01,267.87874710799997,351.404066893,388.25603157599977,2.6679654,1010.2068091
2023-24,33,Tamil Nadu,2023-07,2023-07-01,346.9884556380002,457.86916035800016,471.6103636840001,3.9129117200000003,1280.3808823
2023-24,33,Tamil Nadu,2023-08,2023-08-01,262.3153482180002,368.28772274599993,253.94073190100002,4.35820221,888.9020003
2023-24,33,Tamil Nadu,2023-09,2023-09-01,251.61094578,350.9164550400002,389.2898917770001,0.6612037,992.4784866
2023-24,33,Tamil Nadu,2023-10,2023-10-01,215.06666732899998,315.7794958289999,292.58484149799983,1.6568005300000002,825.0878006
2023-24,33,Tamil Nadu,2023-11,2023-11-01,317.0514705739996,429.72508541399964,397.43719674899995,7.501457909999998,1151.7152097
2023-24,33,Tamil Nadu,2023-12,2023-12-01,140.06431501800012,220.26898395500012,205.7043360669999,3.3849564,569.4225878
2023-24,33,Tamil Nadu,2024-01,2024-01-01,183.42328260899998,360.1699529579998,284.5793718210001,2.460712,830.6333181
2023-24,33,Tamil Nadu,2024-02,2024-02-01,113.609931226,246.07673518800001,118.16274695999999,1.38879689,479.2382049
2023-24,33,Tamil Nadu,2024-03,2024-03-01,196.0646969619998,212.3392796049999,399.3770248179999,0.6181504,808.3991505
2023-24,34,Puducherry,2023-04,2023-04-01,1.3975200460000001,2.575708416,27.475580039999997,0.0,31.448808
2023-24,34,Puducherry,2023-05,2023-05-01,1.198721,1.16111427,18.67032314,0.0,21.0301585
2023-24,34,Puducherry,2023-06,2023-06-01,0.46758253,0.9477810499999998,12.966916179,0.0,14.3822795
2023-24,34,Puducherry,2023-07,2023-07-01,1.63124946,1.6324403,34.60361956200001,0.2263005,38.0936096
2023-24,34,Puducherry,2023-08,2023-08-01,0.5567952660000001,0.553332866,15.495686881000001,0.0,16.605815
2023-24,34,Puducherry,2023-09,2023-09-01,0.35591097,0.7772876240000001,23.697896490999998,0.0,24.8310952
2023-24,34,Puducherry,2023-10,2023-10-01,5.38004769,2.52991799,15.02498651,0.0,22.9349526
2023-24,34,Puducherry,2023-11,2023-11-01,0.618692867,0.919804367,35.656307387,0.0,37.1948045
2023-24,34,Puducherry,2023-12,2023-12-01,0.31281053,0.33873412999999997,15.126028513999998,0.0,15.7775732
2023-24,34,Puducherry,2024-01,2024-01-01,0.46163539000000003,0.5978534799999999,17.46764805,0.0,18.5271369
2023-24,34,Puducherry,2024-02,2024-02-01,0.614276145,0.628853375,10.579250325,0.0,11.8223798
2023-24,34,Puducherry,2024-03,2024-03-01,0.7026946399999999,0.50772674,25.61834376,0.0,26.8287655
2023-24,35,Andaman and Nicobar Islands,2023-04,2023-04-01,0.0138587,0.0034351,0.0065247,0.0,0.0238185
2023-24,35,Andaman and Nicobar Islands,2023-05,2023-05-01,0.088582,0.088582,0.171742,0.0,0.348906
2023-24,35,Andaman and Nicobar Islands,2023-06,2023-06-01,,,,,
2023-24,35,Andaman and Nicobar Islands,2023-07,2023-07-01,0.0404921,0.0404921,0.0,0.0,0.0809842
2023-24,35,Andaman and Nicobar Islands,2023-08,2023-08-01,,,,,
2023-24,35,Andaman and Nicobar Islands,2023-09,2023-09-01,0.0429394,0.0190158,0.0012024,0.0,0.0631576
2023-24,35,Andaman and Nicobar Islands,2023-10,2023-10-01,0.0227354,0.0227354,0.0,0.0,0.0454708
2023-24,35,Andaman and Nicobar Islands,2023-11,2023-11-01,0.0007608,0.0007608,5.93e-05,0.0,0.0015809
2023-24,35,Andaman and Nicobar Islands,2023-12,2023-12-01,0.0164817,0.0164817,0.0422137,0.0,0.0751771
2023-24,35,Andaman and Nicobar Islands,2024-01,2024-01-01,0.061757,0.061757,0.0121671,0.0,0.1356811
2023-24,35,Andaman and Nicobar Islands,2024-02,2024-02-01,0.0182843,0.0182843,0.0659977,0.0,0.1025663
2023-24,35,Andaman and Nicobar Islands,2024-03,2024-03-01,0.0136,0.0136,0.0406535,0.0,0.0678535
2023-24,36,Telangana,2023-04,2023-04-01,130.938932,142.72886845,697.605399975,0.19871395,971.4719128
2023-24,36,Telangana,2023-05,2023-05-01,156.564015852,170.022189242,526.942860619,2.3257690600000003,855.8548388
2023-24,36,Telangana,2023-06,2023-06-01,158.14744343499999,169.882342475,352.93990438700007,0.34959703999999997,681.3192881
2023-24,36,Telangana,2023-07,2023-07-01,149.895389927,151.589055717,445.0595283069999,1.22819169,747.7721653
2023-24,36,Telangana,2023-08,2023-08-01,152.55664996,170.53924255,402.31938343499996,1.07694571,726.4922165
2023-24,36,Telangana,2023-09,2023-09-01,102.728448747,105.941203677,256.207076228,0.37124029,465.2479709
2023-24,36,Telangana,2023-10,2023-10-01,163.035778029,165.72756229200002,363.215193104,2.49176016,694.4702949
2023-24,36,Telangana,2023-11,2023-11-01,84.00933816000001,107.55470471,292.10639821300003,0.50438415,484.1748239
2023-24,36,Telangana,2023-12,2023-12-01,79.55302606999999,78.90089513499998,344.6648422269999,0.36548934,503.4842501
2023-24,36,Telangana,2024-01,2024-01-01,145.155238334,150.991540864,291.854243019,0.61092711,588.611947
2023-24,36,Telangana,2024-02,2024-02-01,97.265373554,103.545071124,200.155130703,0.2280359,401.1936104
2023-24,36,Telangana,2024-03,2024-03-01,88.05094200999999,99.19789034,302.303795832,0.4911012699999999,490.0437255
2023-24,37,Andhra Pradesh,2023-04,2023-04-01,62.017132545,53.976276705,157.261974954,2.723465435,275.9788482
2023-24,37,Andhra Pradesh,2023-05,2023-05-01,42.230249929,44.189549349,288.828008763,6.88374225,382.1315517
2023-24,37,Andhra Pradesh,2023-06,2023-06-01,42.139335701000014,46.919162391,170.784600696,4.73548475,264.5785832
2023-24,37,Andhra Pradesh,2023-07,2023-07-01,33.56346721200001,28.79445399700001,181.397612211,9.307873655,253.063405
2023-24,37,Andhra Pradesh,2023-08,2023-08-01,33.95027243699999,32.16798556199999,174.093989903,11.20076385,251.4130117
2023-24,37,Andhra Pradesh,2023-09,2023-09-01,41.202393201999996,53.09821782700001,116.31130671099999,2.48888374,213.1008001
2023-24,37,Andhra Pradesh,2023-10,2023-10-01,33.851418228,38.254181198000005,169.509369369,18.33474884,259.9497184
2023-24,37,Andhra Pradesh,2023-11,2023-11-01,57.884425216999986,59.63815299200001,173.8915299310001,11.20559397,302.6197012
2023-24,37,Andhra Pradesh,2023-12,2023-12-01,45.38967954100001,34.073604533,386.71608556300004,8.708808369999998,474.888172
2023-24,37,Andhra Pradesh,2024-01,2024-01-01,35.442805635,55.811779169999994,90.36704204800003,7.48570617,189.1073325
2023-24,37,Andhra Pradesh,2024-02,2024-02-01,33.567262195,48.14545122500001,115.23265258800001,8.20858772,205.1539531
2023-24,37,Andhra Pradesh,2024-03,2024-03-01,50.06461474100001,54.75994016600001,98.86621361700001,13.516529380000001,217.2072984
2023-24,38,Ladakh,2023-04,2023-04-01,0.0201443,0.0159719,0.0010814,0.0,0.0371976
2023-24,38,Ladakh,2023-05,2023-05-01,0.0039975,0.0034674,0.0157286,0.0,0.0231935
2023-24,38,Ladakh,2023-06,2023-06-01,0.0027,0.0027,0.0,0.0,0.0054
2023-24,38,Ladakh,2023-07,2023-07-01,0.0017182,0.0017182,0.0,0.0,0.0034364
2023-24,38,Ladakh,2023-08,2023-08-01,,,,,
2023-24,38,Ladakh,2023-09,2023-09-01,0.0184045,0.0184045,0.0,0.0,0.036809
2023-24,38,Ladakh,2023-10,2023-10-01,0.0,0.0,0.01623,0.0,0.01623
2023-24,38,Ladakh,2023-11,2023-11-01,0.0045183,0.0031803,0.0,0.0,0.0076986
2023-24,38,Ladakh,2023-12,2023-12-01,0.000725,0.000725,0.0,0.0,0.00145
2023-24,38,Ladakh,2024-01,2024-01-01,0.0065447,0.0065447,0.0,0.0,0.0130894
2023-24,38,Ladakh,2024-02,2024-02-01,,,,,
2023-24,38,Ladakh,2024-03,2024-03-01,0.0,0.0,0.3276459,0.0,0.3276459
2023-24,97,Other Territory,2023-04,2023-04-01,,,,,
2023-24,97,Other Territory,2023-05,2023-05-01,0.5,0.5,0.0,0.0,1.0
2023-24,97,Other Territory,2023-06,2023-06-01,0.1954323,0.1301228,0.0,0.0,0.3255551
2023-24,97,Other Territory,2023-07,2023-07-01,3.9646579,3.6600457,5.38e-05,0.0,7.6247576
2023-24,97,Other Territory,2023-08,2023-08-01,0.2,0.2,0.0,0.0,0.4
2023-24,97,Other Territory,2023-09,2023-09-01,0.8,0.8,0.0,0.0,1.6
2023-24,97,Other Territory,2023-10,2023-10-01,0.0,0.0,4.2652177,0.0,4.2652176
2023-24,97,Other Territory,2023-11,2023-11-01,1.25,1.25,2.7133202,0.0,5.2133202
2023-24,97,Other Territory,2023-12,2023-12-01,0.9,0.9,0.0,0.0,1.8
2023-24,97,Other Territory,2024-01,2024-01-01,,,,,
2023-24,97,Other Territory,2024-02,2024-02-01,3.5,3.5,0.0,0.0,7.0
2023-24,97,Other Territory,2024-03,2024-03-01,,,,,
2023-24,Grand Total,,2023-04,2023-04-01,3019.310787588,3634.620706649,5446.308692915001,149.47194229000002,12249.7120977
2023-24,Grand Total,,2023-05,2023-05-01,3057.531735916,3843.7539225529995,5924.733394024001,191.471480856,13017.4905515
2023-24,Grand Total,,2023-06,2023-06-01,2246.3988242570003,2734.820682939,4244.3325634759985,150.428991192,9375.981045999999
2023-24,Grand Total,,2023-07,2023-07-01,2881.378752361,3586.841949429999,5140.451497338999,248.174605328,11856.846789100002
2023-24,Grand Total,,2023-08,2023-08-01,2338.8621932439996,2881.2912577599996,3593.3045455599995,147.835315261,8961.293299500001
2023-24,Grand Total,,2023-09,2023-09-01,2188.9289936890004,2777.3890421360006,3499.977528645,126.48564616200002,8592.7812029
2023-24,Grand Total,,2023-10,2023-10-01,1769.6280071970004,2235.938361482,3201.116131785,145.176538204,7351.859037500001
2023-24,Grand Total,,2023-11,2023-11-01,2952.338308836,3521.522819233999,5797.306875753002,303.57578561900004,12574.743782400003
2023-24,Grand Total,,2023-12,2023-12-01,2082.0052630389996,2550.085825091,4069.5338091670005,132.29573746199998,8833.9206121
2023-24,Grand Total,,2024-01,2024-01-01,2606.5910979410005,3364.5714087279994,4701.166829688999,172.27010205200003,10844.599443799996
2023-24,Grand Total,,2024-02,2024-02-01,2248.1145833679993,2866.6454844730006,3310.75996352,296.34530157099994,8721.8653221
2023-24,Grand Total,,2024-03,2024-03-01,2914.737914666001,3543.42593352,4477.329736114998,277.083926359,11212.577498000002
2023-24,"IGST and CESS Refund on Exports
(disbursed by Customs)",,2023-04,2023-04-01,0.0,0.0,8556.0,139.5553088,8695.5553088
2023-24,"IGST and CESS Refund on Exports
(disbursed by Customs)",,2023-05,2023-05-01,0.0,0.0,8833.7583044,198.9495891,9032.7078935
2023-24,"IGST and CESS Refund on Exports
(disbursed by Customs)",,2023-06,2023-06-01,0.0,0.0,7252.1380028,92.9663265,7345.1043293
2023-24,"IGST and CESS Refund on Exports
(disbursed by Customs)",,2023-07,2023-07-01,0.0,0.0,8197.3434564,154.4776071,8351.8210635
2023-24,"IGST and CESS Refund on Exports
(disbursed by Customs)",,2023-08,2023-08-01,0.0,0.0,8622.5134445,139.5601012,8762.073545700001
2023-24,"IGST and CESS Refund on Exports
(disbursed by Customs)",,2023-09,2023-09-01,0.0,0.0,6854.311537,166.8205472,7021.1320842
2023-24,"IGST and CESS Refund on Exports
(disbursed by Customs)",,2023-10,2023-10-01,0.0,0.0,8816.1586474,167.2021023,8983.3607497
2023-24,"IGST and CESS Refund on Exports
(disbursed by Customs)",,2023-11,2023-11-01,0.0,0.0,8432.0284068,136.1659183,8568.1943251
2023-24,"IGST and CESS Refund on Exports
(disbursed by Customs)",,2023-12,2023-12-01,0.0,0.0,6592.0011221,47.3158702,6639.3169923000005
2023-24,"IGST and CESS Refund on Exports
(disbursed by Customs)",,2024-01,2024-01-01,0.0,0.0,8247.7419066,162.8099411,8410.5518477
2023-24,"IGST and CESS Refund on Exports
(disbursed by Customs)",,2024-02,2024-02-01,0.0,0.0,8991.3876556,96.4578639,9087.845519499999
2023-24,"IGST and CESS Refund on Exports
(disbursed by Customs)",,2024-03,2024-03-01,0.0,0.0,2639.5736296,39.3432754,2678.916905
2023-24,Total GST Refund - All India,,2023-04,2023-04-01,3019.310787588,3634.620706649,14002.308692915001,289.02725109000005,20945.2674065
2023-24,Total GST Refund - All India,,2023-05,2023-05-01,3057.531735916,3843.7539225529995,14758.491698424,390.421069956,22050.198445
2023-24,Total GST Refund - All India,,2023-06,2023-06-01,2246.3988242570003,2734.820682939,11496.470566275999,243.395317692,16721.085375299997
2023-24,Total GST Refund - All India,,2023-07,2023-07-01,2881.378752361,3586.841949429999,13337.794953738998,402.652212428,20208.667852600003
2023-24,Total GST Refund - All India,,2023-08,2023-08-01,2338.8621932439996,2881.2912577599996,12215.81799006,287.39541646099997,17723.366845200002
2023-24,Total GST Refund - All India,,2023-09,2023-09-01,2188.9289936890004,2777.3890421360006,10354.289065645,293.30619336200004,15613.9132871
2023-24,Total GST Refund - All India,,2023-10,2023-10-01,1769.6280071970004,2235.938361482,12017.274779185,312.37864050400003,16335.2197872
2023-24,Total GST Refund - All India,,2023-11,2023-11-01,2952.338308836,3521.522819233999,14229.335282553002,439.74170391900003,21142.938107500002
2023-24,Total GST Refund - All India,,2023-12,2023-12-01,2082.0052630389996,2550.085825091,10661.534931267,179.61160766199998,15473.237604400001
2023-24,Total GST Refund - All India,,2024-01,2024-01-01,2606.5910979410005,3364.5714087279994,12948.908736288999,335.08004315200003,19255.1512915
2023-24,Total GST Refund - All India,,2024-02,2024-02-01,2248.1145833679993,2866.6454844730006,12302.14761912,392.80316547099994,17809.710841599997
2023-24,Total GST Refund - All India,,2024-03,2024-03-01,2914.737914666001,3543.42593352,7116.903365714998,316.42720175899996,13891.494403000002
2024-25,01,Jammu and Kashmir,2024-04,2024-04-01,3.81,2.14,15.64,0.0,21.59
2024-25,01,Jammu and Kashmir,2024-05,2024-05-01,1.37,1.43,2.07,0.0,4.869999999999999
2024-25,01,Jammu and Kashmir,2024-06,2024-06-01,6.16,5.2,13.32,0.0,24.68
2024-25,01,Jammu and Kashmir,2024-07,2024-07-01,4.68,4.79,7.86,0.0,17.33
2024-25,01,Jammu and Kashmir,2024-08,2024-08-01,2.31,2.22,11.74,0.0,16.27
2024-25,01,Jammu and Kashmir,2024-09,2024-09-01,0.92,0.92,3.38,0.0,5.22
2024-25,01,Jammu and Kashmir,2024-10,2024-10-01,8.04,8.21,2.82,0.0,19.07
2024-25,01,Jammu and Kashmir,2024-11,2024-11-01,2.64,3.15,38.92,0.0,44.71
2024-25,01,Jammu and Kashmir,2024-12,2024-12-01,1.4,0.79,5.87,0.0,8.06
2024-25,01,Jammu and Kashmir,2025-01,2025-01-01,4.1,3.37,18.38,0.0,25.849999999999998
2024-25,01,Jammu and Kashmir,2025-02,2025-02-01,2.13,2.14,2.56,0.0,6.83
2024-25,01,Jammu and Kashmir,2025-03,2025-03-01,2.93,2.46,15.07,0.0,20.46
2024-25,02,Himachal Pradesh,2024-04,2024-04-01,19.33,34.95,68.96,0.01,123.25
2024-25,02,Himachal Pradesh,2024-05,2024-05-01,17.84,25.3,41.12,0.14,84.39999999999999
2024-25,02,Himachal Pradesh,2024-06,2024-06-01,22.2,28.98,73.25,0.56,124.99000000000001
2024-25,02,Himachal Pradesh,2024-07,2024-07-01,11.95,31.49,51.48,0.28,95.19999999999999
2024-25,02,Himachal Pradesh,2024-08,2024-08-01,8.79,17.85,42.41,0.0,69.05
2024-25,02,Himachal Pradesh,2024-09,2024-09-01,12.91,22.22,30.17,0.0,65.3
2024-25,02,Himachal Pradesh,2024-10,2024-10-01,17.01,24.56,39.02,0.0,80.59
2024-25,02,Himachal Pradesh,2024-11,2024-11-01,21.52,28.21,25.19,0.0,74.92
2024-25,02,Himachal Pradesh,2024-12,2024-12-01,9.64,18.15,36.7,0.0,64.49000000000001
2024-25,02,Himachal Pradesh,2025-01,2025-01-01,25.06,39.23,59.45,0.0,123.74
2024-25,02,Himachal Pradesh,2025-02,2025-02-01,20.33,33.2,60.75,0.0,114.28
2024-25,02,Himachal Pradesh,2025-03,2025-03-01,33.89,39.55,49.98,0.0,123.41999999999999
2024-25,03,Punjab,2024-04,2024-04-01,60.46,112.79,74.62,0.63,248.5
2024-25,03,Punjab,2024-05,2024-05-01,138.46,148.44,60.83,0.42,348.15
2024-25,03,Punjab,2024-06,2024-06-01,49.5,92.93,43.54,0.12,186.09
2024-25,03,Punjab,2024-07,2024-07-01,47.61,88.1,42.13,0.0,177.83999999999997
2024-25,03,Punjab,2024-08,2024-08-01,54.59,115.7,30.79,0.76,201.84
2024-25,03,Punjab,2024-09,2024-09-01,50.32,78.72,103.28,0.04,232.35999999999999
2024-25,03,Punjab,2024-10,2024-10-01,30.7,41.75,17.99,0.62,91.06
2024-25,03,Punjab,2024-11,2024-11-01,42.39,72.96,26.75,0.07,142.17
2024-25,03,Punjab,2024-12,2024-12-01,47.76,64.44,50.11,0.31,162.62
2024-25,03,Punjab,2025-01,2025-01-01,119.73,190.94,60.04,1.98,372.69000000000005
2024-25,03,Punjab,2025-02,2025-02-01,63.14,86.74,51.22,0.1,201.2
2024-25,03,Punjab,2025-03,2025-03-01,74.51,132.16,52.54,0.62,259.83000000000004
2024-25,04,Chandigarh,2024-04,2024-04-01,0.37,0.37,1.48,0.0,2.2199999999999998
2024-25,04,Chandigarh,2024-05,2024-05-01,2.56,2.66,2.0,0.0,7.220000000000001
2024-25,04,Chandigarh,2024-06,2024-06-01,1.32,1.32,2.71,0.0,5.35
2024-25,04,Chandigarh,2024-07,2024-07-01,1.47,1.48,3.3,0.0,6.25
2024-25,04,Chandigarh,2024-08,2024-08-01,1.75,1.36,4.95,0.0,8.06
2024-25,04,Chandigarh,2024-09,2024-09-01,0.97,1.06,11.87,0.0,13.899999999999999
2024-25,04,Chandigarh,2024-10,2024-10-01,0.62,0.78,2.67,0.0,4.07
2024-25,04,Chandigarh,2024-11,2024-11-01,0.5,0.5,3.48,0.0,4.48
2024-25,04,Chandigarh,2024-12,2024-12-01,0.53,0.53,15.13,0.0,16.19
2024-25,04,Chandigarh,2025-01,2025-01-01,2.0,2.01,5.07,0.0,9.08
2024-25,04,Chandigarh,2025-02,2025-02-01,0.41,0.51,1.04,0.0,1.96
2024-25,04,Chandigarh,2025-03,2025-03-01,0.64,0.64,3.78,0.0,5.06
2024-25,05,Uttarakhand,2024-04,2024-04-01,19.75,25.88,35.42,0.51,81.56
2024-25,05,Uttarakhand,2024-05,2024-05-01,11.7,14.82,12.21,0.61,39.34
2024-25,05,Uttarakhand,2024-06,2024-06-01,19.07,25.58,35.51,0.26,80.42
2024-25,05,Uttarakhand,2024-07,2024-07-01,12.31,12.89,30.26,0.59,56.05000000000001
2024-25,05,Uttarakhand,2024-08,2024-08-01,25.21,35.37,28.82,0.2,89.60000000000001
2024-25,05,Uttarakhand,2024-09,2024-09-01,26.98,32.53,34.61,0.29,94.41000000000001
2024-25,05,Uttarakhand,2024-10,2024-10-01,8.14,10.39,9.57,0.0,28.1
2024-25,05,Uttarakhand,2024-11,2024-11-01,24.23,29.69,38.64,0.0,92.56
2024-25,05,Uttarakhand,2024-12,2024-12-01,9.34,18.58,23.49,0.37,51.779999999999994
2024-25,05,Uttarakhand,2025-01,2025-01-01,36.09,41.85,58.39,0.08,136.41
2024-25,05,Uttarakhand,2025-02,2025-02-01,10.1,17.94,59.15,0.06,87.25
2024-25,05,Uttarakhand,2025-03,2025-03-01,11.13,20.16,18.65,0.0,49.94
2024-25,06,Haryana,2024-04,2024-04-01,141.24,158.18,619.1,0.5,919.02
2024-25,06,Haryana,2024-05,2024-05-01,210.81,224.73,364.29,0.64,800.4699999999999
2024-25,06,Haryana,2024-06,2024-06-01,120.41,138.39,245.98,0.67,505.45
2024-25,06,Haryana,2024-07,2024-07-01,81.02,91.85,172.14,0.27,345.28
2024-25,06,Haryana,2024-08,2024-08-01,223.01,267.19,669.25,0.32,1159.77
2024-25,06,Haryana,2024-09,2024-09-01,224.98,241.74,273.2,0.82,740.7400000000001
2024-25,06,Haryana,2024-10,2024-10-01,117.12,136.98,267.42,0.47,521.99
2024-25,06,Haryana,2024-11,2024-11-01,99.19,116.57,351.15,0.45,567.36
2024-25,06,Haryana,2024-12,2024-12-01,119.81,143.34,366.83,3.29,633.27
2024-25,06,Haryana,2025-01,2025-01-01,186.37,201.25,469.58,2.78,859.98
2024-25,06,Haryana,2025-02,2025-02-01,128.72,175.85,211.97,0.73,517.27
2024-25,06,Haryana,2025-03,2025-03-01,189.8,221.35,383.35,0.93,795.43
2024-25,07,Delhi,2024-04,2024-04-01,20.41,28.57,40.14,0.81,89.93
2024-25,07,Delhi,2024-05,2024-05-01,22.51,30.45,46.96,7.09,107.01
2024-25,07,Delhi,2024-06,2024-06-01,30.81,37.06,61.65,3.96,133.48000000000002
2024-25,07,Delhi,2024-07,2024-07-01,24.5,30.38,44.74,4.93,104.55000000000001
2024-25,07,Delhi,2024-08,2024-08-01,54.02,62.74,84.34,5.02,206.12000000000003
2024-25,07,Delhi,2024-09,2024-09-01,50.82,60.53,70.13,16.32,197.79999999999998
2024-25,07,Delhi,2024-10,2024-10-01,31.92,38.31,40.04,8.34,118.61000000000001
2024-25,07,Delhi,2024-11,2024-11-01,44.6,52.57,57.91,20.61,175.69
2024-25,07,Delhi,2024-12,2024-12-01,31.85,39.04,52.7,16.19,139.78
2024-25,07,Delhi,2025-01,2025-01-01,60.89,74.24,52.99,25.17,213.29000000000002
2024-25,07,Delhi,2025-02,2025-02-01,21.43,26.09,524.03,4.9,576.4499999999999
2024-25,07,Delhi,2025-03,2025-03-01,36.04,45.27,675.41,19.68,776.4
2024-25,08,Rajasthan,2024-04,2024-04-01,67.57,85.98,69.77,4.5,227.82
2024-25,08,Rajasthan,2024-05,2024-05-01,104.45,169.74,96.62,2.52,373.33
2024-25,08,Rajasthan,2024-06,2024-06-01,77.95,107.04,65.89,0.65,251.53
2024-25,08,Rajasthan,2024-07,2024-07-01,47.01,72.53,83.72,5.93,209.19
2024-25,08,Rajasthan,2024-08,2024-08-01,83.22,104.58,119.56,2.86,310.22
2024-25,08,Rajasthan,2024-09,2024-09-01,78.11,96.07,97.41,1.5,273.09000000000003
2024-25,08,Rajasthan,2024-10,2024-10-01,60.14,86.91,109.07,0.37,256.49
2024-25,08,Rajasthan,2024-11,2024-11-01,65.26,214.11,127.9,2.54,409.81
2024-25,08,Rajasthan,2024-12,2024-12-01,101.48,182.84,192.88,5.78,482.97999999999996
2024-25,08,Rajasthan,2025-01,2025-01-01,93.14,108.55,143.79,2.8,348.28000000000003
2024-25,08,Rajasthan,2025-02,2025-02-01,61.19,78.93,164.12,0.64,304.88
2024-25,08,Rajasthan,2025-03,2025-03-01,73.03,91.69,65.85,3.39,233.95999999999998
2024-25,09,Uttar Pradesh,2024-04,2024-04-01,166.38,163.11,212.58,9.37,551.44
2024-25,09,Uttar Pradesh,2024-05,2024-05-01,190.68,208.3,234.1,18.63,651.71
2024-25,09,Uttar Pradesh,2024-06,2024-06-01,133.15,143.33,225.73,6.19,508.40000000000003
2024-25,09,Uttar Pradesh,2024-07,2024-07-01,119.75,131.44,159.46,12.83,423.47999999999996
2024-25,09,Uttar Pradesh,2024-08,2024-08-01,217.3,218.05,294.78,10.71,740.84
2024-25,09,Uttar Pradesh,2024-09,2024-09-01,186.09,164.34,235.22,18.58,604.23
2024-25,09,Uttar Pradesh,2024-10,2024-10-01,161.57,144.99,199.46,7.94,513.96
2024-25,09,Uttar Pradesh,2024-11,2024-11-01,147.4,141.59,180.06,16.29,485.34000000000003
2024-25,09,Uttar Pradesh,2024-12,2024-12-01,162.31,168.97,183.54,9.38,524.1999999999999
2024-25,09,Uttar Pradesh,2025-01,2025-01-01,223.92,226.5,389.72,19.63,859.77
2024-25,09,Uttar Pradesh,2025-02,2025-02-01,146.25,154.16,186.38,10.97,497.76
2024-25,09,Uttar Pradesh,2025-03,2025-03-01,207.39,194.39,240.62,18.38,660.78
2024-25,10,Bihar,2024-04,2024-04-01,4.44,4.44,2.52,0.0,11.4
2024-25,10,Bihar,2024-05,2024-05-01,2.46,2.46,0.82,0.0,5.74
2024-25,10,Bihar,2024-06,2024-06-01,2.89,2.61,1.61,0.0,7.11
2024-25,10,Bihar,2024-07,2024-07-01,2.93,2.97,1.65,0.0,7.550000000000001
2024-25,10,Bihar,2024-08,2024-08-01,3.93,3.92,3.75,0.0,11.6
2024-25,10,Bihar,2024-09,2024-09-01,1.7,1.7,7.12,0.0,10.52
2024-25,10,Bihar,2024-10,2024-10-01,5.49,6.11,11.41,0.0,23.01
2024-25,10,Bihar,2024-11,2024-11-01,2.97,2.58,3.55,0.0,9.100000000000001
2024-25,10,Bihar,2024-12,2024-12-01,8.01,8.01,6.95,0.0,22.97
2024-25,10,Bihar,2025-01,2025-01-01,4.85,4.0,5.59,0.06,14.5
2024-25,10,Bihar,2025-02,2025-02-01,2.02,2.41,4.07,0.0,8.5
2024-25,10,Bihar,2025-03,2025-03-01,5.14,5.29,6.13,0.0,16.56
2024-25,11,Sikkim,2024-04,2024-04-01,0.01,1.33,0.0,0.0,1.34
2024-25,11,Sikkim,2024-05,2024-05-01,0.5,0.5,0.0,0.0,1.0
2024-25,11,Sikkim,2024-06,2024-06-01,0.0,0.0,0.0,0.0,0.0
2024-25,11,Sikkim,2024-07,2024-07-01,0.32,0.33,0.0,0.0,0.65
2024-25,11,Sikkim,2024-08,2024-08-01,0.06,0.86,0.0,0.05,0.97
2024-25,11,Sikkim,2024-09,2024-09-01,0.17,0.09,0.0,0.0,0.26
2024-25,11,Sikkim,2024-10,2024-10-01,0.28,0.28,0.0,0.0,0.56
2024-25,11,Sikkim,2024-11,2024-11-01,0.25,0.25,0.0,0.0,0.5
2024-25,11,Sikkim,2024-12,2024-12-01,0.06,0.0,0.0,0.0,0.06
2024-25,11,Sikkim,2025-01,2025-01-01,0.0,0.0,0.0,0.0,0.0
2024-25,11,Sikkim,2025-02,2025-02-01,0.01,0.0,0.0,0.0,0.01
2024-25,11,Sikkim,2025-03,2025-03-01,0.0,0.0,0.0,0.0,0.0
2024-25,12,Arunachal Pradesh,2024-04,2024-04-01,0.0,0.0,0.0,0.0,0.0
2024-25,12,Arunachal Pradesh,2024-05,2024-05-01,0.48,0.48,0.0,0.0,0.96
2024-25,12,Arunachal Pradesh,2024-06,2024-06-01,0.03,0.03,0.52,0.0,0.5800000000000001
2024-25,12,Arunachal Pradesh,2024-07,2024-07-01,0.79,0.67,0.0,0.0,1.46
2024-25,12,Arunachal Pradesh,2024-08,2024-08-01,0.46,0.46,0.0,0.0,0.92
2024-25,12,Arunachal Pradesh,2024-09,2024-09-01,0.04,0.04,0.0,0.0,0.08
2024-25,12,Arunachal Pradesh,2024-10,2024-10-01,0.64,0.53,0.0,0.0,1.17
2024-25,12,Arunachal Pradesh,2024-11,2024-11-01,0.02,0.02,0.0,0.0,0.04
2024-25,12,Arunachal Pradesh,2024-12,2024-12-01,0.0,0.0,0.0,0.0,0.0
2024-25,12,Arunachal Pradesh,2025-01,2025-01-01,1.21,1.2,0.0,0.0,2.41
2024-25,12,Arunachal Pradesh,2025-02,2025-02-01,0.26,0.26,0.0,0.0,0.52
2024-25,12,Arunachal Pradesh,2025-03,2025-03-01,1.38,1.38,0.0,0.0,2.76
2024-25,13,Nagaland,2024-04,2024-04-01,1.33,0.8,1.42,0.0,3.55
2024-25,13,Nagaland,2024-05,2024-05-01,0.04,0.03,0.03,0.0,0.1
2024-25,13,Nagaland,2024-06,2024-06-01,1.17,1.17,0.0,0.0,2.34
2024-25,13,Nagaland,2024-07,2024-07-01,0.82,0.74,0.11,0.0,1.6700000000000002
2024-25,13,Nagaland,2024-08,2024-08-01,0.01,0.01,0.05,0.0,0.07
2024-25,13,Nagaland,2024-09,2024-09-01,0.23,0.23,0.02,0.0,0.48000000000000004
2024-25,13,Nagaland,2024-10,2024-10-01,0.14,0.13,0.0,0.0,0.27
2024-25,13,Nagaland,2024-11,2024-11-01,1.98,1.81,0.0,0.0,3.79
2024-25,13,Nagaland,2024-12,2024-12-01,1.18,1.12,0.01,0.0,2.3099999999999996
2024-25,13,Nagaland,2025-01,2025-01-01,0.63,0.61,0.07,0.0,1.31
2024-25,13,Nagaland,2025-02,2025-02-01,0.01,0.01,0.0,0.0,0.02
2024-25,13,Nagaland,2025-03,2025-03-01,0.49,0.45,0.0,0.0,0.94
2024-25,14,Manipur,2024-04,2024-04-01,0.04,0.04,0.0,0.0,0.08
2024-25,14,Manipur,2024-05,2024-05-01,0.09,0.09,0.0,0.0,0.18
2024-25,14,Manipur,2024-06,2024-06-01,0.06,0.05,0.0,0.0,0.11
2024-25,14,Manipur,2024-07,2024-07-01,0.3,0.3,0.0,0.0,0.6
2024-25,14,Manipur,2024-08,2024-08-01,2.01,1.92,0.0,0.0,3.9299999999999997
2024-25,14,Manipur,2024-09,2024-09-01,1.87,1.87,0.0,0.0,3.74
2024-25,14,Manipur,2024-10,2024-10-01,0.2,0.2,0.0,0.0,0.4
2024-25,14,Manipur,2024-11,2024-11-01,0.3,0.7,0.0,0.0,1.0
2024-25,14,Manipur,2024-12,2024-12-01,1.4,1.75,0.0,0.0,3.15
2024-25,14,Manipur,2025-01,2025-01-01,2.94,2.96,0.0,0.0,5.9
2024-25,14,Manipur,2025-02,2025-02-01,0.0,0.0,0.13,0.0,0.13
2024-25,14,Manipur,2025-03,2025-03-01,1.29,1.23,0.0,0.0,2.52
2024-25,15,Mizoram,2024-04,2024-04-01,0.0,0.0,0.0,0.0,0.0
2024-25,15,Mizoram,2024-05,2024-05-01,3.44,3.44,0.0,0.0,6.88
2024-25,15,Mizoram,2024-06,2024-06-01,0.41,0.49,0.0,0.0,0.8999999999999999
2024-25,15,Mizoram,2024-07,2024-07-01,0.0,0.0,0.0,0.0,0.0
2024-25,15,Mizoram,2024-08,2024-08-01,0.3,0.3,0.0,0.0,0.6
2024-25,15,Mizoram,2024-09,2024-09-01,0.44,0.44,0.0,0.0,0.88
2024-25,15,Mizoram,2024-10,2024-10-01,0.85,0.65,0.2,0.0,1.7
2024-25,15,Mizoram,2024-11,2024-11-01,0.56,0.56,0.0,0.0,1.12
2024-25,15,Mizoram,2024-12,2024-12-01,0.34,0.35,0.0,0.0,0.69
2024-25,15,Mizoram,2025-01,2025-01-01,0.0,0.0,0.0,0.0,0.0
2024-25,15,Mizoram,2025-02,2025-02-01,1.07,1.07,0.0,0.0,2.14
2024-25,15,Mizoram,2025-03,2025-03-01,0.14,0.14,0.0,0.0,0.28
2024-25,16,Tripura,2024-04,2024-04-01,0.0,0.0,0.35,0.0,0.35
2024-25,16,Tripura,2024-05,2024-05-01,0.01,0.01,0.0,0.0,0.02
2024-25,16,Tripura,2024-06,2024-06-01,0.13,0.09,0.03,0.0,0.25
2024-25,16,Tripura,2024-07,2024-07-01,1.11,1.1,2.15,0.0,4.359999999999999
2024-25,16,Tripura,2024-08,2024-08-01,0.06,0.06,0.16,0.0,0.28
2024-25,16,Tripura,2024-09,2024-09-01,0.93,0.93,0.02,0.0,1.8800000000000001
2024-25,16,Tripura,2024-10,2024-10-01,1.75,1.75,0.1,0.0,3.6
2024-25,16,Tripura,2024-11,2024-11-01,0.01,0.01,0.0,0.0,0.02
2024-25,16,Tripura,2024-12,2024-12-01,0.03,0.06,0.0,0.01,0.09999999999999999
2024-25,16,Tripura,2025-01,2025-01-01,0.23,0.3,0.01,0.0,0.54
2024-25,16,Tripura,2025-02,2025-02-01,0.18,0.17,0.02,0.0,0.37
2024-25,16,Tripura,2025-03,2025-03-01,0.05,0.05,0.01,0.0,0.11
2024-25,17,Meghalaya,2024-04,2024-04-01,1.63,1.65,4.16,1.62,9.059999999999999
2024-25,17,Meghalaya,2024-05,2024-05-01,2.78,2.79,1.89,0.0,7.46
2024-25,17,Meghalaya,2024-06,2024-06-01,0.08,0.08,2.26,3.34,5.76
2024-25,17,Meghalaya,2024-07,2024-07-01,0.06,0.06,0.0,0.0,0.12
2024-25,17,Meghalaya,2024-08,2024-08-01,2.83,2.96,7.04,0.0,12.83
2024-25,17,Meghalaya,2024-09,2024-09-01,1.03,1.03,3.02,0.0,5.08
2024-25,17,Meghalaya,2024-10,2024-10-01,2.28,2.3,0.71,2.65,7.9399999999999995
2024-25,17,Meghalaya,2024-11,2024-11-01,0.12,0.12,0.0,0.0,0.24
2024-25,17,Meghalaya,2024-12,2024-12-01,0.09,0.09,0.68,0.0,0.8600000000000001
2024-25,17,Meghalaya,2025-01,2025-01-01,0.1,0.1,0.0,0.0,0.2
2024-25,17,Meghalaya,2025-02,2025-02-01,0.27,0.27,0.05,0.0,0.5900000000000001
2024-25,17,Meghalaya,2025-03,2025-03-01,0.89,0.89,0.18,0.79,2.75
2024-25,18,Assam,2024-04,2024-04-01,2.08,2.08,2.35,5.74,12.25
2024-25,18,Assam,2024-05,2024-05-01,8.8,7.75,8.66,1.44,26.650000000000002
2024-25,18,Assam,2024-06,2024-06-01,2.78,7.35,80.44,0.73,91.3
2024-25,18,Assam,2024-07,2024-07-01,3.24,3.26,7.65,1.99,16.14
2024-25,18,Assam,2024-08,2024-08-01,4.86,4.66,2.84,1.07,13.43
2024-25,18,Assam,2024-09,2024-09-01,3.98,8.42,75.78,1.52,89.7
2024-25,18,Assam,2024-10,2024-10-01,2.59,2.7,2.46,1.34,9.09
2024-25,18,Assam,2024-11,2024-11-01,7.01,6.84,4.11,1.36,19.32
2024-25,18,Assam,2024-12,2024-12-01,12.0,11.12,3.67,1.8,28.59
2024-25,18,Assam,2025-01,2025-01-01,6.94,5.97,69.82,1.97,84.69999999999999
2024-25,18,Assam,2025-02,2025-02-01,3.66,3.91,2.42,0.78,10.77
2024-25,18,Assam,2025-03,2025-03-01,7.31,7.23,2.77,1.06,18.369999999999997
2024-25,19,West Bengal,2024-04,2024-04-01,116.21,123.06,121.33,9.04,369.64
2024-25,19,West Bengal,2024-05,2024-05-01,146.08,158.21,84.97,12.79,402.05
2024-25,19,West Bengal,2024-06,2024-06-01,120.04,126.15,96.53,10.04,352.76000000000005
2024-25,19,West Bengal,2024-07,2024-07-01,93.86,102.48,66.77,9.54,272.65000000000003
2024-25,19,West Bengal,2024-08,2024-08-01,238.29,206.34,132.07,16.23,592.9300000000001
2024-25,19,West Bengal,2024-09,2024-09-01,126.51,184.34,101.36,12.41,424.62000000000006
2024-25,19,West Bengal,2024-10,2024-10-01,82.07,102.67,102.53,8.04,295.31
2024-25,19,West Bengal,2024-11,2024-11-01,71.66,121.5,59.53,7.82,260.51
2024-25,19,West Bengal,2024-12,2024-12-01,107.94,120.64,83.33,2.97,314.88
2024-25,19,West Bengal,2025-01,2025-01-01,117.06,137.7,133.26,4.07,392.09
2024-25,19,West Bengal,2025-02,2025-02-01,83.05,100.14,123.06,1.8,308.05
2024-25,19,West Bengal,2025-03,2025-03-01,134.03,187.73,78.77,3.96,404.48999999999995
2024-25,20,Jharkhand,2024-04,2024-04-01,10.43,15.92,5.06,1.76,33.17
2024-25,20,Jharkhand,2024-05,2024-05-01,6.94,11.26,3.68,1.04,22.919999999999998
2024-25,20,Jharkhand,2024-06,2024-06-01,8.65,12.48,1.67,12.64,35.440000000000005
2024-25,20,Jharkhand,2024-07,2024-07-01,20.64,20.9,14.08,0.87,56.489999999999995
2024-25,20,Jharkhand,2024-08,2024-08-01,5.74,9.73,8.54,3.61,27.619999999999997
2024-25,20,Jharkhand,2024-09,2024-09-01,10.33,11.48,5.57,0.82,28.200000000000003
2024-25,20,Jharkhand,2024-10,2024-10-01,5.55,6.44,23.07,0.65,35.71
2024-25,20,Jharkhand,2024-11,2024-11-01,4.91,5.29,16.18,0.18,26.56
2024-25,20,Jharkhand,2024-12,2024-12-01,9.78,9.81,3.92,0.86,24.369999999999997
2024-25,20,Jharkhand,2025-01,2025-01-01,5.73,4.7,10.82,0.14,21.39
2024-25,20,Jharkhand,2025-02,2025-02-01,13.96,7.94,2.53,0.43,24.860000000000003
2024-25,20,Jharkhand,2025-03,2025-03-01,21.94,26.4,4.05,0.67,53.06
2024-25,21,Odisha,2024-04,2024-04-01,72.85,96.89,86.71,59.41,315.86
2024-25,21,Odisha,2024-05,2024-05-01,74.88,135.44,64.73,57.11,332.16
2024-25,21,Odisha,2024-06,2024-06-01,69.72,81.58,128.73,110.02,390.04999999999995
2024-25,21,Odisha,2024-07,2024-07-01,45.47,50.96,15.7,40.37,152.5
2024-25,21,Odisha,2024-08,2024-08-01,54.17,80.48,177.79,57.05,369.49
2024-25,21,Odisha,2024-09,2024-09-01,62.53,79.77,99.94,72.74,314.98
2024-25,21,Odisha,2024-10,2024-10-01,62.71,81.67,174.96,40.02,359.36
2024-25,21,Odisha,2024-11,2024-11-01,31.68,64.51,58.91,68.84,223.94
2024-25,21,Odisha,2024-12,2024-12-01,59.72,93.24,103.71,33.94,290.60999999999996
2024-25,21,Odisha,2025-01,2025-01-01,92.67,113.35,74.2,64.88,345.09999999999997
2024-25,21,Odisha,2025-02,2025-02-01,101.66,144.22,146.32,98.93,491.13
2024-25,21,Odisha,2025-03,2025-03-01,77.47,91.07,104.51,42.48,315.53000000000003
2024-25,22,Chhattisgarh,2024-04,2024-04-01,8.33,11.49,3.61,5.75,29.18
2024-25,22,Chhattisgarh,2024-05,2024-05-01,9.72,11.79,10.22,2.94,34.669999999999995
2024-25,22,Chhattisgarh,2024-06,2024-06-01,7.8,8.17,8.8,18.22,42.989999999999995
2024-25,22,Chhattisgarh,2024-07,2024-07-01,5.11,6.61,10.56,3.72,26.0
2024-25,22,Chhattisgarh,2024-08,2024-08-01,11.07,10.64,17.35,3.56,42.620000000000005
2024-25,22,Chhattisgarh,2024-09,2024-09-01,9.02,12.27,8.79,3.53,33.61
2024-25,22,Chhattisgarh,2024-10,2024-10-01,7.86,8.24,4.71,4.84,25.650000000000002
2024-25,22,Chhattisgarh,2024-11,2024-11-01,6.97,7.83,9.23,2.72,26.75
2024-25,22,Chhattisgarh,2024-12,2024-12-01,8.56,8.38,6.63,4.39,27.96
2024-25,22,Chhattisgarh,2025-01,2025-01-01,17.71,16.61,9.98,3.79,48.089999999999996
2024-25,22,Chhattisgarh,2025-02,2025-02-01,6.03,4.99,2.53,2.49,16.04
2024-25,22,Chhattisgarh,2025-03,2025-03-01,7.46,8.25,9.88,7.93,33.52
2024-25,23,Madhya Pradesh,2024-04,2024-04-01,39.14,54.34,117.77,12.24,223.49
2024-25,23,Madhya Pradesh,2024-05,2024-05-01,90.57,102.63,102.31,2.88,298.39
2024-25,23,Madhya Pradesh,2024-06,2024-06-01,41.61,49.46,84.78,0.55,176.4
2024-25,23,Madhya Pradesh,2024-07,2024-07-01,44.88,58.74,50.82,3.6,158.04
2024-25,23,Madhya Pradesh,2024-08,2024-08-01,42.48,50.55,77.29,5.18,175.5
2024-25,23,Madhya Pradesh,2024-09,2024-09-01,46.07,48.72,39.24,2.35,136.38
2024-25,23,Madhya Pradesh,2024-10,2024-10-01,65.37,69.6,77.83,7.0,219.8
2024-25,23,Madhya Pradesh,2024-11,2024-11-01,29.74,39.59,26.62,4.12,100.07000000000001
2024-25,23,Madhya Pradesh,2024-12,2024-12-01,63.03,76.9,79.81,1.86,221.60000000000002
2024-25,23,Madhya Pradesh,2025-01,2025-01-01,62.75,73.0,100.62,6.42,242.79
2024-25,23,Madhya Pradesh,2025-02,2025-02-01,44.29,37.76,145.47,5.33,232.85
2024-25,23,Madhya Pradesh,2025-03,2025-03-01,44.64,56.16,131.59,8.1,240.48999999999998
2024-25,24,Gujarat,2024-04,2024-04-01,469.57,610.62,385.92,33.34,1499.45
2024-25,24,Gujarat,2024-05,2024-05-01,481.42,686.73,433.89,148.83,1750.87
2024-25,24,Gujarat,2024-06,2024-06-01,459.51,588.56,363.46,19.65,1431.18
2024-25,24,Gujarat,2024-07,2024-07-01,334.36,419.44,409.98,19.89,1183.67
2024-25,24,Gujarat,2024-08,2024-08-01,573.57,770.26,443.86,297.03,2084.7200000000003
2024-25,24,Gujarat,2024-09,2024-09-01,436.74,594.85,863.45,32.21,1927.2500000000002
2024-25,24,Gujarat,2024-10,2024-10-01,448.78,530.58,294.77,18.73,1292.8600000000001
2024-25,24,Gujarat,2024-11,2024-11-01,407.62,551.57,644.07,16.89,1620.1500000000003
2024-25,24,Gujarat,2024-12,2024-12-01,400.04,596.82,620.7,23.79,1641.3500000000001
2024-25,24,Gujarat,2025-01,2025-01-01,563.74,808.21,446.7,26.22,1844.8700000000001
2024-25,24,Gujarat,2025-02,2025-02-01,389.34,560.85,403.09,33.69,1386.97
2024-25,24,Gujarat,2025-03,2025-03-01,426.16,598.31,532.31,18.02,1574.8
2024-25,26,Dadra and Nagar Haveli,2024-04,2024-04-01,24.03,33.55,158.09,0.01,215.68
2024-25,26,Dadra and Nagar Haveli,2024-05,2024-05-01,14.23,18.44,257.5,0.1,290.27000000000004
2024-25,26,Dadra and Nagar Haveli,2024-06,2024-06-01,22.4,20.35,81.03,0.01,123.79
2024-25,26,Dadra and Nagar Haveli,2024-07,2024-07-01,18.46,27.26,125.78,0.0,171.5
2024-25,26,Dadra and Nagar Haveli,2024-08,2024-08-01,0.0,43.62,173.5,0.01,217.13
2024-25,26,Dadra and Nagar Haveli,2024-09,2024-09-01,15.89,26.5,89.47,0.0,131.86
2024-25,26,Dadra and Nagar Haveli,2024-10,2024-10-01,10.89,27.51,60.82,0.0,99.22
2024-25,26,Dadra and Nagar Haveli,2024-11,2024-11-01,11.33,29.81,52.0,0.0,93.14
2024-25,26,Dadra and Nagar Haveli,2024-12,2024-12-01,45.53,69.21,57.55,0.06,172.35
2024-25,26,Dadra and Nagar Haveli,2025-01,2025-01-01,46.77,57.53,228.12,0.07,332.49
2024-25,26,Dadra and Nagar Haveli,2025-02,2025-02-01,33.61,40.61,152.56,0.0,226.78
2024-25,26,Dadra and Nagar Haveli,2025-03,2025-03-01,24.68,46.89,224.87,0.0,296.44
2024-25,27,Maharashtra,2024-04,2024-04-01,475.58,589.31,763.4,36.45,1864.74
2024-25,27,Maharashtra,2024-05,2024-05-01,591.84,915.5,685.69,33.33,2226.36
2024-25,27,Maharashtra,2024-06,2024-06-01,688.51,928.81,807.93,28.52,2453.77
2024-25,27,Maharashtra,2024-07,2024-07-01,434.6,529.09,697.08,41.41,1702.18
2024-25,27,Maharashtra,2024-08,2024-08-01,40.7,985.37,1123.96,19.47,2169.4999999999995
2024-25,27,Maharashtra,2024-09,2024-09-01,472.75,648.96,634.38,14.79,1770.88
2024-25,27,Maharashtra,2024-10,2024-10-01,520.13,707.59,820.27,115.99,2163.98
2024-25,27,Maharashtra,2024-11,2024-11-01,395.43,762.41,891.48,2.87,2052.1899999999996
2024-25,27,Maharashtra,2024-12,2024-12-01,736.78,884.23,846.49,22.53,2490.03
2024-25,27,Maharashtra,2025-01,2025-01-01,612.21,1161.43,1041.23,28.15,2843.02
2024-25,27,Maharashtra,2025-02,2025-02-01,0.0,692.04,1009.25,18.95,1720.24
2024-25,27,Maharashtra,2025-03,2025-03-01,440.02,942.6,516.39,29.32,1928.3299999999997
2024-25,29,Karnataka,2024-04,2024-04-01,541.66,556.41,1143.35,24.63,2266.05
2024-25,29,Karnataka,2024-05,2024-05-01,523.89,452.58,799.02,4.95,1780.44
2024-25,29,Karnataka,2024-06,2024-06-01,525.48,586.06,1015.46,14.99,2141.99
2024-25,29,Karnataka,2024-07,2024-07-01,235.57,234.3,503.21,0.5,973.5799999999999
2024-25,29,Karnataka,2024-08,2024-08-01,817.24,613.64,1088.99,0.6,2520.47
2024-25,29,Karnataka,2024-09,2024-09-01,329.09,361.27,688.82,52.36,1431.5399999999997
2024-25,29,Karnataka,2024-10,2024-10-01,381.36,413.69,1163.57,34.56,1993.1799999999998
2024-25,29,Karnataka,2024-11,2024-11-01,376.54,378.8,732.35,13.34,1501.03
2024-25,29,Karnataka,2024-12,2024-12-01,480.67,519.9,1050.41,0.06,2051.04
2024-25,29,Karnataka,2025-01,2025-01-01,749.11,722.71,1068.37,6.69,2546.88
2024-25,29,Karnataka,2025-02,2025-02-01,585.02,433.32,596.1,73.15,1687.5900000000001
2024-25,29,Karnataka,2025-03,2025-03-01,332.98,338.66,1031.93,7.35,1710.92
2024-25,30,Goa,2024-04,2024-04-01,8.32,8.54,75.39,0.0,92.25
2024-25,30,Goa,2024-05,2024-05-01,4.58,4.97,60.76,3.55,73.86
2024-25,30,Goa,2024-06,2024-06-01,7.26,7.98,48.62,5.31,69.17
2024-25,30,Goa,2024-07,2024-07-01,11.79,12.42,43.45,1.53,69.19
2024-25,30,Goa,2024-08,2024-08-01,564.21,4.53,35.52,0.6,604.86
2024-25,30,Goa,2024-09,2024-09-01,5.75,5.64,72.97,0.08,84.44
2024-25,30,Goa,2024-10,2024-10-01,9.82,9.15,23.77,25.28,68.02
2024-25,30,Goa,2024-11,2024-11-01,4.1,5.07,21.29,0.0,30.46
2024-25,30,Goa,2024-12,2024-12-01,7.39,7.7,47.33,0.97,63.39
2024-25,30,Goa,2025-01,2025-01-01,7.9,9.78,71.71,4.57,93.95999999999998
2024-25,30,Goa,2025-02,2025-02-01,424.48,7.46,21.39,0.0,453.33
2024-25,30,Goa,2025-03,2025-03-01,10.82,15.37,50.19,16.98,93.36
2024-25,31,Lakshawdeep,2024-04,2024-04-01,0.0,0.0,0.0,0.0,0.0
2024-25,31,Lakshawdeep,2024-05,2024-05-01,0.0,0.0,0.0,0.0,0.0
2024-25,31,Lakshawdeep,2024-06,2024-06-01,0.0,0.0,0.0,0.0,0.0
2024-25,31,Lakshawdeep,2024-07,2024-07-01,0.0,0.0,0.0,0.0,0.0
2024-25,31,Lakshawdeep,2024-08,2024-08-01,4.44,0.0,0.0,0.0,4.44
2024-25,31,Lakshawdeep,2024-09,2024-09-01,0.0,0.0,0.0,0.0,0.0
2024-25,31,Lakshawdeep,2024-10,2024-10-01,0.0,0.0,0.0,0.0,0.0
2024-25,31,Lakshawdeep,2024-11,2024-11-01,0.0,0.0,0.0,0.0,0.0
2024-25,31,Lakshawdeep,2024-12,2024-12-01,0.0,0.0,0.0,0.0,0.0
2024-25,31,Lakshawdeep,2025-01,2025-01-01,0.0,0.0,0.0,0.0,0.0
2024-25,31,Lakshawdeep,2025-02,2025-02-01,7.28,0.0,0.0,0.0,7.28
2024-25,31,Lakshawdeep,2025-03,2025-03-01,0.0,0.0,0.0,0.0,0.0
2024-25,32,Kerala,2024-04,2024-04-01,30.3,30.18,32.64,0.06,93.18
2024-25,32,Kerala,2024-05,2024-05-01,53.09,53.17,37.78,0.09,144.13000000000002
2024-25,32,Kerala,2024-06,2024-06-01,31.0,47.45,43.85,0.05,122.35000000000001
2024-25,32,Kerala,2024-07,2024-07-01,24.13,24.15,41.22,0.05,89.55
2024-25,32,Kerala,2024-08,2024-08-01,0.0,55.56,77.98,0.07,133.61
2024-25,32,Kerala,2024-09,2024-09-01,34.45,40.03,63.71,0.04,138.23
2024-25,32,Kerala,2024-10,2024-10-01,34.53,29.4,68.9,0.05,132.88000000000002
2024-25,32,Kerala,2024-11,2024-11-01,39.69,40.59,26.09,0.09,106.46000000000001
2024-25,32,Kerala,2024-12,2024-12-01,26.26,49.25,38.96,0.06,114.53
2024-25,32,Kerala,2025-01,2025-01-01,41.78,40.48,45.28,0.1,127.63999999999999
2024-25,32,Kerala,2025-02,2025-02-01,0.0,30.14,25.0,0.21,55.35
2024-25,32,Kerala,2025-03,2025-03-01,34.33,49.64,23.29,0.14,107.39999999999999
2024-25,33,Tamil Nadu,2024-04,2024-04-01,259.44,330.29,244.6,1.15,835.48
2024-25,33,Tamil Nadu,2024-05,2024-05-01,333.03,460.45,434.45,0.85,1228.78
2024-25,33,Tamil Nadu,2024-06,2024-06-01,283.0,464.85,299.89,1.09,1048.83
2024-25,33,Tamil Nadu,2024-07,2024-07-01,237.21,376.57,228.34,0.95,843.07
2024-25,33,Tamil Nadu,2024-08,2024-08-01,53.0,546.83,581.02,4.96,1185.81
2024-25,33,Tamil Nadu,2024-09,2024-09-01,259.37,311.77,397.95,1.44,970.53
2024-25,33,Tamil Nadu,2024-10,2024-10-01,297.61,477.61,370.44,1.32,1146.98
2024-25,33,Tamil Nadu,2024-11,2024-11-01,259.79,289.46,307.25,4.66,861.16
2024-25,33,Tamil Nadu,2024-12,2024-12-01,301.6,394.32,432.93,0.6,1129.45
2024-25,33,Tamil Nadu,2025-01,2025-01-01,359.42,525.55,459.52,0.91,1345.4
2024-25,33,Tamil Nadu,2025-02,2025-02-01,265.31,243.8,241.87,2.2,753.1800000000001
2024-25,33,Tamil Nadu,2025-03,2025-03-01,259.04,354.32,252.96,1.19,867.5100000000001
2024-25,34,Puducherry,2024-04,2024-04-01,0.37,4.84,21.66,0.0,26.87
2024-25,34,Puducherry,2024-05,2024-05-01,0.9,1.12,16.88,0.0,18.9
2024-25,34,Puducherry,2024-06,2024-06-01,0.67,0.63,15.33,0.0,16.63
2024-25,34,Puducherry,2024-07,2024-07-01,0.48,1.7,7.83,0.0,10.01
2024-25,34,Puducherry,2024-08,2024-08-01,360.36,0.37,36.68,0.02,397.43
2024-25,34,Puducherry,2024-09,2024-09-01,2.99,0.67,13.81,0.0,17.47
2024-25,34,Puducherry,2024-10,2024-10-01,1.32,3.71,15.56,0.0,20.59
2024-25,34,Puducherry,2024-11,2024-11-01,9.98,2.54,25.6,0.0,38.120000000000005
2024-25,34,Puducherry,2024-12,2024-12-01,0.7,0.74,21.91,0.23,23.580000000000002
2024-25,34,Puducherry,2025-01,2025-01-01,2.73,0.79,27.91,0.0,31.43
2024-25,34,Puducherry,2025-02,2025-02-01,0.5,0.6,16.41,0.0,17.51
2024-25,34,Puducherry,2025-03,2025-03-01,0.83,0.84,21.41,0.0,23.08
2024-25,35,Andaman and Nicobar Islands,2024-04,2024-04-01,0.54,0.53,0.44,0.0,1.51
2024-25,35,Andaman and Nicobar Islands,2024-05,2024-05-01,0.02,0.02,0.0,0.0,0.04
2024-25,35,Andaman and Nicobar Islands,2024-06,2024-06-01,0.06,0.06,0.01,0.0,0.13
2024-25,35,Andaman and Nicobar Islands,2024-07,2024-07-01,0.0,0.0,0.0,0.0,0.0
2024-25,35,Andaman and Nicobar Islands,2024-08,2024-08-01,0.48,0.0,0.0,0.0,0.48
2024-25,35,Andaman and Nicobar Islands,2024-09,2024-09-01,0.0,0.0,0.0,0.0,0.0
2024-25,35,Andaman and Nicobar Islands,2024-10,2024-10-01,0.0,0.0,0.0,0.0,0.0
2024-25,35,Andaman and Nicobar Islands,2024-11,2024-11-01,0.12,0.12,0.06,0.0,0.3
2024-25,35,Andaman and Nicobar Islands,2024-12,2024-12-01,0.4,0.4,0.39,0.0,1.19
2024-25,35,Andaman and Nicobar Islands,2025-01,2025-01-01,0.56,0.56,3.73,0.0,4.85
2024-25,35,Andaman and Nicobar Islands,2025-02,2025-02-01,0.01,0.01,0.0,0.01,0.03
2024-25,35,Andaman and Nicobar Islands,2025-03,2025-03-01,0.06,0.06,0.06,0.0,0.18
2024-25,36,Telangana,2024-04,2024-04-01,119.88,140.27,159.43,0.51,420.09
2024-25,36,Telangana,2024-05,2024-05-01,90.93,88.56,242.7,0.69,422.88
2024-25,36,Telangana,2024-06,2024-06-01,108.87,118.92,318.19,3.81,549.79
2024-25,36,Telangana,2024-07,2024-07-01,74.07,78.46,305.95,5.48,463.96
2024-25,36,Telangana,2024-08,2024-08-01,0.0,133.14,398.16,1.54,532.8399999999999
2024-25,36,Telangana,2024-09,2024-09-01,153.29,153.87,352.44,0.46,660.06
2024-25,36,Telangana,2024-10,2024-10-01,120.09,134.77,378.54,6.97,640.3700000000001
2024-25,36,Telangana,2024-11,2024-11-01,173.25,193.33,441.21,3.34,811.13
2024-25,36,Telangana,2024-12,2024-12-01,128.98,140.85,422.87,0.86,693.5600000000001
2024-25,36,Telangana,2025-01,2025-01-01,133.92,153.86,542.45,0.87,831.1
2024-25,36,Telangana,2025-02,2025-02-01,0.0,149.62,404.21,0.65,554.4799999999999
2024-25,36,Telangana,2025-03,2025-03-01,108.91,122.68,343.62,3.08,578.2900000000001
2024-25,37,Andhra Pradesh,2024-04,2024-04-01,52.05,74.84,266.11,14.43,407.43
2024-25,37,Andhra Pradesh,2024-05,2024-05-01,57.43,147.01,252.43,8.39,465.26
2024-25,37,Andhra Pradesh,2024-06,2024-06-01,54.26,60.55,170.54,2.02,287.37
2024-25,37,Andhra Pradesh,2024-07,2024-07-01,31.86,30.19,102.6,6.7,171.34999999999997
2024-25,37,Andhra Pradesh,2024-08,2024-08-01,128.89,51.3,149.18,17.88,347.25
2024-25,37,Andhra Pradesh,2024-09,2024-09-01,39.01,53.03,176.27,6.54,274.85
2024-25,37,Andhra Pradesh,2024-10,2024-10-01,23.76,36.38,253.72,8.16,322.02000000000004
2024-25,37,Andhra Pradesh,2024-11,2024-11-01,42.18,73.17,203.67,8.14,327.15999999999997
2024-25,37,Andhra Pradesh,2024-12,2024-12-01,22.04,21.91,110.86,12.78,167.59
2024-25,37,Andhra Pradesh,2025-01,2025-01-01,34.68,40.39,192.12,14.98,282.17
2024-25,37,Andhra Pradesh,2025-02,2025-02-01,187.04000000000002,41.29,250.1,12.86,491.29
2024-25,37,Andhra Pradesh,2025-03,2025-03-01,45.94,52.5,210.09,8.07,316.59999999999997
2024-25,38,Ladakh,2024-04,2024-04-01,3.83,3.21,0.0,0.35,7.39
2024-25,38,Ladakh,2024-05,2024-05-01,0.0,0.0,0.0,0.0,0.0
2024-25,38,Ladakh,2024-06,2024-06-01,0.56,0.54,0.08,0.0,1.1800000000000002
2024-25,38,Ladakh,2024-07,2024-07-01,0.0,0.0,0.0,0.0,0.0
2024-25,38,Ladakh,2024-08,2024-08-01,36.13,0.0,0.0,0.0,36.13
2024-25,38,Ladakh,2024-09,2024-09-01,0.0,0.0,0.0,0.0,0.0
2024-25,38,Ladakh,2024-10,2024-10-01,0.0,0.0,0.0,0.0,0.0
2024-25,38,Ladakh,2024-11,2024-11-01,0.0,0.0,0.0,0.0,0.0
2024-25,38,Ladakh,2024-12,2024-12-01,0.0,0.0,0.0,0.0,0.0
2024-25,38,Ladakh,2025-01,2025-01-01,0.06,0.04,0.0,0.0,0.1
2024-25,38,Ladakh,2025-02,2025-02-01,0.42,0.42,0.0,0.0,0.84
2024-25,38,Ladakh,2025-03,2025-03-01,2.05,2.05,0.0,0.0,4.1
2024-25,97,Other Territory,2024-04,2024-04-01,2.65,2.65,0.0,0.0,5.3
2024-25,97,Other Territory,2024-05,2024-05-01,2.0,2.0,2.8,0.0,6.8
2024-25,97,Other Territory,2024-06,2024-06-01,0.0,0.0,0.0,0.0,0.0
2024-25,97,Other Territory,2024-07,2024-07-01,0.0,0.0,0.0,0.0,0.0
2024-25,97,Other Territory,2024-08,2024-08-01,0.0,2.4,4.0,0.0,6.4
2024-25,97,Other Territory,2024-09,2024-09-01,0.0,0.0,0.0,0.0,0.0
2024-25,97,Other Territory,2024-10,2024-10-01,0.0,0.0,0.0,0.0,0.0
2024-25,97,Other Territory,2024-11,2024-11-01,0.0,0.0,0.0,0.0,0.0
2024-25,97,Other Territory,2024-12,2024-12-01,0.0,0.0,0.0,0.0,0.0
2024-25,97,Other Territory,2025-01,2025-01-01,0.0,0.0,0.0,0.0,0.0
2024-25,97,Other Territory,2025-02,2025-02-01,0.0,3.75,0.0,0.0,3.75
2024-25,97,Other Territory,2025-03,2025-03-01,3.25,3.25,2.0,0.0,8.5
2024-25,99,OIDAR,2024-04,2024-04-01,0.0,0.0,0.0,0.0,0.0
2024-25,99,OIDAR,2024-05,2024-05-01,0.0,0.0,0.0,0.0,0.0
2024-25,99,OIDAR,2024-06,2024-06-01,0.0,0.0,0.0,0.0,0.0
2024-25,99,OIDAR,2024-07,2024-07-01,0.0,0.0,1.06,0.0,1.06
2024-25,99,OIDAR,2024-08,2024-08-01,2.4,0.0,0.0,0.0,2.4
2024-25,99,OIDAR,2024-09,2024-09-01,0.0,0.0,0.0,0.0,0.0
2024-25,99,OIDAR,2024-10,2024-10-01,,,,,0.0
2024-25,99,OIDAR,2024-11,2024-11-01,0.0,0.0,0.0,0.0,0.0
2024-25,99,OIDAR,2024-12,2024-12-01,0.0,0.0,0.0,0.0,0.0
2024-25,99,OIDAR,2025-01,2025-01-01,0.0,0.0,0.0,0.0,0.0
2024-25,99,OIDAR,2025-02,2025-02-01,3.75,0.0,0.0,0.0,3.75
2024-25,99,OIDAR,2025-03,2025-03-01,0.0,0.0,0.0,0.0,0.0
2024-25,Domestic Refund (RFD-05) - All India,,2024-04,2024-04-01,2744.03,3309.25,4734.019999999999,222.82,11010.119999999999
2024-25,Domestic Refund (RFD-05) - All India,,2024-05,2024-05-01,3200.5299999999997,4093.2999999999993,4361.410000000001,309.03000000000003,11964.27
2024-25,Domestic Refund (RFD-05) - All India,,2024-06,2024-06-01,2897.5200000000004,3694.2999999999997,4337.339999999999,243.40000000000006,11172.56
2024-25,Domestic Refund (RFD-05) - All India,,2024-07,2024-07-01,1972.36,2447.65,3231.0799999999995,161.42999999999995,7812.52
2024-25,Domestic Refund (RFD-05) - All India,,2024-08,2024-08-01,3617.8900000000003,4404.97,5826.370000000001,448.8,14298.029999999999
2024-25,Domestic Refund (RFD-05) - All India,,2024-09,2024-09-01,2646.2799999999997,3246.05,4553.4,238.83999999999997,10684.57
2024-25,Domestic Refund (RFD-05) - All India,,2024-10,2024-10-01,2521.330000000001,3146.5400000000004,4536.400000000001,293.3400000000001,10497.61
2024-25,Domestic Refund (RFD-05) - All India,,2024-11,2024-11-01,2325.9399999999996,3237.8300000000004,4373.2,174.32999999999998,10111.3
2024-25,Domestic Refund (RFD-05) - All India,,2024-12,2024-12-01,2906.6499999999996,3653.4799999999996,4866.36,143.09,11569.580000000002
2024-25,Domestic Refund (RFD-05) - All India,,2025-01,2025-01-01,3617.0000000000005,4769.77,5788.919999999998,216.32999999999998,14392.019999999999
2024-25,Domestic Refund (RFD-05) - All India,,2025-02,2025-02-01,2606.9300000000003,3082.6200000000003,4807.8,268.88,10766.230000000003
2024-25,Domestic Refund (RFD-05) - All India,,2025-03,2025-03-01,2620.6600000000003,3661.11,5052.259999999999,192.14,11526.170000000002
2024-25,"IGST and CESS Refund on Exports
(disbursed by Customs)",,2024-04,2024-04-01,0.0,0.0,7429.7399893,67.3336317,7497.0736210000005
2024-25,"IGST and CESS Refund on Exports
(disbursed by Customs)",,2024-05,2024-05-01,0.0,0.0,16215.2026382,230.4675585,16445.6701967
2024-25,"IGST and CESS Refund on Exports
(disbursed by Customs)",,2024-06,2024-06-01,0.0,0.0,8603.5007238,169.4531575,8772.9538813
2024-25,"IGST and CESS Refund on Exports
(disbursed by Customs)",,2024-07,2024-07-01,0.0,0.0,8335.27,134.77,8470.04
2024-25,"IGST and CESS Refund on Exports
(disbursed by Customs)",,2024-08,2024-08-01,0.0,0.0,10074.3077958,87.8820285,10162.1898243
2024-25,"IGST and CESS Refund on Exports
(disbursed by Customs)",,2024-09,2024-09-01,0.0,0.0,9579.6404211,194.0741293,9773.7145504
2024-25,"IGST and CESS Refund on Exports
(disbursed by Customs)",,2024-10,2024-10-01,0.0,0.0,8605.7313392,202.2811168,8808.012456
2024-25,"IGST and CESS Refund on Exports
(disbursed by Customs)",,2024-11,2024-11-01,0.0,0.0,9018.5829218,128.7801449,9147.3630667
2024-25,"IGST and CESS Refund on Exports
(disbursed by Customs)",,2024-12,2024-12-01,0.0,0.0,10766.1279425,154.4120785,10920.540020999999
2024-25,"IGST and CESS Refund on Exports
(disbursed by Customs)",,2025-01,2025-01-01,0.0,0.0,9274.3498432,186.4612207,9460.8110639
2024-25,"IGST and CESS Refund on Exports
(disbursed by Customs)",,2025-02,2025-02-01,0.0,0.0,10004.941369,117.5632268,10122.504595800001
2024-25,"IGST and CESS Refund on Exports
(disbursed by Customs)",,2025-03,2025-03-01,0.0,0.0,8071.1526142,17.540685,8088.6932992
2024-25,Total GST Refund - All India,,2024-04,2024-04-01,2744.03,3309.25,12163.759989299999,290.1536317,18507.193621
2024-25,Total GST Refund - All India,,2024-05,2024-05-01,3200.5299999999997,4093.2999999999993,20576.6126382,539.4975585,28409.9401967
2024-25,Total GST Refund - All India,,2024-06,2024-06-01,2897.5200000000004,3694.2999999999997,12940.8407238,412.85315750000007,19945.5138813
2024-25,Total GST Refund - All India,,2024-07,2024-07-01,1972.36,2447.65,11566.35,296.19999999999993,16282.560000000001
2024-25,Total GST Refund - All India,,2024-08,2024-08-01,3617.8900000000003,4404.97,15900.6777958,536.6820285,24460.2198243
2024-25,Total GST Refund - All India,,2024-09,2024-09-01,2646.2799999999997,3246.05,14133.0404211,432.9141293,20458.2845504
2024-25,Total GST Refund - All India,,2024-10,2024-10-01,2521.330000000001,3146.5400000000004,13142.131339200001,495.6211168000001,19305.622456
2024-25,Total GST Refund - All India,,2024-11,2024-11-01,2325.9399999999996,3237.8300000000004,13391.7829218,303.1101449,19258.6630667
2024-25,Total GST Refund - All India,,2024-12,2024-12-01,2906.6499999999996,3653.4799999999996,15632.4879425,297.50207850000004,22490.120021000002
2024-25,Total GST Refund - All India,,2025-01,2025-01-01,3617.0000000000005,4769.77,15063.269843199998,402.7912207,23852.831063899997
2024-25,Total GST Refund - All India,,2025-02,2025-02-01,2606.9300000000003,3082.6200000000003,14812.741369,386.4432268,20888.734595800004
2024-25,Total GST Refund - All India,,2025-03,2025-03-01,2620.6600000000003,3661.11,13123.412614199999,209.68068499999998,19614.863299200002
2025-26,01,Jammu and Kashmir,2025-04,2025-04-01,3.47,3.4,1.45,,8.32
2025-26,01,Jammu and Kashmir,2025-05,2025-05-01,1.9,2.59,6.3,,10.79
2025-26,01,Jammu and Kashmir,2025-06,2025-06-01,2.8,1.94,2.93,,7.67
2025-26,01,Jammu and Kashmir,2025-07,2025-07-01,1.42,1.56,4.58,,7.5600000000000005
2025-26,01,Jammu and Kashmir,2025-08,2025-08-01,1.48,1.69,7.78,,10.95
2025-26,01,Jammu and Kashmir,2025-09,2025-09-01,3.46,4.16,7.73,,15.350000000000001
2025-26,01,Jammu and Kashmir,2025-10,2025-10-01,8.72,9.16,13.73,,31.610000000000003
2025-26,01,Jammu and Kashmir,2025-11,2025-11-01,8.02,8.85,24.16,,41.03
2025-26,01,Jammu and Kashmir,2025-12,2025-12-01,9.010000000000002,9.5,16.82,,35.33
2025-26,01,Jammu and Kashmir,2026-01,2026-01-01,5.67,5.62,11.21,,22.5
2025-26,01,Jammu and Kashmir,2026-02,2026-02-01,14.58,13.3,25.82,,53.7
2025-26,02,Himachal Pradesh,2025-04,2025-04-01,11.77,23.87,93.67,,129.31
2025-26,02,Himachal Pradesh,2025-05,2025-05-01,14.89,32.38,33.87,,81.14
2025-26,02,Himachal Pradesh,2025-06,2025-06-01,13.01,27.21,27.28,,67.5
2025-26,02,Himachal Pradesh,2025-07,2025-07-01,18.93,29.95,72.75,,121.63
2025-26,02,Himachal Pradesh,2025-08,2025-08-01,11.07,23.91,49.97,,84.95
2025-26,02,Himachal Pradesh,2025-09,2025-09-01,20.8,25.69,66.13,,112.62
2025-26,02,Himachal Pradesh,2025-10,2025-10-01,16.58,36.5,47.48,,100.56
2025-26,02,Himachal Pradesh,2025-11,2025-11-01,25.6,33.08,50.47,,109.15
2025-26,02,Himachal Pradesh,2025-12,2025-12-01,32.879999999999995,56.949999999999996,89.53999999999999,,179.36999999999998
2025-26,02,Himachal Pradesh,2026-01,2026-01-01,27.13,40.49,141.92,,209.54
2025-26,02,Himachal Pradesh,2026-02,2026-02-01,34.58,45.17,107.68,,187.43
2025-26,03,Punjab,2025-04,2025-04-01,122.23,177.53,59.56,,359.32
2025-26,03,Punjab,2025-05,2025-05-01,46.11,75.1,50.55,,171.76
2025-26,03,Punjab,2025-06,2025-06-01,20.78,31.22,11.01,,63.01
2025-26,03,Punjab,2025-07,2025-07-01,41.03,70.81,28.32,,140.16
2025-26,03,Punjab,2025-08,2025-08-01,96.07,155.58,74.59,,326.24
2025-26,03,Punjab,2025-09,2025-09-01,109.52,155.32,97.56,,362.4
2025-26,03,Punjab,2025-10,2025-10-01,21.67,40.88,15.9,,78.45
2025-26,03,Punjab,2025-11,2025-11-01,21.65,37.68,9.87,,69.2
2025-26,03,Punjab,2025-12,2025-12-01,92.80000000000001,199.94,37.18,,329.92
2025-26,03,Punjab,2026-01,2026-01-01,68.72,192.5,31.74,,292.96000000000004
2025-26,03,Punjab,2026-02,2026-02-01,51.75,110.46,56.82,,219.02999999999997
2025-26,04,Chandigarh,2025-04,2025-04-01,0.36,0.41,2.0,,2.77
2025-26,04,Chandigarh,2025-05,2025-05-01,1.18,1.16,23.75,,26.09
2025-26,04,Chandigarh,2025-06,2025-06-01,0.81,0.86,5.64,,7.31
2025-26,04,Chandigarh,2025-07,2025-07-01,1.35,1.35,7.41,,10.11
2025-26,04,Chandigarh,2025-08,2025-08-01,1.86,1.73,5.09,,8.68
2025-26,04,Chandigarh,2025-09,2025-09-01,0.69,0.97,3.7,,5.36
2025-26,04,Chandigarh,2025-10,2025-10-01,1.69,1.43,1.12,,4.24
2025-26,04,Chandigarh,2025-11,2025-11-01,0.95,0.95,0.75,,2.65
2025-26,04,Chandigarh,2025-12,2025-12-01,0.10999999999999999,0.27999999999999997,0.46,,0.85
2025-26,04,Chandigarh,2026-01,2026-01-01,1.74,1.74,21.63,,25.11
2025-26,04,Chandigarh,2026-02,2026-02-01,0.29,0.29,2.83,,3.41
2025-26,05,Uttarakhand,2025-04,2025-04-01,14.63,29.31,33.44,,77.38
2025-26,05,Uttarakhand,2025-05,2025-05-01,32.03,45.33,57.66,,135.01999999999998
2025-26,05,Uttarakhand,2025-06,2025-06-01,24.54,36.21,65.76,,126.51
2025-26,05,Uttarakhand,2025-07,2025-07-01,13.03,20.01,20.41,,53.45
2025-26,05,Uttarakhand,2025-08,2025-08-01,10.92,14.88,21.39,,47.19
2025-26,05,Uttarakhand,2025-09,2025-09-01,17.45,25.11,57.54,,100.1
2025-26,05,Uttarakhand,2025-10,2025-10-01,18.17,25.37,31.05,,74.59
2025-26,05,Uttarakhand,2025-11,2025-11-01,18.18,25.04,87.03,,130.25
2025-26,05,Uttarakhand,2025-12,2025-12-01,33.25,53.18000000000001,51.809999999999995,,138.24
2025-26,05,Uttarakhand,2026-01,2026-01-01,48.59,77.12,69.37,,195.08
2025-26,05,Uttarakhand,2026-02,2026-02-01,24.42,35.15,43.77,,103.34
2025-26,06,Haryana,2025-04,2025-04-01,133.77,171.35,310.24,,615.36
2025-26,06,Haryana,2025-05,2025-05-01,201.47,226.7,1551.64,,1979.81
2025-26,06,Haryana,2025-06,2025-06-01,213.48,237.97,400.56,,852.01
2025-26,06,Haryana,2025-07,2025-07-01,261.03,256.24,448.03,,965.3
2025-26,06,Haryana,2025-08,2025-08-01,143.41,154.81,289.09,,587.31
2025-26,06,Haryana,2025-09,2025-09-01,177.43,218.47,661.67,,1057.57
2025-26,06,Haryana,2025-10,2025-10-01,186.28,202.45,322.25,,710.98
2025-26,06,Haryana,2025-11,2025-11-01,118.82,122.92,232.65,,474.39
2025-26,06,Haryana,2025-12,2025-12-01,199.15,213.07,956.35,,1368.5700000000002
2025-26,06,Haryana,2026-01,2026-01-01,217.11,234.3,328.91,,780.32
2025-26,06,Haryana,2026-02,2026-02-01,139.19,163.37,295.1,,597.6600000000001
2025-26,07,Delhi,2025-04,2025-04-01,44.93,55.74,65.97,,166.64
2025-26,07,Delhi,2025-05,2025-05-01,62.61,80.22,92.07,,234.89999999999998
2025-26,07,Delhi,2025-06,2025-06-01,52.4,60.96,81.75,,195.11
2025-26,07,Delhi,2025-07,2025-07-01,73.53,89.52,117.7,,280.75
2025-26,07,Delhi,2025-08,2025-08-01,30.04,39.22,49.04,,118.29999999999998
2025-26,07,Delhi,2025-09,2025-09-01,70.76,93.0,1705.35,,1869.11
2025-26,07,Delhi,2025-10,2025-10-01,75.41,91.22,159.72,,326.35
2025-26,07,Delhi,2025-11,2025-11-01,26.31,33.03,52.02,,111.36000000000001
2025-26,07,Delhi,2025-12,2025-12-01,42.330000000000005,53.49,1436.83,,1532.6499999999999
2025-26,07,Delhi,2026-01,2026-01-01,49.77,67.69,108.87,,226.33
2025-26,07,Delhi,2026-02,2026-02-01,48.92,68.38,63.45,,180.75
2025-26,08,Rajasthan,2025-04,2025-04-01,68.9,80.09,146.03,,295.02
2025-26,08,Rajasthan,2025-05,2025-05-01,119.86,189.84,249.86,,559.56
2025-26,08,Rajasthan,2025-06,2025-06-01,64.02,91.16,107.99,,263.17
2025-26,08,Rajasthan,2025-07,2025-07-01,103.22,122.28,167.13,,392.63
2025-26,08,Rajasthan,2025-08,2025-08-01,82.02,102.48,157.31,,341.81
2025-26,08,Rajasthan,2025-09,2025-09-01,113.36,136.51,202.87,,452.74
2025-26,08,Rajasthan,2025-10,2025-10-01,72.65,95.69,80.05,,248.39
2025-26,08,Rajasthan,2025-11,2025-11-01,44.01,63.35,64.72,,172.07999999999998
2025-26,08,Rajasthan,2025-12,2025-12-01,127.30000000000001,159.23,163.74,,450.27
2025-26,08,Rajasthan,2026-01,2026-01-01,80.76,97.51,124.59,,302.86
2025-26,08,Rajasthan,2026-02,2026-02-01,75.6,93.27,134.92,,303.78999999999996
2025-26,09,Uttar Pradesh,2025-04,2025-04-01,183.68,175.8,249.23,,608.71
2025-26,09,Uttar Pradesh,2025-05,2025-05-01,316.12,293.18,346.08,,955.3799999999999
2025-26,09,Uttar Pradesh,2025-06,2025-06-01,168.47,184.53,357.86,,710.86
2025-26,09,Uttar Pradesh,2025-07,2025-07-01,197.04,199.51,232.71,,629.26
2025-26,09,Uttar Pradesh,2025-08,2025-08-01,155.85,147.77,486.1,,789.72
2025-26,09,Uttar Pradesh,2025-09,2025-09-01,202.71,228.22,426.68,,857.61
2025-26,09,Uttar Pradesh,2025-10,2025-10-01,182.39,179.5,189.09,,550.98
2025-26,09,Uttar Pradesh,2025-11,2025-11-01,144.02,154.15,205.03,,503.20000000000005
2025-26,09,Uttar Pradesh,2025-12,2025-12-01,257.41999999999996,275.08,415.49,,947.99
2025-26,09,Uttar Pradesh,2026-01,2026-01-01,179.41,199.38,305.29,,684.0799999999999
2025-26,09,Uttar Pradesh,2026-02,2026-02-01,182.16,210.62,267.73,,660.51
2025-26,10,Bihar,2025-04,2025-04-01,0.87,0.64,1.34,,2.85
2025-26,10,Bihar,2025-05,2025-05-01,5.14,5.43,0.75,,11.32
2025-26,10,Bihar,2025-06,2025-06-01,5.73,6.1,8.34,,20.17
2025-26,10,Bihar,2025-07,2025-07-01,3.84,4.18,7.33,,15.35
2025-26,10,Bihar,2025-08,2025-08-01,1.34,1.26,1.84,,4.44
2025-26,10,Bihar,2025-09,2025-09-01,5.08,4.91,5.58,,15.57
2025-26,10,Bihar,2025-10,2025-10-01,9.17,10.04,4.38,,23.59
2025-26,10,Bihar,2025-11,2025-11-01,3.34,3.24,6.52,,13.1
2025-26,10,Bihar,2025-12,2025-12-01,4.54,4.06,3.540000000000001,,12.14
2025-26,10,Bihar,2026-01,2026-01-01,8.23,5.12,3.5,,16.85
2025-26,10,Bihar,2026-02,2026-02-01,2.58,2.61,8.28,,13.469999999999999
2025-26,11,Sikkim,2025-04,2025-04-01,0.11,0.07,0.11,,0.29
2025-26,11,Sikkim,2025-05,2025-05-01,0.01,0.01,0.0,,0.02
2025-26,11,Sikkim,2025-06,2025-06-01,0.05,0.02,0.1,,0.17
2025-26,11,Sikkim,2025-07,2025-07-01,0.0,0.0,0.0,,0.0
2025-26,11,Sikkim,2025-08,2025-08-01,0.02,0.02,0.73,,0.77
2025-26,11,Sikkim,2025-09,2025-09-01,0.02,0.02,0.02,,0.06
2025-26,11,Sikkim,2025-10,2025-10-01,0.04,0.04,0.4,,0.48000000000000004
2025-26,11,Sikkim,2025-11,2025-11-01,0.43,0.43,0.16,,1.02
2025-26,11,Sikkim,2025-12,2025-12-01,1.44,1.44,0.0,,2.88
2025-26,11,Sikkim,2026-01,2026-01-01,0.69,0.69,0.15,,1.5299999999999998
2025-26,11,Sikkim,2026-02,2026-02-01,0.0,0.0,0.09,,0.09
2025-26,12,Arunachal Pradesh,2025-04,2025-04-01,0.6,0.51,0.0,,1.1099999999999999
2025-26,12,Arunachal Pradesh,2025-05,2025-05-01,0.0,0.0,0.0,,0.0
2025-26,12,Arunachal Pradesh,2025-06,2025-06-01,0.55,0.55,0.17,,1.27
2025-26,12,Arunachal Pradesh,2025-07,2025-07-01,0.2,0.2,0.01,,0.41000000000000003
2025-26,12,Arunachal Pradesh,2025-08,2025-08-01,0.03,0.03,0.0,,0.06
2025-26,12,Arunachal Pradesh,2025-09,2025-09-01,0.16,0.16,0.31,,0.63
2025-26,12,Arunachal Pradesh,2025-10,2025-10-01,0.59,0.59,0.0,,1.18
2025-26,12,Arunachal Pradesh,2025-11,2025-11-01,0.0,0.0,0.0,,0.0
2025-26,12,Arunachal Pradesh,2025-12,2025-12-01,0.9,0.9,0.18,,1.98
2025-26,12,Arunachal Pradesh,2026-01,2026-01-01,2.38,2.34,0.07,,4.79
2025-26,12,Arunachal Pradesh,2026-02,2026-02-01,0.75,0.68,0.0,,1.4300000000000002
2025-26,13,Nagaland,2025-04,2025-04-01,0.23,0.36,0.06,,0.6499999999999999
2025-26,13,Nagaland,2025-05,2025-05-01,2.47,2.35,3.71,,8.530000000000001
2025-26,13,Nagaland,2025-06,2025-06-01,0.0,0.0,0.0,,0.0
2025-26,13,Nagaland,2025-07,2025-07-01,1.16,1.06,0.01,,2.2299999999999995
2025-26,13,Nagaland,2025-08,2025-08-01,0.35,0.35,4.63,,5.33
2025-26,13,Nagaland,2025-09,2025-09-01,0.69,0.69,6.66,,8.04
2025-26,13,Nagaland,2025-10,2025-10-01,1.82,1.85,0.0,,3.67
2025-26,13,Nagaland,2025-11,2025-11-01,1.18,1.18,0.0,,2.36
2025-26,13,Nagaland,2025-12,2025-12-01,2.4299999999999997,2.5700000000000003,4.52,,9.52
2025-26,13,Nagaland,2026-01,2026-01-01,0.27,0.09,0.35,,0.71
2025-26,13,Nagaland,2026-02,2026-02-01,1.42,1.55,0.06,,3.03
2025-26,14,Manipur,2025-04,2025-04-01,0.34,0.33,0.09,,0.76
2025-26,14,Manipur,2025-05,2025-05-01,1.74,1.74,0.0,,3.48
2025-26,14,Manipur,2025-06,2025-06-01,1.48,5.56,0.0,,7.039999999999999
2025-26,14,Manipur,2025-07,2025-07-01,3.22,2.58,0.0,,5.800000000000001
2025-26,14,Manipur,2025-08,2025-08-01,0.1,0.1,0.0,,0.2
2025-26,14,Manipur,2025-09,2025-09-01,0.75,0.7,0.0,,1.45
2025-26,14,Manipur,2025-10,2025-10-01,0.56,0.43,0.17,,1.16
2025-26,14,Manipur,2025-11,2025-11-01,0.55,1.3,0.0,,1.85
2025-26,14,Manipur,2025-12,2025-12-01,0.7799999999999999,1.1199999999999999,0.0,,1.9
2025-26,14,Manipur,2026-01,2026-01-01,0.68,0.62,0.0,,1.3
2025-26,14,Manipur,2026-02,2026-02-01,0.24,0.24,0.01,,0.49
2025-26,15,Mizoram,2025-04,2025-04-01,0.05,0.05,0.0,,0.1
2025-26,15,Mizoram,2025-05,2025-05-01,0.73,0.78,0.0,,1.51
2025-26,15,Mizoram,2025-06,2025-06-01,0.02,0.02,0.0,,0.04
2025-26,15,Mizoram,2025-07,2025-07-01,0.7,0.81,0.0,,1.51
2025-26,15,Mizoram,2025-08,2025-08-01,1.96,1.95,2.25,,6.16
2025-26,15,Mizoram,2025-09,2025-09-01,0.03,0.02,0.0,,0.05
2025-26,15,Mizoram,2025-10,2025-10-01,0.2,0.11,0.0,,0.31
2025-26,15,Mizoram,2025-11,2025-11-01,0.3,0.3,0.0,,0.6
2025-26,15,Mizoram,2025-12,2025-12-01,0.84,0.74,0.0,,1.58
2025-26,15,Mizoram,2026-01,2026-01-01,4.55,4.55,0.01,,9.11
2025-26,15,Mizoram,2026-02,2026-02-01,0.26,0.09,0.0,,0.35
2025-26,16,Tripura,2025-04,2025-04-01,0.01,0.01,0.3,,0.32
2025-26,16,Tripura,2025-05,2025-05-01,0.65,0.55,0.06,,1.2600000000000002
2025-26,16,Tripura,2025-06,2025-06-01,0.58,0.56,0.07,,1.2100000000000002
2025-26,16,Tripura,2025-07,2025-07-01,0.39,0.39,0.05,,0.8300000000000001
2025-26,16,Tripura,2025-08,2025-08-01,0.05,0.04,0.0,,0.09
2025-26,16,Tripura,2025-09,2025-09-01,0.2,0.2,0.0,,0.4
2025-26,16,Tripura,2025-10,2025-10-01,0.11,0.11,0.03,,0.25
2025-26,16,Tripura,2025-11,2025-11-01,0.27,0.27,0.09,,0.63
2025-26,16,Tripura,2025-12,2025-12-01,0.05,0.9,0.08,,1.03
2025-26,16,Tripura,2026-01,2026-01-01,0.28,0.22,0.03,,0.53
2025-26,16,Tripura,2026-02,2026-02-01,0.01,0.02,0.06,,0.09
2025-26,17,Meghalaya,2025-04,2025-04-01,0.15,0.07,0.06,,0.28
2025-26,17,Meghalaya,2025-05,2025-05-01,0.16,0.15,0.13,,0.44
2025-26,17,Meghalaya,2025-06,2025-06-01,0.29,0.29,0.09,,0.6699999999999999
2025-26,17,Meghalaya,2025-07,2025-07-01,0.09,0.02,0.1,,0.21000000000000002
2025-26,17,Meghalaya,2025-08,2025-08-01,0.43,0.43,6.78,,7.640000000000001
2025-26,17,Meghalaya,2025-09,2025-09-01,0.54,0.57,0.17,,1.2799999999999998
2025-26,17,Meghalaya,2025-10,2025-10-01,0.12,0.12,1.26,,1.5
2025-26,17,Meghalaya,2025-11,2025-11-01,0.73,0.73,0.06,,1.52
2025-26,17,Meghalaya,2025-12,2025-12-01,0.06999999999999998,0.07999999999999999,0.97,,1.1199999999999999
2025-26,17,Meghalaya,2026-01,2026-01-01,0.0,0.0,0.02,,0.02
2025-26,17,Meghalaya,2026-02,2026-02-01,0.68,0.48,0.41,,1.57
2025-26,18,Assam,2025-04,2025-04-01,6.11,27.52,60.27,,93.9
2025-26,18,Assam,2025-05,2025-05-01,10.21,12.97,1.18,,24.36
2025-26,18,Assam,2025-06,2025-06-01,3.24,3.98,2.31,,9.530000000000001
2025-26,18,Assam,2025-07,2025-07-01,10.12,8.86,4.11,,23.089999999999996
2025-26,18,Assam,2025-08,2025-08-01,44.57,14.52,7.16,,66.25
2025-26,18,Assam,2025-09,2025-09-01,8.19,8.21,44.76,,61.16
2025-26,18,Assam,2025-10,2025-10-01,5.87,5.33,1.77,,12.969999999999999
2025-26,18,Assam,2025-11,2025-11-01,8.59,7.49,3.99,,20.07
2025-26,18,Assam,2025-12,2025-12-01,7.1899999999999995,6.959999999999999,2.1199999999999997,,16.27
2025-26,18,Assam,2026-01,2026-01-01,6.61,6.66,58.55,,71.82
2025-26,18,Assam,2026-02,2026-02-01,19.01,17.15,15.15,,51.309999999999995
2025-26,19,West Bengal,2025-04,2025-04-01,92.18,120.3,96.97,,309.45000000000005
2025-26,19,West Bengal,2025-05,2025-05-01,146.35,187.58,100.89,,434.82
2025-26,19,West Bengal,2025-06,2025-06-01,119.07,134.59,87.72,,341.38
2025-26,19,West Bengal,2025-07,2025-07-01,146.92,159.5,129.05,,435.46999999999997
2025-26,19,West Bengal,2025-08,2025-08-01,62.59,73.58,72.69,,208.86
2025-26,19,West Bengal,2025-09,2025-09-01,119.24,125.57,122.49,,367.3
2025-26,19,West Bengal,2025-10,2025-10-01,106.18,120.73,90.57,,317.48
2025-26,19,West Bengal,2025-11,2025-11-01,72.86,78.66,55.57,,207.08999999999997
2025-26,19,West Bengal,2025-12,2025-12-01,124.35,147.07999999999998,133.3,,404.72999999999996
2025-26,19,West Bengal,2026-01,2026-01-01,115.63,137.75,140.96,,394.34000000000003
2025-26,19,West Bengal,2026-02,2026-02-01,75.93,86.52,57.85,,220.29999999999998
2025-26,20,Jharkhand,2025-04,2025-04-01,13.42,13.39,129.42,,156.23
2025-26,20,Jharkhand,2025-05,2025-05-01,17.97,21.99,33.29,,73.25
2025-26,20,Jharkhand,2025-06,2025-06-01,3.93,3.98,3.55,,11.46
2025-26,20,Jharkhand,2025-07,2025-07-01,8.12,7.74,12.67,,28.53
2025-26,20,Jharkhand,2025-08,2025-08-01,2.79,5.01,1.74,,9.54
2025-26,20,Jharkhand,2025-09,2025-09-01,9.86,16.79,2.95,,29.599999999999998
2025-26,20,Jharkhand,2025-10,2025-10-01,19.2,19.23,31.31,,69.74
2025-26,20,Jharkhand,2025-11,2025-11-01,1.26,1.47,1.9,,4.63
2025-26,20,Jharkhand,2025-12,2025-12-01,11.25,11.620000000000001,4.99,,27.86
2025-26,20,Jharkhand,2026-01,2026-01-01,10.13,17.02,18.13,,45.28
2025-26,20,Jharkhand,2026-02,2026-02-01,6.84,11.4,9.65,,27.89
2025-26,21,Odisha,2025-04,2025-04-01,109.92,105.53,55.05,,270.5
2025-26,21,Odisha,2025-05,2025-05-01,60.32,68.67,120.19,,249.18
2025-26,21,Odisha,2025-06,2025-06-01,27.91,30.45,60.78,,119.14
2025-26,21,Odisha,2025-07,2025-07-01,60.45,71.57,149.94,,281.96
2025-26,21,Odisha,2025-08,2025-08-01,102.66,114.99,227.32,,444.96999999999997
2025-26,21,Odisha,2025-09,2025-09-01,45.83,54.82,37.88,,138.53
2025-26,21,Odisha,2025-10,2025-10-01,49.37,49.96,187.45,,286.78
2025-26,21,Odisha,2025-11,2025-11-01,81.21,87.91,43.95,,213.07
2025-26,21,Odisha,2025-12,2025-12-01,137.17,142.99,242.39999999999998,,522.56
2025-26,21,Odisha,2026-01,2026-01-01,132.13,150.42,33.51,,316.05999999999995
2025-26,21,Odisha,2026-02,2026-02-01,45.32,54.6,78.84,,178.76
2025-26,22,Chhattisgarh,2025-04,2025-04-01,9.82,13.33,13.83,,36.98
2025-26,22,Chhattisgarh,2025-05,2025-05-01,22.74,20.24,15.74,,58.72
2025-26,22,Chhattisgarh,2025-06,2025-06-01,8.54,8.88,15.64,,33.06
2025-26,22,Chhattisgarh,2025-07,2025-07-01,18.69,21.04,16.37,,56.10000000000001
2025-26,22,Chhattisgarh,2025-08,2025-08-01,17.23,14.61,24.45,,56.29
2025-26,22,Chhattisgarh,2025-09,2025-09-01,9.59,9.47,13.67,,32.730000000000004
2025-26,22,Chhattisgarh,2025-10,2025-10-01,13.91,14.28,13.78,,41.97
2025-26,22,Chhattisgarh,2025-11,2025-11-01,8.87,11.7,3.01,,23.58
2025-26,22,Chhattisgarh,2025-12,2025-12-01,14.06,13.24,20.509999999999998,,47.81
2025-26,22,Chhattisgarh,2026-01,2026-01-01,14.92,17.11,15.01,,47.04
2025-26,22,Chhattisgarh,2026-02,2026-02-01,14.9,14.73,12.83,,42.46
2025-26,23,Madhya Pradesh,2025-04,2025-04-01,71.48,76.08,68.93,,216.49
2025-26,23,Madhya Pradesh,2025-05,2025-05-01,101.77,102.55,143.21,,347.53
2025-26,23,Madhya Pradesh,2025-06,2025-06-01,39.02,45.82,90.33,,175.17000000000002
2025-26,23,Madhya Pradesh,2025-07,2025-07-01,47.67,60.95,55.6,,164.22
2025-26,23,Madhya Pradesh,2025-08,2025-08-01,72.97,76.19,116.13,,265.28999999999996
2025-26,23,Madhya Pradesh,2025-09,2025-09-01,78.34,97.66,106.72,,282.72
2025-26,23,Madhya Pradesh,2025-10,2025-10-01,37.71,48.43,64.26,,150.4
2025-26,23,Madhya Pradesh,2025-11,2025-11-01,30.43,47.11,28.33,,105.86999999999999
2025-26,23,Madhya Pradesh,2025-12,2025-12-01,88.35000000000001,112.78999999999999,114.03,,315.16999999999996
2025-26,23,Madhya Pradesh,2026-01,2026-01-01,55.81,83.43,87.33,,226.57
2025-26,23,Madhya Pradesh,2026-02,2026-02-01,45.25,49.07,97.17,,191.49
2025-26,24,Gujarat,2025-04,2025-04-01,498.36,692.87,948.83,,2140.06
2025-26,24,Gujarat,2025-05,2025-05-01,699.98,928.6,1035.83,,2664.41
2025-26,24,Gujarat,2025-06,2025-06-01,593.2,722.34,1101.55,,2417.09
2025-26,24,Gujarat,2025-07,2025-07-01,525.57,652.39,3626.27,,4804.23
2025-26,24,Gujarat,2025-08,2025-08-01,379.4,504.39,686.81,,1570.6
2025-26,24,Gujarat,2025-09,2025-09-01,492.58,642.97,681.43,,1816.98
2025-26,24,Gujarat,2025-10,2025-10-01,529.99,691.12,723.98,,1945.0900000000001
2025-26,24,Gujarat,2025-11,2025-11-01,295.92,422.06,405.33,,1123.31
2025-26,24,Gujarat,2025-12,2025-12-01,749.1199999999999,1124.97,616.61,,2490.7
2025-26,24,Gujarat,2026-01,2026-01-01,651.82,902.83,570.95,,2125.6000000000004
2025-26,24,Gujarat,2026-02,2026-02-01,490.04,629.06,704.16,,1823.2599999999998
2025-26,26,Dadra and Nagar Haveli,2025-04,2025-04-01,24.56,31.7,116.58,,172.84
2025-26,26,Dadra and Nagar Haveli,2025-05,2025-05-01,30.9,47.4,123.41,,201.70999999999998
2025-26,26,Dadra and Nagar Haveli,2025-06,2025-06-01,29.2,36.94,50.38,,116.52000000000001
2025-26,26,Dadra and Nagar Haveli,2025-07,2025-07-01,16.6,44.61,138.75,,199.96
2025-26,26,Dadra and Nagar Haveli,2025-08,2025-08-01,21.08,36.03,91.26,,148.37
2025-26,26,Dadra and Nagar Haveli,2025-09,2025-09-01,11.72,22.84,56.04,,90.6
2025-26,26,Dadra and Nagar Haveli,2025-10,2025-10-01,18.07,26.14,117.36,,161.57
2025-26,26,Dadra and Nagar Haveli,2025-11,2025-11-01,34.32,38.43,133.79,,206.54
2025-26,26,Dadra and Nagar Haveli,2025-12,2025-12-01,21.919999999999998,34.56,368.90999999999997,,425.39
2025-26,26,Dadra and Nagar Haveli,2026-01,2026-01-01,66.44,23.12,237.03,,326.59000000000003
2025-26,26,Dadra and Nagar Haveli,2026-02,2026-02-01,18.47,46.34,291.77,,356.58
2025-26,27,Maharashtra,2025-04,2025-04-01,670.17,792.42,909.23,,2371.8199999999997
2025-26,27,Maharashtra,2025-05,2025-05-01,893.67,1473.1,1208.29,,3575.06
2025-26,27,Maharashtra,2025-06,2025-06-01,652.46,896.36,981.78,,2530.6000000000004
2025-26,27,Maharashtra,2025-07,2025-07-01,665.45,1289.36,1038.14,,2992.95
2025-26,27,Maharashtra,2025-08,2025-08-01,392.46,600.15,679.71,,1672.32
2025-26,27,Maharashtra,2025-09,2025-09-01,629.98,835.45,1019.06,,2484.49
2025-26,27,Maharashtra,2025-10,2025-10-01,578.29,1459.88,1323.06,,3361.23
2025-26,27,Maharashtra,2025-11,2025-11-01,423.51,482.47,512.2,,1418.18
2025-26,27,Maharashtra,2025-12,2025-12-01,712.4300000000001,1005.9499999999999,1086.8999999999999,,2805.2799999999997
2025-26,27,Maharashtra,2026-01,2026-01-01,550.95,848.44,999.98,,2399.37
2025-26,27,Maharashtra,2026-02,2026-02-01,485.34,687.18,587.2,,1759.72
2025-26,29,Karnataka,2025-04,2025-04-01,660.86,692.7,1060.69,,2414.25
2025-26,29,Karnataka,2025-05,2025-05-01,489.28,522.73,1538.7,,2550.71
2025-26,29,Karnataka,2025-06,2025-06-01,636.65,660.0,1023.99,,2320.6400000000003
2025-26,29,Karnataka,2025-07,2025-07-01,448.85,471.53,1177.03,,2097.41
2025-26,29,Karnataka,2025-08,2025-08-01,535.21,551.63,931.24,,2018.0800000000002
2025-26,29,Karnataka,2025-09,2025-09-01,565.16,607.17,1560.12,,2732.45
2025-26,29,Karnataka,2025-10,2025-10-01,420.81,429.77,736.79,,1587.37
2025-26,29,Karnataka,2025-11,2025-11-01,353.37,339.5,781.74,,1474.6100000000001
2025-26,29,Karnataka,2025-12,2025-12-01,968.75,986.97,1533.17,,3488.8900000000003
2025-26,29,Karnataka,2026-01,2026-01-01,441.19,533.29,936.66,,1911.1399999999999
2025-26,29,Karnataka,2026-02,2026-02-01,166.56,169.19,609.87,,945.62
2025-26,30,Goa,2025-04,2025-04-01,4.48,6.59,46.59,,57.660000000000004
2025-26,30,Goa,2025-05,2025-05-01,12.34,15.27,44.25,,71.86
2025-26,30,Goa,2025-06,2025-06-01,6.83,6.76,60.18,,73.77
2025-26,30,Goa,2025-07,2025-07-01,3.48,4.64,35.35,,43.47
2025-26,30,Goa,2025-08,2025-08-01,2.57,2.87,57.38,,62.82
2025-26,30,Goa,2025-09,2025-09-01,7.61,11.48,7.55,,26.64
2025-26,30,Goa,2025-10,2025-10-01,3.63,4.09,15.3,,23.02
2025-26,30,Goa,2025-11,2025-11-01,5.19,5.24,32.34,,42.77
2025-26,30,Goa,2025-12,2025-12-01,9.6,15.659999999999998,72.91,,98.16999999999999
2025-26,30,Goa,2026-01,2026-01-01,1.49,1.77,9.24,,12.5
2025-26,30,Goa,2026-02,2026-02-01,6.08,6.27,41.37,,53.72
2025-26,31,Lakshawdeep,2025-04,2025-04-01,0.0,0.0,0.0,,0.0
2025-26,31,Lakshawdeep,2025-05,2025-05-01,0.0,0.0,0.0,,0.0
2025-26,31,Lakshawdeep,2025-06,2025-06-01,0.0,0.0,0.0,,0.0
2025-26,31,Lakshawdeep,2025-07,2025-07-01,0.0,0.0,0.0,,0.0
2025-26,31,Lakshawdeep,2025-08,2025-08-01,0.0,0.0,0.0,,0.0
2025-26,31,Lakshawdeep,2025-09,2025-09-01,0.0,0.0,0.02,,0.02
2025-26,31,Lakshawdeep,2025-10,2025-10-01,0.0,0.0,0.0,,0.0
2025-26,31,Lakshawdeep,2025-11,2025-11-01,0.0,0.0,0.0,,0.0
2025-26,31,Lakshawdeep,2025-12,2025-12-01,0.0,0.0,0.0,,0.0
2025-26,31,Lakshawdeep,2026-01,2026-01-01,0.0,0.0,0.0,,0.0
2025-26,31,Lakshawdeep,2026-02,2026-02-01,0.0,0.0,0.0,,0.0
2025-26,32,Kerala,2025-04,2025-04-01,23.77,33.78,42.25,,99.8
2025-26,32,Kerala,2025-05,2025-05-01,86.68,88.33,68.75,,243.76
2025-26,32,Kerala,2025-06,2025-06-01,45.21,44.85,40.99,,131.05
2025-26,32,Kerala,2025-07,2025-07-01,43.99,42.56,63.86,,150.41000000000003
2025-26,32,Kerala,2025-08,2025-08-01,38.21,69.09,20.48,,127.78000000000002
2025-26,32,Kerala,2025-09,2025-09-01,26.99,29.63,28.49,,85.11
2025-26,32,Kerala,2025-10,2025-10-01,24.69,43.47,32.95,,101.11
2025-26,32,Kerala,2025-11,2025-11-01,13.66,15.48,19.5,,48.64
2025-26,32,Kerala,2025-12,2025-12-01,61.22,62.980000000000004,62.79,,186.99
2025-26,32,Kerala,2026-01,2026-01-01,38.58,38.96,36.7,,114.24
2025-26,32,Kerala,2026-02,2026-02-01,19.73,24.06,21.51,,65.3
2025-26,33,Tamil Nadu,2025-04,2025-04-01,296.96,327.14,484.0,,1108.1
2025-26,33,Tamil Nadu,2025-05,2025-05-01,527.4,600.3,849.07,,1976.77
2025-26,33,Tamil Nadu,2025-06,2025-06-01,305.17,425.25,391.2,,1121.6200000000001
2025-26,33,Tamil Nadu,2025-07,2025-07-01,301.37,548.34,329.82,,1179.53
2025-26,33,Tamil Nadu,2025-08,2025-08-01,260.58,263.26,372.57,,896.4099999999999
2025-26,33,Tamil Nadu,2025-09,2025-09-01,407.53,603.72,460.9,,1472.15
2025-26,33,Tamil Nadu,2025-10,2025-10-01,302.62,392.86,422.93,,1118.41
2025-26,33,Tamil Nadu,2025-11,2025-11-01,287.97,500.45,473.83,,1262.25
2025-26,33,Tamil Nadu,2025-12,2025-12-01,336.82,480.26000000000005,477.9100000000001,,1294.9900000000002
2025-26,33,Tamil Nadu,2026-01,2026-01-01,347.86,411.73,373.83,,1133.42
2025-26,33,Tamil Nadu,2026-02,2026-02-01,306.9,325.33,410.11,,1042.3400000000001
2025-26,34,Puducherry,2025-04,2025-04-01,4.85,0.81,12.1,,17.759999999999998
2025-26,34,Puducherry,2025-05,2025-05-01,2.16,1.49,27.38,,31.03
2025-26,34,Puducherry,2025-06,2025-06-01,1.09,1.44,19.24,,21.77
2025-26,34,Puducherry,2025-07,2025-07-01,0.84,0.94,26.28,,28.060000000000002
2025-26,34,Puducherry,2025-08,2025-08-01,0.24,0.3,6.04,,6.58
2025-26,34,Puducherry,2025-09,2025-09-01,5.98,6.82,51.71,,64.51
2025-26,34,Puducherry,2025-10,2025-10-01,2.6,1.43,14.06,,18.09
2025-26,34,Puducherry,2025-11,2025-11-01,6.3,6.22,19.48,,32.0
2025-26,34,Puducherry,2025-12,2025-12-01,2.74,3.2300000000000004,41.849999999999994,,47.81999999999999
2025-26,34,Puducherry,2026-01,2026-01-01,2.15,1.97,10.5,,14.620000000000001
2025-26,34,Puducherry,2026-02,2026-02-01,1.58,1.17,18.49,,21.24
2025-26,35,Andaman and Nicobar Islands,2025-04,2025-04-01,0.0,0.0,0.0,,0.0
2025-26,35,Andaman and Nicobar Islands,2025-05,2025-05-01,1.27,1.27,2.37,,4.91
2025-26,35,Andaman and Nicobar Islands,2025-06,2025-06-01,0.12,0.05,4.78,,4.95
2025-26,35,Andaman and Nicobar Islands,2025-07,2025-07-01,0.05,0.03,0.01,,0.09
2025-26,35,Andaman and Nicobar Islands,2025-08,2025-08-01,0.0,0.0,7.48,,7.48
2025-26,35,Andaman and Nicobar Islands,2025-09,2025-09-01,0.25,0.25,0.46,,0.96
2025-26,35,Andaman and Nicobar Islands,2025-10,2025-10-01,0.73,0.66,3.27,,4.66
2025-26,35,Andaman and Nicobar Islands,2025-11,2025-11-01,0.01,0.01,0.0,,0.02
2025-26,35,Andaman and Nicobar Islands,2025-12,2025-12-01,0.23,0.23,0.39,,0.8500000000000001
2025-26,35,Andaman and Nicobar Islands,2026-01,2026-01-01,0.21,0.21,0.58,,1.0
2025-26,35,Andaman and Nicobar Islands,2026-02,2026-02-01,1.33,1.23,0.97,,3.5300000000000002
2025-26,36,Telangana,2025-04,2025-04-01,121.95,144.15,630.63,,896.73
2025-26,36,Telangana,2025-05,2025-05-01,290.58,292.89,406.83,,990.3
2025-26,36,Telangana,2025-06,2025-06-01,121.15,130.16,238.09,,489.4
2025-26,36,Telangana,2025-07,2025-07-01,232.83,288.88,500.02,,1021.73
2025-26,36,Telangana,2025-08,2025-08-01,109.75,113.48,283.61,,506.84000000000003
2025-26,36,Telangana,2025-09,2025-09-01,161.77,235.38,336.03,,733.18
2025-26,36,Telangana,2025-10,2025-10-01,207.33,218.39,500.46,,926.1800000000001
2025-26,36,Telangana,2025-11,2025-11-01,127.79,159.84,357.11,,644.74
2025-26,36,Telangana,2025-12,2025-12-01,180.29,199.97,564.42,,944.68
2025-26,36,Telangana,2026-01,2026-01-01,135.91,116.89,301.72,,554.52
2025-26,36,Telangana,2026-02,2026-02-01,117.33,127.0,326.72,,571.05
2025-26,37,Andhra Pradesh,2025-04,2025-04-01,36.21,48.44,215.48,,300.13
2025-26,37,Andhra Pradesh,2025-05,2025-05-01,41.02,46.77,229.71,,317.5
2025-26,37,Andhra Pradesh,2025-06,2025-06-01,31.62,35.95,130.16,,197.73000000000002
2025-26,37,Andhra Pradesh,2025-07,2025-07-01,65.07,68.25,236.7,,370.02
2025-26,37,Andhra Pradesh,2025-08,2025-08-01,22.29,31.06,258.44,,311.78999999999996
2025-26,37,Andhra Pradesh,2025-09,2025-09-01,91.75,77.73,162.56,,332.04
2025-26,37,Andhra Pradesh,2025-10,2025-10-01,55.68,68.02,358.39,,482.09
2025-26,37,Andhra Pradesh,2025-11,2025-11-01,12.0,25.62,238.22,,275.84000000000003
2025-26,37,Andhra Pradesh,2025-12,2025-12-01,41.84,55.959999999999994,187.61,,285.41
2025-26,37,Andhra Pradesh,2026-01,2026-01-01,34.65,41.92,572.58,,649.1500000000001
2025-26,37,Andhra Pradesh,2026-02,2026-02-01,28.0,32.81,185.7,,246.51
2025-26,38,Ladakh,2025-04,2025-04-01,0.0,0.0,0.0,,0.0
2025-26,38,Ladakh,2025-05,2025-05-01,0.0,0.0,0.0,,0.0
2025-26,38,Ladakh,2025-06,2025-06-01,0.31,0.3,0.0,,0.61
2025-26,38,Ladakh,2025-07,2025-07-01,0.19,0.19,0.0,,0.38
2025-26,38,Ladakh,2025-08,2025-08-01,0.69,0.7,0.0,,1.39
2025-26,38,Ladakh,2025-09,2025-09-01,0.32,0.13,0.02,,0.47000000000000003
2025-26,38,Ladakh,2025-10,2025-10-01,0.0,0.0,0.0,,0.0
2025-26,38,Ladakh,2025-11,2025-11-01,0.0,0.0,0.0,,0.0
2025-26,38,Ladakh,2025-12,2025-12-01,1.73,1.19,0.0,,2.92
2025-26,38,Ladakh,2026-01,2026-01-01,0.01,0.01,0.0,,0.02
2025-26,38,Ladakh,2026-02,2026-02-01,0.15,0.15,0.08,,0.38
2025-26,97,Other Territory,2025-04,2025-04-01,1.4,1.4,0.0,,2.8
2025-26,97,Other Territory,2025-05,2025-05-01,1.0,1.0,0.0,,2.0
2025-26,97,Other Territory,2025-06,2025-06-01,0.0,0.0,0.0,,0.0
2025-26,97,Other Territory,2025-07,2025-07-01,0.0,0.0,0.0,,0.0
2025-26,97,Other Territory,2025-08,2025-08-01,0.0,0.0,0.0,,0.0
2025-26,97,Other Territory,2025-09,2025-09-01,1.75,1.75,0.0,,3.5
2025-26,97,Other Territory,2025-10,2025-10-01,0.0,0.0,0.0,,0.0
2025-26,97,Other Territory,2025-11,2025-11-01,1.75,1.75,0.0,,3.5
2025-26,97,Other Territory,2025-12,2025-12-01,0.0,0.0,0.48,,0.48
2025-26,97,Other Territory,2026-01,2026-01-01,1.0,1.0,0.0,,2.0
2025-26,97,Other Territory,2026-02,2026-02-01,3.8,3.8,0.0,,7.6
2025-26,99,OIDAR,2025-04,2025-04-01,0.0,0.0,0.0,,0.0
2025-26,99,OIDAR,2025-05,2025-05-01,0.0,0.0,0.0,,0.0
2025-26,99,OIDAR,2025-06,2025-06-01,0.0,0.0,0.0,,0.0
2025-26,99,OIDAR,2025-07,2025-07-01,0.0,0.0,0.0,,0.0
2025-26,99,OIDAR,2025-08,2025-08-01,0.0,0.0,0.0,,0.0
2025-26,99,OIDAR,2025-09,2025-09-01,0.0,0.0,0.0,,0.0
2025-26,99,OIDAR,2025-10,2025-10-01,0.0,0.0,0.0,,0.0
2025-26,99,OIDAR,2025-11,2025-11-01,0.0,0.0,0.0,,0.0
2025-26,99,OIDAR,2025-12,2025-12-01,0.0,0.0,0.0,,0.0
2025-26,99,OIDAR,2026-01,2026-01-01,0.0,0.0,0.0,,0.0
2025-26,99,OIDAR,2026-02,2026-02-01,0.0,0.0,0.0,,0.0
2025-26,Domestic Refund (RFD-05) - All India,,2025-04,2025-04-01,3232.6,3847.6900000000005,5854.400000000001,,12934.689999999999
2025-26,Domestic Refund (RFD-05) - All India,,2025-05,2025-05-01,4242.710000000001,5390.660000000002,8365.519999999999,,17998.889999999996
2025-26,Domestic Refund (RFD-05) - All India,,2025-06,2025-06-01,3193.73,3873.26,5372.219999999999,,12439.210000000003
2025-26,Domestic Refund (RFD-05) - All India,,2025-07,2025-07-01,3316.4400000000005,4541.8499999999985,8646.51,,16504.8
2025-26,Domestic Refund (RFD-05) - All India,,2025-08,2025-08-01,2602.29,3118.1099999999997,5001.099999999999,,10721.5
2025-26,Domestic Refund (RFD-05) - All India,,2025-09,2025-09-01,3398.0900000000006,4282.5599999999995,7934.83,,15615.479999999998
2025-26,Domestic Refund (RFD-05) - All India,,2025-10,2025-10-01,2972.85,4289.280000000001,5504.320000000001,,12766.45
2025-26,Domestic Refund (RFD-05) - All India,,2025-11,2025-11-01,2179.37,2717.9100000000003,3843.82,,8741.100000000002
2025-26,Domestic Refund (RFD-05) - All India,,2025-12,2025-12-01,4274.36,5439.1399999999985,8708.81,,18422.309999999998
2025-26,Domestic Refund (RFD-05) - All India,,2026-01,2026-01-01,3303.4700000000003,4264.510000000001,5550.92,,13118.900000000001
2025-26,Domestic Refund (RFD-05) - All India,,2026-02,2026-02-01,2429.99,3032.7400000000002,4476.469999999999,,9939.199999999999
2025-26,"IGST and CESS Refund on Exports
(disbursed by Customs)",,2025-04,2025-04-01,0.0,0.0,13716.3241179,,13716.3241179
2025-26,"IGST and CESS Refund on Exports
(disbursed by Customs)",,2025-05,2025-05-01,0.0,0.0,8793.5522058,,8793.5522058
2025-26,"IGST and CESS Refund on Exports
(disbursed by Customs)",,2025-06,2025-06-01,0.0,0.0,12688.4654362,,12688.4654362
2025-26,"IGST and CESS Refund on Exports
(disbursed by Customs)",,2025-07,2025-07-01,0.0,0.0,10014.2847836,,10014.2847836
2025-26,"IGST and CESS Refund on Exports
(disbursed by Customs)",,2025-08,2025-08-01,0.0,0.0,8220.8262484,,8220.8262484
2025-26,"IGST and CESS Refund on Exports
(disbursed by Customs)",,2025-09,2025-09-01,0.0,0.0,12242.1672363,,12242.1672363
2025-26,"IGST and CESS Refund on Exports
(disbursed by Customs)",,2025-10,2025-10-01,0.0,0.0,13463.382019,,13463.382019
2025-26,"IGST and CESS Refund on Exports
(disbursed by Customs)",,2025-11,2025-11-01,0.0,0.0,9455.3185012,,9455.3185012
2025-26,"IGST and CESS Refund on Exports
(disbursed by Customs)",,2025-12,2025-12-01,0.0,0.0,10557.7459489,,10557.7459489
2025-26,"IGST and CESS Refund on Exports
(disbursed by Customs)",,2026-01,2026-01-01,0.0,0.0,9546.1516536,,9546.1516536
2025-26,"IGST and CESS Refund on Exports
(disbursed by Customs)",,2026-02,2026-02-01,0.0,0.0,12656.20707,,12656.20707
2025-26,Total GST Refund - All India,,2025-04,2025-04-01,3232.6,3847.6900000000005,19570.7241179,,26651.0141179
2025-26,Total GST Refund - All India,,2025-05,2025-05-01,4242.710000000001,5390.660000000002,17159.0722058,,26792.4422058
2025-26,Total GST Refund - All India,,2025-06,2025-06-01,3193.73,3873.26,18060.6854362,,25127.675436200003
2025-26,Total GST Refund - All India,,2025-07,2025-07-01,3316.4400000000005,4541.8499999999985,18660.794783600002,,26519.0847836
2025-26,Total GST Refund - All India,,2025-08,2025-08-01,2602.29,3118.1099999999997,13221.9262484,,18942.3262484
2025-26,Total GST Refund - All India,,2025-09,2025-09-01,3398.0900000000006,4282.5599999999995,20176.997236299998,,27857.6472363
2025-26,Total GST Refund - All India,,2025-10,2025-10-01,2972.85,4289.280000000001,18967.702019,,26229.832019
2025-26,Total GST Refund - All India,,2025-11,2025-11-01,2179.37,2717.9100000000003,13299.1385012,,18196.4185012
2025-26,Total GST Refund - All India,,2025-12,2025-12-01,4274.36,5439.1399999999985,19266.5559489,,28980.055948899997
2025-26,Total GST Refund - All India,,2026-01,2026-01-01,3303.4700000000003,4264.510000000001,15097.0716536,,22665.0516536
2025-26,Total GST Refund - All India,,2026-02,2026-02-01,2429.99,3032.7400000000002,17132.677069999998,,22595.40707
