financial_year,state_code,state,month,month_date,eligible,on_time,late,total_filed,filing_pct
2017-18,01,Jammu and Kashmir,2017-07,2017-07-01,52455.0,38766.0,7346.0,46112.0,0.8790773043561148
2017-18,01,Jammu and Kashmir,2017-08,2017-08-01,23864.0,17338.0,2294.0,19632.0,0.8226617499161918
2017-18,01,Jammu and Kashmir,2017-09,2017-09-01,62528.0,44930.0,10922.0,55852.0,0.8932318321392017
2017-18,01,Jammu and Kashmir,2017-10,2017-10-01,25413.0,18405.0,2805.0,21210.0,0.8346122063510801
2017-18,01,Jammu and Kashmir,2017-11,2017-11-01,26079.0,18699.0,3099.0,21798.0,0.8358449327044749
2017-18,01,Jammu and Kashmir,2017-12,2017-12-01,66074.0,45665.0,13290.0,58955.0,0.8922571662075854
2017-18,01,Jammu and Kashmir,2018-01,2018-01-01,27196.0,18497.0,3810.0,22307.0,0.8202309163112222
2017-18,01,Jammu and Kashmir,2018-02,2018-02-01,27817.0,18381.0,4213.0,22594.0,0.8122371211848869
2017-18,01,Jammu and Kashmir,2018-03,2018-03-01,71741.0,44615.0,17928.0,62543.0,0.8717887958071395
2017-18,02,Himachal Pradesh,2017-07,2017-07-01,53013.0,41795.0,6895.0,48690.0,0.9184539641220079
2017-18,02,Himachal Pradesh,2017-08,2017-08-01,22018.0,15849.0,1616.0,17465.0,0.7932146425651739
2017-18,02,Himachal Pradesh,2017-09,2017-09-01,61691.0,46919.0,9535.0,56454.0,0.9151091731370864
2017-18,02,Himachal Pradesh,2017-10,2017-10-01,21474.0,16263.0,1737.0,18000.0,0.8382229673093042
2017-18,02,Himachal Pradesh,2017-11,2017-11-01,21456.0,16321.0,1975.0,18296.0,0.8527218493661447
2017-18,02,Himachal Pradesh,2017-12,2017-12-01,60956.0,46128.0,9982.0,56110.0,0.9205000328105519
2017-18,02,Himachal Pradesh,2018-01,2018-01-01,22180.0,16298.0,2254.0,18552.0,0.836429215509468
2017-18,02,Himachal Pradesh,2018-02,2018-02-01,22607.0,16260.0,2516.0,18776.0,0.8305392135179369
2017-18,02,Himachal Pradesh,2018-03,2018-03-01,67470.0,48805.0,12774.0,61579.0,0.9126871202015711
2017-18,03,Punjab,2017-07,2017-07-01,220786.0,184145.0,22956.0,207101.0,0.9380169032456768
2017-18,03,Punjab,2017-08,2017-08-01,86189.0,70068.0,2399.0,72467.0,0.840791748366961
2017-18,03,Punjab,2017-09,2017-09-01,247374.0,208887.0,26173.0,235060.0,0.9502211226725525
2017-18,03,Punjab,2017-10,2017-10-01,84164.0,72581.0,2723.0,75304.0,0.8947293379592225
2017-18,03,Punjab,2017-11,2017-11-01,84375.0,73023.0,3195.0,76218.0,0.9033244444444445
2017-18,03,Punjab,2017-12,2017-12-01,254559.0,215323.0,28238.0,243561.0,0.9567958705054624
2017-18,03,Punjab,2018-01,2018-01-01,85473.0,73073.0,3606.0,76679.0,0.8971137084225428
2017-18,03,Punjab,2018-02,2018-02-01,86098.0,72955.0,4030.0,76985.0,0.8941554972240935
2017-18,03,Punjab,2018-03,2018-03-01,264808.0,218293.0,33172.0,251465.0,0.9496125494698046
2017-18,04,Chandigarh,2017-07,2017-07-01,20632.0,16980.0,3065.0,20045.0,0.9715490500193874
2017-18,04,Chandigarh,2017-08,2017-08-01,9277.0,7966.0,358.0,8324.0,0.8972728252667889
2017-18,04,Chandigarh,2017-09,2017-09-01,23418.0,18942.0,3417.0,22359.0,0.9547783756085063
2017-18,04,Chandigarh,2017-10,2017-10-01,9465.0,8211.0,406.0,8617.0,0.91040676175383
2017-18,04,Chandigarh,2017-11,2017-11-01,9528.0,8279.0,448.0,8727.0,0.9159319899244333
2017-18,04,Chandigarh,2017-12,2017-12-01,24261.0,19525.0,3626.0,23151.0,0.954247557808829
2017-18,04,Chandigarh,2018-01,2018-01-01,9745.0,8292.0,513.0,8805.0,0.9035402770651616
2017-18,04,Chandigarh,2018-02,2018-02-01,9830.0,8293.0,562.0,8855.0,0.9008138351983723
2017-18,04,Chandigarh,2018-03,2018-03-01,25208.0,19798.0,4102.0,23900.0,0.9481117105680736
2017-18,05,Uttarakhand,2017-07,2017-07-01,85370.0,59399.0,16188.0,75587.0,0.8854047089141385
2017-18,05,Uttarakhand,2017-08,2017-08-01,34516.0,23113.0,2894.0,26007.0,0.7534766485108355
2017-18,05,Uttarakhand,2017-09,2017-09-01,100078.0,66450.0,21057.0,87507.0,0.8743879773776454
2017-18,05,Uttarakhand,2017-10,2017-10-01,34094.0,23403.0,3416.0,26819.0,0.7866193465125828
2017-18,05,Uttarakhand,2017-11,2017-11-01,34556.0,23613.0,3913.0,27526.0,0.7965621020951499
2017-18,05,Uttarakhand,2017-12,2017-12-01,99756.0,65197.0,22127.0,87324.0,0.8753759172380609
2017-18,05,Uttarakhand,2018-01,2018-01-01,35615.0,23140.0,4638.0,27778.0,0.7799522673031026
2017-18,05,Uttarakhand,2018-02,2018-02-01,36218.0,22807.0,5093.0,27900.0,0.7703351924457452
2017-18,05,Uttarakhand,2018-03,2018-03-01,107596.0,64849.0,28025.0,92874.0,0.8631733521692256
2017-18,06,Haryana,2017-07,2017-07-01,260418.0,210196.0,39503.0,249699.0,0.9588392507430362
2017-18,06,Haryana,2017-08,2017-08-01,106224.0,90425.0,3510.0,93935.0,0.884310513631571
2017-18,06,Haryana,2017-09,2017-09-01,302837.0,237446.0,49157.0,286603.0,0.946393604480298
2017-18,06,Haryana,2017-10,2017-10-01,109560.0,93762.0,4336.0,98098.0,0.8953815261044177
2017-18,06,Haryana,2017-11,2017-11-01,111025.0,94759.0,4931.0,99690.0,0.8979058770547174
2017-18,06,Haryana,2017-12,2017-12-01,321480.0,247493.0,55484.0,302977.0,0.942444320019908
2017-18,06,Haryana,2018-01,2018-01-01,113833.0,95230.0,6027.0,101257.0,0.889522370490104
2017-18,06,Haryana,2018-02,2018-02-01,115406.0,95413.0,6694.0,102107.0,0.8847633571911339
2017-18,06,Haryana,2018-03,2018-03-01,343982.0,255642.0,65589.0,321231.0,0.9338599112744271
2017-18,07,Delhi,2017-07,2017-07-01,442968.0,372983.0,60326.0,433309.0,0.9781948131693485
2017-18,07,Delhi,2017-08,2017-08-01,156654.0,131398.0,7988.0,139386.0,0.8897698111762228
2017-18,07,Delhi,2017-09,2017-09-01,521051.0,425161.0,73185.0,498346.0,0.9564246110265597
2017-18,07,Delhi,2017-10,2017-10-01,164695.0,136316.0,9287.0,145603.0,0.8840766264913932
2017-18,07,Delhi,2017-11,2017-11-01,167887.0,137732.0,10221.0,147953.0,0.8812653749248006
2017-18,07,Delhi,2017-12,2017-12-01,558644.0,442617.0,84194.0,526811.0,0.9430173777933711
2017-18,07,Delhi,2018-01,2018-01-01,173388.0,137768.0,12378.0,150146.0,0.8659538145661753
2017-18,07,Delhi,2018-02,2018-02-01,176069.0,137512.0,13769.0,151281.0,0.8592142853086006
2017-18,07,Delhi,2018-03,2018-03-01,592372.0,449150.0,100190.0,549340.0,0.9273564584416549
2017-18,08,Rajasthan,2017-07,2017-07-01,399525.0,308273.0,69316.0,377589.0,0.9450948000750892
2017-18,08,Rajasthan,2017-08,2017-08-01,126607.0,96765.0,5697.0,102462.0,0.8092917453221385
2017-18,08,Rajasthan,2017-09,2017-09-01,435929.0,333154.0,77973.0,411127.0,0.9431054139550248
2017-18,08,Rajasthan,2017-10,2017-10-01,119115.0,98715.0,6367.0,105082.0,0.8821894807538933
2017-18,08,Rajasthan,2017-11,2017-11-01,119566.0,99286.0,7874.0,107160.0,0.8962414064198853
2017-18,08,Rajasthan,2017-12,2017-12-01,433360.0,333036.0,79137.0,412173.0,0.951109931696511
2017-18,08,Rajasthan,2018-01,2018-01-01,121543.0,98827.0,8638.0,107465.0,0.884172679627786
2017-18,08,Rajasthan,2018-02,2018-02-01,122081.0,98438.0,9226.0,107664.0,0.8819062753417812
2017-18,08,Rajasthan,2018-03,2018-03-01,455889.0,335895.0,94220.0,430115.0,0.9434643081978289
2017-18,09,Uttar Pradesh,2017-07,2017-07-01,738006.0,554678.0,125742.0,680420.0,0.9219708240854411
2017-18,09,Uttar Pradesh,2017-08,2017-08-01,278909.0,200539.0,20032.0,220571.0,0.7908350035316178
2017-18,09,Uttar Pradesh,2017-09,2017-09-01,887856.0,632208.0,168604.0,800812.0,0.9019615793552107
2017-18,09,Uttar Pradesh,2017-10,2017-10-01,272330.0,205339.0,23000.0,228339.0,0.8384643630888995
2017-18,09,Uttar Pradesh,2017-11,2017-11-01,275780.0,207820.0,28165.0,235985.0,0.855700195808253
2017-18,09,Uttar Pradesh,2017-12,2017-12-01,847512.0,599829.0,170077.0,769906.0,0.9084307950801876
2017-18,09,Uttar Pradesh,2018-01,2018-01-01,284469.0,204934.0,31554.0,236488.0,0.8313313577226341
2017-18,09,Uttar Pradesh,2018-02,2018-02-01,289980.0,203422.0,34826.0,238248.0,0.8216014897579144
2017-18,09,Uttar Pradesh,2018-03,2018-03-01,913159.0,604953.0,211263.0,816216.0,0.8938377653836845
2017-18,10,Bihar,2017-07,2017-07-01,187455.0,128425.0,35021.0,163446.0,0.8719212611026647
2017-18,10,Bihar,2017-08,2017-08-01,84976.0,49200.0,10625.0,59825.0,0.7040223121822632
2017-18,10,Bihar,2017-09,2017-09-01,222312.0,140800.0,49132.0,189932.0,0.8543488430674008
2017-18,10,Bihar,2017-10,2017-10-01,80757.0,49283.0,11743.0,61026.0,0.7556744306995059
2017-18,10,Bihar,2017-11,2017-11-01,83269.0,49940.0,13395.0,63335.0,0.7606071887497148
2017-18,10,Bihar,2017-12,2017-12-01,219776.0,133902.0,53739.0,187641.0,0.8537829426324985
2017-18,10,Bihar,2018-01,2018-01-01,86656.0,48109.0,16162.0,64271.0,0.7416797451994092
2017-18,10,Bihar,2018-02,2018-02-01,88999.0,47436.0,17496.0,64932.0,0.7295812312497894
2017-18,10,Bihar,2018-03,2018-03-01,238741.0,130725.0,69316.0,200041.0,0.8378996485731399
2017-18,11,Sikkim,2017-07,2017-07-01,3154.0,2521.0,365.0,2886.0,0.9150285351934052
2017-18,11,Sikkim,2017-08,2017-08-01,1843.0,1343.0,222.0,1565.0,0.8491589799240369
2017-18,11,Sikkim,2017-09,2017-09-01,3804.0,2770.0,653.0,3423.0,0.8998422712933754
2017-18,11,Sikkim,2017-10,2017-10-01,1925.0,1407.0,281.0,1688.0,0.8768831168831169
2017-18,11,Sikkim,2017-11,2017-11-01,1983.0,1445.0,308.0,1753.0,0.8840141200201714
2017-18,11,Sikkim,2017-12,2017-12-01,4003.0,2811.0,815.0,3626.0,0.9058206345241069
2017-18,11,Sikkim,2018-01,2018-01-01,2072.0,1424.0,377.0,1801.0,0.8692084942084942
2017-18,11,Sikkim,2018-02,2018-02-01,2145.0,1423.0,406.0,1829.0,0.8526806526806526
2017-18,11,Sikkim,2018-03,2018-03-01,4449.0,2805.0,1162.0,3967.0,0.891661047426388
2017-18,12,Arunachal Pradesh,2017-07,2017-07-01,4103.0,2743.0,697.0,3440.0,0.8384109188398733
2017-18,12,Arunachal Pradesh,2017-08,2017-08-01,2893.0,1654.0,434.0,2088.0,0.7217421361908054
2017-18,12,Arunachal Pradesh,2017-09,2017-09-01,6068.0,3443.0,1316.0,4759.0,0.784278180619644
2017-18,12,Arunachal Pradesh,2017-10,2017-10-01,3316.0,1828.0,581.0,2409.0,0.7264776839565742
2017-18,12,Arunachal Pradesh,2017-11,2017-11-01,3452.0,1898.0,667.0,2565.0,0.7430475086906141
2017-18,12,Arunachal Pradesh,2017-12,2017-12-01,6705.0,3660.0,1739.0,5399.0,0.8052199850857569
2017-18,12,Arunachal Pradesh,2018-01,2018-01-01,3592.0,1885.0,765.0,2650.0,0.737750556792873
2017-18,12,Arunachal Pradesh,2018-02,2018-02-01,3771.0,1849.0,865.0,2714.0,0.7197029965526386
2017-18,12,Arunachal Pradesh,2018-03,2018-03-01,8072.0,3574.0,2603.0,6177.0,0.7652378592666006
2017-18,13,Nagaland,2017-07,2017-07-01,3917.0,2301.0,834.0,3135.0,0.8003574163900945
2017-18,13,Nagaland,2017-08,2017-08-01,3140.0,1564.0,674.0,2238.0,0.7127388535031847
2017-18,13,Nagaland,2017-09,2017-09-01,4915.0,2592.0,1217.0,3809.0,0.7749745676500509
2017-18,13,Nagaland,2017-10,2017-10-01,3199.0,1597.0,780.0,2377.0,0.7430447014692091
2017-18,13,Nagaland,2017-11,2017-11-01,3272.0,1576.0,851.0,2427.0,0.7417481662591687
2017-18,13,Nagaland,2017-12,2017-12-01,4778.0,2406.0,1362.0,3768.0,0.7886144830473001
2017-18,13,Nagaland,2018-01,2018-01-01,3224.0,1513.0,914.0,2427.0,0.7527915632754343
2017-18,13,Nagaland,2018-02,2018-02-01,3218.0,1474.0,938.0,2412.0,0.7495338719701679
2017-18,13,Nagaland,2018-03,2018-03-01,4904.0,2230.0,1591.0,3821.0,0.7791598694942904
2017-18,14,Manipur,2017-07,2017-07-01,4283.0,2860.0,620.0,3480.0,0.8125145925752977
2017-18,14,Manipur,2017-08,2017-08-01,3367.0,1942.0,447.0,2389.0,0.7095337095337095
2017-18,14,Manipur,2017-09,2017-09-01,6564.0,3787.0,1157.0,4944.0,0.753199268738574
2017-18,14,Manipur,2017-10,2017-10-01,4160.0,2153.0,605.0,2758.0,0.6629807692307692
2017-18,14,Manipur,2017-11,2017-11-01,4393.0,2234.0,682.0,2916.0,0.6637832916002732
2017-18,14,Manipur,2017-12,2017-12-01,7712.0,4026.0,1561.0,5587.0,0.7244553941908713
2017-18,14,Manipur,2018-01,2018-01-01,4792.0,2255.0,823.0,3078.0,0.6423205342237062
2017-18,14,Manipur,2018-02,2018-02-01,4940.0,2236.0,872.0,3108.0,0.6291497975708502
2017-18,14,Manipur,2018-03,2018-03-01,8603.0,3901.0,2112.0,6013.0,0.6989422294548413
2017-18,15,Mizoram,2017-07,2017-07-01,2451.0,1720.0,334.0,2054.0,0.8380252957976336
2017-18,15,Mizoram,2017-08,2017-08-01,1965.0,1232.0,298.0,1530.0,0.7786259541984732
2017-18,15,Mizoram,2017-09,2017-09-01,3300.0,2101.0,552.0,2653.0,0.803939393939394
2017-18,15,Mizoram,2017-10,2017-10-01,2275.0,1364.0,361.0,1725.0,0.7582417582417582
2017-18,15,Mizoram,2017-11,2017-11-01,2370.0,1399.0,375.0,1774.0,0.7485232067510549
2017-18,15,Mizoram,2017-12,2017-12-01,3748.0,2284.0,688.0,2972.0,0.7929562433297759
2017-18,15,Mizoram,2018-01,2018-01-01,2479.0,1419.0,410.0,1829.0,0.7377974989915288
2017-18,15,Mizoram,2018-02,2018-02-01,2578.0,1461.0,429.0,1890.0,0.7331264546159814
2017-18,15,Mizoram,2018-03,2018-03-01,4048.0,2309.0,809.0,3118.0,0.7702569169960475
2017-18,16,Tripura,2017-07,2017-07-01,13528.0,10411.0,1757.0,12168.0,0.8994677705499704
2017-18,16,Tripura,2017-08,2017-08-01,6493.0,4496.0,718.0,5214.0,0.8030186354535653
2017-18,16,Tripura,2017-09,2017-09-01,16398.0,11658.0,2827.0,14485.0,0.8833394316380047
2017-18,16,Tripura,2017-10,2017-10-01,6743.0,4621.0,837.0,5458.0,0.8094320035592466
2017-18,16,Tripura,2017-11,2017-11-01,6966.0,4679.0,1011.0,5690.0,0.816824576514499
2017-18,16,Tripura,2017-12,2017-12-01,16864.0,11299.0,3433.0,14732.0,0.8735768500948766
2017-18,16,Tripura,2018-01,2018-01-01,7129.0,4581.0,1139.0,5720.0,0.8023565717491934
2017-18,16,Tripura,2018-02,2018-02-01,7224.0,4554.0,1227.0,5781.0,0.800249169435216
2017-18,16,Tripura,2018-03,2018-03-01,17562.0,10884.0,4327.0,15211.0,0.8661314201116046
2017-18,17,Meghalaya,2017-07,2017-07-01,11989.0,7830.0,2072.0,9902.0,0.825923763449829
2017-18,17,Meghalaya,2017-08,2017-08-01,7595.0,4171.0,1315.0,5486.0,0.7223173140223832
2017-18,17,Meghalaya,2017-09,2017-09-01,14696.0,8521.0,3220.0,11741.0,0.7989248775176919
2017-18,17,Meghalaya,2017-10,2017-10-01,8161.0,4409.0,1600.0,6009.0,0.7363068251439775
2017-18,17,Meghalaya,2017-11,2017-11-01,8403.0,4517.0,1723.0,6240.0,0.7425919314530525
2017-18,17,Meghalaya,2017-12,2017-12-01,15398.0,8677.0,3678.0,12355.0,0.8023769320690999
2017-18,17,Meghalaya,2018-01,2018-01-01,8752.0,4358.0,1958.0,6316.0,0.7216636197440585
2017-18,17,Meghalaya,2018-02,2018-02-01,8845.0,4270.0,2103.0,6373.0,0.7205200678349349
2017-18,17,Meghalaya,2018-03,2018-03-01,16327.0,8402.0,4532.0,12934.0,0.7921847246891652
2017-18,18,Assam,2017-07,2017-07-01,97283.0,58279.0,19649.0,77928.0,0.8010443756874274
2017-18,18,Assam,2017-08,2017-08-01,56748.0,29892.0,7058.0,36950.0,0.6511242686966942
2017-18,18,Assam,2017-09,2017-09-01,114311.0,64329.0,26357.0,90686.0,0.7933269764064701
2017-18,18,Assam,2017-10,2017-10-01,54732.0,30510.0,7816.0,38326.0,0.7002484835196959
2017-18,18,Assam,2017-11,2017-11-01,55786.0,30609.0,8881.0,39490.0,0.7078836984189582
2017-18,18,Assam,2017-12,2017-12-01,114563.0,62828.0,28766.0,91594.0,0.7995076944563253
2017-18,18,Assam,2018-01,2018-01-01,56208.0,29477.0,10040.0,39517.0,0.7030493879874751
2017-18,18,Assam,2018-02,2018-02-01,57763.0,29012.0,10831.0,39843.0,0.689766805740699
2017-18,18,Assam,2018-03,2018-03-01,122022.0,59686.0,35929.0,95615.0,0.7835882054055826
2017-18,19,West Bengal,2017-07,2017-07-01,347020.0,283210.0,27880.0,311090.0,0.8964612990605729
2017-18,19,West Bengal,2017-08,2017-08-01,162480.0,117667.0,11993.0,129660.0,0.7980059084194978
2017-18,19,West Bengal,2017-09,2017-09-01,416031.0,334128.0,50597.0,384725.0,0.9247507998202057
2017-18,19,West Bengal,2017-10,2017-10-01,158774.0,121883.0,14617.0,136500.0,0.8597125473944096
2017-18,19,West Bengal,2017-11,2017-11-01,161708.0,123286.0,16785.0,140071.0,0.8661970960001979
2017-18,19,West Bengal,2017-12,2017-12-01,443892.0,344268.0,64100.0,408368.0,0.9199715246050841
2017-18,19,West Bengal,2018-01,2018-01-01,164959.0,121834.0,19961.0,141795.0,0.8595772282809668
2017-18,19,West Bengal,2018-02,2018-02-01,167478.0,121103.0,22153.0,143256.0,0.8553720488661197
2017-18,19,West Bengal,2018-03,2018-03-01,472982.0,343521.0,87042.0,430563.0,0.9103158259722357
2017-18,20,Jharkhand,2017-07,2017-07-01,82880.0,64366.0,11663.0,76029.0,0.9173383204633204
2017-18,20,Jharkhand,2017-08,2017-08-01,43355.0,32023.0,3843.0,35866.0,0.8272632914312075
2017-18,20,Jharkhand,2017-09,2017-09-01,100685.0,73455.0,17295.0,90750.0,0.9013259174653623
2017-18,20,Jharkhand,2017-10,2017-10-01,44777.0,33711.0,4519.0,38230.0,0.8537865421980034
2017-18,20,Jharkhand,2017-11,2017-11-01,45978.0,34322.0,5111.0,39433.0,0.8576493105398234
2017-18,20,Jharkhand,2017-12,2017-12-01,108087.0,76636.0,20856.0,97492.0,0.9019771110309288
2017-18,20,Jharkhand,2018-01,2018-01-01,47997.0,33695.0,6822.0,40517.0,0.8441569264745713
2017-18,20,Jharkhand,2018-02,2018-02-01,48997.0,33138.0,7943.0,41081.0,0.8384390881074352
2017-18,20,Jharkhand,2018-03,2018-03-01,117217.0,73740.0,29724.0,103464.0,0.8826706023870258
2017-18,21,Odisha,2017-07,2017-07-01,139875.0,96806.0,25968.0,122774.0,0.8777408400357462
2017-18,21,Odisha,2017-08,2017-08-01,57678.0,36623.0,6662.0,43285.0,0.7504594472762578
2017-18,21,Odisha,2017-09,2017-09-01,162133.0,104518.0,34785.0,139303.0,0.8591896776103569
2017-18,21,Odisha,2017-10,2017-10-01,59901.0,37458.0,7654.0,45112.0,0.7531092970067278
2017-18,21,Odisha,2017-11,2017-11-01,61437.0,37903.0,8529.0,46432.0,0.7557660693067695
2017-18,21,Odisha,2017-12,2017-12-01,168723.0,104201.0,39107.0,143308.0,0.8493684915512408
2017-18,21,Odisha,2018-01,2018-01-01,64080.0,37265.0,9941.0,47206.0,0.7366729088639201
2017-18,21,Odisha,2018-02,2018-02-01,65194.0,36922.0,10804.0,47726.0,0.7320612326287695
2017-18,21,Odisha,2018-03,2018-03-01,183516.0,102084.0,50061.0,152145.0,0.8290557771529458
2017-18,22,Chhattisgarh,2017-07,2017-07-01,83399.0,56262.0,16365.0,72627.0,0.8708377798294944
2017-18,22,Chhattisgarh,2017-08,2017-08-01,37862.0,25395.0,3852.0,29247.0,0.7724631556705932
2017-18,22,Chhattisgarh,2017-09,2017-09-01,93983.0,60376.0,20868.0,81244.0,0.8644542098039008
2017-18,22,Chhattisgarh,2017-10,2017-10-01,36736.0,25596.0,4430.0,30026.0,0.8173453832752613
2017-18,22,Chhattisgarh,2017-11,2017-11-01,37342.0,25655.0,5035.0,30690.0,0.8218627818542125
2017-18,22,Chhattisgarh,2017-12,2017-12-01,90937.0,57652.0,21955.0,79607.0,0.8754082496673521
2017-18,22,Chhattisgarh,2018-01,2018-01-01,37890.0,24703.0,5936.0,30639.0,0.8086302454473476
2017-18,22,Chhattisgarh,2018-02,2018-02-01,37957.0,24210.0,6520.0,30730.0,0.8096003372237005
2017-18,22,Chhattisgarh,2018-03,2018-03-01,94349.0,54166.0,27512.0,81678.0,0.8657007493455151
2017-18,23,Madhya Pradesh,2017-07,2017-07-01,257308.0,197192.0,43648.0,240840.0,0.9359988807188272
2017-18,23,Madhya Pradesh,2017-08,2017-08-01,94897.0,73169.0,7083.0,80252.0,0.8456747842397547
2017-18,23,Madhya Pradesh,2017-09,2017-09-01,290350.0,212157.0,53550.0,265707.0,0.9151265713793697
2017-18,23,Madhya Pradesh,2017-10,2017-10-01,95518.0,73937.0,8297.0,82234.0,0.8609267363219498
2017-18,23,Madhya Pradesh,2017-11,2017-11-01,97097.0,74302.0,9333.0,83635.0,0.8613551397056551
2017-18,23,Madhya Pradesh,2017-12,2017-12-01,286853.0,205783.0,56142.0,261925.0,0.9130983465398653
2017-18,23,Madhya Pradesh,2018-01,2018-01-01,99962.0,72633.0,11512.0,84145.0,0.8417698725515695
2017-18,23,Madhya Pradesh,2018-02,2018-02-01,100963.0,71679.0,12800.0,84479.0,0.8367322682566881
2017-18,23,Madhya Pradesh,2018-03,2018-03-01,304929.0,201758.0,72143.0,273901.0,0.8982451652679804
2017-18,24,Gujarat,2017-07,2017-07-01,564539.0,471922.0,68649.0,540571.0,0.9575441200696497
2017-18,24,Gujarat,2017-08,2017-08-01,224696.0,196120.0,8453.0,204573.0,0.9104434435860006
2017-18,24,Gujarat,2017-09,2017-09-01,682019.0,561269.0,94821.0,656090.0,0.9619819975689827
2017-18,24,Gujarat,2017-10,2017-10-01,225967.0,202803.0,9813.0,212616.0,0.9409161514734452
2017-18,24,Gujarat,2017-11,2017-11-01,228262.0,204605.0,11704.0,216309.0,0.9476347355232145
2017-18,24,Gujarat,2017-12,2017-12-01,698869.0,577834.0,100361.0,678195.0,0.9704179180933766
2017-18,24,Gujarat,2018-01,2018-01-01,232401.0,204839.0,13766.0,218605.0,0.9406370884806864
2017-18,24,Gujarat,2018-02,2018-02-01,234200.0,204768.0,14850.0,219618.0,0.9377369769427839
2017-18,24,Gujarat,2018-03,2018-03-01,733311.0,589784.0,118429.0,708213.0,0.9657744122207358
2017-18,25,Daman and Diu,2017-07,2017-07-01,4349.0,3701.0,499.0,4200.0,0.9657392504023914
2017-18,25,Daman and Diu,2017-08,2017-08-01,2512.0,2230.0,110.0,2340.0,0.9315286624203821
2017-18,25,Daman and Diu,2017-09,2017-09-01,5056.0,4154.0,661.0,4815.0,0.9523338607594937
2017-18,25,Daman and Diu,2017-10,2017-10-01,2614.0,2318.0,119.0,2437.0,0.9322876817138485
2017-18,25,Daman and Diu,2017-11,2017-11-01,2634.0,2329.0,143.0,2472.0,0.9384965831435079
2017-18,25,Daman and Diu,2017-12,2017-12-01,5254.0,4240.0,755.0,4995.0,0.9507042253521126
2017-18,25,Daman and Diu,2018-01,2018-01-01,2675.0,2350.0,138.0,2488.0,0.9300934579439253
2017-18,25,Daman and Diu,2018-02,2018-02-01,2694.0,2353.0,144.0,2497.0,0.9268745360059392
2017-18,25,Daman and Diu,2018-03,2018-03-01,5460.0,4285.0,868.0,5153.0,0.9437728937728938
2017-18,26,Dadra and Nagar Haveli,2017-07,2017-07-01,5291.0,4544.0,517.0,5061.0,0.9565299565299565
2017-18,26,Dadra and Nagar Haveli,2017-08,2017-08-01,3208.0,2837.0,100.0,2937.0,0.9155236907730673
2017-18,26,Dadra and Nagar Haveli,2017-09,2017-09-01,6403.0,5319.0,741.0,6060.0,0.9464313602998594
2017-18,26,Dadra and Nagar Haveli,2017-10,2017-10-01,3324.0,2943.0,115.0,3058.0,0.9199759326113117
2017-18,26,Dadra and Nagar Haveli,2017-11,2017-11-01,3388.0,2978.0,138.0,3116.0,0.9197166469893743
2017-18,26,Dadra and Nagar Haveli,2017-12,2017-12-01,6809.0,5529.0,862.0,6391.0,0.938610662358643
2017-18,26,Dadra and Nagar Haveli,2018-01,2018-01-01,3462.0,2985.0,188.0,3173.0,0.9165222414789139
2017-18,26,Dadra and Nagar Haveli,2018-02,2018-02-01,3496.0,2990.0,203.0,3193.0,0.9133295194508009
2017-18,26,Dadra and Nagar Haveli,2018-03,2018-03-01,7150.0,5654.0,1010.0,6664.0,0.932027972027972
2017-18,27,Maharashtra,2017-07,2017-07-01,914892.0,719136.0,145157.0,864293.0,0.944694018528963
2017-18,27,Maharashtra,2017-08,2017-08-01,336894.0,274069.0,22984.0,297053.0,0.8817402506426354
2017-18,27,Maharashtra,2017-09,2017-09-01,1060520.0,813583.0,190488.0,1004071.0,0.9467723380982914
2017-18,27,Maharashtra,2017-10,2017-10-01,338572.0,281860.0,26619.0,308479.0,0.9111178715310185
2017-18,27,Maharashtra,2017-11,2017-11-01,341709.0,283207.0,30169.0,313376.0,0.9170844197840853
2017-18,27,Maharashtra,2017-12,2017-12-01,1094504.0,831309.0,211142.0,1042451.0,0.9524414712052217
2017-18,27,Maharashtra,2018-01,2018-01-01,348478.0,280404.0,36072.0,316476.0,0.9081663691825596
2017-18,27,Maharashtra,2018-02,2018-02-01,352081.0,279040.0,39181.0,318221.0,0.9038289484522027
2017-18,27,Maharashtra,2018-03,2018-03-01,1148243.0,833059.0,254029.0,1087088.0,0.9467403676747866
2017-18,29,Karnataka,2017-07,2017-07-01,503407.0,384319.0,76398.0,460717.0,0.9151978419052575
2017-18,29,Karnataka,2017-08,2017-08-01,312358.0,244243.0,32454.0,276697.0,0.8858329224799749
2017-18,29,Karnataka,2017-09,2017-09-01,553919.0,400740.0,94046.0,494786.0,0.8932461244333558
2017-18,29,Karnataka,2017-10,2017-10-01,318679.0,248455.0,35603.0,284058.0,0.8913608992120597
2017-18,29,Karnataka,2017-11,2017-11-01,324721.0,250616.0,38946.0,289562.0,0.8917255120549641
2017-18,29,Karnataka,2017-12,2017-12-01,556414.0,397527.0,102217.0,499744.0,0.898151376493043
2017-18,29,Karnataka,2018-01,2018-01-01,333690.0,246359.0,47415.0,293774.0,0.8803799934070544
2017-18,29,Karnataka,2018-02,2018-02-01,339216.0,244436.0,52328.0,296764.0,0.8748526012923918
2017-18,29,Karnataka,2018-03,2018-03-01,590015.0,389982.0,131189.0,521171.0,0.883318220723202
2017-18,30,Goa,2017-07,2017-07-01,22196.0,18039.0,2479.0,20518.0,0.9244007929356641
2017-18,30,Goa,2017-08,2017-08-01,10774.0,8605.0,974.0,9579.0,0.8890848338592909
2017-18,30,Goa,2017-09,2017-09-01,25339.0,20038.0,3471.0,23509.0,0.927779312522199
2017-18,30,Goa,2017-10,2017-10-01,11292.0,8877.0,1126.0,10003.0,0.8858483882394615
2017-18,30,Goa,2017-11,2017-11-01,11570.0,8962.0,1310.0,10272.0,0.8878133102852204
2017-18,30,Goa,2017-12,2017-12-01,26231.0,19986.0,4253.0,24239.0,0.9240593191262247
2017-18,30,Goa,2018-01,2018-01-01,11769.0,8863.0,1485.0,10348.0,0.8792590704392896
2017-18,30,Goa,2018-02,2018-02-01,11924.0,8797.0,1655.0,10452.0,0.8765514927876551
2017-18,30,Goa,2018-03,2018-03-01,27578.0,19628.0,5566.0,25194.0,0.9135542823990137
2017-18,31,Lakshadweep,2017-07,2017-07-01,90.0,44.0,21.0,65.0,0.7222222222222222
2017-18,31,Lakshadweep,2017-08,2017-08-01,152.0,51.0,18.0,69.0,0.45394736842105265
2017-18,31,Lakshadweep,2017-09,2017-09-01,258.0,96.0,61.0,157.0,0.6085271317829457
2017-18,31,Lakshadweep,2017-10,2017-10-01,176.0,64.0,23.0,87.0,0.4943181818181818
2017-18,31,Lakshadweep,2017-11,2017-11-01,179.0,64.0,24.0,88.0,0.49162011173184356
2017-18,31,Lakshadweep,2017-12,2017-12-01,253.0,98.0,62.0,160.0,0.6324110671936759
2017-18,31,Lakshadweep,2018-01,2018-01-01,185.0,58.0,30.0,88.0,0.4756756756756757
2017-18,31,Lakshadweep,2018-02,2018-02-01,187.0,52.0,32.0,84.0,0.44919786096256686
2017-18,31,Lakshadweep,2018-03,2018-03-01,265.0,82.0,79.0,161.0,0.6075471698113207
2017-18,32,Kerala,2017-07,2017-07-01,215930.0,179651.0,27788.0,207439.0,0.9606770712730978
2017-18,32,Kerala,2017-08,2017-08-01,127093.0,107843.0,11713.0,119556.0,0.9406969699354016
2017-18,32,Kerala,2017-09,2017-09-01,233233.0,187432.0,35024.0,222456.0,0.953792988127752
2017-18,32,Kerala,2017-10,2017-10-01,127401.0,108168.0,13244.0,121412.0,0.9529909498355585
2017-18,32,Kerala,2017-11,2017-11-01,129531.0,108962.0,14730.0,123692.0,0.9549219877867074
2017-18,32,Kerala,2017-12,2017-12-01,234754.0,184822.0,39521.0,224343.0,0.9556514478986513
2017-18,32,Kerala,2018-01,2018-01-01,132146.0,107858.0,17567.0,125425.0,0.9491395880314198
2017-18,32,Kerala,2018-02,2018-02-01,133611.0,107297.0,19246.0,126543.0,0.9471001639086603
2017-18,32,Kerala,2018-03,2018-03-01,245761.0,182504.0,50859.0,233363.0,0.9495526141251053
2017-18,33,Tamil Nadu,2017-07,2017-07-01,624866.0,493847.0,75534.0,569381.0,0.9112049623439266
2017-18,33,Tamil Nadu,2017-08,2017-08-01,436886.0,345177.0,35754.0,380931.0,0.87192311037662
2017-18,33,Tamil Nadu,2017-09,2017-09-01,700632.0,523129.0,101804.0,624933.0,0.8919561196177166
2017-18,33,Tamil Nadu,2017-10,2017-10-01,444591.0,351203.0,39716.0,390919.0,0.8792778081427649
2017-18,33,Tamil Nadu,2017-11,2017-11-01,452148.0,354149.0,43440.0,397589.0,0.879333757973053
2017-18,33,Tamil Nadu,2017-12,2017-12-01,712131.0,523313.0,112170.0,635483.0,0.8923681176637445
2017-18,33,Tamil Nadu,2018-01,2018-01-01,463481.0,350079.0,52731.0,402810.0,0.8690971150920965
2017-18,33,Tamil Nadu,2018-02,2018-02-01,472374.0,350056.0,57962.0,408018.0,0.8637604948621219
2017-18,33,Tamil Nadu,2018-03,2018-03-01,750910.0,520158.0,138904.0,659062.0,0.8776844095830393
2017-18,34,Puducherry,2017-07,2017-07-01,14080.0,10983.0,2029.0,13012.0,0.9241477272727273
2017-18,34,Puducherry,2017-08,2017-08-01,9277.0,7407.0,1018.0,8425.0,0.9081599655060903
2017-18,34,Puducherry,2017-09,2017-09-01,15568.0,11649.0,2593.0,14242.0,0.914825282631038
2017-18,34,Puducherry,2017-10,2017-10-01,9544.0,7581.0,1107.0,8688.0,0.9103101424979044
2017-18,34,Puducherry,2017-11,2017-11-01,9607.0,7627.0,1181.0,8808.0,0.9168314770479858
2017-18,34,Puducherry,2017-12,2017-12-01,15975.0,11786.0,2914.0,14700.0,0.92018779342723
2017-18,34,Puducherry,2018-01,2018-01-01,9858.0,7544.0,1456.0,9000.0,0.9129640900791236
2017-18,34,Puducherry,2018-02,2018-02-01,10005.0,7548.0,1591.0,9139.0,0.9134432783608196
2017-18,34,Puducherry,2018-03,2018-03-01,16887.0,11754.0,3624.0,15378.0,0.910641321726772
2017-18,35,Andaman and Nicobar Islands,2017-07,2017-07-01,2489.0,1384.0,522.0,1906.0,0.7657693852952994
2017-18,35,Andaman and Nicobar Islands,2017-08,2017-08-01,2208.0,1088.0,396.0,1484.0,0.6721014492753623
2017-18,35,Andaman and Nicobar Islands,2017-09,2017-09-01,3908.0,1809.0,1032.0,2841.0,0.7269703172978506
2017-18,35,Andaman and Nicobar Islands,2017-10,2017-10-01,2368.0,1130.0,481.0,1611.0,0.6803209459459459
2017-18,35,Andaman and Nicobar Islands,2017-11,2017-11-01,2430.0,1130.0,534.0,1664.0,0.6847736625514403
2017-18,35,Andaman and Nicobar Islands,2017-12,2017-12-01,4016.0,1767.0,1181.0,2948.0,0.7340637450199203
2017-18,35,Andaman and Nicobar Islands,2018-01,2018-01-01,2484.0,1091.0,587.0,1678.0,0.6755233494363929
2017-18,35,Andaman and Nicobar Islands,2018-02,2018-02-01,2518.0,1074.0,608.0,1682.0,0.6679904686258936
2017-18,35,Andaman and Nicobar Islands,2018-03,2018-03-01,4246.0,1646.0,1422.0,3068.0,0.7225624116815826
2017-18,36,Telangana,2017-07,2017-07-01,201614.0,154366.0,24885.0,179251.0,0.8890801234041287
2017-18,36,Telangana,2017-08,2017-08-01,142285.0,105888.0,13776.0,119664.0,0.8410162701619988
2017-18,36,Telangana,2017-09,2017-09-01,234895.0,168714.0,34999.0,203713.0,0.8672513250601332
2017-18,36,Telangana,2017-10,2017-10-01,144948.0,108893.0,15658.0,124551.0,0.8592805695835748
2017-18,36,Telangana,2017-11,2017-11-01,148881.0,110096.0,17555.0,127651.0,0.857402892242798
2017-18,36,Telangana,2017-12,2017-12-01,241225.0,168267.0,41028.0,209295.0,0.8676339517048399
2017-18,36,Telangana,2018-01,2018-01-01,154073.0,108737.0,21341.0,130078.0,0.844262135481233
2017-18,36,Telangana,2018-02,2018-02-01,157538.0,108308.0,23683.0,131991.0,0.8378359506912618
2017-18,36,Telangana,2018-03,2018-03-01,259182.0,165472.0,55145.0,220617.0,0.8512049447878325
2017-18,37,Andhra Pradesh,2017-07,2017-07-01,198028.0,149926.0,26732.0,176658.0,0.8920859676409396
2017-18,37,Andhra Pradesh,2017-08,2017-08-01,129603.0,100118.0,10404.0,110522.0,0.8527734697499286
2017-18,37,Andhra Pradesh,2017-09,2017-09-01,216950.0,158358.0,33749.0,192107.0,0.8854897441806868
2017-18,37,Andhra Pradesh,2017-10,2017-10-01,129192.0,102060.0,11752.0,113812.0,0.8809523809523809
2017-18,37,Andhra Pradesh,2017-11,2017-11-01,132744.0,103504.0,13178.0,116682.0,0.8790001807991321
2017-18,37,Andhra Pradesh,2017-12,2017-12-01,215764.0,157114.0,36155.0,193269.0,0.8957425705863814
2017-18,37,Andhra Pradesh,2018-01,2018-01-01,134716.0,102518.0,15808.0,118326.0,0.8783366489503845
2017-18,37,Andhra Pradesh,2018-02,2018-02-01,136843.0,102169.0,17426.0,119595.0,0.8739577471993453
2017-18,37,Andhra Pradesh,2018-03,2018-03-01,226630.0,155869.0,45591.0,201460.0,0.8889379164276574
2017-18,38,Ladakh,2017-07,2017-07-01,0.0,0.0,0.0,0.0,0.0
2017-18,38,Ladakh,2017-08,2017-08-01,0.0,0.0,0.0,0.0,0.0
2017-18,38,Ladakh,2017-09,2017-09-01,0.0,0.0,0.0,0.0,0.0
2017-18,38,Ladakh,2017-10,2017-10-01,0.0,0.0,0.0,0.0,0.0
2017-18,38,Ladakh,2017-11,2017-11-01,0.0,0.0,0.0,0.0,0.0
2017-18,38,Ladakh,2017-12,2017-12-01,0.0,0.0,0.0,0.0,0.0
2017-18,38,Ladakh,2018-01,2018-01-01,0.0,0.0,0.0,0.0,0.0
2017-18,38,Ladakh,2018-02,2018-02-01,0.0,0.0,0.0,0.0,0.0
2017-18,38,Ladakh,2018-03,2018-03-01,0.0,0.0,0.0,0.0,0.0
2017-18,97,Other Territory,2017-07,2017-07-01,0.0,0.0,0.0,0.0,0.0
2017-18,97,Other Territory,2017-08,2017-08-01,20.0,18.0,1.0,19.0,0.95
2017-18,97,Other Territory,2017-09,2017-09-01,25.0,22.0,1.0,23.0,0.92
2017-18,97,Other Territory,2017-10,2017-10-01,29.0,26.0,1.0,27.0,0.9310344827586207
2017-18,97,Other Territory,2017-11,2017-11-01,32.0,28.0,2.0,30.0,0.9375
2017-18,97,Other Territory,2017-12,2017-12-01,36.0,32.0,1.0,33.0,0.9166666666666666
2017-18,97,Other Territory,2018-01,2018-01-01,40.0,36.0,1.0,37.0,0.925
2017-18,97,Other Territory,2018-02,2018-02-01,45.0,39.0,1.0,40.0,0.8888888888888888
2017-18,97,Other Territory,2018-03,2018-03-01,49.0,41.0,1.0,42.0,0.8571428571428571
2018-19,01,Jammu and Kashmir,2018-04,2018-04-01,37744.0,18332.0,5947.0,24279.0,0.6432545570156846
2018-19,01,Jammu and Kashmir,2018-05,2018-05-01,39310.0,18212.0,6441.0,24653.0,0.6271432205545663
2018-19,01,Jammu and Kashmir,2018-06,2018-06-01,77492.0,43970.0,22479.0,66449.0,0.8574949672224229
2018-19,01,Jammu and Kashmir,2018-07,2018-07-01,40446.0,17243.0,7980.0,25223.0,0.6236216189487217
2018-19,01,Jammu and Kashmir,2018-08,2018-08-01,39808.0,15775.0,9653.0,25428.0,0.638766077170418
2018-19,01,Jammu and Kashmir,2018-09,2018-09-01,81069.0,31358.0,37717.0,69075.0,0.8520519557414055
2018-19,01,Jammu and Kashmir,2018-10,2018-10-01,39392.0,6639.0,19241.0,25880.0,0.6569861900893582
2018-19,01,Jammu and Kashmir,2018-11,2018-11-01,39302.0,7751.0,18217.0,25968.0,0.6607297338557834
2018-19,01,Jammu and Kashmir,2018-12,2018-12-01,84692.0,13643.0,57144.0,70787.0,0.8358168422046947
2018-19,01,Jammu and Kashmir,2019-01,2019-01-01,38866.0,7859.0,18534.0,26393.0,0.6790768280759533
2018-19,01,Jammu and Kashmir,2019-02,2019-02-01,38756.0,7700.0,18729.0,26429.0,0.6819331200330272
2018-19,01,Jammu and Kashmir,2019-03,2019-03-01,88878.0,11122.0,60957.0,72079.0,0.8109880960417651
2018-19,02,Himachal Pradesh,2018-04,2018-04-01,27825.0,15122.0,2743.0,17865.0,0.6420485175202156
2018-19,02,Himachal Pradesh,2018-05,2018-05-01,30075.0,15257.0,2946.0,18203.0,0.6052535328345802
2018-19,02,Himachal Pradesh,2018-06,2018-06-01,75206.0,51695.0,15483.0,67178.0,0.8932531978831476
2018-19,02,Himachal Pradesh,2018-07,2018-07-01,31646.0,14848.0,3835.0,18683.0,0.5903747709031157
2018-19,02,Himachal Pradesh,2018-08,2018-08-01,30728.0,13763.0,5034.0,18797.0,0.6117222077583963
2018-19,02,Himachal Pradesh,2018-09,2018-09-01,79070.0,39513.0,30891.0,70404.0,0.8904009105855571
2018-19,02,Himachal Pradesh,2018-10,2018-10-01,30015.0,6485.0,12665.0,19150.0,0.6380143261702482
2018-19,02,Himachal Pradesh,2018-11,2018-11-01,29849.0,8143.0,11130.0,19273.0,0.6456832724714395
2018-19,02,Himachal Pradesh,2018-12,2018-12-01,82700.0,13152.0,59992.0,73144.0,0.8844498186215236
2018-19,02,Himachal Pradesh,2019-01,2019-01-01,29226.0,8682.0,10824.0,19506.0,0.6674194210634367
2018-19,02,Himachal Pradesh,2019-02,2019-02-01,28879.0,8580.0,10977.0,19557.0,0.6772048893659752
2018-19,02,Himachal Pradesh,2019-03,2019-03-01,86666.0,12158.0,63179.0,75337.0,0.86927976369049
2018-19,03,Punjab,2018-04,2018-04-01,99334.0,70237.0,4907.0,75144.0,0.7564781444419836
2018-19,03,Punjab,2018-05,2018-05-01,103832.0,70414.0,5348.0,75762.0,0.7296594498805763
2018-19,03,Punjab,2018-06,2018-06-01,284602.0,220639.0,40023.0,260662.0,0.9158825306919839
2018-19,03,Punjab,2018-07,2018-07-01,104604.0,68221.0,8158.0,76379.0,0.7301728423387251
2018-19,03,Punjab,2018-08,2018-08-01,102000.0,64436.0,12262.0,76698.0,0.7519411764705882
2018-19,03,Punjab,2018-09,2018-09-01,289976.0,164286.0,102894.0,267180.0,0.9213865975115182
2018-19,03,Punjab,2018-10,2018-10-01,99720.0,41319.0,35951.0,77270.0,0.7748696349779383
2018-19,03,Punjab,2018-11,2018-11-01,98397.0,49526.0,27902.0,77428.0,0.7868939093671555
2018-19,03,Punjab,2018-12,2018-12-01,294776.0,69002.0,203705.0,272707.0,0.9251329823323473
2018-19,03,Punjab,2019-01,2019-01-01,96791.0,51294.0,26703.0,77997.0,0.8058290543542271
2018-19,03,Punjab,2019-02,2019-02-01,95685.0,50656.0,27386.0,78042.0,0.8156137325599624
2018-19,03,Punjab,2019-03,2019-03-01,302783.0,57789.0,218708.0,276497.0,0.9131853505645958
2018-19,04,Chandigarh,2018-04,2018-04-01,11692.0,7816.0,680.0,8496.0,0.7266507013342456
2018-19,04,Chandigarh,2018-05,2018-05-01,12089.0,7824.0,736.0,8560.0,0.7080817271900074
2018-19,04,Chandigarh,2018-06,2018-06-01,27243.0,19834.0,4733.0,24567.0,0.9017729324964211
2018-19,04,Chandigarh,2018-07,2018-07-01,11708.0,7561.0,1096.0,8657.0,0.7394089511445165
2018-19,04,Chandigarh,2018-08,2018-08-01,11118.0,7051.0,1617.0,8668.0,0.7796366252923188
2018-19,04,Chandigarh,2018-09,2018-09-01,27051.0,15260.0,9755.0,25015.0,0.9247347602676426
2018-19,04,Chandigarh,2018-10,2018-10-01,10825.0,4269.0,4452.0,8721.0,0.805635103926097
2018-19,04,Chandigarh,2018-11,2018-11-01,10616.0,5213.0,3528.0,8741.0,0.8233798040693293
2018-19,04,Chandigarh,2018-12,2018-12-01,27347.0,6791.0,18711.0,25502.0,0.9325337331334332
2018-19,04,Chandigarh,2019-01,2019-01-01,10436.0,5466.0,3362.0,8828.0,0.8459179762361058
2018-19,04,Chandigarh,2019-02,2019-02-01,10294.0,5320.0,3519.0,8839.0,0.8586555274917428
2018-19,04,Chandigarh,2019-03,2019-03-01,27600.0,6209.0,19379.0,25588.0,0.9271014492753623
2018-19,05,Uttarakhand,2018-04,2018-04-01,52360.0,22341.0,5958.0,28299.0,0.5404698242933537
2018-19,05,Uttarakhand,2018-05,2018-05-01,53901.0,22049.0,6566.0,28615.0,0.5308806886699691
2018-19,05,Uttarakhand,2018-06,2018-06-01,118806.0,63036.0,35300.0,98336.0,0.8277023045974109
2018-19,05,Uttarakhand,2018-07,2018-07-01,54910.0,20710.0,8469.0,29179.0,0.5313968311782917
2018-19,05,Uttarakhand,2018-08,2018-08-01,53463.0,19128.0,10192.0,29320.0,0.5484166619905355
2018-19,05,Uttarakhand,2018-09,2018-09-01,122477.0,47200.0,55156.0,102356.0,0.8357160936339068
2018-19,05,Uttarakhand,2018-10,2018-10-01,49944.0,7005.0,22751.0,29756.0,0.5957872817555663
2018-19,05,Uttarakhand,2018-11,2018-11-01,48590.0,9796.0,19975.0,29771.0,0.6126980860259312
2018-19,05,Uttarakhand,2018-12,2018-12-01,123658.0,17890.0,87212.0,105102.0,0.8499409662132656
2018-19,05,Uttarakhand,2019-01,2019-01-01,44859.0,10293.0,19901.0,30194.0,0.6730867830312758
2018-19,05,Uttarakhand,2019-02,2019-02-01,44209.0,10257.0,19907.0,30164.0,0.6823045081318284
2018-19,05,Uttarakhand,2019-03,2019-03-01,128280.0,15951.0,92367.0,108318.0,0.8443872778297474
2018-19,06,Haryana,2018-04,2018-04-01,155733.0,97411.0,10225.0,107636.0,0.6911573012784702
2018-19,06,Haryana,2018-05,2018-05-01,161212.0,97518.0,11244.0,108762.0,0.6746520110165496
2018-19,06,Haryana,2018-06,2018-06-01,381930.0,263247.0,75272.0,338519.0,0.8863378105935643
2018-19,06,Haryana,2018-07,2018-07-01,166252.0,93663.0,16907.0,110570.0,0.6650747058682001
2018-19,06,Haryana,2018-08,2018-08-01,165152.0,87089.0,24111.0,111200.0,0.6733191242007363
2018-19,06,Haryana,2018-09,2018-09-01,399083.0,194769.0,156789.0,351558.0,0.8809144964831878
2018-19,06,Haryana,2018-10,2018-10-01,161513.0,42906.0,69735.0,112641.0,0.6974113538848266
2018-19,06,Haryana,2018-11,2018-11-01,160836.0,57569.0,55453.0,113022.0,0.7027158098933075
2018-19,06,Haryana,2018-12,2018-12-01,416803.0,83038.0,279483.0,362521.0,0.8697658126261087
2018-19,06,Haryana,2019-01,2019-01-01,155966.0,61372.0,52812.0,114184.0,0.7321082800097457
2018-19,06,Haryana,2019-02,2019-02-01,151260.0,60664.0,53618.0,114282.0,0.7555335184450614
2018-19,06,Haryana,2019-03,2019-03-01,421476.0,73250.0,294443.0,367693.0,0.872393683151591
2018-19,07,Delhi,2018-04,2018-04-01,255883.0,132080.0,20429.0,152509.0,0.5960106767546105
2018-19,07,Delhi,2018-05,2018-05-01,262865.0,131689.0,22462.0,154151.0,0.5864264926863599
2018-19,07,Delhi,2018-06,2018-06-01,653936.0,443138.0,125841.0,568979.0,0.8700836167453696
2018-19,07,Delhi,2018-07,2018-07-01,269332.0,124954.0,32001.0,156955.0,0.5827565978049396
2018-19,07,Delhi,2018-08,2018-08-01,268583.0,113527.0,44538.0,158065.0,0.5885145374055692
2018-19,07,Delhi,2018-09,2018-09-01,674957.0,310702.0,274647.0,585349.0,0.8672389500368172
2018-19,07,Delhi,2018-10,2018-10-01,255869.0,51615.0,108747.0,160362.0,0.6267347744353556
2018-19,07,Delhi,2018-11,2018-11-01,254489.0,74681.0,86202.0,160883.0,0.6321805657611921
2018-19,07,Delhi,2018-12,2018-12-01,700345.0,115231.0,481536.0,596767.0,0.8521043200137075
2018-19,07,Delhi,2019-01,2019-01-01,252487.0,79416.0,83270.0,162686.0,0.6443341637391232
2018-19,07,Delhi,2019-02,2019-02-01,250214.0,78141.0,85039.0,163180.0,0.6521617495423917
2018-19,07,Delhi,2019-03,2019-03-01,730364.0,104042.0,501854.0,605896.0,0.8295808665268277
2018-19,08,Rajasthan,2018-04,2018-04-01,181698.0,98521.0,14038.0,112559.0,0.6194839789100596
2018-19,08,Rajasthan,2018-05,2018-05-01,194250.0,98361.0,14912.0,113273.0,0.5831299871299871
2018-19,08,Rajasthan,2018-06,2018-06-01,500417.0,337189.0,111626.0,448815.0,0.8968820004116567
2018-19,08,Rajasthan,2018-07,2018-07-01,195360.0,93660.0,20975.0,114635.0,0.586788493038493
2018-19,08,Rajasthan,2018-08,2018-08-01,193037.0,86077.0,28945.0,115022.0,0.5958546807088796
2018-19,08,Rajasthan,2018-09,2018-09-01,511436.0,246708.0,217801.0,464509.0,0.9082446288489664
2018-19,08,Rajasthan,2018-10,2018-10-01,180725.0,37374.0,79002.0,116376.0,0.643939687370314
2018-19,08,Rajasthan,2018-11,2018-11-01,176831.0,56359.0,59930.0,116289.0,0.657627904609486
2018-19,08,Rajasthan,2018-12,2018-12-01,530594.0,100526.0,374708.0,475234.0,0.8956641047580636
2018-19,08,Rajasthan,2019-01,2019-01-01,171569.0,62254.0,54946.0,117200.0,0.683107088110323
2018-19,08,Rajasthan,2019-02,2019-02-01,168653.0,60072.0,57283.0,117355.0,0.6958370144616461
2018-19,08,Rajasthan,2019-03,2019-03-01,551432.0,79540.0,407031.0,486571.0,0.8823771562042101
2018-19,09,Uttar Pradesh,2018-04,2018-04-01,383357.0,213362.0,44576.0,257938.0,0.672840198561654
2018-19,09,Uttar Pradesh,2018-05,2018-05-01,402114.0,213473.0,48211.0,261684.0,0.6507706769722019
2018-19,09,Uttar Pradesh,2018-06,2018-06-01,1006440.0,614622.0,254403.0,869025.0,0.8634642899725766
2018-19,09,Uttar Pradesh,2018-07,2018-07-01,418258.0,202405.0,64616.0,267021.0,0.6384121762165936
2018-19,09,Uttar Pradesh,2018-08,2018-08-01,414163.0,188053.0,80970.0,269023.0,0.64955826570698
2018-19,09,Uttar Pradesh,2018-09,2018-09-01,1050898.0,468795.0,436535.0,905330.0,0.8614822751589593
2018-19,09,Uttar Pradesh,2018-10,2018-10-01,403018.0,61008.0,213040.0,274048.0,0.6799894793780923
2018-19,09,Uttar Pradesh,2018-11,2018-11-01,397911.0,90244.0,184322.0,274566.0,0.6900186222547253
2018-19,09,Uttar Pradesh,2018-12,2018-12-01,1080975.0,149746.0,781411.0,931157.0,0.8614047503411272
2018-19,09,Uttar Pradesh,2019-01,2019-01-01,383854.0,94203.0,183987.0,278190.0,0.7247286728808349
2018-19,09,Uttar Pradesh,2019-02,2019-02-01,375418.0,90656.0,188046.0,278702.0,0.7423778295127031
2018-19,09,Uttar Pradesh,2019-03,2019-03-01,1108438.0,136513.0,810024.0,946537.0,0.8539377033266633
2018-19,10,Bihar,2018-04,2018-04-01,118734.0,45439.0,21829.0,67268.0,0.5665437027304732
2018-19,10,Bihar,2018-05,2018-05-01,126369.0,45270.0,23328.0,68598.0,0.5428388291432235
2018-19,10,Bihar,2018-06,2018-06-01,260084.0,131434.0,84442.0,215876.0,0.8300241460451239
2018-19,10,Bihar,2018-07,2018-07-01,130716.0,42723.0,28016.0,70739.0,0.5411655803421157
2018-19,10,Bihar,2018-08,2018-08-01,128175.0,39292.0,32150.0,71442.0,0.5573785839672323
2018-19,10,Bihar,2018-09,2018-09-01,274935.0,106846.0,121052.0,227898.0,0.8289159255824103
2018-19,10,Bihar,2018-10,2018-10-01,126876.0,12496.0,60652.0,73148.0,0.5765314165011507
2018-19,10,Bihar,2018-11,2018-11-01,124574.0,14773.0,58742.0,73515.0,0.5901311670171946
2018-19,10,Bihar,2018-12,2018-12-01,287360.0,30721.0,205893.0,236614.0,0.8234061804008909
2018-19,10,Bihar,2019-01,2019-01-01,121125.0,15278.0,59782.0,75060.0,0.6196904024767802
2018-19,10,Bihar,2019-02,2019-02-01,118861.0,14459.0,61193.0,75652.0,0.6364745374849614
2018-19,10,Bihar,2019-03,2019-03-01,304255.0,25481.0,219833.0,245314.0,0.8062776289625478
2018-19,11,Sikkim,2018-04,2018-04-01,2909.0,1520.0,566.0,2086.0,0.7170849089034033
2018-19,11,Sikkim,2018-05,2018-05-01,3013.0,1534.0,598.0,2132.0,0.7076003982741453
2018-19,11,Sikkim,2018-06,2018-06-01,5002.0,2775.0,1599.0,4374.0,0.8744502199120352
2018-19,11,Sikkim,2018-07,2018-07-01,3181.0,1469.0,752.0,2221.0,0.698208110657026
2018-19,11,Sikkim,2018-08,2018-08-01,3269.0,1354.0,929.0,2283.0,0.6983787090853472
2018-19,11,Sikkim,2018-09,2018-09-01,5567.0,2152.0,2648.0,4800.0,0.862223818932998
2018-19,11,Sikkim,2018-10,2018-10-01,3411.0,629.0,1795.0,2424.0,0.7106420404573439
2018-19,11,Sikkim,2018-11,2018-11-01,3485.0,815.0,1630.0,2445.0,0.7015781922525107
2018-19,11,Sikkim,2018-12,2018-12-01,6197.0,1085.0,4136.0,5221.0,0.8425044376311118
2018-19,11,Sikkim,2019-01,2019-01-01,3623.0,765.0,1798.0,2563.0,0.7074247860888766
2018-19,11,Sikkim,2019-02,2019-02-01,3685.0,822.0,1794.0,2616.0,0.7099050203527816
2018-19,11,Sikkim,2019-03,2019-03-01,6793.0,1053.0,4560.0,5613.0,0.8262917709406742
2018-19,12,Arunachal Pradesh,2018-04,2018-04-01,6115.0,1680.0,1141.0,2821.0,0.46132461161079313
2018-19,12,Arunachal Pradesh,2018-05,2018-05-01,6221.0,1660.0,1228.0,2888.0,0.4642340459733162
2018-19,12,Arunachal Pradesh,2018-06,2018-06-01,9000.0,3350.0,3360.0,6710.0,0.7455555555555555
2018-19,12,Arunachal Pradesh,2018-07,2018-07-01,6296.0,1506.0,1453.0,2959.0,0.46998094027954257
2018-19,12,Arunachal Pradesh,2018-08,2018-08-01,6159.0,1312.0,1682.0,2994.0,0.48611787627861663
2018-19,12,Arunachal Pradesh,2018-09,2018-09-01,9574.0,2109.0,4947.0,7056.0,0.736996030917067
2018-19,12,Arunachal Pradesh,2018-10,2018-10-01,6075.0,446.0,2637.0,3083.0,0.5074897119341564
2018-19,12,Arunachal Pradesh,2018-11,2018-11-01,6088.0,513.0,2593.0,3106.0,0.5101839684625493
2018-19,12,Arunachal Pradesh,2018-12,2018-12-01,10144.0,794.0,6453.0,7247.0,0.7144124605678234
2018-19,12,Arunachal Pradesh,2019-01,2019-01-01,6030.0,535.0,2650.0,3185.0,0.5281923714759535
2018-19,12,Arunachal Pradesh,2019-02,2019-02-01,6065.0,560.0,2631.0,3191.0,0.5261335531739489
2018-19,12,Arunachal Pradesh,2019-03,2019-03-01,10737.0,657.0,6850.0,7507.0,0.6991710906212164
2018-19,13,Nagaland,2018-04,2018-04-01,4189.0,1429.0,1089.0,2518.0,0.6010981141083791
2018-19,13,Nagaland,2018-05,2018-05-01,4295.0,1448.0,1165.0,2613.0,0.6083818393480792
2018-19,13,Nagaland,2018-06,2018-06-01,5450.0,2196.0,1990.0,4186.0,0.7680733944954129
2018-19,13,Nagaland,2018-07,2018-07-01,4468.0,1402.0,1331.0,2733.0,0.6116830796777082
2018-19,13,Nagaland,2018-08,2018-08-01,4475.0,1308.0,1486.0,2794.0,0.6243575418994414
2018-19,13,Nagaland,2018-09,2018-09-01,5857.0,1742.0,2681.0,4423.0,0.7551647601161003
2018-19,13,Nagaland,2018-10,2018-10-01,4519.0,474.0,2411.0,2885.0,0.6384155786678468
2018-19,13,Nagaland,2018-11,2018-11-01,4509.0,572.0,2346.0,2918.0,0.6471501441561321
2018-19,13,Nagaland,2018-12,2018-12-01,6085.0,659.0,3894.0,4553.0,0.7482333607230895
2018-19,13,Nagaland,2019-01,2019-01-01,4478.0,584.0,2361.0,2945.0,0.6576596694953104
2018-19,13,Nagaland,2019-02,2019-02-01,4516.0,637.0,2359.0,2996.0,0.6634189548272807
2018-19,13,Nagaland,2019-03,2019-03-01,6354.0,705.0,3992.0,4697.0,0.7392193893610324
2018-19,14,Manipur,2018-04,2018-04-01,6901.0,2210.0,1170.0,3380.0,0.4897840892624257
2018-19,14,Manipur,2018-05,2018-05-01,7002.0,2218.0,1246.0,3464.0,0.49471579548700373
2018-19,14,Manipur,2018-06,2018-06-01,9439.0,3462.0,2817.0,6279.0,0.6652187731751245
2018-19,14,Manipur,2018-07,2018-07-01,7179.0,2052.0,1500.0,3552.0,0.4947764312578354
2018-19,14,Manipur,2018-08,2018-08-01,7115.0,1809.0,1763.0,3572.0,0.502037947997189
2018-19,14,Manipur,2018-09,2018-09-01,9988.0,2234.0,4213.0,6447.0,0.64547456948338
2018-19,14,Manipur,2018-10,2018-10-01,7098.0,466.0,3188.0,3654.0,0.514792899408284
2018-19,14,Manipur,2018-11,2018-11-01,7150.0,575.0,3111.0,3686.0,0.5155244755244756
2018-19,14,Manipur,2018-12,2018-12-01,10385.0,759.0,5865.0,6624.0,0.6378430428502648
2018-19,14,Manipur,2019-01,2019-01-01,7292.0,591.0,3163.0,3754.0,0.5148107515085024
2018-19,14,Manipur,2019-02,2019-02-01,7329.0,580.0,3170.0,3750.0,0.511665984445354
2018-19,14,Manipur,2019-03,2019-03-01,10929.0,787.0,5927.0,6714.0,0.6143288498490256
2018-19,15,Mizoram,2018-04,2018-04-01,3433.0,1566.0,532.0,2098.0,0.6111272939120302
2018-19,15,Mizoram,2018-05,2018-05-01,3586.0,1562.0,591.0,2153.0,0.6003904071388734
2018-19,15,Mizoram,2018-06,2018-06-01,4577.0,2295.0,989.0,3284.0,0.7175005462093074
2018-19,15,Mizoram,2018-07,2018-07-01,3714.0,1492.0,742.0,2234.0,0.6015078082929456
2018-19,15,Mizoram,2018-08,2018-08-01,3697.0,1368.0,868.0,2236.0,0.6048147146334866
2018-19,15,Mizoram,2018-09,2018-09-01,4810.0,1799.0,1640.0,3439.0,0.7149688149688149
2018-19,15,Mizoram,2018-10,2018-10-01,3785.0,401.0,1896.0,2297.0,0.6068692206076618
2018-19,15,Mizoram,2018-11,2018-11-01,3841.0,513.0,1835.0,2348.0,0.6112991408487373
2018-19,15,Mizoram,2018-12,2018-12-01,5062.0,480.0,3158.0,3638.0,0.7186882655077045
2018-19,15,Mizoram,2019-01,2019-01-01,3750.0,524.0,1873.0,2397.0,0.6392
2018-19,15,Mizoram,2019-02,2019-02-01,3712.0,503.0,1929.0,2432.0,0.6551724137931034
2018-19,15,Mizoram,2019-03,2019-03-01,5225.0,710.0,3111.0,3821.0,0.7312918660287081
2018-19,16,Tripura,2018-04,2018-04-01,10147.0,4532.0,1406.0,5938.0,0.5851975953483788
2018-19,16,Tripura,2018-05,2018-05-01,10648.0,4584.0,1509.0,6093.0,0.5722201352366642
2018-19,16,Tripura,2018-06,2018-06-01,19474.0,11238.0,5326.0,16564.0,0.8505699907569066
2018-19,16,Tripura,2018-07,2018-07-01,11101.0,4513.0,1865.0,6378.0,0.5745428339789208
2018-19,16,Tripura,2018-08,2018-08-01,10896.0,4069.0,2446.0,6515.0,0.5979258443465492
2018-19,16,Tripura,2018-09,2018-09-01,21050.0,8846.0,8862.0,17708.0,0.8412351543942993
2018-19,16,Tripura,2018-10,2018-10-01,10767.0,1751.0,4944.0,6695.0,0.621807374384694
2018-19,16,Tripura,2018-11,2018-11-01,10807.0,2046.0,4705.0,6751.0,0.6246877024151013
2018-19,16,Tripura,2018-12,2018-12-01,22208.0,2258.0,16127.0,18385.0,0.8278548270893372
2018-19,16,Tripura,2019-01,2019-01-01,10537.0,1994.0,4904.0,6898.0,0.6546455347821961
2018-19,16,Tripura,2019-02,2019-02-01,10484.0,1847.0,5068.0,6915.0,0.6595764975200306
2018-19,16,Tripura,2019-03,2019-03-01,23427.0,2546.0,16365.0,18911.0,0.8072309728091518
2018-19,17,Meghalaya,2018-04,2018-04-01,11348.0,3870.0,2265.0,6135.0,0.5406238984843145
2018-19,17,Meghalaya,2018-05,2018-05-01,12288.0,4033.0,2551.0,6584.0,0.5358072916666666
2018-19,17,Meghalaya,2018-06,2018-06-01,20216.0,9204.0,5998.0,15202.0,0.751978630787495
2018-19,17,Meghalaya,2018-07,2018-07-01,13942.0,4159.0,3183.0,7342.0,0.5266102424329364
2018-19,17,Meghalaya,2018-08,2018-08-01,13671.0,3801.0,3679.0,7480.0,0.547143588618243
2018-19,17,Meghalaya,2018-09,2018-09-01,22408.0,7745.0,8963.0,16708.0,0.7456265619421635
2018-19,17,Meghalaya,2018-10,2018-10-01,13544.0,1254.0,6355.0,7609.0,0.5617985823981099
2018-19,17,Meghalaya,2018-11,2018-11-01,13664.0,1434.0,6171.0,7605.0,0.5565720140515222
2018-19,17,Meghalaya,2018-12,2018-12-01,23182.0,2495.0,14315.0,16810.0,0.7251315675955483
2018-19,17,Meghalaya,2019-01,2019-01-01,13582.0,1295.0,6375.0,7670.0,0.5647180091297306
2018-19,17,Meghalaya,2019-02,2019-02-01,13478.0,1509.0,6134.0,7643.0,0.5670722659148242
2018-19,17,Meghalaya,2019-03,2019-03-01,23703.0,2644.0,14206.0,16850.0,0.7108804792642281
2018-19,18,Assam,2018-04,2018-04-01,82961.0,27172.0,14850.0,42022.0,0.506527163365919
2018-19,18,Assam,2018-05,2018-05-01,85929.0,26951.0,15874.0,42825.0,0.49837656670041547
2018-19,18,Assam,2018-06,2018-06-01,136177.0,55065.0,47561.0,102626.0,0.7536221241472495
2018-19,18,Assam,2018-07,2018-07-01,89310.0,25224.0,19204.0,44428.0,0.4974582913447542
2018-19,18,Assam,2018-08,2018-08-01,88186.0,22581.0,22435.0,45016.0,0.5104665139591318
2018-19,18,Assam,2018-09,2018-09-01,144015.0,39416.0,68769.0,108185.0,0.7512064715481026
2018-19,18,Assam,2018-10,2018-10-01,86986.0,8758.0,37132.0,45890.0,0.5275561584622813
2018-19,18,Assam,2018-11,2018-11-01,86985.0,10606.0,35485.0,46091.0,0.5298729666034374
2018-19,18,Assam,2018-12,2018-12-01,150627.0,16042.0,94454.0,110496.0,0.7335736620924536
2018-19,18,Assam,2019-01,2019-01-01,85745.0,10697.0,35998.0,46695.0,0.5445798588838999
2018-19,18,Assam,2019-02,2019-02-01,85438.0,10403.0,36464.0,46867.0,0.5485498256045319
2018-19,18,Assam,2019-03,2019-03-01,157244.0,13368.0,99073.0,112441.0,0.7150733891277251
2018-19,19,West Bengal,2018-04,2018-04-01,219583.0,119835.0,29616.0,149451.0,0.6806127978941904
2018-19,19,West Bengal,2018-05,2018-05-01,233184.0,119084.0,32196.0,151280.0,0.6487580623027309
2018-19,19,West Bengal,2018-06,2018-06-01,511502.0,329629.0,123073.0,452702.0,0.8850444377539091
2018-19,19,West Bengal,2018-07,2018-07-01,239310.0,112841.0,41973.0,154814.0,0.6469182232251055
2018-19,19,West Bengal,2018-08,2018-08-01,235824.0,104078.0,52204.0,156282.0,0.6627060858945655
2018-19,19,West Bengal,2018-09,2018-09-01,536002.0,255773.0,216570.0,472343.0,0.8812336521132383
2018-19,19,West Bengal,2018-10,2018-10-01,231591.0,44868.0,114025.0,158893.0,0.6860931556062196
2018-19,19,West Bengal,2018-11,2018-11-01,231682.0,56001.0,103641.0,159642.0,0.6890565516526964
2018-19,19,West Bengal,2018-12,2018-12-01,558638.0,89410.0,396306.0,485716.0,0.8694646622678729
2018-19,19,West Bengal,2019-01,2019-01-01,229686.0,57567.0,104959.0,162526.0,0.7076008115427148
2018-19,19,West Bengal,2019-02,2019-02-01,227810.0,56664.0,106634.0,163298.0,0.7168166454501559
2018-19,19,West Bengal,2019-03,2019-03-01,582519.0,80982.0,415949.0,496931.0,0.8530726036403963
2018-19,20,Jharkhand,2018-04,2018-04-01,63614.0,32938.0,10535.0,43473.0,0.6833873046813594
2018-19,20,Jharkhand,2018-05,2018-05-01,66074.0,32737.0,11473.0,44210.0,0.6690982837424706
2018-19,20,Jharkhand,2018-06,2018-06-01,127212.0,72615.0,37090.0,109705.0,0.862379335282835
2018-19,20,Jharkhand,2018-07,2018-07-01,67228.0,30793.0,14458.0,45251.0,0.6730975188909383
2018-19,20,Jharkhand,2018-08,2018-08-01,66395.0,28032.0,17584.0,45616.0,0.6870396867233979
2018-19,20,Jharkhand,2018-09,2018-09-01,133208.0,53025.0,61312.0,114337.0,0.8583343342742178
2018-19,20,Jharkhand,2018-10,2018-10-01,65284.0,10409.0,36097.0,46506.0,0.7123644384535261
2018-19,20,Jharkhand,2018-11,2018-11-01,65226.0,13652.0,33100.0,46752.0,0.7167693864409898
2018-19,20,Jharkhand,2018-12,2018-12-01,139370.0,22352.0,95974.0,118326.0,0.8490062423764081
2018-19,20,Jharkhand,2019-01,2019-01-01,64786.0,13888.0,33679.0,47567.0,0.7342172691630908
2018-19,20,Jharkhand,2019-02,2019-02-01,64329.0,13043.0,34666.0,47709.0,0.7416406286433801
2018-19,20,Jharkhand,2019-03,2019-03-01,146064.0,16747.0,104776.0,121523.0,0.8319846094862526
2018-19,21,Odisha,2018-04,2018-04-01,94847.0,38787.0,14586.0,53373.0,0.5627273398209748
2018-19,21,Odisha,2018-05,2018-05-01,100711.0,38554.0,15755.0,54309.0,0.5392558906177081
2018-19,21,Odisha,2018-06,2018-06-01,200801.0,99516.0,62184.0,161700.0,0.8052748741291129
2018-19,21,Odisha,2018-07,2018-07-01,104405.0,36441.0,19546.0,55987.0,0.536248263972032
2018-19,21,Odisha,2018-08,2018-08-01,103393.0,33453.0,23192.0,56645.0,0.5478610737670829
2018-19,21,Odisha,2018-09,2018-09-01,214949.0,77291.0,93511.0,170802.0,0.7946163973779827
2018-19,21,Odisha,2018-10,2018-10-01,102459.0,13633.0,44351.0,57984.0,0.5659239305478289
2018-19,21,Odisha,2018-11,2018-11-01,101956.0,15669.0,42720.0,58389.0,0.5726882184471733
2018-19,21,Odisha,2018-12,2018-12-01,223141.0,26453.0,150084.0,176537.0,0.7911455088934799
2018-19,21,Odisha,2019-01,2019-01-01,91341.0,15847.0,44042.0,59889.0,0.6556639406181233
2018-19,21,Odisha,2019-02,2019-02-01,85107.0,15277.0,44785.0,60062.0,0.7057233835054696
2018-19,21,Odisha,2019-03,2019-03-01,218115.0,24850.0,155284.0,180134.0,0.8258670884625083
2018-19,22,Chattisgarh,2018-04,2018-04-01,50487.0,23163.0,9391.0,32554.0,0.6447996513954087
2018-19,22,Chattisgarh,2018-05,2018-05-01,53177.0,22959.0,9913.0,32872.0,0.6181619873253474
2018-19,22,Chattisgarh,2018-06,2018-06-01,98284.0,50398.0,34885.0,85283.0,0.8677200765129625
2018-19,22,Chattisgarh,2018-07,2018-07-01,50949.0,21181.0,12247.0,33428.0,0.6561070874796365
2018-19,22,Chattisgarh,2018-08,2018-08-01,49380.0,19103.0,14455.0,33558.0,0.6795868772782503
2018-19,22,Chattisgarh,2018-09,2018-09-01,101382.0,35766.0,52662.0,88428.0,0.8722258389063148
2018-19,22,Chattisgarh,2018-10,2018-10-01,47462.0,6045.0,28046.0,34091.0,0.7182798870675488
2018-19,22,Chattisgarh,2018-11,2018-11-01,45806.0,9865.0,24273.0,34138.0,0.7452735449504432
2018-19,22,Chattisgarh,2018-12,2018-12-01,101564.0,15012.0,75025.0,90037.0,0.8865050608483321
2018-19,22,Chattisgarh,2019-01,2019-01-01,42627.0,10109.0,24339.0,34448.0,0.8081263049241091
2018-19,22,Chattisgarh,2019-02,2019-02-01,42175.0,9521.0,24981.0,34502.0,0.8180675755779491
2018-19,22,Chattisgarh,2019-03,2019-03-01,102281.0,11481.0,79942.0,91423.0,0.8938414759339467
2018-19,23,Madhya Pradesh,2018-04,2018-04-01,136612.0,73253.0,18480.0,91733.0,0.6714856674377068
2018-19,23,Madhya Pradesh,2018-05,2018-05-01,144590.0,72854.0,19679.0,92533.0,0.6399681859049727
2018-19,23,Madhya Pradesh,2018-06,2018-06-01,322204.0,194831.0,92598.0,287429.0,0.8920714826631575
2018-19,23,Madhya Pradesh,2018-07,2018-07-01,141043.0,67073.0,26771.0,93844.0,0.6653573732833249
2018-19,23,Madhya Pradesh,2018-08,2018-08-01,135990.0,60514.0,33866.0,94380.0,0.6940216192367086
2018-19,23,Madhya Pradesh,2018-09,2018-09-01,328946.0,133295.0,164666.0,297961.0,0.9058052081496659
2018-19,23,Madhya Pradesh,2018-10,2018-10-01,131546.0,20376.0,75315.0,95691.0,0.7274337494108525
2018-19,23,Madhya Pradesh,2018-11,2018-11-01,128868.0,31991.0,63817.0,95808.0,0.7434584225719341
2018-19,23,Madhya Pradesh,2018-12,2018-12-01,335747.0,52220.0,253836.0,306056.0,0.9115673408846542
2018-19,23,Madhya Pradesh,2019-01,2019-01-01,125246.0,32976.0,63832.0,96808.0,0.7729428484742028
2018-19,23,Madhya Pradesh,2019-02,2019-02-01,123206.0,31273.0,65717.0,96990.0,0.7872181549599857
2018-19,23,Madhya Pradesh,2019-03,2019-03-01,346732.0,38372.0,274365.0,312737.0,0.9019559775273122
2018-19,24,Gujrat,2018-04,2018-04-01,313968.0,205173.0,22114.0,227287.0,0.7239177240992712
2018-19,24,Gujrat,2018-05,2018-05-01,329706.0,205298.0,23700.0,228998.0,0.6945521161277016
2018-19,24,Gujrat,2018-06,2018-06-01,801034.0,590811.0,145319.0,736130.0,0.9189747251677207
2018-19,24,Gujrat,2018-07,2018-07-01,331018.0,197432.0,34425.0,231857.0,0.7004362300539547
2018-19,24,Gujrat,2018-08,2018-08-01,322207.0,186044.0,46974.0,233018.0,0.723193475002095
2018-19,24,Gujrat,2018-09,2018-09-01,823883.0,459825.0,298870.0,758695.0,0.9208771148330528
2018-19,24,Gujrat,2018-10,2018-10-01,309633.0,69513.0,165945.0,235458.0,0.7604422009281956
2018-19,24,Gujrat,2018-11,2018-11-01,305879.0,118867.0,116944.0,235811.0,0.7709290274912629
2018-19,24,Gujrat,2018-12,2018-12-01,838229.0,199945.0,575949.0,775894.0,0.9256348802057671
2018-19,24,Gujrat,2019-01,2019-01-01,298136.0,129332.0,108165.0,237497.0,0.7966062468135348
2018-19,24,Gujrat,2019-02,2019-02-01,294597.0,125528.0,112361.0,237889.0,0.8075065258641466
2018-19,24,Gujrat,2019-03,2019-03-01,864165.0,154965.0,636683.0,791648.0,0.9160843126023387
2018-19,25,Daman and Diu,2018-04,2018-04-01,3464.0,2391.0,221.0,2612.0,0.754041570438799
2018-19,25,Daman and Diu,2018-05,2018-05-01,3499.0,2388.0,245.0,2633.0,0.7525007144898542
2018-19,25,Daman and Diu,2018-06,2018-06-01,5679.0,4130.0,1111.0,5241.0,0.9228737453777074
2018-19,25,Daman and Diu,2018-07,2018-07-01,3478.0,2324.0,328.0,2652.0,0.7625071880391029
2018-19,25,Daman and Diu,2018-08,2018-08-01,3417.0,2208.0,456.0,2664.0,0.7796312554872695
2018-19,25,Daman and Diu,2018-09,2018-09-01,5864.0,3173.0,2201.0,5374.0,0.9164392905866303
2018-19,25,Daman and Diu,2018-10,2018-10-01,3349.0,1094.0,1595.0,2689.0,0.8029262466407883
2018-19,25,Daman and Diu,2018-11,2018-11-01,3316.0,1437.0,1249.0,2686.0,0.8100120627261761
2018-19,25,Daman and Diu,2018-12,2018-12-01,5942.0,1951.0,3491.0,5442.0,0.9158532480646248
2018-19,25,Daman and Diu,2019-01,2019-01-01,3223.0,1592.0,1113.0,2705.0,0.8392801737511635
2018-19,25,Daman and Diu,2019-02,2019-02-01,3160.0,1579.0,1122.0,2701.0,0.854746835443038
2018-19,25,Daman and Diu,2019-03,2019-03-01,6007.0,1789.0,3673.0,5462.0,0.9092725153987015
2018-19,26,Dadra and Nagar Haveli,2018-04,2018-04-01,4230.0,2848.0,261.0,3109.0,0.7349881796690307
2018-19,26,Dadra and Nagar Haveli,2018-05,2018-05-01,4313.0,2847.0,291.0,3138.0,0.727567818223974
2018-19,26,Dadra and Nagar Haveli,2018-06,2018-06-01,7494.0,5470.0,1396.0,6866.0,0.9161996263677609
2018-19,26,Dadra and Nagar Haveli,2018-07,2018-07-01,4311.0,2770.0,401.0,3171.0,0.7355601948503827
2018-19,26,Dadra and Nagar Haveli,2018-08,2018-08-01,4259.0,2616.0,581.0,3197.0,0.7506456914768725
2018-19,26,Dadra and Nagar Haveli,2018-09,2018-09-01,7783.0,4209.0,2860.0,7069.0,0.9082615957856868
2018-19,26,Dadra and Nagar Haveli,2018-10,2018-10-01,4228.0,1282.0,1964.0,3246.0,0.7677388836329234
2018-19,26,Dadra and Nagar Haveli,2018-11,2018-11-01,4178.0,1724.0,1544.0,3268.0,0.7821924365725227
2018-19,26,Dadra and Nagar Haveli,2018-12,2018-12-01,7963.0,2295.0,4954.0,7249.0,0.910335300766043
2018-19,26,Dadra and Nagar Haveli,2019-01,2019-01-01,4015.0,1842.0,1442.0,3284.0,0.8179327521793275
2018-19,26,Dadra and Nagar Haveli,2019-02,2019-02-01,3897.0,1843.0,1442.0,3285.0,0.8429561200923787
2018-19,26,Dadra and Nagar Haveli,2019-03,2019-03-01,8172.0,2141.0,5190.0,7331.0,0.8970876162506118
2018-19,27,Maharastra,2018-04,2018-04-01,555732.0,266147.0,57010.0,323157.0,0.5814979162617953
2018-19,27,Maharastra,2018-05,2018-05-01,576385.0,264439.0,61324.0,325763.0,0.5651829940057427
2018-19,27,Maharastra,2018-06,2018-06-01,1291465.0,799592.0,325469.0,1125061.0,0.8711509797013469
2018-19,27,Maharastra,2018-07,2018-07-01,567427.0,249445.0,80868.0,330313.0,0.5821242203842961
2018-19,27,Maharastra,2018-08,2018-08-01,554725.0,229068.0,102836.0,331904.0,0.5983216909279373
2018-19,27,Maharastra,2018-09,2018-09-01,1322160.0,570816.0,585398.0,1156214.0,0.8744887154353482
2018-19,27,Maharastra,2018-10,2018-10-01,528657.0,97280.0,239150.0,336430.0,0.6363861634292178
2018-19,27,Maharastra,2018-11,2018-11-01,520551.0,148576.0,188244.0,336820.0,0.6470451502350394
2018-19,27,Maharastra,2018-12,2018-12-01,1349417.0,218297.0,963160.0,1181457.0,0.8755314332041171
2018-19,27,Maharastra,2019-01,2019-01-01,479560.0,157879.0,182761.0,340640.0,0.7103177913086997
2018-19,27,Maharastra,2019-02,2019-02-01,474262.0,155444.0,186121.0,341565.0,0.7202031788336405
2018-19,27,Maharastra,2019-03,2019-03-01,1384075.0,195579.0,1004941.0,1200520.0,0.8673807416505609
2018-19,29,Karnataka,2018-04,2018-04-01,424107.0,251824.0,66170.0,317994.0,0.7497966315104443
2018-19,29,Karnataka,2018-05,2018-05-01,438161.0,250719.0,71247.0,321966.0,0.7348120896200255
2018-19,29,Karnataka,2018-06,2018-06-01,650458.0,386315.0,156062.0,542377.0,0.8338386183273939
2018-19,29,Karnataka,2018-07,2018-07-01,451955.0,240793.0,89260.0,330053.0,0.7302784569260214
2018-19,29,Karnataka,2018-08,2018-08-01,454656.0,223565.0,110083.0,333648.0,0.7338471283783784
2018-19,29,Karnataka,2018-09,2018-09-01,682420.0,302906.0,263192.0,566098.0,0.8295448550745875
2018-19,29,Karnataka,2018-10,2018-10-01,455096.0,87752.0,253283.0,341035.0,0.7493693638265333
2018-19,29,Karnataka,2018-11,2018-11-01,455153.0,111740.0,230805.0,342545.0,0.7525930840838135
2018-19,29,Karnataka,2018-12,2018-12-01,700400.0,151245.0,433723.0,584968.0,0.8351913192461451
2018-19,29,Karnataka,2019-01,2019-01-01,439004.0,121830.0,227670.0,349500.0,0.7961203086987818
2018-19,29,Karnataka,2019-02,2019-02-01,433985.0,116454.0,235047.0,351501.0,0.8099381315022408
2018-19,29,Karnataka,2019-03,2019-03-01,706472.0,138732.0,460572.0,599304.0,0.8483053822373711
2018-19,30,Goa,2018-04,2018-04-01,16168.0,8365.0,2121.0,10486.0,0.6485650667986146
2018-19,30,Goa,2018-05,2018-05-01,16758.0,8307.0,2260.0,10567.0,0.6305645065043561
2018-19,30,Goa,2018-06,2018-06-01,29346.0,18231.0,7699.0,25930.0,0.8835957200299871
2018-19,30,Goa,2018-07,2018-07-01,16933.0,7953.0,2880.0,10833.0,0.639756688123782
2018-19,30,Goa,2018-08,2018-08-01,16723.0,7494.0,3449.0,10943.0,0.6543682353644681
2018-19,30,Goa,2018-09,2018-09-01,30576.0,14192.0,12648.0,26840.0,0.8778126635269492
2018-19,30,Goa,2018-10,2018-10-01,16399.0,3936.0,7175.0,11111.0,0.6775413134947252
2018-19,30,Goa,2018-11,2018-11-01,16366.0,4535.0,6677.0,11212.0,0.6850788219479409
2018-19,30,Goa,2018-12,2018-12-01,31956.0,6255.0,21449.0,27704.0,0.8669420453123045
2018-19,30,Goa,2019-01,2019-01-01,16274.0,4837.0,6555.0,11392.0,0.7000122895416001
2018-19,30,Goa,2019-02,2019-02-01,16105.0,4792.0,6637.0,11429.0,0.7096553865259236
2018-19,30,Goa,2019-03,2019-03-01,33254.0,6210.0,22026.0,28236.0,0.8491008600469117
2018-19,31,Lakshadweep,2018-04,2018-04-01,230.0,43.0,38.0,81.0,0.3521739130434783
2018-19,31,Lakshadweep,2018-05,2018-05-01,232.0,43.0,36.0,79.0,0.34051724137931033
2018-19,31,Lakshadweep,2018-06,2018-06-01,277.0,77.0,87.0,164.0,0.592057761732852
2018-19,31,Lakshadweep,2018-07,2018-07-01,234.0,40.0,43.0,83.0,0.3547008547008547
2018-19,31,Lakshadweep,2018-08,2018-08-01,232.0,35.0,47.0,82.0,0.35344827586206895
2018-19,31,Lakshadweep,2018-09,2018-09-01,281.0,47.0,119.0,166.0,0.5907473309608541
2018-19,31,Lakshadweep,2018-10,2018-10-01,230.0,24.0,63.0,87.0,0.3782608695652174
2018-19,31,Lakshadweep,2018-11,2018-11-01,228.0,27.0,69.0,96.0,0.42105263157894735
2018-19,31,Lakshadweep,2018-12,2018-12-01,203.0,33.0,117.0,150.0,0.7389162561576355
2018-19,31,Lakshadweep,2019-01,2019-01-01,142.0,26.0,50.0,76.0,0.5352112676056338
2018-19,31,Lakshadweep,2019-02,2019-02-01,144.0,26.0,52.0,78.0,0.5416666666666666
2018-19,31,Lakshadweep,2019-03,2019-03-01,210.0,37.0,114.0,151.0,0.719047619047619
2018-19,32,Kerala,2018-04,2018-04-01,164412.0,108519.0,26500.0,135019.0,0.8212235116658152
2018-19,32,Kerala,2018-05,2018-05-01,169073.0,107917.0,29026.0,136943.0,0.8099637434717548
2018-19,32,Kerala,2018-06,2018-06-01,263762.0,173277.0,67951.0,241228.0,0.9145669201780393
2018-19,32,Kerala,2018-07,2018-07-01,173127.0,99360.0,40604.0,139964.0,0.8084469782298543
2018-19,32,Kerala,2018-08,2018-08-01,173204.0,87290.0,53698.0,140988.0,0.8139996766818318
2018-19,32,Kerala,2018-09,2018-09-01,273181.0,103521.0,145545.0,249066.0,0.9117251931869347
2018-19,32,Kerala,2018-10,2018-10-01,172895.0,31176.0,112318.0,143494.0,0.8299488128632986
2018-19,32,Kerala,2018-11,2018-11-01,173328.0,36946.0,107533.0,144479.0,0.8335583402566232
2018-19,32,Kerala,2018-12,2018-12-01,281909.0,49387.0,206375.0,255762.0,0.9072502119478272
2018-19,32,Kerala,2019-01,2019-01-01,172382.0,43209.0,103189.0,146398.0,0.8492650044668237
2018-19,32,Kerala,2019-02,2019-02-01,172548.0,41236.0,105620.0,146856.0,0.851102301968148
2018-19,32,Kerala,2019-03,2019-03-01,291194.0,51962.0,208587.0,260549.0,0.8947608810621098
2018-19,33,Tamil Nadu,2018-04,2018-04-01,613309.0,374752.0,77266.0,452018.0,0.7370151098385969
2018-19,33,Tamil Nadu,2018-05,2018-05-01,630477.0,376069.0,82412.0,458481.0,0.7271970270128807
2018-19,33,Tamil Nadu,2018-06,2018-06-01,852643.0,519518.0,165614.0,685132.0,0.8035391130871888
2018-19,33,Tamil Nadu,2018-07,2018-07-01,651946.0,364122.0,104674.0,468796.0,0.7190718249670985
2018-19,33,Tamil Nadu,2018-08,2018-08-01,654087.0,343627.0,129198.0,472825.0,0.7228778434673063
2018-19,33,Tamil Nadu,2018-09,2018-09-01,882248.0,411848.0,296793.0,708641.0,0.8032219965361214
2018-19,33,Tamil Nadu,2018-10,2018-10-01,638043.0,121527.0,359813.0,481340.0,0.7544005654791291
2018-19,33,Tamil Nadu,2018-11,2018-11-01,632207.0,163105.0,319856.0,482961.0,0.7639285866812611
2018-19,33,Tamil Nadu,2018-12,2018-12-01,865402.0,207373.0,516733.0,724106.0,0.836727902177254
2018-19,33,Tamil Nadu,2019-01,2019-01-01,609881.0,168195.0,321701.0,489896.0,0.8032648992180442
2018-19,33,Tamil Nadu,2019-02,2019-02-01,594974.0,156009.0,336256.0,492265.0,0.8273722885369781
2018-19,33,Tamil Nadu,2019-03,2019-03-01,867754.0,181112.0,556438.0,737550.0,0.8499528668263125
2018-19,34,Puducherry,2018-04,2018-04-01,13982.0,8169.0,2183.0,10352.0,0.7403804892004006
2018-19,34,Puducherry,2018-05,2018-05-01,14404.0,8154.0,2343.0,10497.0,0.7287559011385726
2018-19,34,Puducherry,2018-06,2018-06-01,19723.0,11471.0,4464.0,15935.0,0.80793996856462
2018-19,34,Puducherry,2018-07,2018-07-01,14633.0,7776.0,2930.0,10706.0,0.7316339779949429
2018-19,34,Puducherry,2018-08,2018-08-01,14669.0,7222.0,3526.0,10748.0,0.7327016156520554
2018-19,34,Puducherry,2018-09,2018-09-01,20242.0,8912.0,7505.0,16417.0,0.81103645884794
2018-19,34,Puducherry,2018-10,2018-10-01,14593.0,3066.0,7888.0,10954.0,0.750633865551977
2018-19,34,Puducherry,2018-11,2018-11-01,14469.0,3653.0,7276.0,10929.0,0.7553390006220195
2018-19,34,Puducherry,2018-12,2018-12-01,20448.0,4390.0,12257.0,16647.0,0.8141138497652582
2018-19,34,Puducherry,2019-01,2019-01-01,14203.0,3593.0,7377.0,10970.0,0.7723720340773076
2018-19,34,Puducherry,2019-02,2019-02-01,14123.0,3678.0,7321.0,10999.0,0.7788005381292926
2018-19,34,Puducherry,2019-03,2019-03-01,20839.0,4212.0,12528.0,16740.0,0.8033015019914583
2018-19,35,Andaman and Nicobar Island,2018-04,2018-04-01,3696.0,950.0,854.0,1804.0,0.4880952380952381
2018-19,35,Andaman and Nicobar Island,2018-05,2018-05-01,3764.0,930.0,903.0,1833.0,0.4869819341126461
2018-19,35,Andaman and Nicobar Island,2018-06,2018-06-01,4559.0,1366.0,1798.0,3164.0,0.6940118447027857
2018-19,35,Andaman and Nicobar Island,2018-07,2018-07-01,3703.0,815.0,1038.0,1853.0,0.5004050769646233
2018-19,35,Andaman and Nicobar Island,2018-08,2018-08-01,3598.0,720.0,1132.0,1852.0,0.5147304057809894
2018-19,35,Andaman and Nicobar Island,2018-09,2018-09-01,4663.0,847.0,2376.0,3223.0,0.6911859318035599
2018-19,35,Andaman and Nicobar Island,2018-10,2018-10-01,3564.0,229.0,1634.0,1863.0,0.5227272727272727
2018-19,35,Andaman and Nicobar Island,2018-11,2018-11-01,3500.0,284.0,1592.0,1876.0,0.536
2018-19,35,Andaman and Nicobar Island,2018-12,2018-12-01,4471.0,397.0,2854.0,3251.0,0.7271303958845896
2018-19,35,Andaman and Nicobar Island,2019-01,2019-01-01,3008.0,323.0,1575.0,1898.0,0.6309840425531915
2018-19,35,Andaman and Nicobar Island,2019-02,2019-02-01,2630.0,328.0,1549.0,1877.0,0.7136882129277566
2018-19,35,Andaman and Nicobar Island,2019-03,2019-03-01,3923.0,435.0,2756.0,3191.0,0.8134081060412949
2018-19,36,Telangana,2018-04,2018-04-01,193853.0,112512.0,32797.0,145309.0,0.7495834472512677
2018-19,36,Telangana,2018-05,2018-05-01,201424.0,112168.0,35582.0,147750.0,0.7335272857256335
2018-19,36,Telangana,2018-06,2018-06-01,282140.0,160831.0,72458.0,233289.0,0.8268554618274615
2018-19,36,Telangana,2018-07,2018-07-01,209233.0,105982.0,46255.0,152237.0,0.7275955513709597
2018-19,36,Telangana,2018-08,2018-08-01,210486.0,97470.0,56666.0,154136.0,0.7322862328135838
2018-19,36,Telangana,2018-09,2018-09-01,298180.0,117145.0,127292.0,244437.0,0.8197632302635992
2018-19,36,Telangana,2018-10,2018-10-01,213000.0,36273.0,121608.0,157881.0,0.741225352112676
2018-19,36,Telangana,2018-11,2018-11-01,211412.0,43352.0,115545.0,158897.0,0.7515987739579588
2018-19,36,Telangana,2018-12,2018-12-01,305678.0,65550.0,186776.0,252326.0,0.8254633961227174
2018-19,36,Telangana,2019-01,2019-01-01,207845.0,50463.0,111101.0,161564.0,0.7773292597849359
2018-19,36,Telangana,2019-02,2019-02-01,209739.0,47462.0,115059.0,162521.0,0.7748725797300454
2018-19,36,Telangana,2019-03,2019-03-01,319463.0,50023.0,207901.0,257924.0,0.8073673633566328
2018-19,37,Andhra Pradesh,2018-04,2018-04-01,171611.0,110358.0,22309.0,132667.0,0.7730681599664357
2018-19,37,Andhra Pradesh,2018-05,2018-05-01,177364.0,110756.0,23857.0,134613.0,0.7589646151417424
2018-19,37,Andhra Pradesh,2018-06,2018-06-01,252576.0,156139.0,53660.0,209799.0,0.8306371151653363
2018-19,37,Andhra Pradesh,2018-07,2018-07-01,182214.0,105651.0,32047.0,137698.0,0.7556938544787997
2018-19,37,Andhra Pradesh,2018-08,2018-08-01,179895.0,95579.0,43450.0,139029.0,0.7728341532560661
2018-19,37,Andhra Pradesh,2018-09,2018-09-01,256988.0,110066.0,108355.0,218421.0,0.8499268448332218
2018-19,37,Andhra Pradesh,2018-10,2018-10-01,177277.0,37530.0,104875.0,142405.0,0.8032908950399658
2018-19,37,Andhra Pradesh,2018-11,2018-11-01,180013.0,45720.0,98529.0,144249.0,0.8013254598279013
2018-19,37,Andhra Pradesh,2018-12,2018-12-01,268317.0,66023.0,162520.0,228543.0,0.8517648900367848
2018-19,37,Andhra Pradesh,2019-01,2019-01-01,180726.0,50888.0,96306.0,147194.0,0.8144594579639897
2018-19,37,Andhra Pradesh,2019-02,2019-02-01,181857.0,46429.0,101503.0,147932.0,0.8134523279279874
2018-19,37,Andhra Pradesh,2019-03,2019-03-01,279089.0,43278.0,189799.0,233077.0,0.8351350286109449
2018-19,38,Ladakh,2018-04,2018-04-01,,,,0.0,
2018-19,38,Ladakh,2018-05,2018-05-01,,,,0.0,
2018-19,38,Ladakh,2018-06,2018-06-01,,,,0.0,
2018-19,38,Ladakh,2018-07,2018-07-01,,,,0.0,
2018-19,38,Ladakh,2018-08,2018-08-01,,,,0.0,
2018-19,38,Ladakh,2018-09,2018-09-01,,,,0.0,
2018-19,38,Ladakh,2018-10,2018-10-01,,,,0.0,
2018-19,38,Ladakh,2018-11,2018-11-01,,,,0.0,
2018-19,38,Ladakh,2018-12,2018-12-01,,,,0.0,
2018-19,38,Ladakh,2019-01,2019-01-01,,,,0.0,
2018-19,38,Ladakh,2019-02,2019-02-01,,,,0.0,
2018-19,38,Ladakh,2019-03,2019-03-01,,,,0.0,
2018-19,97,Other Territory,2018-04,2018-04-01,48.0,36.0,2.0,38.0,0.7916666666666666
2018-19,97,Other Territory,2018-05,2018-05-01,50.0,37.0,2.0,39.0,0.78
2018-19,97,Other Territory,2018-06,2018-06-01,60.0,45.0,3.0,48.0,0.8
2018-19,97,Other Territory,2018-07,2018-07-01,56.0,43.0,2.0,45.0,0.8035714285714286
2018-19,97,Other Territory,2018-08,2018-08-01,56.0,42.0,3.0,45.0,0.8035714285714286
2018-19,97,Other Territory,2018-09,2018-09-01,62.0,43.0,5.0,48.0,0.7741935483870968
2018-19,97,Other Territory,2018-10,2018-10-01,56.0,34.0,10.0,44.0,0.7857142857142857
2018-19,97,Other Territory,2018-11,2018-11-01,56.0,37.0,7.0,44.0,0.7857142857142857
2018-19,97,Other Territory,2018-12,2018-12-01,62.0,33.0,14.0,47.0,0.7580645161290323
2018-19,97,Other Territory,2019-01,2019-01-01,58.0,39.0,6.0,45.0,0.7758620689655172
2018-19,97,Other Territory,2019-02,2019-02-01,60.0,45.0,2.0,47.0,0.7833333333333333
2018-19,97,Other Territory,2019-03,2019-03-01,66.0,38.0,12.0,50.0,0.7575757575757576
2019-20,01,Jammu and Kashmir,2019-04,2019-04-01,48072.0,6997.0,20325.0,27322.0,0.5683557996338825
2019-20,01,Jammu and Kashmir,2019-05,2019-05-01,46923.0,6739.0,20707.0,27446.0,0.5849157129765786
2019-20,01,Jammu and Kashmir,2019-06,2019-06-01,90874.0,24941.0,48847.0,73788.0,0.8119814248299844
2019-20,01,Jammu and Kashmir,2019-07,2019-07-01,43438.0,3444.0,23937.0,27381.0,0.6303467010451679
2019-20,01,Jammu and Kashmir,2019-08,2019-08-01,43229.0,3119.0,24264.0,27383.0,0.6334405144694534
2019-20,01,Jammu and Kashmir,2019-09,2019-09-01,92462.0,8312.0,65089.0,73401.0,0.7938504466699834
2019-20,01,Jammu and Kashmir,2019-10,2019-10-01,42646.0,3083.0,24432.0,27515.0,0.6451953289874783
2019-20,01,Jammu and Kashmir,2019-11,2019-11-01,41914.0,4048.0,23617.0,27665.0,0.6600419907429499
2019-20,01,Jammu and Kashmir,2019-12,2019-12-01,92194.0,24884.0,48895.0,73779.0,0.8002581512896718
2019-20,01,Jammu and Kashmir,2020-01,2020-01-01,39353.0,7077.0,20441.0,27518.0,0.6992605392219144
2019-20,01,Jammu and Kashmir,2020-02,2020-02-01,39314.0,13695.0,13822.0,27517.0,0.6999287785521697
2019-20,01,Jammu and Kashmir,2020-03,2020-03-01,85741.0,34032.0,37507.0,71539.0,0.8343616239605323
2019-20,02,Himachal Pradesh,2019-04,2019-04-01,37394.0,7311.0,10783.0,18094.0,0.48387441835588596
2019-20,02,Himachal Pradesh,2019-05,2019-05-01,35683.0,7347.0,10767.0,18114.0,0.5076366897402125
2019-20,02,Himachal Pradesh,2019-06,2019-06-01,88064.0,43206.0,32944.0,76150.0,0.8647120276162791
2019-20,02,Himachal Pradesh,2019-07,2019-07-01,32605.0,7038.0,11354.0,18392.0,0.5640852629964729
2019-20,02,Himachal Pradesh,2019-08,2019-08-01,31156.0,7697.0,10802.0,18499.0,0.5937540120683015
2019-20,02,Himachal Pradesh,2019-09,2019-09-01,89912.0,35435.0,42744.0,78179.0,0.8695057389447459
2019-20,02,Himachal Pradesh,2019-10,2019-10-01,29485.0,6730.0,12034.0,18764.0,0.6363913854502289
2019-20,02,Himachal Pradesh,2019-11,2019-11-01,28002.0,7979.0,11018.0,18997.0,0.6784158274408971
2019-20,02,Himachal Pradesh,2019-12,2019-12-01,88745.0,57329.0,21639.0,78968.0,0.8898304129810131
2019-20,02,Himachal Pradesh,2020-01,2020-01-01,24254.0,10351.0,8724.0,19075.0,0.7864682114290427
2019-20,02,Himachal Pradesh,2020-02,2020-02-01,23136.0,14858.0,4134.0,18992.0,0.8208852005532503
2019-20,02,Himachal Pradesh,2020-03,2020-03-01,86286.0,57101.0,21750.0,78851.0,0.9138330667779245
2019-20,03,Punjab,2019-04,2019-04-01,123462.0,46610.0,33672.0,80282.0,0.6502567591647632
2019-20,03,Punjab,2019-05,2019-05-01,119967.0,48125.0,32235.0,80360.0,0.6698508756574725
2019-20,03,Punjab,2019-06,2019-06-01,308875.0,180468.0,98779.0,279247.0,0.9040777013354917
2019-20,03,Punjab,2019-07,2019-07-01,109710.0,42897.0,37776.0,80673.0,0.7353295050587914
2019-20,03,Punjab,2019-08,2019-08-01,106470.0,45559.0,35323.0,80882.0,0.7596693904386213
2019-20,03,Punjab,2019-09,2019-09-01,311089.0,137144.0,145906.0,283050.0,0.9098682370639913
2019-20,03,Punjab,2019-10,2019-10-01,101504.0,39383.0,41899.0,81282.0,0.8007763240857503
2019-20,03,Punjab,2019-11,2019-11-01,97659.0,46541.0,35080.0,81621.0,0.8357755045617915
2019-20,03,Punjab,2019-12,2019-12-01,308579.0,225736.0,60441.0,286177.0,0.9274027072483869
2019-20,03,Punjab,2020-01,2020-01-01,95635.0,59206.0,22639.0,81845.0,0.8558059287917603
2019-20,03,Punjab,2020-02,2020-02-01,94540.0,71371.0,10545.0,81916.0,0.866469219378041
2019-20,03,Punjab,2020-03,2020-03-01,312194.0,234063.0,52703.0,286766.0,0.9185506447913797
2019-20,04,Chandigarh,2019-04,2019-04-01,12580.0,4954.0,3832.0,8786.0,0.6984101748807631
2019-20,04,Chandigarh,2019-05,2019-05-01,11968.0,5088.0,3657.0,8745.0,0.7306985294117647
2019-20,04,Chandigarh,2019-06,2019-06-01,27619.0,16123.0,9499.0,25622.0,0.9276947029219016
2019-20,04,Chandigarh,2019-07,2019-07-01,10876.0,4824.0,3983.0,8807.0,0.8097646193453476
2019-20,04,Chandigarh,2019-08,2019-08-01,10567.0,5105.0,3720.0,8825.0,0.835147156241128
2019-20,04,Chandigarh,2019-09,2019-09-01,27465.0,13512.0,12177.0,25689.0,0.9353358820316767
2019-20,04,Chandigarh,2019-10,2019-10-01,10185.0,4702.0,4205.0,8907.0,0.8745213549337261
2019-20,04,Chandigarh,2019-11,2019-11-01,9714.0,5327.0,3598.0,8925.0,0.9187770228536133
2019-20,04,Chandigarh,2019-12,2019-12-01,27106.0,20035.0,5814.0,25849.0,0.9536265033571902
2019-20,04,Chandigarh,2020-01,2020-01-01,9816.0,6506.0,2449.0,8955.0,0.9122860635696821
2019-20,04,Chandigarh,2020-02,2020-02-01,9666.0,7826.0,1122.0,8948.0,0.92571901510449
2019-20,04,Chandigarh,2020-03,2020-03-01,27176.0,20426.0,5229.0,25655.0,0.9440314983809244
2019-20,05,Uttarakhand,2019-04,2019-04-01,63886.0,9076.0,21647.0,30723.0,0.4809034843314654
2019-20,05,Uttarakhand,2019-05,2019-05-01,59731.0,8983.0,21938.0,30921.0,0.5176708911620431
2019-20,05,Uttarakhand,2019-06,2019-06-01,129422.0,41948.0,68067.0,110015.0,0.850048677968197
2019-20,05,Uttarakhand,2019-07,2019-07-01,54062.0,8722.0,22607.0,31329.0,0.5795013133069439
2019-20,05,Uttarakhand,2019-08,2019-08-01,51426.0,9149.0,22434.0,31583.0,0.6141445961186949
2019-20,05,Uttarakhand,2019-09,2019-09-01,131532.0,36806.0,76391.0,113197.0,0.860604263601253
2019-20,05,Uttarakhand,2019-10,2019-10-01,48183.0,8536.0,23602.0,32138.0,0.6669987339933171
2019-20,05,Uttarakhand,2019-11,2019-11-01,44607.0,10679.0,21900.0,32579.0,0.7303562221176049
2019-20,05,Uttarakhand,2019-12,2019-12-01,128458.0,72827.0,42764.0,115591.0,0.8998349655140202
2019-20,05,Uttarakhand,2020-01,2020-01-01,43497.0,16192.0,16344.0,32536.0,0.74800560958227
2019-20,05,Uttarakhand,2020-02,2020-02-01,42767.0,23867.0,8686.0,32553.0,0.7611709963289452
2019-20,05,Uttarakhand,2020-03,2020-03-01,131773.0,76153.0,38715.0,114868.0,0.8717112003217654
2019-20,06,Haryana,2019-04,2019-04-01,201278.0,54761.0,63920.0,118681.0,0.5896372181758562
2019-20,06,Haryana,2019-05,2019-05-01,192033.0,57044.0,61981.0,119025.0,0.6198153442377091
2019-20,06,Haryana,2019-06,2019-06-01,423764.0,203791.0,167145.0,370936.0,0.8753362720759668
2019-20,06,Haryana,2019-07,2019-07-01,173026.0,53550.0,66505.0,120055.0,0.6938552587472403
2019-20,06,Haryana,2019-08,2019-08-01,166832.0,57350.0,63304.0,120654.0,0.723206579073559
2019-20,06,Haryana,2019-09,2019-09-01,423483.0,162525.0,215078.0,377603.0,0.8916603500022433
2019-20,06,Haryana,2019-10,2019-10-01,160277.0,49199.0,72583.0,121782.0,0.7598220580619802
2019-20,06,Haryana,2019-11,2019-11-01,154903.0,58722.0,64411.0,123133.0,0.7949039076066958
2019-20,06,Haryana,2019-12,2019-12-01,424443.0,279971.0,103992.0,383963.0,0.9046279476867329
2019-20,06,Haryana,2020-01,2020-01-01,153606.0,79984.0,43831.0,123815.0,0.8060557530304806
2019-20,06,Haryana,2020-02,2020-02-01,146565.0,102643.0,21105.0,123748.0,0.8443216320403917
2019-20,06,Haryana,2020-03,2020-03-01,423351.0,295079.0,88260.0,383339.0,0.9054874087931764
2019-20,07,Delhi,2019-04,2019-04-01,364482.0,70987.0,98666.0,169653.0,0.46546331506082606
2019-20,07,Delhi,2019-05,2019-05-01,355644.0,72573.0,98125.0,170698.0,0.47996873277772156
2019-20,07,Delhi,2019-06,2019-06-01,759157.0,337223.0,279884.0,617107.0,0.8128845548417521
2019-20,07,Delhi,2019-07,2019-07-01,323034.0,70025.0,103183.0,173208.0,0.536191236835751
2019-20,07,Delhi,2019-08,2019-08-01,309950.0,74722.0,99469.0,174191.0,0.5619970963058558
2019-20,07,Delhi,2019-09,2019-09-01,766277.0,266498.0,363278.0,629776.0,0.8218646781777347
2019-20,07,Delhi,2019-10,2019-10-01,285320.0,65780.0,111037.0,176817.0,0.6197147062946866
2019-20,07,Delhi,2019-11,2019-11-01,274081.0,80807.0,98372.0,179179.0,0.6537446959110628
2019-20,07,Delhi,2019-12,2019-12-01,746559.0,460035.0,180118.0,640153.0,0.8574714121723802
2019-20,07,Delhi,2020-01,2020-01-01,253369.0,104289.0,76298.0,180587.0,0.7127430743303246
2019-20,07,Delhi,2020-02,2020-02-01,251087.0,140232.0,41080.0,181312.0,0.7221082732280046
2019-20,07,Delhi,2020-03,2020-03-01,752110.0,456725.0,177747.0,634472.0,0.8435893685764051
2019-20,08,Rajasthan,2019-04,2019-04-01,246498.0,51178.0,70968.0,122146.0,0.49552531866384314
2019-20,08,Rajasthan,2019-05,2019-05-01,236220.0,54427.0,67805.0,122232.0,0.5174498348996698
2019-20,08,Rajasthan,2019-06,2019-06-01,560439.0,263161.0,226141.0,489302.0,0.8730691475789515
2019-20,08,Rajasthan,2019-07,2019-07-01,205814.0,50965.0,72871.0,123836.0,0.6016889035731291
2019-20,08,Rajasthan,2019-08,2019-08-01,193923.0,54220.0,69744.0,123964.0,0.6392434110445898
2019-20,08,Rajasthan,2019-09,2019-09-01,559918.0,199263.0,300028.0,499291.0,0.8917216449551542
2019-20,08,Rajasthan,2019-10,2019-10-01,184413.0,43294.0,81873.0,125167.0,0.67873197659601
2019-20,08,Rajasthan,2019-11,2019-11-01,173833.0,55711.0,72241.0,127952.0,0.7360627728912232
2019-20,08,Rajasthan,2019-12,2019-12-01,541872.0,368743.0,139187.0,507930.0,0.9373615909292231
2019-20,08,Rajasthan,2020-01,2020-01-01,152784.0,78919.0,47561.0,126480.0,0.8278353754319824
2019-20,08,Rajasthan,2020-02,2020-02-01,150750.0,102068.0,24123.0,126191.0,0.8370878938640133
2019-20,08,Rajasthan,2020-03,2020-03-01,552190.0,377455.0,134265.0,511720.0,0.9267100092359514
2019-20,09,Uttar Pradesh,2019-04,2019-04-01,524456.0,79858.0,210826.0,290684.0,0.5542581265158564
2019-20,09,Uttar Pradesh,2019-05,2019-05-01,496559.0,78716.0,213167.0,291883.0,0.5878113174869452
2019-20,09,Uttar Pradesh,2019-06,2019-06-01,1118687.0,367818.0,588928.0,956746.0,0.8552401163149299
2019-20,09,Uttar Pradesh,2019-07,2019-07-01,453407.0,73238.0,222423.0,295661.0,0.6520874181474922
2019-20,09,Uttar Pradesh,2019-08,2019-08-01,432883.0,76803.0,221220.0,298023.0,0.6884608543186034
2019-20,09,Uttar Pradesh,2019-09,2019-09-01,1126122.0,285334.0,697972.0,983306.0,0.8731789273275897
2019-20,09,Uttar Pradesh,2019-10,2019-10-01,411675.0,66568.0,236495.0,303063.0,0.7361705228639096
2019-20,09,Uttar Pradesh,2019-11,2019-11-01,391787.0,82687.0,224650.0,307337.0,0.7844492032660604
2019-20,09,Uttar Pradesh,2019-12,2019-12-01,1127354.0,624423.0,381260.0,1005683.0,0.8920738295158398
2019-20,09,Uttar Pradesh,2020-01,2020-01-01,386848.0,137990.0,170735.0,308725.0,0.7980524650508727
2019-20,09,Uttar Pradesh,2020-02,2020-02-01,379844.0,215306.0,93333.0,308639.0,0.8125414643906446
2019-20,09,Uttar Pradesh,2020-03,2020-03-01,1155076.0,632633.0,370522.0,1003155.0,0.8684753211044122
2019-20,10,Bihar,2019-04,2019-04-01,171325.0,11233.0,67980.0,79213.0,0.46235517291697065
2019-20,10,Bihar,2019-05,2019-05-01,162671.0,11394.0,68326.0,79720.0,0.4900689120986531
2019-20,10,Bihar,2019-06,2019-06-01,313451.0,68554.0,182282.0,250836.0,0.8002399099061736
2019-20,10,Bihar,2019-07,2019-07-01,151876.0,10786.0,70356.0,81142.0,0.534264794964313
2019-20,10,Bihar,2019-08,2019-08-01,147333.0,11447.0,70522.0,81969.0,0.5563519374478223
2019-20,10,Bihar,2019-09,2019-09-01,325576.0,53178.0,208683.0,261861.0,0.8043006855542177
2019-20,10,Bihar,2019-10,2019-10-01,146984.0,10208.0,73762.0,83970.0,0.5712866706580308
2019-20,10,Bihar,2019-11,2019-11-01,143867.0,13204.0,72162.0,85366.0,0.5933674852467904
2019-20,10,Bihar,2019-12,2019-12-01,332886.0,146645.0,124397.0,271042.0,0.8142186814705334
2019-20,10,Bihar,2020-01,2020-01-01,133090.0,28179.0,60378.0,88557.0,0.6653918401081974
2019-20,10,Bihar,2020-02,2020-02-01,108549.0,50287.0,35929.0,86216.0,0.7942588139918378
2019-20,10,Bihar,2020-03,2020-03-01,320339.0,144552.0,125691.0,270243.0,0.8436156696499646
2019-20,11,Sikkim,2019-04,2019-04-01,4600.0,797.0,1867.0,2664.0,0.5791304347826087
2019-20,11,Sikkim,2019-05,2019-05-01,4548.0,811.0,1850.0,2661.0,0.5850923482849604
2019-20,11,Sikkim,2019-06,2019-06-01,7029.0,2167.0,3589.0,5756.0,0.8188931569213259
2019-20,11,Sikkim,2019-07,2019-07-01,4252.0,801.0,1901.0,2702.0,0.6354656632173095
2019-20,11,Sikkim,2019-08,2019-08-01,4075.0,815.0,1931.0,2746.0,0.6738650306748466
2019-20,11,Sikkim,2019-09,2019-09-01,7195.0,1733.0,4254.0,5987.0,0.8321056289089646
2019-20,11,Sikkim,2019-10,2019-10-01,4095.0,761.0,2043.0,2804.0,0.6847374847374847
2019-20,11,Sikkim,2019-11,2019-11-01,4062.0,838.0,1981.0,2819.0,0.6939931068439192
2019-20,11,Sikkim,2019-12,2019-12-01,7450.0,3061.0,3102.0,6163.0,0.827248322147651
2019-20,11,Sikkim,2020-01,2020-01-01,3908.0,1156.0,1667.0,2823.0,0.7223643807574207
2019-20,11,Sikkim,2020-02,2020-02-01,3729.0,1818.0,1032.0,2850.0,0.7642799678197908
2019-20,11,Sikkim,2020-03,2020-03-01,7508.0,4045.0,2257.0,6302.0,0.839371337240277
2019-20,12,Arunachal Pradesh,2019-04,2019-04-01,8440.0,435.0,2845.0,3280.0,0.3886255924170616
2019-20,12,Arunachal Pradesh,2019-05,2019-05-01,8306.0,428.0,2845.0,3273.0,0.3940524921743318
2019-20,12,Arunachal Pradesh,2019-06,2019-06-01,11143.0,1390.0,6284.0,7674.0,0.6886834784169433
2019-20,12,Arunachal Pradesh,2019-07,2019-07-01,7639.0,569.0,2767.0,3336.0,0.4367063751799974
2019-20,12,Arunachal Pradesh,2019-08,2019-08-01,7528.0,602.0,2784.0,3386.0,0.4497874601487779
2019-20,12,Arunachal Pradesh,2019-09,2019-09-01,11960.0,1349.0,6802.0,8151.0,0.6815217391304348
2019-20,12,Arunachal Pradesh,2019-10,2019-10-01,7480.0,538.0,2964.0,3502.0,0.4681818181818182
2019-20,12,Arunachal Pradesh,2019-11,2019-11-01,7440.0,595.0,2934.0,3529.0,0.4743279569892473
2019-20,12,Arunachal Pradesh,2019-12,2019-12-01,12515.0,3427.0,5064.0,8491.0,0.678465840990811
2019-20,12,Arunachal Pradesh,2020-01,2020-01-01,7275.0,923.0,2662.0,3585.0,0.4927835051546392
2019-20,12,Arunachal Pradesh,2020-02,2020-02-01,7020.0,1782.0,1830.0,3612.0,0.5145299145299145
2019-20,12,Arunachal Pradesh,2020-03,2020-03-01,12538.0,3981.0,4690.0,8671.0,0.6915776040835859
2019-20,13,Nagaland,2019-04,2019-04-01,5424.0,564.0,2635.0,3199.0,0.5897861356932154
2019-20,13,Nagaland,2019-05,2019-05-01,5324.0,591.0,2621.0,3212.0,0.6033057851239669
2019-20,13,Nagaland,2019-06,2019-06-01,6463.0,1086.0,3784.0,4870.0,0.7535200371344577
2019-20,13,Nagaland,2019-07,2019-07-01,5094.0,521.0,2796.0,3317.0,0.6511582253631724
2019-20,13,Nagaland,2019-08,2019-08-01,5116.0,621.0,2753.0,3374.0,0.6594996090695856
2019-20,13,Nagaland,2019-09,2019-09-01,6718.0,998.0,4093.0,5091.0,0.7578148258410241
2019-20,13,Nagaland,2019-10,2019-10-01,5117.0,607.0,2865.0,3472.0,0.6785225718194254
2019-20,13,Nagaland,2019-11,2019-11-01,5024.0,708.0,2789.0,3497.0,0.6960589171974523
2019-20,13,Nagaland,2019-12,2019-12-01,6694.0,1700.0,3500.0,5200.0,0.7768150582611294
2019-20,13,Nagaland,2020-01,2020-01-01,4925.0,998.0,2547.0,3545.0,0.7197969543147208
2019-20,13,Nagaland,2020-02,2020-02-01,4794.0,2023.0,1538.0,3561.0,0.7428035043804756
2019-20,13,Nagaland,2020-03,2020-03-01,6784.0,3051.0,2185.0,5236.0,0.7718160377358491
2019-20,14,Manipur,2019-04,2019-04-01,9159.0,576.0,3581.0,4157.0,0.45387050988099137
2019-20,14,Manipur,2019-05,2019-05-01,8938.0,557.0,3597.0,4154.0,0.46475721637950324
2019-20,14,Manipur,2019-06,2019-06-01,10941.0,1235.0,5555.0,6790.0,0.6206014075495841
2019-20,14,Manipur,2019-07,2019-07-01,8347.0,521.0,3685.0,4206.0,0.5038936144722654
2019-20,14,Manipur,2019-08,2019-08-01,7996.0,571.0,3660.0,4231.0,0.5291395697848924
2019-20,14,Manipur,2019-09,2019-09-01,10659.0,1119.0,5818.0,6937.0,0.650811520780561
2019-20,14,Manipur,2019-10,2019-10-01,7640.0,601.0,3728.0,4329.0,0.5666230366492147
2019-20,14,Manipur,2019-11,2019-11-01,7565.0,667.0,3674.0,4341.0,0.5738268341044283
2019-20,14,Manipur,2019-12,2019-12-01,10173.0,2393.0,4576.0,6969.0,0.6850486582129165
2019-20,14,Manipur,2020-01,2020-01-01,7119.0,1032.0,3309.0,4341.0,0.6097766540244416
2019-20,14,Manipur,2020-02,2020-02-01,7146.0,2056.0,2220.0,4276.0,0.5983767142457319
2019-20,14,Manipur,2020-03,2020-03-01,10531.0,2966.0,3770.0,6736.0,0.6396353622637926
2019-20,15,Mizoram,2019-04,2019-04-01,4309.0,520.0,2101.0,2621.0,0.6082617776746345
2019-20,15,Mizoram,2019-05,2019-05-01,4314.0,585.0,2038.0,2623.0,0.6080203987019008
2019-20,15,Mizoram,2019-06,2019-06-01,5454.0,1297.0,2704.0,4001.0,0.7335900256692336
2019-20,15,Mizoram,2019-07,2019-07-01,4339.0,525.0,2185.0,2710.0,0.624567872781747
2019-20,15,Mizoram,2019-08,2019-08-01,4331.0,544.0,2182.0,2726.0,0.6294158392980835
2019-20,15,Mizoram,2019-09,2019-09-01,5800.0,1399.0,2769.0,4168.0,0.7186206896551725
2019-20,15,Mizoram,2019-10,2019-10-01,4378.0,531.0,2212.0,2743.0,0.6265417999086341
2019-20,15,Mizoram,2019-11,2019-11-01,4406.0,664.0,2129.0,2793.0,0.6339083068542896
2019-20,15,Mizoram,2019-12,2019-12-01,6083.0,1668.0,2635.0,4303.0,0.7073812263685682
2019-20,15,Mizoram,2020-01,2020-01-01,4479.0,804.0,2069.0,2873.0,0.6414378209421746
2019-20,15,Mizoram,2020-02,2020-02-01,4501.0,1857.0,1031.0,2888.0,0.6416351921795157
2019-20,15,Mizoram,2020-03,2020-03-01,6256.0,3267.0,1169.0,4436.0,0.709079283887468
2019-20,16,Tripura,2019-04,2019-04-01,13357.0,1448.0,5352.0,6800.0,0.5090963539717003
2019-20,16,Tripura,2019-05,2019-05-01,13002.0,1571.0,5271.0,6842.0,0.5262267343485617
2019-20,16,Tripura,2019-06,2019-06-01,24026.0,7001.0,12355.0,19356.0,0.8056272371597436
2019-20,16,Tripura,2019-07,2019-07-01,12173.0,1621.0,5345.0,6966.0,0.5722500616117637
2019-20,16,Tripura,2019-08,2019-08-01,11708.0,1630.0,5405.0,7035.0,0.6008711991800478
2019-20,16,Tripura,2019-09,2019-09-01,24530.0,5944.0,14015.0,19959.0,0.8136567468406033
2019-20,16,Tripura,2019-10,2019-10-01,11273.0,1712.0,5434.0,7146.0,0.6339040184511665
2019-20,16,Tripura,2019-11,2019-11-01,10971.0,1711.0,5517.0,7228.0,0.658827818795005
2019-20,16,Tripura,2019-12,2019-12-01,24481.0,10889.0,9379.0,20268.0,0.827907356725624
2019-20,16,Tripura,2020-01,2020-01-01,10298.0,2804.0,4541.0,7345.0,0.7132452903476403
2019-20,16,Tripura,2020-02,2020-02-01,9683.0,4697.0,2599.0,7296.0,0.7534854900340804
2019-20,16,Tripura,2020-03,2020-03-01,24205.0,12693.0,7537.0,20230.0,0.8357777318735798
2019-20,17,Meghalaya,2019-04,2019-04-01,16494.0,1391.0,6505.0,7896.0,0.4787195343761368
2019-20,17,Meghalaya,2019-05,2019-05-01,16584.0,1595.0,6404.0,7999.0,0.48233236854799805
2019-20,17,Meghalaya,2019-06,2019-06-01,24878.0,5739.0,11570.0,17309.0,0.695755285794678
2019-20,17,Meghalaya,2019-07,2019-07-01,16556.0,1545.0,6768.0,8313.0,0.5021140372070548
2019-20,17,Meghalaya,2019-08,2019-08-01,16201.0,1829.0,6523.0,8352.0,0.5155237331028949
2019-20,17,Meghalaya,2019-09,2019-09-01,26140.0,5993.0,12081.0,18074.0,0.6914307574598316
2019-20,17,Meghalaya,2019-10,2019-10-01,16090.0,1524.0,6880.0,8404.0,0.5223119950279677
2019-20,17,Meghalaya,2019-11,2019-11-01,15981.0,1747.0,6623.0,8370.0,0.5237469495025343
2019-20,17,Meghalaya,2019-12,2019-12-01,26428.0,7356.0,10622.0,17978.0,0.6802633570455577
2019-20,17,Meghalaya,2020-01,2020-01-01,15911.0,2477.0,6032.0,8509.0,0.5347872541009364
2019-20,17,Meghalaya,2020-02,2020-02-01,15896.0,4547.0,3836.0,8383.0,0.5273653749370911
2019-20,17,Meghalaya,2020-03,2020-03-01,26706.0,10227.0,7376.0,17603.0,0.6591402681045458
2019-20,18,Assam,2019-04,2019-04-01,112018.0,8261.0,40078.0,48339.0,0.43152886143298397
2019-20,18,Assam,2019-05,2019-05-01,109409.0,8829.0,39828.0,48657.0,0.44472575382281165
2019-20,18,Assam,2019-06,2019-06-01,161175.0,30568.0,84814.0,115382.0,0.7158802543818831
2019-20,18,Assam,2019-07,2019-07-01,103195.0,8785.0,40748.0,49533.0,0.4799941857648142
2019-20,18,Assam,2019-08,2019-08-01,101010.0,9112.0,40868.0,49980.0,0.49480249480249483
2019-20,18,Assam,2019-09,2019-09-01,167059.0,23526.0,96132.0,119658.0,0.7162619194416344
2019-20,18,Assam,2019-10,2019-10-01,98900.0,8608.0,42352.0,50960.0,0.5152679474216381
2019-20,18,Assam,2019-11,2019-11-01,94250.0,9265.0,43784.0,53049.0,0.5628541114058355
2019-20,18,Assam,2019-12,2019-12-01,146205.0,57838.0,62915.0,120753.0,0.8259156663588797
2019-20,18,Assam,2020-01,2020-01-01,71728.0,17893.0,33620.0,51513.0,0.718171425384787
2019-20,18,Assam,2020-02,2020-02-01,70808.0,30124.0,21393.0,51517.0,0.7275590328776409
2019-20,18,Assam,2020-03,2020-03-01,145908.0,61855.0,57940.0,119795.0,0.8210310606683664
2019-20,19,West Bengal,2019-04,2019-04-01,305268.0,48391.0,125129.0,173520.0,0.5684185699123393
2019-20,19,West Bengal,2019-05,2019-05-01,294634.0,50100.0,123782.0,173882.0,0.5901627103457171
2019-20,19,West Bengal,2019-06,2019-06-01,593424.0,200817.0,303565.0,504382.0,0.8499521421445712
2019-20,19,West Bengal,2019-07,2019-07-01,274036.0,49340.0,126749.0,176089.0,0.6425761578770672
2019-20,19,West Bengal,2019-08,2019-08-01,268694.0,51102.0,125987.0,177089.0,0.6590731464044601
2019-20,19,West Bengal,2019-09,2019-09-01,607620.0,160374.0,355302.0,515676.0,0.8486817418781475
2019-20,19,West Bengal,2019-10,2019-10-01,264148.0,46935.0,131915.0,178850.0,0.6770825446340688
2019-20,19,West Bengal,2019-11,2019-11-01,259704.0,58073.0,122461.0,180534.0,0.6951529433508918
2019-20,19,West Bengal,2019-12,2019-12-01,611342.0,312982.0,208694.0,521676.0,0.8533292330643077
2019-20,19,West Bengal,2020-01,2020-01-01,246718.0,87747.0,93712.0,181459.0,0.735491532843165
2019-20,19,West Bengal,2020-02,2020-02-01,240337.0,129485.0,51793.0,181278.0,0.7542658849864982
2019-20,19,West Bengal,2020-03,2020-03-01,611625.0,335599.0,179893.0,515492.0,0.8428236255875741
2019-20,20,Jharkhand,2019-04,2019-04-01,88905.0,11151.0,39751.0,50902.0,0.572543726449581
2019-20,20,Jharkhand,2019-05,2019-05-01,85852.0,11517.0,39640.0,51157.0,0.5958742952988865
2019-20,20,Jharkhand,2019-06,2019-06-01,149800.0,38601.0,85478.0,124079.0,0.8282977303070761
2019-20,20,Jharkhand,2019-07,2019-07-01,79004.0,11061.0,40795.0,51856.0,0.6563718292744671
2019-20,20,Jharkhand,2019-08,2019-08-01,76321.0,11321.0,40929.0,52250.0,0.6846084301830426
2019-20,20,Jharkhand,2019-09,2019-09-01,151326.0,30208.0,97401.0,127609.0,0.8432721409407504
2019-20,20,Jharkhand,2019-10,2019-10-01,73311.0,10556.0,42875.0,53431.0,0.7288265062541774
2019-20,20,Jharkhand,2019-11,2019-11-01,67502.0,13118.0,40534.0,53652.0,0.7948208941957275
2019-20,20,Jharkhand,2019-12,2019-12-01,147404.0,72364.0,57297.0,129661.0,0.8796301321538086
2019-20,20,Jharkhand,2020-01,2020-01-01,63116.0,22759.0,31289.0,54048.0,0.8563280309271817
2019-20,20,Jharkhand,2020-02,2020-02-01,59716.0,36278.0,17480.0,53758.0,0.9002277446580481
2019-20,20,Jharkhand,2020-03,2020-03-01,143561.0,79316.0,48851.0,128167.0,0.8927703206302547
2019-20,21,Odisha,2019-04,2019-04-01,162206.0,9313.0,57268.0,66581.0,0.41047186910471867
2019-20,21,Odisha,2019-05,2019-05-01,149172.0,12941.0,53949.0,66890.0,0.4484085485211702
2019-20,21,Odisha,2019-06,2019-06-01,219769.0,56216.0,127835.0,184051.0,0.8374748030886977
2019-20,21,Odisha,2019-07,2019-07-01,104974.0,13484.0,54560.0,68044.0,0.6481986015584812
2019-20,21,Odisha,2019-08,2019-08-01,99843.0,13611.0,55011.0,68622.0,0.6872990595234518
2019-20,21,Odisha,2019-09,2019-09-01,220841.0,50596.0,139528.0,190124.0,0.8609089797637214
2019-20,21,Odisha,2019-10,2019-10-01,96497.0,13533.0,56617.0,70150.0,0.7269656051483466
2019-20,21,Odisha,2019-11,2019-11-01,92661.0,16168.0,55021.0,71189.0,0.7682735994647155
2019-20,21,Odisha,2019-12,2019-12-01,222288.0,102150.0,93472.0,195622.0,0.8800385086014539
2019-20,21,Odisha,2020-01,2020-01-01,91315.0,25637.0,46321.0,71958.0,0.7880194929639162
2019-20,21,Odisha,2020-02,2020-02-01,88358.0,45831.0,26364.0,72195.0,0.8170737228094797
2019-20,21,Odisha,2020-03,2020-03-01,223069.0,119490.0,74073.0,193563.0,0.8677270261667914
2019-20,22,Chhattisgarh,2019-04,2019-04-01,63451.0,7987.0,29499.0,37486.0,0.5907865912278766
2019-20,22,Chhattisgarh,2019-05,2019-05-01,60187.0,8525.0,29149.0,37674.0,0.6259491252263778
2019-20,22,Chhattisgarh,2019-06,2019-06-01,104773.0,27682.0,65834.0,93516.0,0.8925581972454736
2019-20,22,Chhattisgarh,2019-07,2019-07-01,53849.0,8081.0,30046.0,38127.0,0.7080354324128582
2019-20,22,Chhattisgarh,2019-08,2019-08-01,52544.0,8449.0,29901.0,38350.0,0.7298644945188795
2019-20,22,Chhattisgarh,2019-09,2019-09-01,107458.0,21696.0,74164.0,95860.0,0.8920694596958811
2019-20,22,Chhattisgarh,2019-10,2019-10-01,51279.0,7836.0,31062.0,38898.0,0.7585561340899784
2019-20,22,Chhattisgarh,2019-11,2019-11-01,48984.0,10319.0,28865.0,39184.0,0.7999346725461375
2019-20,22,Chhattisgarh,2019-12,2019-12-01,105112.0,56144.0,41211.0,97355.0,0.9262025268285258
2019-20,22,Chhattisgarh,2020-01,2020-01-01,46049.0,17226.0,21818.0,39044.0,0.8478794327781276
2019-20,22,Chhattisgarh,2020-02,2020-02-01,45889.0,25407.0,13561.0,38968.0,0.8491795419381551
2019-20,22,Chhattisgarh,2020-03,2020-03-01,107069.0,59043.0,37214.0,96257.0,0.8990183900101804
2019-20,23,Madhya Pradesh,2019-04,2019-04-01,177325.0,25130.0,77510.0,102640.0,0.5788241928662061
2019-20,23,Madhya Pradesh,2019-05,2019-05-01,166338.0,26553.0,76089.0,102642.0,0.6170688597915088
2019-20,23,Madhya Pradesh,2019-06,2019-06-01,353290.0,112241.0,205767.0,318008.0,0.9001330351835602
2019-20,23,Madhya Pradesh,2019-07,2019-07-01,149791.0,25018.0,78519.0,103537.0,0.6912097522548084
2019-20,23,Madhya Pradesh,2019-08,2019-08-01,145173.0,25966.0,77966.0,103932.0,0.7159182492612263
2019-20,23,Madhya Pradesh,2019-09,2019-09-01,359995.0,80485.0,244292.0,324777.0,0.902170863484215
2019-20,23,Madhya Pradesh,2019-10,2019-10-01,142536.0,22017.0,83174.0,105191.0,0.737996015041814
2019-20,23,Madhya Pradesh,2019-11,2019-11-01,138001.0,28630.0,78241.0,106871.0,0.7744219244788081
2019-20,23,Madhya Pradesh,2019-12,2019-12-01,354752.0,214331.0,115100.0,329431.0,0.928623376330507
2019-20,23,Madhya Pradesh,2020-01,2020-01-01,121996.0,52770.0,53860.0,106630.0,0.8740450506573986
2019-20,23,Madhya Pradesh,2020-02,2020-02-01,118866.0,77968.0,27956.0,105924.0,0.8911210943415274
2019-20,23,Madhya Pradesh,2020-03,2020-03-01,351474.0,210728.0,114604.0,325332.0,0.925621809863603
2019-20,24,Gujarat,2019-04,2019-04-01,399204.0,111838.0,139152.0,250990.0,0.6287261650684863
2019-20,24,Gujarat,2019-05,2019-05-01,382894.0,116129.0,135152.0,251281.0,0.656267792130459
2019-20,24,Gujarat,2019-06,2019-06-01,877062.0,468729.0,334423.0,803152.0,0.9157300168061094
2019-20,24,Gujarat,2019-07,2019-07-01,340947.0,101809.0,151419.0,253228.0,0.7427195429201606
2019-20,24,Gujarat,2019-08,2019-08-01,329795.0,113433.0,140549.0,253982.0,0.7701208326384572
2019-20,24,Gujarat,2019-09,2019-09-01,884817.0,375641.0,442907.0,818548.0,0.9251042871011745
2019-20,24,Gujarat,2019-10,2019-10-01,320380.0,91725.0,164314.0,256039.0,0.7991728572320369
2019-20,24,Gujarat,2019-11,2019-11-01,311565.0,128059.0,130380.0,258439.0,0.829486623978945
2019-20,24,Gujarat,2019-12,2019-12-01,877839.0,661872.0,171124.0,832996.0,0.9489166008801159
2019-20,24,Gujarat,2020-01,2020-01-01,297941.0,180734.0,79196.0,259930.0,0.8724210498051628
2019-20,24,Gujarat,2020-02,2020-02-01,294413.0,224639.0,35886.0,260525.0,0.8848963870481262
2019-20,24,Gujarat,2020-03,2020-03-01,893063.0,680053.0,159632.0,839685.0,0.9402304204742554
2019-20,25,Daman and Diu,2019-04,2019-04-01,3988.0,1456.0,1324.0,2780.0,0.6970912738214644
2019-20,25,Daman and Diu,2019-05,2019-05-01,3817.0,1452.0,1312.0,2764.0,0.7241288970395598
2019-20,25,Daman and Diu,2019-06,2019-06-01,5816.0,2971.0,2443.0,5414.0,0.9308803301237965
2019-20,25,Daman and Diu,2019-07,2019-07-01,3338.0,1463.0,1291.0,2754.0,0.8250449370880767
2019-20,25,Daman and Diu,2019-08,2019-08-01,3273.0,1498.0,1261.0,2759.0,0.8429575313168347
2019-20,25,Daman and Diu,2019-09,2019-09-01,5835.0,2587.0,2834.0,5421.0,0.9290488431876607
2019-20,25,Daman and Diu,2019-10,2019-10-01,3229.0,1413.0,1338.0,2751.0,0.8519665531124188
2019-20,25,Daman and Diu,2019-11,2019-11-01,3188.0,1636.0,1151.0,2787.0,0.874215809284818
2019-20,25,Daman and Diu,2019-12,2019-12-01,5767.0,3777.0,1656.0,5433.0,0.9420842725853997
2019-20,25,Daman and Diu,2020-01,2020-01-01,3105.0,1877.0,899.0,2776.0,0.8940418679549115
2019-20,25,Daman and Diu,2020-02,2020-02-01,3077.0,2328.0,445.0,2773.0,0.9012024699382516
2019-20,25,Daman and Diu,2020-03,2020-03-01,5841.0,4145.0,1274.0,5419.0,0.9277520972436226
2019-20,26,Dadra and Nagar Haveli,2019-04,2019-04-01,5203.0,1758.0,1651.0,3409.0,0.6551989236978666
2019-20,26,Dadra and Nagar Haveli,2019-05,2019-05-01,5064.0,1806.0,1613.0,3419.0,0.6751579778830964
2019-20,26,Dadra and Nagar Haveli,2019-06,2019-06-01,8364.0,3920.0,3506.0,7426.0,0.8878527020564323
2019-20,26,Dadra and Nagar Haveli,2019-07,2019-07-01,4659.0,1715.0,1731.0,3446.0,0.7396437003648851
2019-20,26,Dadra and Nagar Haveli,2019-08,2019-08-01,4528.0,1766.0,1691.0,3457.0,0.7634717314487632
2019-20,26,Dadra and Nagar Haveli,2019-09,2019-09-01,8395.0,3369.0,4193.0,7562.0,0.900774270399047
2019-20,26,Dadra and Nagar Haveli,2019-10,2019-10-01,4227.0,1727.0,1790.0,3517.0,0.8320321741187604
2019-20,26,Dadra and Nagar Haveli,2019-11,2019-11-01,3917.0,2059.0,1468.0,3527.0,0.9004340056165433
2019-20,26,Dadra and Nagar Haveli,2019-12,2019-12-01,7976.0,5484.0,2067.0,7551.0,0.946715145436309
2019-20,26,Dadra and Nagar Haveli,2020-01,2020-01-01,4000.0,2576.0,959.0,3535.0,0.88375
2019-20,26,Dadra and Nagar Haveli,2020-02,2020-02-01,4015.0,3139.0,410.0,3549.0,0.8839352428393524
2019-20,26,Dadra and Nagar Haveli,2020-03,2020-03-01,8238.0,5797.0,1801.0,7598.0,0.9223112405923768
2019-20,27,Maharashtra,2019-04,2019-04-01,705207.0,136414.0,222269.0,358683.0,0.5086208730202622
2019-20,27,Maharashtra,2019-05,2019-05-01,678572.0,140050.0,218735.0,358785.0,0.528735344222868
2019-20,27,Maharashtra,2019-06,2019-06-01,1405014.0,569967.0,635979.0,1205946.0,0.8583160025451704
2019-20,27,Maharashtra,2019-07,2019-07-01,600814.0,131262.0,231465.0,362727.0,0.6037259451344343
2019-20,27,Maharashtra,2019-08,2019-08-01,577797.0,139003.0,225100.0,364103.0,0.6301573043819888
2019-20,27,Maharashtra,2019-09,2019-09-01,1416919.0,452291.0,775490.0,1227781.0,0.8665145996348416
2019-20,27,Maharashtra,2019-10,2019-10-01,553324.0,122665.0,245047.0,367712.0,0.6645509683295863
2019-20,27,Maharashtra,2019-11,2019-11-01,528988.0,154904.0,217289.0,372193.0,0.7035944104592164
2019-20,27,Maharashtra,2019-12,2019-12-01,1379433.0,874896.0,367216.0,1242112.0,0.9004511273834974
2019-20,27,Maharashtra,2020-01,2020-01-01,465114.0,221373.0,150892.0,372265.0,0.800373671830992
2019-20,27,Maharashtra,2020-02,2020-02-01,457177.0,284183.0,87732.0,371915.0,0.8135033039719846
2019-20,27,Maharashtra,2020-03,2020-03-01,1380633.0,751562.0,474374.0,1225936.0,0.8879521205128372
2019-20,29,Karnataka,2019-04,2019-04-01,497177.0,108371.0,256593.0,364964.0,0.7340725737514004
2019-20,29,Karnataka,2019-05,2019-05-01,485610.0,107614.0,259083.0,366697.0,0.7551265418751674
2019-20,29,Karnataka,2019-06,2019-06-01,710827.0,238182.0,373990.0,612172.0,0.8612109556896403
2019-20,29,Karnataka,2019-07,2019-07-01,464623.0,96586.0,276266.0,372852.0,0.8024828732111842
2019-20,29,Karnataka,2019-08,2019-08-01,451202.0,104623.0,271106.0,375729.0,0.8327290215912163
2019-20,29,Karnataka,2019-09,2019-09-01,709880.0,201230.0,427601.0,628831.0,0.8858271820589395
2019-20,29,Karnataka,2019-10,2019-10-01,448411.0,99248.0,282645.0,381893.0,0.8516584115911519
2019-20,29,Karnataka,2019-11,2019-11-01,443261.0,125863.0,260449.0,386312.0,0.8715226469281078
2019-20,29,Karnataka,2019-12,2019-12-01,723207.0,383704.0,261050.0,644754.0,0.8915206849491224
2019-20,29,Karnataka,2020-01,2020-01-01,443230.0,194070.0,196211.0,390281.0,0.8805383209620288
2019-20,29,Karnataka,2020-02,2020-02-01,443322.0,301218.0,88449.0,389667.0,0.8789705902256147
2019-20,29,Karnataka,2020-03,2020-03-01,734800.0,452875.0,185079.0,637954.0,0.8682008709853021
2019-20,30,Goa,2019-04,2019-04-01,21309.0,4590.0,7226.0,11816.0,0.5545074851001924
2019-20,30,Goa,2019-05,2019-05-01,20779.0,4600.0,7245.0,11845.0,0.5700466817459936
2019-20,30,Goa,2019-06,2019-06-01,33757.0,13260.0,15105.0,28365.0,0.8402701661877536
2019-20,30,Goa,2019-07,2019-07-01,19308.0,4383.0,7594.0,11977.0,0.6203128237000207
2019-20,30,Goa,2019-08,2019-08-01,18815.0,4453.0,7582.0,12035.0,0.6396492160510231
2019-20,30,Goa,2019-09,2019-09-01,34397.0,12228.0,16588.0,28816.0,0.8377474779777306
2019-20,30,Goa,2019-10,2019-10-01,18492.0,4499.0,7691.0,12190.0,0.6592039800995025
2019-20,30,Goa,2019-11,2019-11-01,18104.0,5174.0,7094.0,12268.0,0.6776403004860804
2019-20,30,Goa,2019-12,2019-12-01,35044.0,17483.0,11902.0,29385.0,0.838517292546513
2019-20,30,Goa,2020-01,2020-01-01,17705.0,6414.0,5986.0,12400.0,0.7003671279299633
2019-20,30,Goa,2020-02,2020-02-01,17648.0,9035.0,3378.0,12413.0,0.7033658204895739
2019-20,30,Goa,2020-03,2020-03-01,36052.0,20196.0,9365.0,29561.0,0.8199545101520027
2019-20,31,Lakshadweep,2019-04,2019-04-01,176.0,32.0,51.0,83.0,0.4715909090909091
2019-20,31,Lakshadweep,2019-05,2019-05-01,175.0,29.0,58.0,87.0,0.49714285714285716
2019-20,31,Lakshadweep,2019-06,2019-06-01,219.0,58.0,106.0,164.0,0.7488584474885844
2019-20,31,Lakshadweep,2019-07,2019-07-01,179.0,27.0,61.0,88.0,0.49162011173184356
2019-20,31,Lakshadweep,2019-08,2019-08-01,178.0,31.0,58.0,89.0,0.5
2019-20,31,Lakshadweep,2019-09,2019-09-01,229.0,51.0,119.0,170.0,0.74235807860262
2019-20,31,Lakshadweep,2019-10,2019-10-01,179.0,29.0,61.0,90.0,0.5027932960893855
2019-20,31,Lakshadweep,2019-11,2019-11-01,178.0,31.0,61.0,92.0,0.5168539325842697
2019-20,31,Lakshadweep,2019-12,2019-12-01,247.0,73.0,108.0,181.0,0.7327935222672065
2019-20,31,Lakshadweep,2020-01,2020-01-01,180.0,39.0,57.0,96.0,0.5333333333333333
2019-20,31,Lakshadweep,2020-02,2020-02-01,181.0,54.0,42.0,96.0,0.5303867403314917
2019-20,31,Lakshadweep,2020-03,2020-03-01,261.0,103.0,84.0,187.0,0.7164750957854407
2019-20,32,Kerala,2019-04,2019-04-01,202318.0,39359.0,107047.0,146406.0,0.7236429778862978
2019-20,32,Kerala,2019-05,2019-05-01,195184.0,37638.0,109483.0,147121.0,0.7537554307730142
2019-20,32,Kerala,2019-06,2019-06-01,295913.0,98773.0,164039.0,262812.0,0.8881394193563649
2019-20,32,Kerala,2019-07,2019-07-01,189177.0,30431.0,118715.0,149146.0,0.7883939379522881
2019-20,32,Kerala,2019-08,2019-08-01,187045.0,29619.0,120604.0,150223.0,0.8031382822315486
2019-20,32,Kerala,2019-09,2019-09-01,301836.0,82599.0,185918.0,268517.0,0.8896122397593396
2019-20,32,Kerala,2019-10,2019-10-01,184754.0,36570.0,115702.0,152272.0,0.8241878389642443
2019-20,32,Kerala,2019-11,2019-11-01,180486.0,55426.0,98537.0,153963.0,0.8530467737109804
2019-20,32,Kerala,2019-12,2019-12-01,302709.0,160850.0,112530.0,273380.0,0.9031115691968193
2019-20,32,Kerala,2020-01,2020-01-01,175450.0,76635.0,78375.0,155010.0,0.8834995725277857
2019-20,32,Kerala,2020-02,2020-02-01,174499.0,118780.0,36463.0,155243.0,0.8896497974200426
2019-20,32,Kerala,2020-03,2020-03-01,304085.0,189686.0,83579.0,273265.0,0.8986467599519871
2019-20,33,Tamil Nadu,2019-04,2019-04-01,681342.0,145877.0,374801.0,520678.0,0.764194780301229
2019-20,33,Tamil Nadu,2019-05,2019-05-01,679109.0,144294.0,379352.0,523646.0,0.7710779860081372
2019-20,33,Tamil Nadu,2019-06,2019-06-01,894344.0,273096.0,479323.0,752419.0,0.8413082661705116
2019-20,33,Tamil Nadu,2019-07,2019-07-01,670695.0,132477.0,398422.0,530899.0,0.7915654656736668
2019-20,33,Tamil Nadu,2019-08,2019-08-01,664170.0,137937.0,396911.0,534848.0,0.8052878028215668
2019-20,33,Tamil Nadu,2019-09,2019-09-01,900385.0,227476.0,541761.0,769237.0,0.8543423091233194
2019-20,33,Tamil Nadu,2019-10,2019-10-01,654051.0,134833.0,407200.0,542033.0,0.8287320101949236
2019-20,33,Tamil Nadu,2019-11,2019-11-01,640748.0,174944.0,372321.0,547265.0,0.8541033292339578
2019-20,33,Tamil Nadu,2019-12,2019-12-01,877850.0,502516.0,283930.0,786446.0,0.8958774278065729
2019-20,33,Tamil Nadu,2020-01,2020-01-01,620078.0,296846.0,256970.0,553816.0,0.893139250223359
2019-20,33,Tamil Nadu,2020-02,2020-02-01,613352.0,454234.0,101312.0,555546.0,0.9057539553144035
2019-20,33,Tamil Nadu,2020-03,2020-03-01,876639.0,568031.0,217516.0,785547.0,0.8960894963605315
2019-20,34,Puducherry,2019-04,2019-04-01,16423.0,3505.0,8015.0,11520.0,0.7014552761371248
2019-20,34,Puducherry,2019-05,2019-05-01,16070.0,3416.0,8187.0,11603.0,0.722028624766646
2019-20,34,Puducherry,2019-06,2019-06-01,20879.0,6052.0,10847.0,16899.0,0.8093778437664639
2019-20,34,Puducherry,2019-07,2019-07-01,15621.0,3128.0,8526.0,11654.0,0.7460469880289354
2019-20,34,Puducherry,2019-08,2019-08-01,15410.0,3251.0,8479.0,11730.0,0.7611940298507462
2019-20,34,Puducherry,2019-09,2019-09-01,21025.0,5297.0,11892.0,17189.0,0.8175505350772889
2019-20,34,Puducherry,2019-10,2019-10-01,15000.0,3426.0,8523.0,11949.0,0.7966
2019-20,34,Puducherry,2019-11,2019-11-01,14741.0,4209.0,7789.0,11998.0,0.813920358184655
2019-20,34,Puducherry,2019-12,2019-12-01,20391.0,10447.0,6922.0,17369.0,0.8517973615810897
2019-20,34,Puducherry,2020-01,2020-01-01,13562.0,6083.0,5910.0,11993.0,0.8843090989529568
2019-20,34,Puducherry,2020-02,2020-02-01,13336.0,9563.0,2430.0,11993.0,0.8992951409718056
2019-20,34,Puducherry,2020-03,2020-03-01,19681.0,12605.0,4506.0,17111.0,0.869417204410345
2019-20,35,Andaman and Nicobar Islands,2019-04,2019-04-01,3127.0,335.0,1576.0,1911.0,0.6111288775183882
2019-20,35,Andaman and Nicobar Islands,2019-05,2019-05-01,3085.0,326.0,1569.0,1895.0,0.6142625607779578
2019-20,35,Andaman and Nicobar Islands,2019-06,2019-06-01,3826.0,643.0,2564.0,3207.0,0.838212232096184
2019-20,35,Andaman and Nicobar Islands,2019-07,2019-07-01,2934.0,270.0,1641.0,1911.0,0.6513292433537833
2019-20,35,Andaman and Nicobar Islands,2019-08,2019-08-01,2929.0,300.0,1632.0,1932.0,0.6596107886650734
2019-20,35,Andaman and Nicobar Islands,2019-09,2019-09-01,3994.0,521.0,2752.0,3273.0,0.8194792188282424
2019-20,35,Andaman and Nicobar Islands,2019-10,2019-10-01,2925.0,274.0,1692.0,1966.0,0.6721367521367522
2019-20,35,Andaman and Nicobar Islands,2019-11,2019-11-01,2906.0,339.0,1658.0,1997.0,0.6871988988300068
2019-20,35,Andaman and Nicobar Islands,2019-12,2019-12-01,4090.0,1214.0,2159.0,3373.0,0.8246943765281174
2019-20,35,Andaman and Nicobar Islands,2020-01,2020-01-01,2535.0,449.0,1558.0,2007.0,0.7917159763313609
2019-20,35,Andaman and Nicobar Islands,2020-02,2020-02-01,2542.0,842.0,1159.0,2001.0,0.7871754523996853
2019-20,35,Andaman and Nicobar Islands,2020-03,2020-03-01,3877.0,1547.0,1806.0,3353.0,0.8648439515088986
2019-20,36,Telangana,2019-04,2019-04-01,247115.0,43261.0,128414.0,171675.0,0.6947170345790421
2019-20,36,Telangana,2019-05,2019-05-01,243625.0,41822.0,131244.0,173066.0,0.7103786557208825
2019-20,36,Telangana,2019-06,2019-06-01,327844.0,88086.0,177494.0,265580.0,0.8100804040946303
2019-20,36,Telangana,2019-07,2019-07-01,238294.0,40853.0,135159.0,176012.0,0.738633788513349
2019-20,36,Telangana,2019-08,2019-08-01,236935.0,42250.0,135328.0,177578.0,0.7494798151391732
2019-20,36,Telangana,2019-09,2019-09-01,337626.0,72375.0,202419.0,274794.0,0.8139005882248405
2019-20,36,Telangana,2019-10,2019-10-01,239475.0,39650.0,141548.0,181198.0,0.7566468316108154
2019-20,36,Telangana,2019-11,2019-11-01,240217.0,49826.0,133818.0,183644.0,0.7644921050550127
2019-20,36,Telangana,2019-12,2019-12-01,350234.0,155108.0,129099.0,284207.0,0.8114774693490637
2019-20,36,Telangana,2020-01,2020-01-01,239471.0,82395.0,103608.0,186003.0,0.7767245303189113
2019-20,36,Telangana,2020-02,2020-02-01,238143.0,135886.0,50109.0,185995.0,0.7810223269212196
2019-20,36,Telangana,2020-03,2020-03-01,357819.0,195061.0,87523.0,282584.0,0.7897400641106258
2019-20,37,Andhra Pradesh,2019-04,2019-04-01,211912.0,39948.0,115163.0,155111.0,0.7319594926195779
2019-20,37,Andhra Pradesh,2019-05,2019-05-01,206448.0,40973.0,114663.0,155636.0,0.7538750678136867
2019-20,37,Andhra Pradesh,2019-06,2019-06-01,281946.0,81878.0,154654.0,236532.0,0.8389266029665255
2019-20,37,Andhra Pradesh,2019-07,2019-07-01,201438.0,37758.0,120068.0,157826.0,0.7834966590216345
2019-20,37,Andhra Pradesh,2019-08,2019-08-01,199209.0,39371.0,119408.0,158779.0,0.7970473221591394
2019-20,37,Andhra Pradesh,2019-09,2019-09-01,287263.0,65860.0,175610.0,241470.0,0.8405885895503423
2019-20,37,Andhra Pradesh,2019-10,2019-10-01,197620.0,36398.0,124459.0,160857.0,0.8139712579698412
2019-20,37,Andhra Pradesh,2019-11,2019-11-01,193704.0,47355.0,115474.0,162829.0,0.840607318382687
2019-20,37,Andhra Pradesh,2019-12,2019-12-01,286760.0,151471.0,94935.0,246406.0,0.8592760496582508
2019-20,37,Andhra Pradesh,2020-01,2020-01-01,192119.0,79873.0,83610.0,163483.0,0.8509465487536371
2019-20,37,Andhra Pradesh,2020-02,2020-02-01,188319.0,128641.0,34270.0,162911.0,0.8650799972387279
2019-20,37,Andhra Pradesh,2020-03,2020-03-01,283250.0,174803.0,65571.0,240374.0,0.8486284201235658
2019-20,38,Ladakh,2019-04,2019-04-01,,,,,
2019-20,38,Ladakh,2019-05,2019-05-01,,,,,
2019-20,38,Ladakh,2019-06,2019-06-01,,,,,
2019-20,38,Ladakh,2019-07,2019-07-01,,,,,
2019-20,38,Ladakh,2019-08,2019-08-01,,,,,
2019-20,38,Ladakh,2019-09,2019-09-01,,,,,
2019-20,38,Ladakh,2019-10,2019-10-01,,,,,
2019-20,38,Ladakh,2019-11,2019-11-01,,,,,
2019-20,38,Ladakh,2019-12,2019-12-01,,,,,
2019-20,38,Ladakh,2020-01,2020-01-01,868.0,0.0,382.0,382.0,0.4400921658986175
2019-20,38,Ladakh,2020-02,2020-02-01,982.0,0.0,439.0,439.0,0.4470468431771894
2019-20,38,Ladakh,2020-03,2020-03-01,3014.0,1388.0,1293.0,2681.0,0.8895155938951559
2019-20,97,Other Territory,2019-04,2019-04-01,65.0,45.0,4.0,49.0,0.7538461538461538
2019-20,97,Other Territory,2019-05,2019-05-01,65.0,44.0,5.0,49.0,0.7538461538461538
2019-20,97,Other Territory,2019-06,2019-06-01,71.0,53.0,3.0,56.0,0.7887323943661971
2019-20,97,Other Territory,2019-07,2019-07-01,70.0,47.0,6.0,53.0,0.7571428571428571
2019-20,97,Other Territory,2019-08,2019-08-01,71.0,49.0,5.0,54.0,0.7605633802816901
2019-20,97,Other Territory,2019-09,2019-09-01,76.0,51.0,8.0,59.0,0.7763157894736842
2019-20,97,Other Territory,2019-10,2019-10-01,73.0,48.0,8.0,56.0,0.7671232876712328
2019-20,97,Other Territory,2019-11,2019-11-01,74.0,49.0,7.0,56.0,0.7567567567567568
2019-20,97,Other Territory,2019-12,2019-12-01,76.0,56.0,5.0,61.0,0.8026315789473685
2019-20,97,Other Territory,2020-01,2020-01-01,71.0,54.0,4.0,58.0,0.8169014084507042
2019-20,97,Other Territory,2020-02,2020-02-01,73.0,58.0,0.0,58.0,0.7945205479452054
2019-20,97,Other Territory,2020-03,2020-03-01,81.0,62.0,3.0,65.0,0.8024691358024691
2020-21,01,Jammu and Kashmir,2020-04,2020-04-01,83180.0,13540.0,14211.0,27751.0,0.3336258716037509
2020-21,01,Jammu and Kashmir,2020-05,2020-05-01,76769.0,12479.0,15291.0,27770.0,0.3617345543122875
2020-21,01,Jammu and Kashmir,2020-06,2020-06-01,83835.0,19860.0,53275.0,73135.0,0.8723683425776824
2020-21,01,Jammu and Kashmir,2020-07,2020-07-01,48665.0,3764.0,24615.0,28379.0,0.5831501078804069
2020-21,01,Jammu and Kashmir,2020-08,2020-08-01,46482.0,5115.0,23495.0,28610.0,0.6155070780086915
2020-21,01,Jammu and Kashmir,2020-09,2020-09-01,88382.0,33086.0,41495.0,74581.0,0.8438482949016768
2020-21,01,Jammu and Kashmir,2020-10,2020-10-01,40367.0,6289.0,22878.0,29167.0,0.7225456437188793
2020-21,01,Jammu and Kashmir,2020-11,2020-11-01,37461.0,7315.0,22125.0,29440.0,0.7858839860121193
2020-21,01,Jammu and Kashmir,2020-12,2020-12-01,84627.0,48387.0,27500.0,75887.0,0.896723267987758
2020-21,01,Jammu and Kashmir,2021-01,2021-01-01,45594.0,12473.0,27130.0,39603.0,0.8686011317278589
2020-21,01,Jammu and Kashmir,2021-02,2021-02-01,44931.0,14318.0,26088.0,40406.0,0.8992900224789121
2020-21,01,Jammu and Kashmir,2021-03,2021-03-01,84140.0,29823.0,48792.0,78615.0,0.9343356310910388
2020-21,02,Himachal Pradesh,2020-04,2020-04-01,85603.0,14787.0,5563.0,20350.0,0.2377253133651858
2020-21,02,Himachal Pradesh,2020-05,2020-05-01,75572.0,13881.0,6553.0,20434.0,0.27039115016143545
2020-21,02,Himachal Pradesh,2020-06,2020-06-01,85305.0,38125.0,40630.0,78755.0,0.9232166930426118
2020-21,02,Himachal Pradesh,2020-07,2020-07-01,34872.0,6182.0,14676.0,20858.0,0.5981303051158523
2020-21,02,Himachal Pradesh,2020-08,2020-08-01,33395.0,7509.0,13527.0,21036.0,0.6299146578829166
2020-21,02,Himachal Pradesh,2020-09,2020-09-01,89380.0,54419.0,27330.0,81749.0,0.9146229581561871
2020-21,02,Himachal Pradesh,2020-10,2020-10-01,29840.0,8752.0,12812.0,21564.0,0.7226541554959786
2020-21,02,Himachal Pradesh,2020-11,2020-11-01,28848.0,9313.0,12478.0,21791.0,0.7553729894620078
2020-21,02,Himachal Pradesh,2020-12,2020-12-01,91034.0,67737.0,16646.0,84383.0,0.9269393852846189
2020-21,02,Himachal Pradesh,2021-01,2021-01-01,40247.0,16126.0,18717.0,34843.0,0.865729122667528
2020-21,02,Himachal Pradesh,2021-02,2021-02-01,40011.0,18216.0,17870.0,36086.0,0.901901976956337
2020-21,02,Himachal Pradesh,2021-03,2021-03-01,90790.0,41240.0,46020.0,87260.0,0.9611190659764292
2020-21,03,Punjab,2020-04,2020-04-01,311538.0,71979.0,15682.0,87661.0,0.281381404515661
2020-21,03,Punjab,2020-05,2020-05-01,286301.0,68215.0,19678.0,87893.0,0.3069950855917374
2020-21,03,Punjab,2020-06,2020-06-01,312776.0,162514.0,124076.0,286590.0,0.9162787426145228
2020-21,03,Punjab,2020-07,2020-07-01,125200.0,37751.0,51192.0,88943.0,0.7104073482428115
2020-21,03,Punjab,2020-08,2020-08-01,120831.0,42958.0,46344.0,89302.0,0.7390653060886693
2020-21,03,Punjab,2020-09,2020-09-01,318929.0,206048.0,87170.0,293218.0,0.9193833110190669
2020-21,03,Punjab,2020-10,2020-10-01,113974.0,47342.0,42585.0,89927.0,0.7890132837313774
2020-21,03,Punjab,2020-11,2020-11-01,111535.0,49890.0,40536.0,90426.0,0.8107410229972655
2020-21,03,Punjab,2020-12,2020-12-01,323550.0,261254.0,38424.0,299678.0,0.9262185133673312
2020-21,03,Punjab,2021-01,2021-01-01,144846.0,81466.0,44870.0,126336.0,0.8722091048423843
2020-21,03,Punjab,2021-02,2021-02-01,144289.0,88853.0,40162.0,129015.0,0.8941430046642502
2020-21,03,Punjab,2021-03,2021-03-01,318519.0,209730.0,94436.0,304166.0,0.9549383239304405
2020-21,04,Chandigarh,2020-04,2020-04-01,27061.0,7753.0,1749.0,9502.0,0.351132626288755
2020-21,04,Chandigarh,2020-05,2020-05-01,24413.0,7324.0,2180.0,9504.0,0.3893007823700487
2020-21,04,Chandigarh,2020-06,2020-06-01,26720.0,14988.0,10457.0,25445.0,0.9522829341317365
2020-21,04,Chandigarh,2020-07,2020-07-01,12533.0,4291.0,5270.0,9561.0,0.7628660336711083
2020-21,04,Chandigarh,2020-08,2020-08-01,11962.0,4900.0,4674.0,9574.0,0.80036783146631
2020-21,04,Chandigarh,2020-09,2020-09-01,27174.0,18792.0,6879.0,25671.0,0.9446897769927136
2020-21,04,Chandigarh,2020-10,2020-10-01,11638.0,5512.0,4107.0,9619.0,0.8265165836054305
2020-21,04,Chandigarh,2020-11,2020-11-01,11277.0,5870.0,3797.0,9667.0,0.8572315332091869
2020-21,04,Chandigarh,2020-12,2020-12-01,26992.0,22633.0,3302.0,25935.0,0.9608402489626556
2020-21,04,Chandigarh,2021-01,2021-01-01,12935.0,7487.0,4792.0,12279.0,0.9492848859683031
2020-21,04,Chandigarh,2021-02,2021-02-01,12728.0,8261.0,4163.0,12424.0,0.9761156505342552
2020-21,04,Chandigarh,2021-03,2021-03-01,26399.0,17697.0,8478.0,26175.0,0.991514830107201
2020-21,05,Uttarakhand,2020-04,2020-04-01,131130.0,23385.0,11301.0,34686.0,0.2645161290322581
2020-21,05,Uttarakhand,2020-05,2020-05-01,113453.0,21629.0,13244.0,34873.0,0.3073783857632676
2020-21,05,Uttarakhand,2020-06,2020-06-01,130093.0,48813.0,66697.0,115510.0,0.8879032691997264
2020-21,05,Uttarakhand,2020-07,2020-07-01,63308.0,8113.0,27581.0,35694.0,0.5638149996840841
2020-21,05,Uttarakhand,2020-08,2020-08-01,61226.0,10542.0,25501.0,36043.0,0.588687812367295
2020-21,05,Uttarakhand,2020-09,2020-09-01,138271.0,67081.0,53053.0,120134.0,0.8688300511314737
2020-21,05,Uttarakhand,2020-10,2020-10-01,55999.0,12050.0,24996.0,37046.0,0.661547527634422
2020-21,05,Uttarakhand,2020-11,2020-11-01,53588.0,13215.0,24297.0,37512.0,0.700007464357692
2020-21,05,Uttarakhand,2020-12,2020-12-01,140248.0,89694.0,35419.0,125113.0,0.8920840225885575
2020-21,05,Uttarakhand,2021-01,2021-01-01,71286.0,24007.0,35667.0,59674.0,0.837106865303145
2020-21,05,Uttarakhand,2021-02,2021-02-01,69175.0,27077.0,34345.0,61422.0,0.8879219371160101
2020-21,05,Uttarakhand,2021-03,2021-03-01,138667.0,59508.0,69995.0,129503.0,0.933913620399951
2020-21,06,Haryana,2020-04,2020-04-01,422507.0,106227.0,31562.0,137789.0,0.32612240743940335
2020-21,06,Haryana,2020-05,2020-05-01,384273.0,99951.0,38311.0,138262.0,0.35980149529110816
2020-21,06,Haryana,2020-06,2020-06-01,424733.0,204251.0,179532.0,383783.0,0.9035864884527456
2020-21,06,Haryana,2020-07,2020-07-01,216203.0,50298.0,90713.0,141011.0,0.6522157416872106
2020-21,06,Haryana,2020-08,2020-08-01,208829.0,60014.0,82558.0,142572.0,0.6827212695554736
2020-21,06,Haryana,2020-09,2020-09-01,444211.0,272954.0,126160.0,399114.0,0.8984784257931479
2020-21,06,Haryana,2020-10,2020-10-01,197957.0,64929.0,79672.0,144601.0,0.7304667175194614
2020-21,06,Haryana,2020-11,2020-11-01,192342.0,69943.0,76430.0,146373.0,0.7610038369154942
2020-21,06,Haryana,2020-12,2020-12-01,454238.0,344564.0,68299.0,412863.0,0.9089133890163307
2020-21,06,Haryana,2021-01,2021-01-01,236575.0,106627.0,94718.0,201345.0,0.8510831660150058
2020-21,06,Haryana,2021-02,2021-02-01,231251.0,121858.0,83874.0,205732.0,0.8896480447652119
2020-21,06,Haryana,2021-03,2021-03-01,438177.0,261060.0,156651.0,417711.0,0.9532928474109778
2020-21,07,Delhi,2020-04,2020-04-01,749164.0,143262.0,60756.0,204018.0,0.27232755444735735
2020-21,07,Delhi,2020-05,2020-05-01,684312.0,132143.0,71834.0,203977.0,0.2980760238020084
2020-21,07,Delhi,2020-06,2020-06-01,735720.0,304325.0,326398.0,630723.0,0.8572867395204697
2020-21,07,Delhi,2020-07,2020-07-01,377107.0,63323.0,145096.0,208419.0,0.5526786827080908
2020-21,07,Delhi,2020-08,2020-08-01,358920.0,79685.0,131039.0,210724.0,0.5871057617296334
2020-21,07,Delhi,2020-09,2020-09-01,764172.0,431348.0,218530.0,649878.0,0.8504341954429108
2020-21,07,Delhi,2020-10,2020-10-01,333237.0,92476.0,121827.0,214303.0,0.6430948544129254
2020-21,07,Delhi,2020-11,2020-11-01,323065.0,100713.0,116994.0,217707.0,0.6738798693761318
2020-21,07,Delhi,2020-12,2020-12-01,767321.0,559256.0,111996.0,671252.0,0.874799464630839
2020-21,07,Delhi,2021-01,2021-01-01,376806.0,158795.0,148955.0,307750.0,0.816733279194068
2020-21,07,Delhi,2021-02,2021-02-01,362361.0,182246.0,130506.0,312752.0,0.8630950902552978
2020-21,07,Delhi,2021-03,2021-03-01,717401.0,451790.0,223690.0,675480.0,0.9415654564183769
2020-21,08,Rajasthan,2020-04,2020-04-01,550394.0,104901.0,33421.0,138322.0,0.25131451287623047
2020-21,08,Rajasthan,2020-05,2020-05-01,502451.0,98873.0,39842.0,138715.0,0.2760766721531055
2020-21,08,Rajasthan,2020-06,2020-06-01,556868.0,255347.0,259014.0,514361.0,0.9236677273608827
2020-21,08,Rajasthan,2020-07,2020-07-01,233458.0,45155.0,96607.0,141762.0,0.6072269958622107
2020-21,08,Rajasthan,2020-08,2020-08-01,221561.0,56141.0,86582.0,142723.0,0.6441702285149462
2020-21,08,Rajasthan,2020-09,2020-09-01,582052.0,338909.0,196936.0,535845.0,0.9206136221505983
2020-21,08,Rajasthan,2020-10,2020-10-01,198905.0,59784.0,84775.0,144559.0,0.7267740881325255
2020-21,08,Rajasthan,2020-11,2020-11-01,191155.0,63232.0,82764.0,145996.0,0.7637571604195548
2020-21,08,Rajasthan,2020-12,2020-12-01,594970.0,441179.0,115069.0,556248.0,0.9349177269442157
2020-21,08,Rajasthan,2021-01,2021-01-01,254447.0,109499.0,115478.0,224977.0,0.8841802025569175
2020-21,08,Rajasthan,2021-02,2021-02-01,254024.0,127979.0,106316.0,234295.0,0.9223341101628193
2020-21,08,Rajasthan,2021-03,2021-03-01,590776.0,311408.0,261166.0,572574.0,0.9691896759516297
2020-21,09,Uttar Pradesh,2020-04,2020-04-01,1149884.0,214720.0,117491.0,332211.0,0.28890827248661605
2020-21,09,Uttar Pradesh,2020-05,2020-05-01,1037981.0,200309.0,131817.0,332126.0,0.3199731016271011
2020-21,09,Uttar Pradesh,2020-06,2020-06-01,1134575.0,396346.0,604391.0,1000737.0,0.8820368860586564
2020-21,09,Uttar Pradesh,2020-07,2020-07-01,560923.0,59463.0,280935.0,340398.0,0.6068533470725929
2020-21,09,Uttar Pradesh,2020-08,2020-08-01,535952.0,81653.0,262463.0,344116.0,0.6420649610412873
2020-21,09,Uttar Pradesh,2020-09,2020-09-01,1210642.0,561852.0,486241.0,1048093.0,0.8657332225381243
2020-21,09,Uttar Pradesh,2020-10,2020-10-01,495943.0,96105.0,257036.0,353141.0,0.7120596520164616
2020-21,09,Uttar Pradesh,2020-11,2020-11-01,477702.0,102581.0,255780.0,358361.0,0.7501768885204584
2020-21,09,Uttar Pradesh,2020-12,2020-12-01,1231355.0,795860.0,296444.0,1092304.0,0.8870748078336467
2020-21,09,Uttar Pradesh,2021-01,2021-01-01,676361.0,242574.0,330618.0,573192.0,0.8474645936119912
2020-21,09,Uttar Pradesh,2021-02,2021-02-01,652080.0,271211.0,316126.0,587337.0,0.900713102686787
2020-21,09,Uttar Pradesh,2021-03,2021-03-01,1203078.0,530623.0,595053.0,1125676.0,0.9356633568230821
2020-21,10,Bihar,2020-04,2020-04-01,318417.0,48046.0,44336.0,92382.0,0.2901289818068759
2020-21,10,Bihar,2020-05,2020-05-01,290976.0,42723.0,49777.0,92500.0,0.31789563400417903
2020-21,10,Bihar,2020-06,2020-06-01,326795.0,67713.0,210392.0,278105.0,0.8510075123548402
2020-21,10,Bihar,2020-07,2020-07-01,182406.0,9918.0,85573.0,95491.0,0.5235079986403957
2020-21,10,Bihar,2020-08,2020-08-01,174793.0,13343.0,83339.0,96682.0,0.5531228367268712
2020-21,10,Bihar,2020-09,2020-09-01,355383.0,127472.0,164262.0,291734.0,0.820900268161392
2020-21,10,Bihar,2020-10,2020-10-01,163328.0,17578.0,81717.0,99295.0,0.6079484228056427
2020-21,10,Bihar,2020-11,2020-11-01,160483.0,17471.0,83149.0,100620.0,0.6269822971903566
2020-21,10,Bihar,2020-12,2020-12-01,372999.0,186736.0,120077.0,306813.0,0.822557165032614
2020-21,10,Bihar,2021-01,2021-01-01,223136.0,44357.0,120765.0,165122.0,0.7400060949376165
2020-21,10,Bihar,2021-02,2021-02-01,218799.0,52891.0,118601.0,171492.0,0.7837878600907683
2020-21,10,Bihar,2021-03,2021-03-01,376756.0,101354.0,221991.0,323345.0,0.8582345072142182
2020-21,11,Sikkim,2020-04,2020-04-01,7488.0,1765.0,954.0,2719.0,0.3631143162393162
2020-21,11,Sikkim,2020-05,2020-05-01,6492.0,1558.0,1177.0,2735.0,0.4212877387553913
2020-21,11,Sikkim,2020-06,2020-06-01,7574.0,2531.0,3842.0,6373.0,0.8414312120411935
2020-21,11,Sikkim,2020-07,2020-07-01,4791.0,670.0,2090.0,2760.0,0.5760801502817783
2020-21,11,Sikkim,2020-08,2020-08-01,4633.0,726.0,2044.0,2770.0,0.597884739909346
2020-21,11,Sikkim,2020-09,2020-09-01,7706.0,3708.0,2702.0,6410.0,0.8318193615364651
2020-21,11,Sikkim,2020-10,2020-10-01,4195.0,971.0,1816.0,2787.0,0.664362336114422
2020-21,11,Sikkim,2020-11,2020-11-01,4132.0,1011.0,1842.0,2853.0,0.6904646660212972
2020-21,11,Sikkim,2020-12,2020-12-01,7893.0,4742.0,1863.0,6605.0,0.8368174331686304
2020-21,11,Sikkim,2021-01,2021-01-01,5263.0,1454.0,2583.0,4037.0,0.7670530115903477
2020-21,11,Sikkim,2021-02,2021-02-01,5091.0,1524.0,2636.0,4160.0,0.8171282655666863
2020-21,11,Sikkim,2021-03,2021-03-01,7885.0,2399.0,4535.0,6934.0,0.8793912492073558
2020-21,12,Arunachal Pradesh,2020-04,2020-04-01,12419.0,1709.0,2151.0,3860.0,0.3108140752073436
2020-21,12,Arunachal Pradesh,2020-05,2020-05-01,10801.0,1493.0,2326.0,3819.0,0.35357837237292844
2020-21,12,Arunachal Pradesh,2020-06,2020-06-01,12071.0,2277.0,6466.0,8743.0,0.7242979040676001
2020-21,12,Arunachal Pradesh,2020-07,2020-07-01,8791.0,467.0,3391.0,3858.0,0.43885792287566827
2020-21,12,Arunachal Pradesh,2020-08,2020-08-01,8479.0,724.0,3196.0,3920.0,0.4623186696544404
2020-21,12,Arunachal Pradesh,2020-09,2020-09-01,12614.0,3781.0,5216.0,8997.0,0.7132551133661011
2020-21,12,Arunachal Pradesh,2020-10,2020-10-01,7886.0,892.0,3132.0,4024.0,0.5102713669794573
2020-21,12,Arunachal Pradesh,2020-11,2020-11-01,7852.0,905.0,3182.0,4087.0,0.5205043301069792
2020-21,12,Arunachal Pradesh,2020-12,2020-12-01,13123.0,5389.0,4040.0,9429.0,0.7185094871599482
2020-21,12,Arunachal Pradesh,2021-01,2021-01-01,9474.0,1402.0,4666.0,6068.0,0.640489761452396
2020-21,12,Arunachal Pradesh,2021-02,2021-02-01,9339.0,1579.0,4608.0,6187.0,0.6624906306885106
2020-21,12,Arunachal Pradesh,2021-03,2021-03-01,12705.0,2446.0,7291.0,9737.0,0.7663911845730027
2020-21,13,Nagaland,2020-04,2020-04-01,6691.0,2076.0,1601.0,3677.0,0.5495441638021222
2020-21,13,Nagaland,2020-05,2020-05-01,6403.0,1883.0,1809.0,3692.0,0.5766047165391223
2020-21,13,Nagaland,2020-06,2020-06-01,6636.0,1782.0,3454.0,5236.0,0.7890295358649789
2020-21,13,Nagaland,2020-07,2020-07-01,5537.0,492.0,3232.0,3724.0,0.672566371681416
2020-21,13,Nagaland,2020-08,2020-08-01,5469.0,744.0,3036.0,3780.0,0.6911684037301152
2020-21,13,Nagaland,2020-09,2020-09-01,6814.0,2657.0,2736.0,5393.0,0.7914587613736425
2020-21,13,Nagaland,2020-10,2020-10-01,5399.0,797.0,3052.0,3849.0,0.7129097981107613
2020-21,13,Nagaland,2020-11,2020-11-01,5432.0,938.0,2997.0,3935.0,0.7244108983799705
2020-21,13,Nagaland,2020-12,2020-12-01,7088.0,3496.0,2099.0,5595.0,0.7893623024830699
2020-21,13,Nagaland,2021-01,2021-01-01,5686.0,1155.0,3235.0,4390.0,0.7720717551881815
2020-21,13,Nagaland,2021-02,2021-02-01,5622.0,1323.0,3147.0,4470.0,0.7950907150480256
2020-21,13,Nagaland,2021-03,2021-03-01,6948.0,1693.0,4136.0,5829.0,0.8389464594127807
2020-21,14,Manipur,2020-04,2020-04-01,10497.0,1755.0,2528.0,4283.0,0.40802133943031343
2020-21,14,Manipur,2020-05,2020-05-01,10223.0,1637.0,2643.0,4280.0,0.41866379731976916
2020-21,14,Manipur,2020-06,2020-06-01,10608.0,1890.0,4960.0,6850.0,0.645739064856712
2020-21,14,Manipur,2020-07,2020-07-01,9207.0,464.0,3923.0,4387.0,0.47648528293689585
2020-21,14,Manipur,2020-08,2020-08-01,9255.0,652.0,3822.0,4474.0,0.4834143706104808
2020-21,14,Manipur,2020-09,2020-09-01,11315.0,2898.0,4208.0,7106.0,0.6280159080866107
2020-21,14,Manipur,2020-10,2020-10-01,8891.0,773.0,3825.0,4598.0,0.517152176358115
2020-21,14,Manipur,2020-11,2020-11-01,8781.0,856.0,3851.0,4707.0,0.536043730782371
2020-21,14,Manipur,2020-12,2020-12-01,11593.0,4406.0,3124.0,7530.0,0.6495298887259553
2020-21,14,Manipur,2021-01,2021-01-01,9712.0,1398.0,4492.0,5890.0,0.6064662273476112
2020-21,14,Manipur,2021-02,2021-02-01,9310.0,1503.0,4495.0,5998.0,0.6442534908700323
2020-21,14,Manipur,2021-03,2021-03-01,10990.0,1883.0,5945.0,7828.0,0.7122838944494996
2020-21,15,Mizoram,2020-04,2020-04-01,6216.0,2009.0,885.0,2894.0,0.46557271557271557
2020-21,15,Mizoram,2020-05,2020-05-01,5730.0,1897.0,999.0,2896.0,0.5054101221640489
2020-21,15,Mizoram,2020-06,2020-06-01,6293.0,2198.0,2281.0,4479.0,0.711743206737645
2020-21,15,Mizoram,2020-07,2020-07-01,5052.0,576.0,2404.0,2980.0,0.5898653998416469
2020-21,15,Mizoram,2020-08,2020-08-01,5122.0,611.0,2411.0,3022.0,0.5900039047247169
2020-21,15,Mizoram,2020-09,2020-09-01,6663.0,3025.0,1617.0,4642.0,0.6966831757466606
2020-21,15,Mizoram,2020-10,2020-10-01,5175.0,759.0,2338.0,3097.0,0.5984541062801932
2020-21,15,Mizoram,2020-11,2020-11-01,5189.0,854.0,2327.0,3181.0,0.6130275582963962
2020-21,15,Mizoram,2020-12,2020-12-01,6826.0,3841.0,1151.0,4992.0,0.731321418107237
2020-21,15,Mizoram,2021-01,2021-01-01,5390.0,979.0,2756.0,3735.0,0.6929499072356216
2020-21,15,Mizoram,2021-02,2021-02-01,5125.0,943.0,2877.0,3820.0,0.7453658536585366
2020-21,15,Mizoram,2021-03,2021-03-01,6600.0,1240.0,3998.0,5238.0,0.7936363636363636
2020-21,16,Tripura,2020-04,2020-04-01,24087.0,4780.0,2951.0,7731.0,0.3209615145099016
2020-21,16,Tripura,2020-05,2020-05-01,21666.0,4280.0,3463.0,7743.0,0.35738022708391026
2020-21,16,Tripura,2020-06,2020-06-01,24301.0,7312.0,13118.0,20430.0,0.8407061437800913
2020-21,16,Tripura,2020-07,2020-07-01,13258.0,1425.0,6505.0,7930.0,0.5981294312867702
2020-21,16,Tripura,2020-08,2020-08-01,12920.0,1848.0,6177.0,8025.0,0.6211300309597523
2020-21,16,Tripura,2020-09,2020-09-01,25352.0,10474.0,10573.0,21047.0,0.8301909119596087
2020-21,16,Tripura,2020-10,2020-10-01,12221.0,2399.0,5809.0,8208.0,0.6716307994435807
2020-21,16,Tripura,2020-11,2020-11-01,12022.0,2504.0,5839.0,8343.0,0.6939777075361837
2020-21,16,Tripura,2020-12,2020-12-01,25839.0,14984.0,6762.0,21746.0,0.8415960369983359
2020-21,16,Tripura,2021-01,2021-01-01,15840.0,4963.0,7292.0,12255.0,0.7736742424242424
2020-21,16,Tripura,2021-02,2021-02-01,15498.0,5490.0,6928.0,12418.0,0.8012646793134598
2020-21,16,Tripura,2021-03,2021-03-01,25465.0,9462.0,12931.0,22393.0,0.8793638327115649
2020-21,17,Meghalaya,2020-04,2020-04-01,26552.0,4099.0,3522.0,7621.0,0.28702169328110877
2020-21,17,Meghalaya,2020-05,2020-05-01,23466.0,3759.0,3882.0,7641.0,0.32562004602403477
2020-21,17,Meghalaya,2020-06,2020-06-01,25760.0,6871.0,10439.0,17310.0,0.671972049689441
2020-21,17,Meghalaya,2020-07,2020-07-01,16534.0,1347.0,6347.0,7694.0,0.4653441393492198
2020-21,17,Meghalaya,2020-08,2020-08-01,16064.0,1476.0,6282.0,7758.0,0.48294322709163345
2020-21,17,Meghalaya,2020-09,2020-09-01,25659.0,8368.0,9211.0,17579.0,0.6851007443781909
2020-21,17,Meghalaya,2020-10,2020-10-01,15065.0,1776.0,6164.0,7940.0,0.5270494523730501
2020-21,17,Meghalaya,2020-11,2020-11-01,14868.0,1769.0,6207.0,7976.0,0.5364541296744687
2020-21,17,Meghalaya,2020-12,2020-12-01,26317.0,10570.0,7554.0,18124.0,0.6886803207052475
2020-21,17,Meghalaya,2021-01,2021-01-01,16878.0,2621.0,7675.0,10296.0,0.610024884464984
2020-21,17,Meghalaya,2021-02,2021-02-01,16511.0,2917.0,7369.0,10286.0,0.6229786203137302
2020-21,17,Meghalaya,2021-03,2021-03-01,25358.0,5747.0,12723.0,18470.0,0.728369745248048
2020-21,18,Assam,2020-04,2020-04-01,145399.0,26119.0,27156.0,53275.0,0.3664055461179238
2020-21,18,Assam,2020-05,2020-05-01,133004.0,22498.0,30762.0,53260.0,0.4004390845388109
2020-21,18,Assam,2020-06,2020-06-01,146684.0,31598.0,89621.0,121219.0,0.826395516893458
2020-21,18,Assam,2020-07,2020-07-01,100364.0,6431.0,48151.0,54582.0,0.5438404208680403
2020-21,18,Assam,2020-08,2020-08-01,96252.0,9331.0,45961.0,55292.0,0.5744504010306279
2020-21,18,Assam,2020-09,2020-09-01,156081.0,54878.0,70845.0,125723.0,0.80549842709875
2020-21,18,Assam,2020-10,2020-10-01,90207.0,13154.0,43205.0,56359.0,0.6247741306107065
2020-21,18,Assam,2020-11,2020-11-01,89207.0,13453.0,43643.0,57096.0,0.6400394587868665
2020-21,18,Assam,2020-12,2020-12-01,161396.0,78978.0,52372.0,131350.0,0.8138367741455799
2020-21,18,Assam,2021-01,2021-01-01,108391.0,24068.0,57642.0,81710.0,0.7538448764196289
2020-21,18,Assam,2021-02,2021-02-01,101826.0,27000.0,56623.0,83623.0,0.8212342623691395
2020-21,18,Assam,2021-03,2021-03-01,155251.0,43223.0,92672.0,135895.0,0.8753244745605503
2020-21,19,West Bengal,2020-04,2020-04-01,609898.0,119273.0,71296.0,190569.0,0.3124604442054245
2020-21,19,West Bengal,2020-05,2020-05-01,562058.0,109558.0,80700.0,190258.0,0.3385024321333385
2020-21,19,West Bengal,2020-06,2020-06-01,606073.0,198499.0,317128.0,515627.0,0.8507671518117454
2020-21,19,West Bengal,2020-07,2020-07-01,322040.0,36589.0,155942.0,192531.0,0.597848093404546
2020-21,19,West Bengal,2020-08,2020-08-01,307068.0,44174.0,148998.0,193172.0,0.6290854143056261
2020-21,19,West Bengal,2020-09,2020-09-01,616763.0,283870.0,237483.0,521353.0,0.8453052469100772
2020-21,19,West Bengal,2020-10,2020-10-01,279354.0,62903.0,132094.0,194997.0,0.6980283081681308
2020-21,19,West Bengal,2020-11,2020-11-01,276143.0,67198.0,129664.0,196862.0,0.7128987517337032
2020-21,19,West Bengal,2020-12,2020-12-01,625592.0,377312.0,155350.0,532662.0,0.8514527039987724
2020-21,19,West Bengal,2021-01,2021-01-01,329857.0,100403.0,153800.0,254203.0,0.7706460678415192
2020-21,19,West Bengal,2021-02,2021-02-01,323426.0,117872.0,140105.0,257977.0,0.7976384087859356
2020-21,19,West Bengal,2021-03,2021-03-01,619161.0,266712.0,279104.0,545816.0,0.8815413115490155
2020-21,20,Jharkhand,2020-04,2020-04-01,143166.0,35601.0,22276.0,57877.0,0.404264979115153
2020-21,20,Jharkhand,2020-05,2020-05-01,131410.0,32828.0,25108.0,57936.0,0.44087968952134543
2020-21,20,Jharkhand,2020-06,2020-06-01,144577.0,49840.0,79875.0,129715.0,0.897203566265727
2020-21,20,Jharkhand,2020-07,2020-07-01,86442.0,9910.0,49245.0,59155.0,0.6843316906133593
2020-21,20,Jharkhand,2020-08,2020-08-01,83687.0,12954.0,46725.0,59679.0,0.7131215123017912
2020-21,20,Jharkhand,2020-09,2020-09-01,153397.0,71992.0,61926.0,133918.0,0.8730157695391696
2020-21,20,Jharkhand,2020-10,2020-10-01,79643.0,16755.0,44064.0,60819.0,0.7636452670040054
2020-21,20,Jharkhand,2020-11,2020-11-01,78780.0,17356.0,44298.0,61654.0,0.7826097994414826
2020-21,20,Jharkhand,2020-12,2020-12-01,155521.0,97125.0,41577.0,138702.0,0.891853833244385
2020-21,20,Jharkhand,2021-01,2021-01-01,96040.0,31772.0,51816.0,83588.0,0.8703456892961267
2020-21,20,Jharkhand,2021-02,2021-02-01,92820.0,36180.0,48851.0,85031.0,0.9160848954966602
2020-21,20,Jharkhand,2021-03,2021-03-01,153057.0,59772.0,83899.0,143671.0,0.9386764408030995
2020-21,21,Odisha,2020-04,2020-04-01,222344.0,46898.0,30453.0,77351.0,0.3478888569064153
2020-21,21,Odisha,2020-05,2020-05-01,196739.0,42206.0,35383.0,77589.0,0.39437528908858943
2020-21,21,Odisha,2020-06,2020-06-01,227236.0,65229.0,132027.0,197256.0,0.8680666795754194
2020-21,21,Odisha,2020-07,2020-07-01,127114.0,11999.0,67308.0,79307.0,0.6239045266453734
2020-21,21,Odisha,2020-08,2020-08-01,123894.0,15442.0,64460.0,79902.0,0.6449222722650008
2020-21,21,Odisha,2020-09,2020-09-01,242455.0,104079.0,99278.0,203357.0,0.8387412097090182
2020-21,21,Odisha,2020-10,2020-10-01,117700.0,20638.0,61295.0,81933.0,0.6961172472387426
2020-21,21,Odisha,2020-11,2020-11-01,115490.0,21060.0,62020.0,83080.0,0.7193696423932808
2020-21,21,Odisha,2020-12,2020-12-01,248265.0,137989.0,74356.0,212345.0,0.85531589229251
2020-21,21,Odisha,2021-01,2021-01-01,136681.0,32187.0,78439.0,110626.0,0.8093736510561087
2020-21,21,Odisha,2021-02,2021-02-01,130520.0,36811.0,76621.0,113432.0,0.869077536009807
2020-21,21,Odisha,2021-03,2021-03-01,245647.0,80693.0,141105.0,221798.0,0.9029135303911711
2020-21,22,Chhattisgarh,2020-04,2020-04-01,106663.0,25514.0,16304.0,41818.0,0.392057226967177
2020-21,22,Chhattisgarh,2020-05,2020-05-01,97781.0,23348.0,18550.0,41898.0,0.4284881520949878
2020-21,22,Chhattisgarh,2020-06,2020-06-01,107995.0,33529.0,64552.0,98081.0,0.908199453678411
2020-21,22,Chhattisgarh,2020-07,2020-07-01,65023.0,7601.0,35236.0,42837.0,0.658797656213955
2020-21,22,Chhattisgarh,2020-08,2020-08-01,62560.0,9816.0,33332.0,43148.0,0.6897058823529412
2020-21,22,Chhattisgarh,2020-09,2020-09-01,113499.0,48332.0,52957.0,101289.0,0.8924219596648428
2020-21,22,Chhattisgarh,2020-10,2020-10-01,58990.0,12201.0,31524.0,43725.0,0.7412273266655365
2020-21,22,Chhattisgarh,2020-11,2020-11-01,57896.0,13052.0,30987.0,44039.0,0.7606570402100318
2020-21,22,Chhattisgarh,2020-12,2020-12-01,115872.0,66695.0,37955.0,104650.0,0.9031517536592102
2020-21,22,Chhattisgarh,2021-01,2021-01-01,66185.0,19722.0,37449.0,57171.0,0.863805998337992
2020-21,22,Chhattisgarh,2021-02,2021-02-01,65739.0,22569.0,36881.0,59450.0,0.9043338048951155
2020-21,22,Chhattisgarh,2021-03,2021-03-01,116311.0,32780.0,76432.0,109212.0,0.9389653601121132
2020-21,23,Madhya Pradesh,2020-04,2020-04-01,350378.0,75653.0,36912.0,112565.0,0.32126731701191286
2020-21,23,Madhya Pradesh,2020-05,2020-05-01,322626.0,70023.0,42788.0,112811.0,0.34966493710984237
2020-21,23,Madhya Pradesh,2020-06,2020-06-01,353115.0,130254.0,199311.0,329565.0,0.9333078458859012
2020-21,23,Madhya Pradesh,2020-07,2020-07-01,166950.0,23842.0,90908.0,114750.0,0.6873315363881402
2020-21,23,Madhya Pradesh,2020-08,2020-08-01,161498.0,29126.0,86185.0,115311.0,0.7140088422147642
2020-21,23,Madhya Pradesh,2020-09,2020-09-01,374326.0,178043.0,160703.0,338746.0,0.9049491619604302
2020-21,23,Madhya Pradesh,2020-10,2020-10-01,155463.0,33782.0,83585.0,117367.0,0.7549513389037906
2020-21,23,Madhya Pradesh,2020-11,2020-11-01,151258.0,35328.0,82982.0,118310.0,0.7821735048724695
2020-21,23,Madhya Pradesh,2020-12,2020-12-01,378853.0,236864.0,111942.0,348806.0,0.9206895550516955
2020-21,23,Madhya Pradesh,2021-01,2021-01-01,171744.0,56135.0,96171.0,152306.0,0.8868199180175145
2020-21,23,Madhya Pradesh,2021-02,2021-02-01,169380.0,63462.0,93097.0,156559.0,0.9243062935411501
2020-21,23,Madhya Pradesh,2021-03,2021-03-01,378386.0,109678.0,248533.0,358211.0,0.946681431131173
2020-21,24,Gujarat,2020-04,2020-04-01,891331.0,237558.0,57415.0,294973.0,0.3309354212969144
2020-21,24,Gujarat,2020-05,2020-05-01,840037.0,229871.0,65400.0,295271.0,0.35149761260515905
2020-21,24,Gujarat,2020-06,2020-06-01,888717.0,506474.0,331345.0,837819.0,0.9427286751575585
2020-21,24,Gujarat,2020-07,2020-07-01,410545.0,107856.0,191541.0,299397.0,0.729267193608496
2020-21,24,Gujarat,2020-08,2020-08-01,395753.0,138031.0,163283.0,301314.0,0.7613688335906487
2020-21,24,Gujarat,2020-09,2020-09-01,919225.0,645871.0,217510.0,863381.0,0.9392488237373875
2020-21,24,Gujarat,2020-10,2020-10-01,374721.0,165152.0,140246.0,305398.0,0.8150010274310754
2020-21,24,Gujarat,2020-11,2020-11-01,367134.0,165581.0,142082.0,307663.0,0.838012823655668
2020-21,24,Gujarat,2020-12,2020-12-01,933808.0,779825.0,111333.0,891158.0,0.9543267995133903
2020-21,24,Gujarat,2021-01,2021-01-01,471208.0,287241.0,148143.0,435384.0,0.923974126075958
2020-21,24,Gujarat,2021-02,2021-02-01,469534.0,313855.0,133504.0,447359.0,0.9527723231970422
2020-21,24,Gujarat,2021-03,2021-03-01,935950.0,645743.0,270358.0,916101.0,0.9787926705486404
2020-21,25,Daman and Diu,2020-04,2020-04-01,5835.0,2407.0,603.0,3010.0,0.5158526135389888
2020-21,25,Daman and Diu,2020-05,2020-05-01,5437.0,2317.0,680.0,2997.0,0.5512231009748023
2020-21,25,Daman and Diu,2020-06,2020-06-01,5809.0,3273.0,2013.0,5286.0,0.9099672921328972
2020-21,25,Daman and Diu,2020-07,2020-07-01,3881.0,1288.0,3469.0,4757.0,
2020-21,25,Daman and Diu,2020-08,2020-08-01,,,,482.0,
2020-21,25,Daman and Diu,2020-09,2020-09-01,,,,418.0,
2020-21,25,Daman and Diu,2020-10,2020-10-01,,,,149.0,
2020-21,25,Daman and Diu,2020-11,2020-11-01,,,,138.0,
2020-21,25,Daman and Diu,2020-12,2020-12-01,,,,103.0,
2020-21,25,Daman and Diu,2021-01,2021-01-01,,,,99.0,
2020-21,25,Daman and Diu,2021-02,2021-02-01,,,,96.0,
2020-21,25,Daman and Diu,2021-03,2021-03-01,,,,109.0,
2020-21,26,Dadra and Nagar Haveli,2020-04,2020-04-01,8236.0,3295.0,1017.0,4312.0,0.5235551238465275
2020-21,26,Dadra and Nagar Haveli,2020-05,2020-05-01,7705.0,3191.0,1150.0,4341.0,0.56340038935756
2020-21,26,Dadra and Nagar Haveli,2020-06,2020-06-01,8277.0,4510.0,3128.0,7638.0,0.9227981152591519
2020-21,26,Dadra and Nagar Haveli,2020-07,2020-07-01,10430.0,1687.0,2743.0,4430.0,0.4247363374880153
2020-21,26,Dadra and Nagar Haveli,2020-08,2020-08-01,11357.0,3151.0,4370.0,7521.0,0.6622347450911332
2020-21,26,Dadra and Nagar Haveli,2020-09,2020-09-01,14364.0,8827.0,4176.0,13003.0,0.9052492341966026
2020-21,26,Dadra and Nagar Haveli,2020-10,2020-10-01,9452.0,4051.0,3558.0,7609.0,0.8050148116800677
2020-21,26,Dadra and Nagar Haveli,2020-11,2020-11-01,9245.0,4161.0,3479.0,7640.0,0.826392644672796
2020-21,26,Dadra and Nagar Haveli,2020-12,2020-12-01,14477.0,10814.0,2433.0,13247.0,0.9150376459211162
2020-21,26,Dadra and Nagar Haveli,2021-01,2021-01-01,10244.0,5615.0,3425.0,9040.0,0.8824677860210856
2020-21,26,Dadra and Nagar Haveli,2021-02,2021-02-01,10219.0,5981.0,3159.0,9140.0,0.8944123691163519
2020-21,26,Dadra and Nagar Haveli,2021-03,2021-03-01,13967.0,8838.0,4550.0,13388.0,0.9585451421207131
2020-21,27,Maharashtra,2020-04,2020-04-01,1377801.0,243750.0,160248.0,403998.0,0.29321941267280255
2020-21,27,Maharashtra,2020-05,2020-05-01,1292614.0,230132.0,174065.0,404197.0,0.31269737137304715
2020-21,27,Maharashtra,2020-06,2020-06-01,1376699.0,483334.0,743372.0,1226706.0,0.8910488058755036
2020-21,27,Maharashtra,2020-07,2020-07-01,745641.0,107818.0,301868.0,409686.0,0.5494413531444757
2020-21,27,Maharashtra,2020-08,2020-08-01,686690.0,135661.0,276499.0,412160.0,0.6002126141344711
2020-21,27,Maharashtra,2020-09,2020-09-01,1408098.0,737066.0,511449.0,1248515.0,0.8866676893227602
2020-21,27,Maharashtra,2020-10,2020-10-01,587071.0,169307.0,248182.0,417489.0,0.7111388571399371
2020-21,27,Maharashtra,2020-11,2020-11-01,562582.0,183019.0,238159.0,421178.0,0.7486517521001383
2020-21,27,Maharashtra,2020-12,2020-12-01,1406326.0,948488.0,335724.0,1284212.0,0.9131680705611643
2020-21,27,Maharashtra,2021-01,2021-01-01,685313.0,269508.0,333867.0,603375.0,0.8804371141361684
2020-21,27,Maharashtra,2021-02,2021-02-01,667446.0,310190.0,306815.0,617005.0,0.9244268450181737
2020-21,27,Maharashtra,2021-03,2021-03-01,1363993.0,653465.0,656276.0,1309741.0,0.9602256023308038
2020-21,29,Karnataka,2020-04,2020-04-01,732776.0,283703.0,126082.0,409785.0,0.5592227365525072
2020-21,29,Karnataka,2020-05,2020-05-01,674591.0,265798.0,147497.0,413295.0,0.6126601155366733
2020-21,29,Karnataka,2020-06,2020-06-01,737436.0,299151.0,346080.0,645231.0,0.8749654207280361
2020-21,29,Karnataka,2020-07,2020-07-01,540612.0,89693.0,330366.0,420059.0,0.777006429749987
2020-21,29,Karnataka,2020-08,2020-08-01,536259.0,116429.0,307320.0,423749.0,0.7901946633995887
2020-21,29,Karnataka,2020-09,2020-09-01,768520.0,434938.0,226245.0,661183.0,0.8603328475511373
2020-21,29,Karnataka,2020-10,2020-10-01,524373.0,148973.0,282793.0,431766.0,0.8233947972149596
2020-21,29,Karnataka,2020-11,2020-11-01,516478.0,159373.0,277981.0,437354.0,0.8468008317876076
2020-21,29,Karnataka,2020-12,2020-12-01,769503.0,536807.0,145886.0,682693.0,0.8871869245474027
2020-21,29,Karnataka,2021-01,2021-01-01,526610.0,207855.0,255379.0,463234.0,0.8796528740434097
2020-21,29,Karnataka,2021-02,2021-02-01,525208.0,223519.0,248154.0,471673.0,0.8980689555376156
2020-21,29,Karnataka,2021-03,2021-03-01,765317.0,347169.0,359903.0,707072.0,0.9238942817159426
2020-21,30,Goa,2020-04,2020-04-01,35971.0,8714.0,4235.0,12949.0,0.3599844319034778
2020-21,30,Goa,2020-05,2020-05-01,32261.0,8150.0,4848.0,12998.0,0.402901335978426
2020-21,30,Goa,2020-06,2020-06-01,35630.0,13986.0,15618.0,29604.0,0.8308728599494808
2020-21,30,Goa,2020-07,2020-07-01,23074.0,4118.0,9006.0,13124.0,0.5687787119701829
2020-21,30,Goa,2020-08,2020-08-01,22269.0,4755.0,8391.0,13146.0,0.5903273609052944
2020-21,30,Goa,2020-09,2020-09-01,36289.0,18702.0,11182.0,29884.0,0.8235002342307587
2020-21,30,Goa,2020-10,2020-10-01,20568.0,5691.0,7651.0,13342.0,0.6486775573706729
2020-21,30,Goa,2020-11,2020-11-01,20258.0,6052.0,7387.0,13439.0,0.6633922401026755
2020-21,30,Goa,2020-12,2020-12-01,36918.0,22521.0,8118.0,30639.0,0.8299203640500569
2020-21,30,Goa,2021-01,2021-01-01,23527.0,7394.0,10175.0,17569.0,0.7467590428018872
2020-21,30,Goa,2021-02,2021-02-01,22628.0,8005.0,9746.0,17751.0,0.7844705674385717
2020-21,30,Goa,2021-03,2021-03-01,35459.0,14325.0,16719.0,31044.0,0.8754900025381427
2020-21,31,Lakshadweep,2020-04,2020-04-01,261.0,71.0,43.0,114.0,0.4367816091954023
2020-21,31,Lakshadweep,2020-05,2020-05-01,248.0,63.0,49.0,112.0,0.45161290322580644
2020-21,31,Lakshadweep,2020-06,2020-06-01,266.0,69.0,127.0,196.0,0.7368421052631579
2020-21,31,Lakshadweep,2020-07,2020-07-01,232.0,37.0,79.0,116.0,0.5
2020-21,31,Lakshadweep,2020-08,2020-08-01,238.0,41.0,78.0,119.0,0.5
2020-21,31,Lakshadweep,2020-09,2020-09-01,289.0,92.0,120.0,212.0,0.7335640138408305
2020-21,31,Lakshadweep,2020-10,2020-10-01,226.0,45.0,80.0,125.0,0.5530973451327433
2020-21,31,Lakshadweep,2020-11,2020-11-01,223.0,55.0,74.0,129.0,0.57847533632287
2020-21,31,Lakshadweep,2020-12,2020-12-01,275.0,125.0,84.0,209.0,0.76
2020-21,31,Lakshadweep,2021-01,2021-01-01,225.0,56.0,108.0,164.0,0.7288888888888889
2020-21,31,Lakshadweep,2021-02,2021-02-01,222.0,62.0,106.0,168.0,0.7567567567567568
2020-21,31,Lakshadweep,2021-03,2021-03-01,272.0,68.0,147.0,215.0,0.7904411764705882
2020-21,32,Kerala,2020-04,2020-04-01,303334.0,115921.0,58075.0,173996.0,0.5736119261276349
2020-21,32,Kerala,2020-05,2020-05-01,287028.0,101692.0,72957.0,174649.0,0.608473737753808
2020-21,32,Kerala,2020-06,2020-06-01,303033.0,106886.0,166271.0,273157.0,0.9014100774503107
2020-21,32,Kerala,2020-07,2020-07-01,226941.0,26862.0,150767.0,177629.0,0.7827100435796088
2020-21,32,Kerala,2020-08,2020-08-01,224663.0,47725.0,132195.0,179920.0,0.8008439306872961
2020-21,32,Kerala,2020-09,2020-09-01,313197.0,193286.0,87357.0,280643.0,0.8960590299396227
2020-21,32,Kerala,2020-10,2020-10-01,217708.0,92423.0,92081.0,184504.0,0.8474837856211072
2020-21,32,Kerala,2020-11,2020-11-01,217966.0,98893.0,88616.0,187509.0,0.8602671976363286
2020-21,32,Kerala,2020-12,2020-12-01,320883.0,236812.0,54254.0,291066.0,0.9070782808687279
2020-21,32,Kerala,2021-01,2021-01-01,237287.0,108630.0,104130.0,212760.0,0.8966357196138011
2020-21,32,Kerala,2021-02,2021-02-01,231690.0,114882.0,100489.0,215371.0,0.9295653675169407
2020-21,32,Kerala,2021-03,2021-03-01,314391.0,151488.0,147474.0,298962.0,0.9509241676765556
2020-21,33,Tamil Nadu,2020-04,2020-04-01,875149.0,414691.0,174686.0,589377.0,0.6734590338330958
2020-21,33,Tamil Nadu,2020-05,2020-05-01,834053.0,381081.0,211993.0,593074.0,0.7110747158753701
2020-21,33,Tamil Nadu,2020-06,2020-06-01,879453.0,396084.0,392288.0,788372.0,0.8964344882557681
2020-21,33,Tamil Nadu,2020-07,2020-07-01,738453.0,119368.0,486226.0,605594.0,0.8200846905625679
2020-21,33,Tamil Nadu,2020-08,2020-08-01,740008.0,183117.0,428108.0,611225.0,0.8259708003156723
2020-21,33,Tamil Nadu,2020-09,2020-09-01,928683.0,592518.0,220607.0,813125.0,0.875567874075438
2020-21,33,Tamil Nadu,2020-10,2020-10-01,734303.0,247159.0,376509.0,623668.0,0.8493333133597438
2020-21,33,Tamil Nadu,2020-11,2020-11-01,728636.0,273421.0,357909.0,631330.0,0.8664545808881252
2020-21,33,Tamil Nadu,2020-12,2020-12-01,923873.0,701607.0,140457.0,842064.0,0.9114499503719667
2020-21,33,Tamil Nadu,2021-01,2021-01-01,726271.0,336997.0,325919.0,662916.0,0.9127667220638026
2020-21,33,Tamil Nadu,2021-02,2021-02-01,715104.0,358758.0,312267.0,671025.0,0.9383600147670829
2020-21,33,Tamil Nadu,2021-03,2021-03-01,910875.0,469211.0,397935.0,867146.0,0.9519923150816523
2020-21,34,Puducherry,2020-04,2020-04-01,19641.0,9026.0,3409.0,12435.0,0.6331144035436077
2020-21,34,Puducherry,2020-05,2020-05-01,18257.0,8164.0,4249.0,12413.0,0.6799035986197075
2020-21,34,Puducherry,2020-06,2020-06-01,19399.0,8800.0,8205.0,17005.0,0.8765915768854065
2020-21,34,Puducherry,2020-07,2020-07-01,15746.0,3064.0,9614.0,12678.0,0.8051568652356154
2020-21,34,Puducherry,2020-08,2020-08-01,15724.0,3876.0,8909.0,12785.0,0.8130882727041465
2020-21,34,Puducherry,2020-09,2020-09-01,20172.0,11826.0,5508.0,17334.0,0.8593099345627603
2020-21,34,Puducherry,2020-10,2020-10-01,15422.0,5214.0,7773.0,12987.0,0.8421086759175205
2020-21,34,Puducherry,2020-11,2020-11-01,15413.0,5748.0,7371.0,13119.0,0.851164601310582
2020-21,34,Puducherry,2020-12,2020-12-01,20149.0,14250.0,3514.0,17764.0,0.8816318427713534
2020-21,34,Puducherry,2021-01,2021-01-01,15728.0,6751.0,7276.0,14027.0,0.8918489318413021
2020-21,34,Puducherry,2021-02,2021-02-01,15666.0,7238.0,6934.0,14172.0,0.9046342397548832
2020-21,34,Puducherry,2021-03,2021-03-01,19723.0,9293.0,8845.0,18138.0,0.9196369720630736
2020-21,35,Andaman and Nicobar Islands,2020-04,2020-04-01,3848.0,1018.0,1085.0,2103.0,0.5465176715176715
2020-21,35,Andaman and Nicobar Islands,2020-05,2020-05-01,3734.0,955.0,1150.0,2105.0,0.56373861810391
2020-21,35,Andaman and Nicobar Islands,2020-06,2020-06-01,3825.0,1137.0,2266.0,3403.0,0.8896732026143791
2020-21,35,Andaman and Nicobar Islands,2020-07,2020-07-01,3160.0,246.0,1893.0,2139.0,0.6768987341772152
2020-21,35,Andaman and Nicobar Islands,2020-08,2020-08-01,3114.0,403.0,1732.0,2135.0,0.6856133590237636
2020-21,35,Andaman and Nicobar Islands,2020-09,2020-09-01,3868.0,1474.0,1955.0,3429.0,0.8865046535677352
2020-21,35,Andaman and Nicobar Islands,2020-10,2020-10-01,3008.0,477.0,1688.0,2165.0,0.7197473404255319
2020-21,35,Andaman and Nicobar Islands,2020-11,2020-11-01,2995.0,538.0,1644.0,2182.0,0.7285475792988314
2020-21,35,Andaman and Nicobar Islands,2020-12,2020-12-01,4014.0,2186.0,1339.0,3525.0,0.8781763826606876
2020-21,35,Andaman and Nicobar Islands,2021-01,2021-01-01,3140.0,784.0,1923.0,2707.0,0.8621019108280255
2020-21,35,Andaman and Nicobar Islands,2021-02,2021-02-01,3100.0,829.0,1905.0,2734.0,0.8819354838709678
2020-21,35,Andaman and Nicobar Islands,2021-03,2021-03-01,3984.0,1182.0,2452.0,3634.0,0.9121485943775101
2020-21,36,Telangana,2020-04,2020-04-01,356902.0,129954.0,61743.0,191697.0,0.5371138295666598
2020-21,36,Telangana,2020-05,2020-05-01,334097.0,121851.0,70944.0,192795.0,0.5770629487843351
2020-21,36,Telangana,2020-06,2020-06-01,358237.0,136097.0,149466.0,285563.0,0.7971342993604792
2020-21,36,Telangana,2020-07,2020-07-01,284869.0,37224.0,159506.0,196730.0,0.6905981345811584
2020-21,36,Telangana,2020-08,2020-08-01,281986.0,48092.0,150391.0,198483.0,0.703875369699205
2020-21,36,Telangana,2020-09,2020-09-01,371659.0,176167.0,117171.0,293338.0,0.7892665050489831
2020-21,36,Telangana,2020-10,2020-10-01,277254.0,58039.0,144598.0,202637.0,0.7308713309816991
2020-21,36,Telangana,2020-11,2020-11-01,276584.0,61892.0,143867.0,205759.0,0.743929511468487
2020-21,36,Telangana,2020-12,2020-12-01,381213.0,227185.0,79468.0,306653.0,0.804413805405377
2020-21,36,Telangana,2021-01,2021-01-01,286200.0,84376.0,140919.0,225295.0,0.7871942697414396
2020-21,36,Telangana,2021-02,2021-02-01,282748.0,89799.0,139538.0,229337.0,0.8111003437690099
2020-21,36,Telangana,2021-03,2021-03-01,372165.0,127888.0,189926.0,317814.0,0.8539599371246624
2020-21,37,Andhra Pradesh,2020-04,2020-04-01,282260.0,117881.0,49626.0,167507.0,0.5934493020619287
2020-21,37,Andhra Pradesh,2020-05,2020-05-01,264867.0,108710.0,59039.0,167749.0,0.6333329557853564
2020-21,37,Andhra Pradesh,2020-06,2020-06-01,281786.0,111413.0,129920.0,241333.0,0.8564407032286913
2020-21,37,Andhra Pradesh,2020-07,2020-07-01,221339.0,30291.0,140341.0,170632.0,0.7709079737416361
2020-21,37,Andhra Pradesh,2020-08,2020-08-01,220187.0,42717.0,128831.0,171548.0,0.779101400173489
2020-21,37,Andhra Pradesh,2020-09,2020-09-01,291802.0,160948.0,84794.0,245742.0,0.8421532408962241
2020-21,37,Andhra Pradesh,2020-10,2020-10-01,216277.0,54902.0,119861.0,174763.0,0.8080517114626151
2020-21,37,Andhra Pradesh,2020-11,2020-11-01,214950.0,61074.0,115739.0,176813.0,0.8225773435682717
2020-21,37,Andhra Pradesh,2020-12,2020-12-01,297340.0,202786.0,52917.0,255703.0,0.8599683863590503
2020-21,37,Andhra Pradesh,2021-01,2021-01-01,215263.0,82991.0,99765.0,182756.0,0.8489893757868282
2020-21,37,Andhra Pradesh,2021-02,2021-02-01,211125.0,83653.0,101665.0,185318.0,0.877764357608052
2020-21,37,Andhra Pradesh,2021-03,2021-03-01,290704.0,117554.0,145213.0,262767.0,0.9038988111618691
2020-21,38,Ladakh,2020-04,2020-04-01,2812.0,262.0,247.0,509.0,0.1810099573257468
2020-21,38,Ladakh,2020-05,2020-05-01,2129.0,252.0,275.0,527.0,0.24753405354626584
2020-21,38,Ladakh,2020-06,2020-06-01,3108.0,954.0,1779.0,2733.0,0.8793436293436293
2020-21,38,Ladakh,2020-07,2020-07-01,1509.0,113.0,449.0,562.0,0.3724320742213386
2020-21,38,Ladakh,2020-08,2020-08-01,1439.0,124.0,462.0,586.0,0.40722724113968034
2020-21,38,Ladakh,2020-09,2020-09-01,3518.0,1180.0,1889.0,3069.0,0.8723706651506538
2020-21,38,Ladakh,2020-10,2020-10-01,1259.0,131.0,489.0,620.0,0.4924543288324067
2020-21,38,Ladakh,2020-11,2020-11-01,1219.0,187.0,447.0,634.0,0.5200984413453651
2020-21,38,Ladakh,2020-12,2020-12-01,3842.0,1914.0,1388.0,3302.0,0.8594482040603852
2020-21,38,Ladakh,2021-01,2021-01-01,1986.0,360.0,1154.0,1514.0,0.7623363544813696
2020-21,38,Ladakh,2021-02,2021-02-01,2072.0,436.0,1267.0,1703.0,0.821911196911197
2020-21,38,Ladakh,2021-03,2021-03-01,4235.0,1073.0,2711.0,3784.0,0.8935064935064935
2020-21,97,West Bengal,2020-04,2020-04-01,81.0,55.0,4.0,59.0,0.7283950617283951
2020-21,97,West Bengal,2020-05,2020-05-01,77.0,54.0,5.0,59.0,0.7662337662337663
2020-21,97,West Bengal,2020-06,2020-06-01,81.0,59.0,7.0,66.0,0.8148148148148148
2020-21,97,West Bengal,2020-07,2020-07-01,75.0,33.0,27.0,60.0,0.8
2020-21,97,West Bengal,2020-08,2020-08-01,75.0,51.0,9.0,60.0,0.8
2020-21,97,West Bengal,2020-09,2020-09-01,82.0,61.0,5.0,66.0,0.8048780487804879
2020-21,97,West Bengal,2020-10,2020-10-01,75.0,51.0,9.0,60.0,0.8
2020-21,97,West Bengal,2020-11,2020-11-01,75.0,49.0,11.0,60.0,0.8
2020-21,97,West Bengal,2020-12,2020-12-01,81.0,61.0,6.0,67.0,0.8271604938271605
2020-21,97,West Bengal,2021-01,2021-01-01,74.0,45.0,17.0,62.0,0.8378378378378378
2020-21,97,West Bengal,2021-02,2021-02-01,75.0,54.0,9.0,63.0,0.84
2020-21,97,West Bengal,2021-03,2021-03-01,81.0,63.0,6.0,69.0,0.8518518518518519
2021-22,01,Jammu and Kashmir,2021-04,2021-04-01,54507.0,5487.0,46327.0,51814.0,0.9505935017520686
2021-22,01,Jammu and Kashmir,2021-05,2021-05-01,53973.0,6160.0,45938.0,52098.0,0.9652604079817687
2021-22,01,Jammu and Kashmir,2021-06,2021-06-01,85686.0,23258.0,58831.0,82089.0,0.9580211469785029
2021-22,01,Jammu and Kashmir,2021-07,2021-07-01,56418.0,18771.0,35689.0,54460.0,0.965294764082385
2021-22,01,Jammu and Kashmir,2021-08,2021-08-01,59030.0,19710.0,36750.0,56460.0,0.9564628155175334
2021-22,01,Jammu and Kashmir,2021-09,2021-09-01,93037.0,37652.0,50415.0,88067.0,0.9465803927469716
2021-22,01,Jammu and Kashmir,2021-10,2021-10-01,60457.0,23955.0,33552.0,57507.0,0.951204988669633
2021-22,01,Jammu and Kashmir,2021-11,2021-11-01,62407.0,43685.0,15569.0,59254.0,0.9494768215104075
2021-22,01,Jammu and Kashmir,2021-12,2021-12-01,99346.0,39266.0,54386.0,93652.0,0.9426851609526302
2021-22,01,Jammu and Kashmir,2022-01,2022-01-01,63719.0,28448.0,31822.0,60270.0,0.945871718011896
2021-22,01,Jammu and Kashmir,2022-02,2022-02-01,65133.0,29040.0,32461.0,61501.0,0.9442371762393871
2021-22,01,Jammu and Kashmir,2022-03,2022-03-01,104274.0,37723.0,59407.0,97130.0,0.931488194564321
2021-22,02,Himachal Pradesh,2021-04,2021-04-01,44420.0,6731.0,35127.0,41858.0,0.9423232778027916
2021-22,02,Himachal Pradesh,2021-05,2021-05-01,44517.0,6257.0,35862.0,42119.0,0.9461329379787496
2021-22,02,Himachal Pradesh,2021-06,2021-06-01,92010.0,34295.0,54093.0,88388.0,0.960634713618085
2021-22,02,Himachal Pradesh,2021-07,2021-07-01,44191.0,20596.0,20719.0,41315.0,0.9349188748840261
2021-22,02,Himachal Pradesh,2021-08,2021-08-01,44492.0,22958.0,19344.0,42302.0,0.950777667895352
2021-22,02,Himachal Pradesh,2021-09,2021-09-01,93894.0,45966.0,44751.0,90717.0,0.9661639721387948
2021-22,02,Himachal Pradesh,2021-10,2021-10-01,43295.0,22633.0,18713.0,41346.0,0.9549832544173692
2021-22,02,Himachal Pradesh,2021-11,2021-11-01,43932.0,35110.0,7075.0,42185.0,0.9602339979969043
2021-22,02,Himachal Pradesh,2021-12,2021-12-01,95802.0,46918.0,45943.0,92861.0,0.969301267196927
2021-22,02,Himachal Pradesh,2022-01,2022-01-01,43808.0,25368.0,16326.0,41694.0,0.9517439737034331
2021-22,02,Himachal Pradesh,2022-02,2022-02-01,44164.0,26733.0,15735.0,42468.0,0.9615976813694411
2021-22,02,Himachal Pradesh,2022-03,2022-03-01,97423.0,45441.0,48801.0,94242.0,0.9673485727189678
2021-22,03,Punjab,2021-04,2021-04-01,160461.0,33698.0,115032.0,148730.0,0.92689189273406
2021-22,03,Punjab,2021-05,2021-05-01,161190.0,25488.0,124716.0,150204.0,0.9318444072212917
2021-22,03,Punjab,2021-06,2021-06-01,320319.0,198571.0,108838.0,307409.0,0.9596964276237127
2021-22,03,Punjab,2021-07,2021-07-01,159828.0,105723.0,43226.0,148949.0,0.9319330780589133
2021-22,03,Punjab,2021-08,2021-08-01,162180.0,111006.0,40678.0,151684.0,0.9352817856702429
2021-22,03,Punjab,2021-09,2021-09-01,327297.0,226424.0,85954.0,312378.0,0.9544175473652371
2021-22,03,Punjab,2021-10,2021-10-01,160729.0,111819.0,37723.0,149542.0,0.930398372415681
2021-22,03,Punjab,2021-11,2021-11-01,162572.0,135556.0,16148.0,151704.0,0.9331496198607386
2021-22,03,Punjab,2021-12,2021-12-01,333129.0,217555.0,98731.0,316286.0,0.9494400067241219
2021-22,03,Punjab,2022-01,2022-01-01,161987.0,118479.0,32305.0,150784.0,0.9308401291461661
2021-22,03,Punjab,2022-02,2022-02-01,163270.0,121927.0,30964.0,152891.0,0.9364304526244871
2021-22,03,Punjab,2022-03,2022-03-01,336608.0,228647.0,91185.0,319832.0,0.9501616123205628
2021-22,04,Chandigarh,2021-04,2021-04-01,15343.0,3414.0,11660.0,15074.0,0.9824675747898064
2021-22,04,Chandigarh,2021-05,2021-05-01,15350.0,2883.0,12247.0,15130.0,0.9856677524429968
2021-22,04,Chandigarh,2021-06,2021-06-01,26465.0,15581.0,10595.0,26176.0,0.9890799168713396
2021-22,04,Chandigarh,2021-07,2021-07-01,15442.0,10582.0,4551.0,15133.0,0.9799896386478435
2021-22,04,Chandigarh,2021-08,2021-08-01,15635.0,11150.0,4175.0,15325.0,0.9801726894787336
2021-22,04,Chandigarh,2021-09,2021-09-01,26938.0,18856.0,7635.0,26491.0,0.9834063404855594
2021-22,04,Chandigarh,2021-10,2021-10-01,15617.0,11092.0,4155.0,15247.0,0.9763078696292502
2021-22,04,Chandigarh,2021-11,2021-11-01,15676.0,13684.0,1682.0,15366.0,0.9802245470783363
2021-22,04,Chandigarh,2021-12,2021-12-01,27141.0,18974.0,7744.0,26718.0,0.984414723112634
2021-22,04,Chandigarh,2022-01,2022-01-01,15761.0,12110.0,3355.0,15465.0,0.9812194657699385
2021-22,04,Chandigarh,2022-02,2022-02-01,15831.0,12366.0,3222.0,15588.0,0.984650369528141
2021-22,04,Chandigarh,2022-03,2022-03-01,27469.0,19398.0,7484.0,26882.0,0.9786304561505698
2021-22,05,Uttarakhand,2021-04,2021-04-01,78917.0,8578.0,63912.0,72490.0,0.9185600060823397
2021-22,05,Uttarakhand,2021-05,2021-05-01,78856.0,9730.0,62768.0,72498.0,0.9193720198843461
2021-22,05,Uttarakhand,2021-06,2021-06-01,139510.0,46993.0,84022.0,131015.0,0.9391083076481973
2021-22,05,Uttarakhand,2021-07,2021-07-01,78838.0,32096.0,40329.0,72425.0,0.9186559780816358
2021-22,05,Uttarakhand,2021-08,2021-08-01,80553.0,35632.0,38578.0,74210.0,0.9212568122850794
2021-22,05,Uttarakhand,2021-09,2021-09-01,144082.0,68685.0,66579.0,135264.0,0.9387987396066129
2021-22,05,Uttarakhand,2021-10,2021-10-01,79635.0,36874.0,36583.0,73457.0,0.9224210460224775
2021-22,05,Uttarakhand,2021-11,2021-11-01,81274.0,59053.0,16025.0,75078.0,0.923764057386126
2021-22,05,Uttarakhand,2021-12,2021-12-01,148266.0,70573.0,68564.0,139137.0,0.9384282303427623
2021-22,05,Uttarakhand,2022-01,2022-01-01,81291.0,43366.0,31967.0,75333.0,0.9267077536258627
2021-22,05,Uttarakhand,2022-02,2022-02-01,82359.0,44923.0,31695.0,76618.0,0.930292985587489
2021-22,05,Uttarakhand,2022-03,2022-03-01,151377.0,70019.0,71647.0,141666.0,0.935848907033433
2021-22,06,Haryana,2021-04,2021-04-01,255914.0,33110.0,203198.0,236308.0,0.9233883257656869
2021-22,06,Haryana,2021-05,2021-05-01,256165.0,40790.0,195630.0,236420.0,0.9229207737200632
2021-22,06,Haryana,2021-06,2021-06-01,440788.0,219466.0,198487.0,417953.0,0.9481950506819605
2021-22,06,Haryana,2021-07,2021-07-01,256617.0,145390.0,93905.0,239295.0,0.9324986263575679
2021-22,06,Haryana,2021-08,2021-08-01,263426.0,157088.0,87172.0,244260.0,0.9272433245009983
2021-22,06,Haryana,2021-09,2021-09-01,454446.0,288431.0,141610.0,430041.0,0.9462972498382646
2021-22,06,Haryana,2021-10,2021-10-01,261808.0,160809.0,81626.0,242435.0,0.9260030251176434
2021-22,06,Haryana,2021-11,2021-11-01,265773.0,212462.0,33866.0,246328.0,0.9268360593438761
2021-22,06,Haryana,2021-12,2021-12-01,464263.0,292029.0,147626.0,439655.0,0.946995560705893
2021-22,06,Haryana,2022-01,2022-01-01,264802.0,181626.0,66382.0,248008.0,0.9365790288592987
2021-22,06,Haryana,2022-02,2022-02-01,267720.0,188681.0,64180.0,252861.0,0.9444979829672793
2021-22,06,Haryana,2022-03,2022-03-01,469904.0,301898.0,146478.0,448376.0,0.9541863870067078
2021-22,07,Delhi,2021-04,2021-04-01,406536.0,48183.0,318920.0,367103.0,0.9030024401283036
2021-22,07,Delhi,2021-05,2021-05-01,404491.0,53992.0,311438.0,365430.0,0.9034317203596619
2021-22,07,Delhi,2021-06,2021-06-01,718779.0,376101.0,296129.0,672230.0,0.9352387868872073
2021-22,07,Delhi,2021-07,2021-07-01,403668.0,229701.0,139498.0,369199.0,0.9146105215176829
2021-22,07,Delhi,2021-08,2021-08-01,406853.0,244750.0,131962.0,376712.0,0.9259167315959327
2021-22,07,Delhi,2021-09,2021-09-01,722282.0,493260.0,196112.0,689372.0,0.9544360789830011
2021-22,07,Delhi,2021-10,2021-10-01,397671.0,257910.0,116369.0,374279.0,0.941177506028853
2021-22,07,Delhi,2021-11,2021-11-01,400740.0,332280.0,48222.0,380502.0,0.9494984279083695
2021-22,07,Delhi,2021-12,2021-12-01,730568.0,500837.0,198847.0,699684.0,0.9577260432978176
2021-22,07,Delhi,2022-01,2022-01-01,402711.0,281921.0,96434.0,378355.0,0.9395199038516455
2021-22,07,Delhi,2022-02,2022-02-01,402569.0,290209.0,94059.0,384268.0,0.9545394702523046
2021-22,07,Delhi,2022-03,2022-03-01,736680.0,510199.0,196433.0,706632.0,0.959211597980127
2021-22,08,Rajasthan,2021-04,2021-04-01,263923.0,29616.0,225671.0,255287.0,0.9672783349689114
2021-22,08,Rajasthan,2021-05,2021-05-01,264168.0,34587.0,221968.0,256555.0,0.9711812180127798
2021-22,08,Rajasthan,2021-06,2021-06-01,591219.0,253947.0,323435.0,577382.0,0.9765958130574288
2021-22,08,Rajasthan,2021-07,2021-07-01,261213.0,133794.0,119501.0,253295.0,0.9696875729768426
2021-22,08,Rajasthan,2021-08,2021-08-01,269820.0,147729.0,114735.0,262464.0,0.9727373804758728
2021-22,08,Rajasthan,2021-09,2021-09-01,613565.0,358951.0,238264.0,597215.0,0.9733524565449463
2021-22,08,Rajasthan,2021-10,2021-10-01,263808.0,152312.0,102900.0,255212.0,0.9674156962639495
2021-22,08,Rajasthan,2021-11,2021-11-01,270212.0,216552.0,46314.0,262866.0,0.9728139386851805
2021-22,08,Rajasthan,2021-12,2021-12-01,633137.0,359003.0,253888.0,612891.0,0.9680227186217201
2021-22,08,Rajasthan,2022-01,2022-01-01,270996.0,177207.0,84220.0,261427.0,0.964689515712409
2021-22,08,Rajasthan,2022-02,2022-02-01,277009.0,189795.0,81149.0,270944.0,0.9781054045175428
2021-22,08,Rajasthan,2022-03,2022-03-01,651560.0,364612.0,264477.0,629089.0,0.9655120019645159
2021-22,09,Uttar Pradesh,2021-04,2021-04-01,768494.0,65913.0,650560.0,716473.0,0.9323078644725918
2021-22,09,Uttar Pradesh,2021-05,2021-05-01,766983.0,91369.0,624792.0,716161.0,0.9337377751527739
2021-22,09,Uttar Pradesh,2021-06,2021-06-01,1193073.0,401099.0,736262.0,1137361.0,0.9533037793999194
2021-22,09,Uttar Pradesh,2021-07,2021-07-01,775495.0,320714.0,411965.0,732679.0,0.9447888123069781
2021-22,09,Uttar Pradesh,2021-08,2021-08-01,789854.0,358126.0,390040.0,748166.0,0.9472206255839687
2021-22,09,Uttar Pradesh,2021-09,2021-09-01,1245422.0,606074.0,569078.0,1175152.0,0.943577357714895
2021-22,09,Uttar Pradesh,2021-10,2021-10-01,794310.0,362359.0,388006.0,750365.0,0.9446752527350782
2021-22,09,Uttar Pradesh,2021-11,2021-11-01,807429.0,623740.0,142051.0,765791.0,0.948431379105779
2021-22,09,Uttar Pradesh,2021-12,2021-12-01,1285494.0,608190.0,603833.0,1212023.0,0.9428460965200927
2021-22,09,Uttar Pradesh,2022-01,2022-01-01,820095.0,424068.0,349458.0,773526.0,0.9432151153220054
2021-22,09,Uttar Pradesh,2022-02,2022-02-01,829968.0,444953.0,340725.0,785678.0,0.9466364968287934
2021-22,09,Uttar Pradesh,2022-03,2022-03-01,1319511.0,603674.0,631874.0,1235548.0,0.93636809393783
2021-22,10,Bihar,2021-04,2021-04-01,245454.0,15894.0,188016.0,203910.0,0.8307462905473123
2021-22,10,Bihar,2021-05,2021-05-01,247965.0,18683.0,185920.0,204603.0,0.8251285463674309
2021-22,10,Bihar,2021-06,2021-06-01,387570.0,77565.0,259986.0,337551.0,0.8709420233764223
2021-22,10,Bihar,2021-07,2021-07-01,254467.0,58512.0,158280.0,216792.0,0.8519454388977745
2021-22,10,Bihar,2021-08,2021-08-01,263449.0,67065.0,162767.0,229832.0,0.8723965549309354
2021-22,10,Bihar,2021-09,2021-09-01,418128.0,140888.0,231548.0,372436.0,0.8907224581946198
2021-22,10,Bihar,2021-10,2021-10-01,259213.0,58106.0,162932.0,221038.0,0.8527272937699883
2021-22,10,Bihar,2021-11,2021-11-01,262802.0,161774.0,63210.0,224984.0,0.8560969855632757
2021-22,10,Bihar,2021-12,2021-12-01,437396.0,127083.0,254078.0,381161.0,0.8714322947626407
2021-22,10,Bihar,2022-01,2022-01-01,265429.0,81804.0,145059.0,226863.0,0.8547031409529479
2021-22,10,Bihar,2022-02,2022-02-01,272122.0,90050.0,142879.0,232929.0,0.8559726887205004
2021-22,10,Bihar,2022-03,2022-03-01,456786.0,120448.0,273291.0,393739.0,0.8619769432513256
2021-22,11,Sikkim,2021-04,2021-04-01,5479.0,758.0,3875.0,4633.0,0.8455922613615623
2021-22,11,Sikkim,2021-05,2021-05-01,5462.0,561.0,4054.0,4615.0,0.8449285975833029
2021-22,11,Sikkim,2021-06,2021-06-01,8047.0,1687.0,5339.0,7026.0,0.8731204175469119
2021-22,11,Sikkim,2021-07,2021-07-01,5619.0,1644.0,3003.0,4647.0,0.8270154831820609
2021-22,11,Sikkim,2021-08,2021-08-01,5711.0,1905.0,2783.0,4688.0,0.8208720014008055
2021-22,11,Sikkim,2021-09,2021-09-01,8314.0,3348.0,3881.0,7229.0,0.86949723358191
2021-22,11,Sikkim,2021-10,2021-10-01,5709.0,1691.0,2990.0,4681.0,0.8199334384305482
2021-22,11,Sikkim,2021-11,2021-11-01,5805.0,3510.0,1342.0,4852.0,0.8358311800172266
2021-22,11,Sikkim,2021-12,2021-12-01,8632.0,2939.0,4686.0,7625.0,0.8833410565338277
2021-22,11,Sikkim,2022-01,2022-01-01,5837.0,2235.0,2593.0,4828.0,0.8271372280280966
2021-22,11,Sikkim,2022-02,2022-02-01,5912.0,2252.0,2703.0,4955.0,0.838125845737483
2021-22,11,Sikkim,2022-03,2022-03-01,8941.0,2866.0,5006.0,7872.0,0.8804384297058495
2021-22,12,Arunachal Pradesh,2021-04,2021-04-01,10109.0,797.0,6576.0,7373.0,0.72935008408349
2021-22,12,Arunachal Pradesh,2021-05,2021-05-01,10163.0,627.0,6778.0,7405.0,0.728623437961232
2021-22,12,Arunachal Pradesh,2021-06,2021-06-01,12994.0,1957.0,8007.0,9964.0,0.7668154532861321
2021-22,12,Arunachal Pradesh,2021-07,2021-07-01,10237.0,1672.0,5829.0,7501.0,0.7327341994725017
2021-22,12,Arunachal Pradesh,2021-08,2021-08-01,10162.0,1780.0,5827.0,7607.0,0.7485731155284393
2021-22,12,Arunachal Pradesh,2021-09,2021-09-01,13196.0,3100.0,7177.0,10277.0,0.7787966050318278
2021-22,12,Arunachal Pradesh,2021-10,2021-10-01,10295.0,2335.0,5353.0,7688.0,0.7467702768334142
2021-22,12,Arunachal Pradesh,2021-11,2021-11-01,10459.0,4833.0,2949.0,7782.0,0.7440481881633043
2021-22,12,Arunachal Pradesh,2021-12,2021-12-01,13595.0,3163.0,7427.0,10590.0,0.7789628539904376
2021-22,12,Arunachal Pradesh,2022-01,2022-01-01,10391.0,2721.0,5185.0,7906.0,0.7608507362140313
2021-22,12,Arunachal Pradesh,2022-02,2022-02-01,10525.0,2775.0,5271.0,8046.0,0.7644655581947744
2021-22,12,Arunachal Pradesh,2022-03,2022-03-01,13618.0,2633.0,8332.0,10965.0,0.8051843148773682
2021-22,13,Nagaland,2021-04,2021-04-01,5921.0,662.0,4322.0,4984.0,0.8417497044418173
2021-22,13,Nagaland,2021-05,2021-05-01,5940.0,520.0,4474.0,4994.0,0.8407407407407408
2021-22,13,Nagaland,2021-06,2021-06-01,7004.0,1195.0,4752.0,5947.0,0.8490862364363221
2021-22,13,Nagaland,2021-07,2021-07-01,5966.0,1365.0,3622.0,4987.0,0.8359034528997653
2021-22,13,Nagaland,2021-08,2021-08-01,5920.0,1517.0,3529.0,5046.0,0.8523648648648648
2021-22,13,Nagaland,2021-09,2021-09-01,7073.0,2127.0,4009.0,6136.0,0.8675243885197229
2021-22,13,Nagaland,2021-10,2021-10-01,5998.0,1830.0,3337.0,5167.0,0.8614538179393131
2021-22,13,Nagaland,2021-11,2021-11-01,5988.0,3758.0,1499.0,5257.0,0.8779225116900468
2021-22,13,Nagaland,2021-12,2021-12-01,7036.0,2122.0,4192.0,6314.0,0.897384877771461
2021-22,13,Nagaland,2022-01,2022-01-01,5943.0,1869.0,3448.0,5317.0,0.8946659936059229
2021-22,13,Nagaland,2022-02,2022-02-01,5997.0,1924.0,3442.0,5366.0,0.8947807236951809
2021-22,13,Nagaland,2022-03,2022-03-01,7214.0,1893.0,4613.0,6506.0,0.9018574993069033
2021-22,14,Manipur,2021-04,2021-04-01,9480.0,581.0,6038.0,6619.0,0.6982067510548523
2021-22,14,Manipur,2021-05,2021-05-01,9486.0,570.0,6013.0,6583.0,0.6939700611427366
2021-22,14,Manipur,2021-06,2021-06-01,11077.0,1312.0,6621.0,7933.0,0.7161686377177936
2021-22,14,Manipur,2021-07,2021-07-01,9575.0,1408.0,5225.0,6633.0,0.6927415143603133
2021-22,14,Manipur,2021-08,2021-08-01,9750.0,1515.0,5175.0,6690.0,0.6861538461538461
2021-22,14,Manipur,2021-09,2021-09-01,11436.0,2196.0,5997.0,8193.0,0.7164218258132214
2021-22,14,Manipur,2021-10,2021-10-01,9837.0,1766.0,5047.0,6813.0,0.6925892040256175
2021-22,14,Manipur,2021-11,2021-11-01,9887.0,4221.0,2700.0,6921.0,0.7000101142914938
2021-22,14,Manipur,2021-12,2021-12-01,10570.0,2176.0,6300.0,8476.0,0.8018921475875118
2021-22,14,Manipur,2022-01,2022-01-01,8848.0,1963.0,4995.0,6958.0,0.7863924050632911
2021-22,14,Manipur,2022-02,2022-02-01,8869.0,1964.0,5100.0,7064.0,0.7964821287631074
2021-22,14,Manipur,2022-03,2022-03-01,10711.0,2202.0,6493.0,8695.0,0.8117822798991691
2021-22,15,Mizoram,2021-04,2021-04-01,5899.0,605.0,3937.0,4542.0,0.7699610103407357
2021-22,15,Mizoram,2021-05,2021-05-01,5806.0,580.0,3936.0,4516.0,0.7778160523596279
2021-22,15,Mizoram,2021-06,2021-06-01,6586.0,960.0,4278.0,5238.0,0.7953234133009414
2021-22,15,Mizoram,2021-07,2021-07-01,5878.0,1035.0,3485.0,4520.0,0.7689690370874447
2021-22,15,Mizoram,2021-08,2021-08-01,5897.0,1071.0,3447.0,4518.0,0.7661522808207564
2021-22,15,Mizoram,2021-09,2021-09-01,6699.0,1489.0,3805.0,5294.0,0.7902672040603075
2021-22,15,Mizoram,2021-10,2021-10-01,5948.0,1242.0,3359.0,4601.0,0.773537323470074
2021-22,15,Mizoram,2021-11,2021-11-01,5965.0,3585.0,1127.0,4712.0,0.7899413243922884
2021-22,15,Mizoram,2021-12,2021-12-01,6810.0,1320.0,4237.0,5557.0,0.8160058737151248
2021-22,15,Mizoram,2022-01,2022-01-01,6017.0,1230.0,3579.0,4809.0,0.7992354994183147
2021-22,15,Mizoram,2022-02,2022-02-01,6141.0,1317.0,3560.0,4877.0,0.7941703305650546
2021-22,15,Mizoram,2022-03,2022-03-01,7097.0,1275.0,4472.0,5747.0,0.8097787797660984
2021-22,16,Tripura,2021-04,2021-04-01,18100.0,3314.0,12436.0,15750.0,0.8701657458563536
2021-22,16,Tripura,2021-05,2021-05-01,17996.0,1729.0,14107.0,15836.0,0.8799733274060902
2021-22,16,Tripura,2021-06,2021-06-01,25145.0,7263.0,15429.0,22692.0,0.9024458142771923
2021-22,16,Tripura,2021-07,2021-07-01,18343.0,6656.0,9362.0,16018.0,0.8732486507114431
2021-22,16,Tripura,2021-08,2021-08-01,18513.0,7245.0,8967.0,16212.0,0.8757089612704586
2021-22,16,Tripura,2021-09,2021-09-01,25418.0,11900.0,11224.0,23124.0,0.9097489967739397
2021-22,16,Tripura,2021-10,2021-10-01,18377.0,8219.0,8043.0,16262.0,0.8849104859335039
2021-22,16,Tripura,2021-11,2021-11-01,18561.0,13173.0,3263.0,16436.0,0.8855126340175637
2021-22,16,Tripura,2021-12,2021-12-01,25768.0,12152.0,11305.0,23457.0,0.9103151195280968
2021-22,16,Tripura,2022-01,2022-01-01,18472.0,9061.0,7575.0,16636.0,0.900606323083586
2021-22,16,Tripura,2022-02,2022-02-01,18607.0,9238.0,7699.0,16937.0,0.9102488310850755
2021-22,16,Tripura,2022-03,2022-03-01,26131.0,10465.0,13560.0,24025.0,0.9194060694194635
2021-22,17,Meghalaya,2021-04,2021-04-01,16562.0,1263.0,10107.0,11370.0,0.6865112909068953
2021-22,17,Meghalaya,2021-05,2021-05-01,16580.0,1226.0,10066.0,11292.0,0.6810615199034982
2021-22,17,Meghalaya,2021-06,2021-06-01,25396.0,4066.0,14643.0,18709.0,0.7366908174515672
2021-22,17,Meghalaya,2021-07,2021-07-01,16475.0,2852.0,8443.0,11295.0,0.6855842185128983
2021-22,17,Meghalaya,2021-08,2021-08-01,16675.0,3464.0,7983.0,11447.0,0.6864767616191904
2021-22,17,Meghalaya,2021-09,2021-09-01,25656.0,6590.0,12756.0,19346.0,0.7540536326785158
2021-22,17,Meghalaya,2021-10,2021-10-01,15844.0,3810.0,7382.0,11192.0,0.7063872759404191
2021-22,17,Meghalaya,2021-11,2021-11-01,16081.0,7840.0,3581.0,11421.0,0.7102170263043343
2021-22,17,Meghalaya,2021-12,2021-12-01,26317.0,6726.0,13370.0,20096.0,0.7636128738078048
2021-22,17,Meghalaya,2022-01,2022-01-01,15987.0,4188.0,7190.0,11378.0,0.7117032588978545
2021-22,17,Meghalaya,2022-02,2022-02-01,16133.0,4322.0,7244.0,11566.0,0.7169156387528668
2021-22,17,Meghalaya,2022-03,2022-03-01,26642.0,6854.0,13806.0,20660.0,0.7754673072592148
2021-22,18,Assam,2021-04,2021-04-01,112837.0,11547.0,85601.0,97148.0,0.8609587280767833
2021-22,18,Assam,2021-05,2021-05-01,111842.0,7859.0,89138.0,96997.0,0.8672681103699862
2021-22,18,Assam,2021-06,2021-06-01,156288.0,31247.0,107158.0,138405.0,0.8855766277641277
2021-22,18,Assam,2021-07,2021-07-01,113087.0,28698.0,70946.0,99644.0,0.8811269199819608
2021-22,18,Assam,2021-08,2021-08-01,116164.0,34265.0,68620.0,102885.0,0.8856874763265727
2021-22,18,Assam,2021-09,2021-09-01,165468.0,60841.0,87036.0,147877.0,0.8936894142674112
2021-22,18,Assam,2021-10,2021-10-01,116084.0,38615.0,63637.0,102252.0,0.8808449054133214
2021-22,18,Assam,2021-11,2021-11-01,117992.0,71116.0,33214.0,104330.0,0.8842124889823039
2021-22,18,Assam,2021-12,2021-12-01,170879.0,58279.0,94795.0,153074.0,0.8958034632693309
2021-22,18,Assam,2022-01,2022-01-01,116485.0,42837.0,62225.0,105062.0,0.901935871571447
2021-22,18,Assam,2022-02,2022-02-01,117017.0,44582.0,62142.0,106724.0,0.9120384217677774
2021-22,18,Assam,2022-03,2022-03-01,172738.0,53104.0,103514.0,156618.0,0.9066794799059847
2021-22,19,West Bengal,2021-04,2021-04-01,376743.0,65641.0,250541.0,316182.0,0.8392511606055056
2021-22,19,West Bengal,2021-05,2021-05-01,377506.0,37526.0,278953.0,316479.0,0.8383416422520437
2021-22,19,West Bengal,2021-06,2021-06-01,622937.0,218468.0,331104.0,549572.0,0.8822272557256994
2021-22,19,West Bengal,2021-07,2021-07-01,379798.0,147750.0,170709.0,318459.0,0.8384957266757592
2021-22,19,West Bengal,2021-08,2021-08-01,378910.0,159245.0,163220.0,322465.0,0.8510332268876514
2021-22,19,West Bengal,2021-09,2021-09-01,628364.0,305632.0,254349.0,559981.0,0.8911729507100979
2021-22,19,West Bengal,2021-10,2021-10-01,375124.0,170087.0,152969.0,323056.0,0.8611978972286497
2021-22,19,West Bengal,2021-11,2021-11-01,368781.0,268059.0,60402.0,328461.0,0.8906668185183076
2021-22,19,West Bengal,2021-12,2021-12-01,617418.0,296399.0,275494.0,571893.0,0.9262655121813747
2021-22,19,West Bengal,2022-01,2022-01-01,357852.0,186563.0,144534.0,331097.0,0.9252344544672099
2021-22,19,West Bengal,2022-02,2022-02-01,359943.0,195232.0,140357.0,335589.0,0.9323392870537835
2021-22,19,West Bengal,2022-03,2022-03-01,622234.0,301190.0,281137.0,582327.0,0.9358649639846103
2021-22,20,Jharkhand,2021-04,2021-04-01,108412.0,12086.0,89407.0,101493.0,0.9361786518097628
2021-22,20,Jharkhand,2021-05,2021-05-01,108534.0,12031.0,89384.0,101415.0,0.9344076510586544
2021-22,20,Jharkhand,2021-06,2021-06-01,155259.0,46350.0,99079.0,145429.0,0.9366864400775479
2021-22,20,Jharkhand,2021-07,2021-07-01,111838.0,42149.0,61571.0,103720.0,0.9274128650369284
2021-22,20,Jharkhand,2021-08,2021-08-01,113722.0,46373.0,58673.0,105046.0,0.9237086931288581
2021-22,20,Jharkhand,2021-09,2021-09-01,160157.0,72727.0,76482.0,149209.0,0.9316420762127162
2021-22,20,Jharkhand,2021-10,2021-10-01,115309.0,44619.0,61728.0,106347.0,0.9222783997779879
2021-22,20,Jharkhand,2021-11,2021-11-01,116530.0,85064.0,22820.0,107884.0,0.9258045138590921
2021-22,20,Jharkhand,2021-12,2021-12-01,164389.0,71456.0,81641.0,153097.0,0.9313092725182341
2021-22,20,Jharkhand,2022-01,2022-01-01,118862.0,55093.0,54652.0,109745.0,0.9232976056266932
2021-22,20,Jharkhand,2022-02,2022-02-01,119046.0,58207.0,53036.0,111243.0,0.9344539085731566
2021-22,20,Jharkhand,2022-03,2022-03-01,167253.0,67169.0,89125.0,156294.0,0.9344765116320783
2021-22,21,Odisha,2021-04,2021-04-01,149317.0,14755.0,120381.0,135136.0,0.9050275588178172
2021-22,21,Odisha,2021-05,2021-05-01,149659.0,12778.0,122995.0,135773.0,0.9072157371090278
2021-22,21,Odisha,2021-06,2021-06-01,249952.0,57765.0,169113.0,226878.0,0.9076862757649469
2021-22,21,Odisha,2021-07,2021-07-01,151431.0,41423.0,94120.0,135543.0,0.8950809279473819
2021-22,21,Odisha,2021-08,2021-08-01,154416.0,44580.0,93944.0,138524.0,0.8970832038130764
2021-22,21,Odisha,2021-09,2021-09-01,259264.0,94071.0,140039.0,234110.0,0.9029792026660084
2021-22,21,Odisha,2021-10,2021-10-01,153178.0,54404.0,82951.0,137355.0,0.8967018762485475
2021-22,21,Odisha,2021-11,2021-11-01,156106.0,103692.0,37347.0,141039.0,0.9034822492409004
2021-22,21,Odisha,2021-12,2021-12-01,266513.0,96956.0,145533.0,242489.0,0.9098580557045998
2021-22,21,Odisha,2022-01,2022-01-01,155103.0,60860.0,81266.0,142126.0,0.9163330174142345
2021-22,21,Odisha,2022-02,2022-02-01,156855.0,64032.0,80535.0,144567.0,0.921660131969016
2021-22,21,Odisha,2022-03,2022-03-01,270589.0,91709.0,155884.0,247593.0,0.9150150227836312
2021-22,22,Chhattisgarh,2021-04,2021-04-01,71837.0,6699.0,59913.0,66612.0,0.9272658936202792
2021-22,22,Chhattisgarh,2021-05,2021-05-01,72505.0,8983.0,57735.0,66718.0,0.9201848148403559
2021-22,22,Chhattisgarh,2021-06,2021-06-01,118891.0,31455.0,80419.0,111874.0,0.9409795526995315
2021-22,22,Chhattisgarh,2021-07,2021-07-01,72813.0,24169.0,42978.0,67147.0,0.9221842253443753
2021-22,22,Chhattisgarh,2021-08,2021-08-01,74776.0,26804.0,41997.0,68801.0,0.9200946827859207
2021-22,22,Chhattisgarh,2021-09,2021-09-01,124489.0,51226.0,65116.0,116342.0,0.9345564668364273
2021-22,22,Chhattisgarh,2021-10,2021-10-01,73552.0,28366.0,38798.0,67164.0,0.9131498803567544
2021-22,22,Chhattisgarh,2021-11,2021-11-01,74464.0,47503.0,20744.0,68247.0,0.9165099914052428
2021-22,22,Chhattisgarh,2021-12,2021-12-01,126646.0,51242.0,67765.0,119007.0,0.9396822639483284
2021-22,22,Chhattisgarh,2022-01,2022-01-01,72827.0,34552.0,33464.0,68016.0,0.9339393356859407
2021-22,22,Chhattisgarh,2022-02,2022-02-01,73978.0,36999.0,32843.0,69842.0,0.9440914866581956
2021-22,22,Chhattisgarh,2022-03,2022-03-01,129555.0,49378.0,72565.0,121943.0,0.9412450310678863
2021-22,23,Madhya Pradesh,2021-04,2021-04-01,185661.0,16267.0,159901.0,176168.0,0.9488691755403665
2021-22,23,Madhya Pradesh,2021-05,2021-05-01,186389.0,21999.0,154548.0,176547.0,0.9471964547264056
2021-22,23,Madhya Pradesh,2021-06,2021-06-01,382231.0,105870.0,258303.0,364173.0,0.9527563175148013
2021-22,23,Madhya Pradesh,2021-07,2021-07-01,184231.0,63507.0,109773.0,173280.0,0.9405583208037736
2021-22,23,Madhya Pradesh,2021-08,2021-08-01,187639.0,70382.0,107224.0,177606.0,0.9465303055334978
2021-22,23,Madhya Pradesh,2021-09,2021-09-01,392348.0,159797.0,213228.0,373025.0,0.9507503542773252
2021-22,23,Madhya Pradesh,2021-10,2021-10-01,183147.0,75244.0,99025.0,174269.0,0.9515252775093231
2021-22,23,Madhya Pradesh,2021-11,2021-11-01,187303.0,133523.0,44649.0,178172.0,0.9512501134525341
2021-22,23,Madhya Pradesh,2021-12,2021-12-01,402574.0,168887.0,213483.0,382370.0,0.9498129536433053
2021-22,23,Madhya Pradesh,2022-01,2022-01-01,187080.0,97991.0,80101.0,178092.0,0.9519563822963438
2021-22,23,Madhya Pradesh,2022-02,2022-02-01,189893.0,103550.0,79046.0,182596.0,0.9615730964279884
2021-22,23,Madhya Pradesh,2022-03,2022-03-01,410654.0,161081.0,227756.0,388837.0,0.9468725496403299
2021-22,24,Gujarat,2021-04,2021-04-01,554520.0,136582.0,398255.0,534837.0,0.9645044362692058
2021-22,24,Gujarat,2021-05,2021-05-01,558618.0,127656.0,412267.0,539923.0,0.9665334808402164
2021-22,24,Gujarat,2021-06,2021-06-01,943614.0,593234.0,332779.0,926013.0,0.9813472458017791
2021-22,24,Gujarat,2021-07,2021-07-01,563773.0,398665.0,150530.0,549195.0,0.97414207491313
2021-22,24,Gujarat,2021-08,2021-08-01,571583.0,414903.0,139892.0,554795.0,0.9706289375296326
2021-22,24,Gujarat,2021-09,2021-09-01,961057.0,721065.0,220228.0,941293.0,0.9794351427646851
2021-22,24,Gujarat,2021-10,2021-10-01,565645.0,396265.0,154551.0,550816.0,0.973783910403168
2021-22,24,Gujarat,2021-11,2021-11-01,569536.0,503663.0,52845.0,556508.0,0.9771252387908754
2021-22,24,Gujarat,2021-12,2021-12-01,971221.0,737289.0,215716.0,953005.0,0.9812442276268738
2021-22,24,Gujarat,2022-01,2022-01-01,571074.0,459519.0,101109.0,560628.0,0.9817081499070173
2021-22,24,Gujarat,2022-02,2022-02-01,575700.0,475872.0,95009.0,570881.0,0.9916293208268195
2021-22,24,Gujarat,2022-03,2022-03-01,986775.0,751300.0,221368.0,972668.0,0.985703934534215
2021-22,25,Daman and Diu,2021-04,2021-04-01,0.0,0.0,0.0,63.0,0.0
2021-22,25,Daman and Diu,2021-05,2021-05-01,0.0,0.0,0.0,61.0,0.0
2021-22,25,Daman and Diu,2021-06,2021-06-01,0.0,0.0,0.0,72.0,0.0
2021-22,25,Daman and Diu,2021-07,2021-07-01,0.0,0.0,0.0,55.0,0.0
2021-22,25,Daman and Diu,2021-08,2021-08-01,0.0,0.0,0.0,59.0,0.0
2021-22,25,Daman and Diu,2021-09,2021-09-01,0.0,0.0,0.0,74.0,0.0
2021-22,25,Daman and Diu,2021-10,2021-10-01,0.0,0.0,0.0,0.0,0.0
2021-22,25,Daman and Diu,2021-11,2021-11-01,0.0,0.0,0.0,0.0,0.0
2021-22,25,Daman and Diu,2021-12,2021-12-01,0.0,0.0,0.0,0.0,0.0
2021-22,25,Daman and Diu,2022-01,2022-01-01,0.0,0.0,0.0,0.0,0.0
2021-22,25,Daman and Diu,2022-02,2022-02-01,0.0,0.0,0.0,0.0,0.0
2021-22,25,Daman and Diu,2022-03,2022-03-01,0.0,0.0,0.0,0.0,0.0
2021-22,26,Dadra and Nagar Haveli,2021-04,2021-04-01,11035.0,3385.0,7056.0,10441.0,0.9461712732215677
2021-22,26,Dadra and Nagar Haveli,2021-05,2021-05-01,10929.0,3140.0,7301.0,10441.0,0.955348156281453
2021-22,26,Dadra and Nagar Haveli,2021-06,2021-06-01,13837.0,7759.0,5611.0,13370.0,0.9662499096624991
2021-22,26,Dadra and Nagar Haveli,2021-07,2021-07-01,11094.0,7179.0,3372.0,10551.0,0.9510546241211466
2021-22,26,Dadra and Nagar Haveli,2021-08,2021-08-01,11128.0,7408.0,3183.0,10591.0,0.9517433501078361
2021-22,26,Dadra and Nagar Haveli,2021-09,2021-09-01,14078.0,9400.0,4074.0,13474.0,0.9570961784344367
2021-22,26,Dadra and Nagar Haveli,2021-10,2021-10-01,11277.0,7251.0,3422.0,10673.0,0.9464396559368626
2021-22,26,Dadra and Nagar Haveli,2021-11,2021-11-01,11345.0,9319.0,1442.0,10761.0,0.9485235786690172
2021-22,26,Dadra and Nagar Haveli,2021-12,2021-12-01,14313.0,9812.0,3925.0,13737.0,0.959756864389017
2021-22,26,Dadra and Nagar Haveli,2022-01,2022-01-01,11396.0,8263.0,2631.0,10894.0,0.9559494559494559
2021-22,26,Dadra and Nagar Haveli,2022-02,2022-02-01,11511.0,8604.0,2420.0,11024.0,0.957692641820867
2021-22,26,Dadra and Nagar Haveli,2022-03,2022-03-01,14581.0,10153.0,3821.0,13974.0,0.9583704821342843
2021-22,27,Maharashtra,2021-04,2021-04-01,747626.0,143841.0,564933.0,708774.0,0.9480328399493865
2021-22,27,Maharashtra,2021-05,2021-05-01,754952.0,124564.0,589811.0,714375.0,0.9462522120611642
2021-22,27,Maharashtra,2021-06,2021-06-01,1378095.0,573312.0,749514.0,1322826.0,0.9598946371621695
2021-22,27,Maharashtra,2021-07,2021-07-01,758000.0,368186.0,349387.0,717573.0,0.9466662269129288
2021-22,27,Maharashtra,2021-08,2021-08-01,766789.0,379260.0,352510.0,731770.0,0.9543303307689599
2021-22,27,Maharashtra,2021-09,2021-09-01,1410553.0,772949.0,580330.0,1353279.0,0.9593960666490376
2021-22,27,Maharashtra,2021-10,2021-10-01,767229.0,408037.0,321672.0,729709.0,0.9510967390440143
2021-22,27,Maharashtra,2021-11,2021-11-01,779513.0,582632.0,158998.0,741630.0,0.9514017085026164
2021-22,27,Maharashtra,2021-12,2021-12-01,1443943.0,826867.0,553748.0,1380615.0,0.9561423130968466
2021-22,27,Maharashtra,2022-01,2022-01-01,783108.0,486298.0,259318.0,745616.0,0.9521241003795134
2021-22,27,Maharashtra,2022-02,2022-02-01,793830.0,506346.0,252854.0,759200.0,0.956376050287845
2021-22,27,Maharashtra,2022-03,2022-03-01,1468416.0,849171.0,554428.0,1403599.0,0.9558592387988145
2021-22,29,Karnataka,2021-04,2021-04-01,592417.0,64395.0,483603.0,547998.0,0.9250207202021549
2021-22,29,Karnataka,2021-05,2021-05-01,593173.0,58046.0,489486.0,547532.0,0.9230561741684129
2021-22,29,Karnataka,2021-06,2021-06-01,768378.0,258407.0,455255.0,713662.0,0.9287902568787758
2021-22,29,Karnataka,2021-07,2021-07-01,601605.0,261644.0,294894.0,556538.0,0.9250887210046459
2021-22,29,Karnataka,2021-08,2021-08-01,609453.0,266037.0,298777.0,564814.0,0.9267556316894001
2021-22,29,Karnataka,2021-09,2021-09-01,790568.0,393775.0,341997.0,735772.0,0.9306878092713087
2021-22,29,Karnataka,2021-10,2021-10-01,617773.0,304836.0,268078.0,572914.0,0.9273859492078805
2021-22,29,Karnataka,2021-11,2021-11-01,624724.0,479854.0,101149.0,581003.0,0.9300154948425224
2021-22,29,Karnataka,2021-12,2021-12-01,810789.0,406193.0,350612.0,756805.0,0.9334179422759805
2021-22,29,Karnataka,2022-01,2022-01-01,633338.0,349065.0,242750.0,591815.0,0.9344378515105678
2021-22,29,Karnataka,2022-02,2022-02-01,640933.0,364112.0,236685.0,600797.0,0.9373787899827283
2021-22,29,Karnataka,2022-03,2022-03-01,830528.0,414817.0,361752.0,776569.0,0.9350304866301918
2021-22,30,Goa,2021-04,2021-04-01,24272.0,3307.0,16667.0,19974.0,0.8229235332893869
2021-22,30,Goa,2021-05,2021-05-01,24257.0,3107.0,16910.0,20017.0,0.8252050954363689
2021-22,30,Goa,2021-06,2021-06-01,35597.0,12472.0,18713.0,31185.0,0.8760569710930697
2021-22,30,Goa,2021-07,2021-07-01,24050.0,9261.0,10788.0,20049.0,0.8336382536382536
2021-22,30,Goa,2021-08,2021-08-01,24263.0,9072.0,11161.0,20233.0,0.8339034744260808
2021-22,30,Goa,2021-09,2021-09-01,36018.0,16168.0,15394.0,31562.0,0.8762840801821311
2021-22,30,Goa,2021-10,2021-10-01,24216.0,10082.0,9949.0,20031.0,0.8271803766105055
2021-22,30,Goa,2021-11,2021-11-01,24425.0,15044.0,5304.0,20348.0,0.8330808597748208
2021-22,30,Goa,2021-12,2021-12-01,36434.0,16657.0,15504.0,32161.0,0.8827194378876874
2021-22,30,Goa,2022-01,2022-01-01,24471.0,11256.0,9184.0,20440.0,0.8352744064402763
2021-22,30,Goa,2022-02,2022-02-01,24769.0,11541.0,9160.0,20701.0,0.8357624449917235
2021-22,30,Goa,2022-03,2022-03-01,37269.0,16919.0,15817.0,32736.0,0.8783707639056588
2021-22,31,Lakshadweep,2021-04,2021-04-01,196.0,25.0,142.0,167.0,0.8520408163265306
2021-22,31,Lakshadweep,2021-05,2021-05-01,195.0,29.0,134.0,163.0,0.8358974358974359
2021-22,31,Lakshadweep,2021-06,2021-06-01,238.0,62.0,141.0,203.0,0.8529411764705882
2021-22,31,Lakshadweep,2021-07,2021-07-01,197.0,56.0,103.0,159.0,0.8071065989847716
2021-22,31,Lakshadweep,2021-08,2021-08-01,196.0,71.0,89.0,160.0,0.8163265306122449
2021-22,31,Lakshadweep,2021-09,2021-09-01,243.0,99.0,102.0,201.0,0.8271604938271605
2021-22,31,Lakshadweep,2021-10,2021-10-01,192.0,77.0,82.0,159.0,0.828125
2021-22,31,Lakshadweep,2021-11,2021-11-01,170.0,115.0,48.0,163.0,0.9588235294117647
2021-22,31,Lakshadweep,2021-12,2021-12-01,218.0,102.0,104.0,206.0,0.944954128440367
2021-22,31,Lakshadweep,2022-01,2022-01-01,174.0,89.0,78.0,167.0,0.9597701149425287
2021-22,31,Lakshadweep,2022-02,2022-02-01,172.0,88.0,78.0,166.0,0.9651162790697675
2021-22,31,Lakshadweep,2022-03,2022-03-01,228.0,105.0,102.0,207.0,0.9078947368421053
2021-22,32,Kerala,2021-04,2021-04-01,255053.0,25509.0,214672.0,240181.0,0.9416905505914457
2021-22,32,Kerala,2021-05,2021-05-01,254802.0,18956.0,221357.0,240313.0,0.9431362391190022
2021-22,32,Kerala,2021-06,2021-06-01,315837.0,88971.0,210325.0,299296.0,0.9476280486453456
2021-22,32,Kerala,2021-07,2021-07-01,257348.0,120458.0,121895.0,242353.0,0.9417325955515489
2021-22,32,Kerala,2021-08,2021-08-01,259512.0,133223.0,111084.0,244307.0,0.9414092604580906
2021-22,32,Kerala,2021-09,2021-09-01,322067.0,179696.0,125317.0,305013.0,0.9470482849841803
2021-22,32,Kerala,2021-10,2021-10-01,262041.0,154783.0,92322.0,247105.0,0.9430012860582886
2021-22,32,Kerala,2021-11,2021-11-01,264607.0,210301.0,39736.0,250037.0,0.944937208766208
2021-22,32,Kerala,2021-12,2021-12-01,328683.0,187381.0,125213.0,312594.0,0.9510500999443232
2021-22,32,Kerala,2022-01,2022-01-01,267796.0,161900.0,91418.0,253318.0,0.9459364590957295
2021-22,32,Kerala,2022-02,2022-02-01,270158.0,163451.0,92566.0,256017.0,0.947656556533584
2021-22,32,Kerala,2022-03,2022-03-01,335514.0,180506.0,137565.0,318071.0,0.9480111113098112
2021-22,33,Tamil Nadu,2021-04,2021-04-01,803124.0,183847.0,580269.0,764116.0,0.9514296671497801
2021-22,33,Tamil Nadu,2021-05,2021-05-01,805681.0,74064.0,690143.0,764207.0,0.9485230506863138
2021-22,33,Tamil Nadu,2021-06,2021-06-01,924274.0,368876.0,505836.0,874712.0,0.9463773729435211
2021-22,33,Tamil Nadu,2021-07,2021-07-01,822173.0,406720.0,371831.0,778551.0,0.9469430399684738
2021-22,33,Tamil Nadu,2021-08,2021-08-01,833879.0,409846.0,376150.0,785996.0,0.9425779999256487
2021-22,33,Tamil Nadu,2021-09,2021-09-01,956956.0,532121.0,367768.0,899889.0,0.9403661192364121
2021-22,33,Tamil Nadu,2021-10,2021-10-01,851169.0,428133.0,370315.0,798448.0,0.9380604791762858
2021-22,33,Tamil Nadu,2021-11,2021-11-01,859964.0,689023.0,117910.0,806933.0,0.9383334651217958
2021-22,33,Tamil Nadu,2021-12,2021-12-01,982238.0,550875.0,370178.0,921053.0,0.9377085797943064
2021-22,33,Tamil Nadu,2022-01,2022-01-01,867973.0,513197.0,303431.0,816628.0,0.9408449341166142
2021-22,33,Tamil Nadu,2022-02,2022-02-01,869274.0,520860.0,301995.0,822855.0,0.9466002664292271
2021-22,33,Tamil Nadu,2022-03,2022-03-01,986817.0,541817.0,395280.0,937097.0,0.9496157848922343
2021-22,34,Puducherry,2021-04,2021-04-01,17297.0,2948.0,12888.0,15836.0,0.9155344857489738
2021-22,34,Puducherry,2021-05,2021-05-01,17324.0,2113.0,13736.0,15849.0,0.9148580004617871
2021-22,34,Puducherry,2021-06,2021-06-01,19854.0,7137.0,10987.0,18124.0,0.9128639065175783
2021-22,34,Puducherry,2021-07,2021-07-01,17743.0,7664.0,8515.0,16179.0,0.9118525615735783
2021-22,34,Puducherry,2021-08,2021-08-01,17812.0,7610.0,8665.0,16275.0,0.9137098585223444
2021-22,34,Puducherry,2021-09,2021-09-01,20088.0,9745.0,8676.0,18421.0,0.9170151334129829
2021-22,34,Puducherry,2021-10,2021-10-01,17790.0,8170.0,8280.0,16450.0,0.9246767847105115
2021-22,34,Puducherry,2021-11,2021-11-01,17888.0,13639.0,2978.0,16617.0,0.9289467799642218
2021-22,34,Puducherry,2021-12,2021-12-01,20224.0,10034.0,8678.0,18712.0,0.9252373417721519
2021-22,34,Puducherry,2022-01,2022-01-01,17809.0,9308.0,7434.0,16742.0,0.9400864731315627
2021-22,34,Puducherry,2022-02,2022-02-01,17859.0,9525.0,7289.0,16814.0,0.9414860854471135
2021-22,34,Puducherry,2022-03,2022-03-01,20264.0,9994.0,9061.0,19055.0,0.9403375444137386
2021-22,35,Andaman and Nicobar Islands,2021-04,2021-04-01,3346.0,357.0,2621.0,2978.0,0.8900179318589361
2021-22,35,Andaman and Nicobar Islands,2021-05,2021-05-01,3343.0,266.0,2704.0,2970.0,0.8884235716422375
2021-22,35,Andaman and Nicobar Islands,2021-06,2021-06-01,4020.0,864.0,2765.0,3629.0,0.9027363184079602
2021-22,35,Andaman and Nicobar Islands,2021-07,2021-07-01,3295.0,921.0,2023.0,2944.0,0.8934749620637329
2021-22,35,Andaman and Nicobar Islands,2021-08,2021-08-01,3265.0,1059.0,1903.0,2962.0,0.907197549770291
2021-22,35,Andaman and Nicobar Islands,2021-09,2021-09-01,4071.0,1460.0,2283.0,3743.0,0.9194301154507492
2021-22,35,Andaman and Nicobar Islands,2021-10,2021-10-01,3330.0,1162.0,1851.0,3013.0,0.9048048048048049
2021-22,35,Andaman and Nicobar Islands,2021-11,2021-11-01,3339.0,2114.0,913.0,3027.0,0.9065588499550764
2021-22,35,Andaman and Nicobar Islands,2021-12,2021-12-01,4111.0,1494.0,2322.0,3816.0,0.9282413038190221
2021-22,35,Andaman and Nicobar Islands,2022-01,2022-01-01,3256.0,1290.0,1784.0,3074.0,0.9441031941031941
2021-22,35,Andaman and Nicobar Islands,2022-02,2022-02-01,3286.0,1332.0,1767.0,3099.0,0.9430919050517347
2021-22,35,Andaman and Nicobar Islands,2022-03,2022-03-01,4091.0,1474.0,2421.0,3895.0,0.9520899535565877
2021-22,36,Telangana,2021-04,2021-04-01,313567.0,52071.0,213006.0,265077.0,0.8453600028064178
2021-22,36,Telangana,2021-05,2021-05-01,315037.0,35060.0,230418.0,265478.0,0.8426883191498141
2021-22,36,Telangana,2021-06,2021-06-01,378050.0,118172.0,207280.0,325452.0,0.8608702552572411
2021-22,36,Telangana,2021-07,2021-07-01,322476.0,115229.0,156951.0,272180.0,0.8440318039171907
2021-22,36,Telangana,2021-08,2021-08-01,327345.0,114257.0,161070.0,275327.0,0.8410912034703447
2021-22,36,Telangana,2021-09,2021-09-01,393681.0,161080.0,175089.0,336169.0,0.8539121776260474
2021-22,36,Telangana,2021-10,2021-10-01,333199.0,133738.0,145818.0,279556.0,0.8390061194661449
2021-22,36,Telangana,2021-11,2021-11-01,336893.0,219586.0,65075.0,284661.0,0.8449596756240112
2021-22,36,Telangana,2021-12,2021-12-01,406157.0,170103.0,177437.0,347540.0,0.8556789615838211
2021-22,36,Telangana,2022-01,2022-01-01,341214.0,148592.0,140154.0,288746.0,0.8462313973049171
2021-22,36,Telangana,2022-02,2022-02-01,343859.0,153561.0,138775.0,292336.0,0.8501624212249789
2021-22,36,Telangana,2022-03,2022-03-01,410714.0,163799.0,190885.0,354684.0,0.8635790355332421
2021-22,37,Andhra Pradesh,2021-04,2021-04-01,237775.0,33628.0,180640.0,214268.0,0.9011376301125014
2021-22,37,Andhra Pradesh,2021-05,2021-05-01,238690.0,27603.0,187330.0,214933.0,0.9004692278687838
2021-22,37,Andhra Pradesh,2021-06,2021-06-01,292586.0,114290.0,152349.0,266639.0,0.9113183816040412
2021-22,37,Andhra Pradesh,2021-07,2021-07-01,242899.0,108440.0,110250.0,218690.0,0.9003330602431463
2021-22,37,Andhra Pradesh,2021-08,2021-08-01,244806.0,106971.0,113525.0,220496.0,0.900696878344485
2021-22,37,Andhra Pradesh,2021-09,2021-09-01,299772.0,146330.0,124967.0,271297.0,0.9050111418011022
2021-22,37,Andhra Pradesh,2021-10,2021-10-01,246243.0,121525.0,101037.0,222562.0,0.9038307687934276
2021-22,37,Andhra Pradesh,2021-11,2021-11-01,247584.0,184947.0,40244.0,225191.0,0.9095539291715135
2021-22,37,Andhra Pradesh,2021-12,2021-12-01,303759.0,142893.0,134132.0,277025.0,0.9119894389960462
2021-22,37,Andhra Pradesh,2022-01,2022-01-01,248547.0,126007.0,101068.0,227075.0,0.913609900743119
2021-22,37,Andhra Pradesh,2022-02,2022-02-01,248925.0,130380.0,98861.0,229241.0,0.9209239730842623
2021-22,37,Andhra Pradesh,2022-03,2022-03-01,305535.0,135713.0,145871.0,281584.0,0.9216096355573011
2021-22,38,Ladakh,2021-04,2021-04-01,2070.0,202.0,1571.0,1773.0,0.8565217391304348
2021-22,38,Ladakh,2021-05,2021-05-01,2134.0,164.0,1616.0,1780.0,0.8341143392689785
2021-22,38,Ladakh,2021-06,2021-06-01,4565.0,850.0,3192.0,4042.0,0.8854326396495071
2021-22,38,Ladakh,2021-07,2021-07-01,2092.0,369.0,1329.0,1698.0,0.8116634799235182
2021-22,38,Ladakh,2021-08,2021-08-01,2205.0,486.0,1335.0,1821.0,0.8258503401360544
2021-22,38,Ladakh,2021-09,2021-09-01,4967.0,1389.0,3006.0,4395.0,0.8848399436279444
2021-22,38,Ladakh,2021-10,2021-10-01,2151.0,495.0,1208.0,1703.0,0.791724779172478
2021-22,38,Ladakh,2021-11,2021-11-01,2221.0,1095.0,689.0,1784.0,0.8032417829806393
2021-22,38,Ladakh,2021-12,2021-12-01,5242.0,1821.0,2951.0,4772.0,0.910339565051507
2021-22,38,Ladakh,2022-01,2022-01-01,2226.0,664.0,1191.0,1855.0,0.8333333333333334
2021-22,38,Ladakh,2022-02,2022-02-01,2322.0,732.0,1189.0,1921.0,0.8273040482342808
2021-22,38,Ladakh,2022-03,2022-03-01,5417.0,1956.0,3211.0,5167.0,0.9538489939080672
2021-22,97,Other Territory,2021-04,2021-04-01,76.0,34.0,30.0,64.0,0.8421052631578947
2021-22,97,Other Territory,2021-05,2021-05-01,77.0,41.0,24.0,65.0,0.8441558441558441
2021-22,97,Other Territory,2021-06,2021-06-01,82.0,61.0,10.0,71.0,0.8658536585365854
2021-22,97,Other Territory,2021-07,2021-07-01,77.0,58.0,7.0,65.0,0.8441558441558441
2021-22,97,Other Territory,2021-08,2021-08-01,77.0,58.0,7.0,65.0,0.8441558441558441
2021-22,97,Other Territory,2021-09,2021-09-01,86.0,62.0,9.0,71.0,0.8255813953488372
2021-22,97,Other Territory,2021-10,2021-10-01,80.0,61.0,4.0,65.0,0.8125
2021-22,97,Other Territory,2021-11,2021-11-01,81.0,64.0,2.0,66.0,0.8148148148148148
2021-22,97,Other Territory,2021-12,2021-12-01,86.0,61.0,11.0,72.0,0.8372093023255814
2021-22,97,Other Territory,2022-01,2022-01-01,81.0,64.0,2.0,66.0,0.8148148148148148
2021-22,97,Other Territory,2022-02,2022-02-01,81.0,63.0,4.0,67.0,0.8271604938271605
2021-22,97,Other Territory,2022-03,2022-03-01,89.0,63.0,9.0,72.0,0.8089887640449438
2022-23,01,Jammu and Kashmir,2022-04,2022-04-01,66338.0,24748.0,38322.0,63070.0,0.9507371340709699
2022-23,01,Jammu and Kashmir,2022-05,2022-05-01,68361.0,28244.0,36249.0,64493.0,0.9434180307485263
2022-23,01,Jammu and Kashmir,2022-06,2022-06-01,109205.0,39438.0,101752.0,102088.0,0.9348289913465501
2022-23,01,Jammu and Kashmir,2022-07,2022-07-01,68216.0,28135.0,36271.0,64406.0,0.9441480004690982
2022-23,01,Jammu and Kashmir,2022-08,2022-08-01,69437.0,27368.0,38320.0,65688.0,0.9460086121232196
2022-23,01,Jammu and Kashmir,2022-09,2022-09-01,112849.0,42596.0,69972.0,112568.0,0.9975099469202209
2022-23,01,Jammu and Kashmir,2022-10,2022-10-01,69494.0,30114.0,39144.0,69258.0,0.996604023368924
2022-23,01,Jammu and Kashmir,2022-11,2022-11-01,70757.0,30500.0,39793.0,70293.0,0.9934423449270037
2022-23,01,Jammu and Kashmir,2022-12,2022-12-01,115882.0,47189.0,67750.0,114939.0,0.9918624117636906
2022-23,01,Jammu and Kashmir,2023-01,2023-01-01,70382.0,31540.0,37837.0,69377.0,0.9857207808814754
2022-23,01,Jammu and Kashmir,2023-02,2023-02-01,70494.0,31658.0,38937.0,70595.0,1.001432746049309
2022-23,01,Jammu and Kashmir,2023-03,2023-03-01,117563.0,43526.0,74254.0,117780.0,1.0018458188375594
2022-23,02,Himachal Pradesh,2022-04,2022-04-01,44324.0,24629.0,17925.0,42554.0,0.9600667809764462
2022-23,02,Himachal Pradesh,2022-05,2022-05-01,45199.0,25766.0,17714.0,43480.0,0.9619681851368393
2022-23,02,Himachal Pradesh,2022-06,2022-06-01,98966.0,48449.0,95308.0,95536.0,0.9653416324798416
2022-23,02,Himachal Pradesh,2022-07,2022-07-01,44504.0,25061.0,17484.0,42545.0,0.9559814848103542
2022-23,02,Himachal Pradesh,2022-08,2022-08-01,45023.0,24266.0,19084.0,43350.0,0.9628412144903716
2022-23,02,Himachal Pradesh,2022-09,2022-09-01,99888.0,48506.0,49058.0,97564.0,0.9767339420150568
2022-23,02,Himachal Pradesh,2022-10,2022-10-01,44744.0,26543.0,16570.0,43113.0,0.9635481852315394
2022-23,02,Himachal Pradesh,2022-11,2022-11-01,45303.0,26495.0,17188.0,43683.0,0.9642407787563737
2022-23,02,Himachal Pradesh,2022-12,2022-12-01,100769.0,55243.0,43285.0,98528.0,0.9777610177733231
2022-23,02,Himachal Pradesh,2023-01,2023-01-01,46153.0,28505.0,14950.0,43455.0,0.9415422616081295
2022-23,02,Himachal Pradesh,2023-02,2023-02-01,44735.0,28272.0,16367.0,44639.0,0.9978540292835587
2022-23,02,Himachal Pradesh,2023-03,2023-03-01,99991.0,50993.0,49939.0,100932.0,1.009410846976228
2022-23,03,Punjab,2022-04,2022-04-01,164856.0,119440.0,34891.0,154331.0,0.9361564031639734
2022-23,03,Punjab,2022-05,2022-05-01,167213.0,123782.0,33863.0,157645.0,0.9427795685742137
2022-23,03,Punjab,2022-06,2022-06-01,342449.0,237801.0,324491.0,324807.0,0.9484828397805221
2022-23,03,Punjab,2022-07,2022-07-01,167538.0,120454.0,36314.0,156768.0,0.9357160763528274
2022-23,03,Punjab,2022-08,2022-08-01,169859.0,120880.0,38460.0,159340.0,0.9380721657374647
2022-23,03,Punjab,2022-09,2022-09-01,346997.0,237645.0,94415.0,332060.0,0.9569535183301296
2022-23,03,Punjab,2022-10,2022-10-01,170493.0,125804.0,34202.0,160006.0,0.9384901432903404
2022-23,03,Punjab,2022-11,2022-11-01,172338.0,126946.0,35480.0,162426.0,0.9424851164571946
2022-23,03,Punjab,2022-12,2022-12-01,350104.0,252859.0,82934.0,335793.0,0.9591235747092293
2022-23,03,Punjab,2023-01,2023-01-01,177002.0,132084.0,29965.0,162049.0,0.9155207285793381
2022-23,03,Punjab,2023-02,2023-02-01,166689.0,132649.0,31825.0,164474.0,0.9867117806213968
2022-23,03,Punjab,2023-03,2023-03-01,341156.0,246594.0,93915.0,340509.0,0.9981035069000692
2022-23,04,Chandigarh,2022-04,2022-04-01,16166.0,12052.0,3590.0,15642.0,0.9675862922182358
2022-23,04,Chandigarh,2022-05,2022-05-01,16130.0,12358.0,3385.0,15743.0,0.9760074395536268
2022-23,04,Chandigarh,2022-06,2022-06-01,27634.0,20100.0,26944.0,26957.0,0.9755011941810813
2022-23,04,Chandigarh,2022-07,2022-07-01,16335.0,12267.0,3582.0,15849.0,0.9702479338842975
2022-23,04,Chandigarh,2022-08,2022-08-01,16429.0,12216.0,3797.0,16013.0,0.9746789214194412
2022-23,04,Chandigarh,2022-09,2022-09-01,27947.0,20002.0,7365.0,27367.0,0.9792464307439082
2022-23,04,Chandigarh,2022-10,2022-10-01,16563.0,12788.0,3457.0,16245.0,0.980800579605144
2022-23,04,Chandigarh,2022-11,2022-11-01,16674.0,12857.0,3428.0,16285.0,0.9766702650833633
2022-23,04,Chandigarh,2022-12,2022-12-01,28095.0,21353.0,6208.0,27561.0,0.9809930592632141
2022-23,04,Chandigarh,2023-01,2023-01-01,16929.0,13273.0,3050.0,16323.0,0.9642034378876484
2022-23,04,Chandigarh,2023-02,2023-02-01,16442.0,13263.0,3185.0,16448.0,1.0003649191095974
2022-23,04,Chandigarh,2023-03,2023-03-01,27637.0,20758.0,7031.0,27789.0,1.0054998733581793
2022-23,05,Uttarakhand,2022-04,2022-04-01,82800.0,42401.0,34889.0,77290.0,0.9334541062801932
2022-23,05,Uttarakhand,2022-05,2022-05-01,84757.0,44611.0,34519.0,79130.0,0.9336102032870441
2022-23,05,Uttarakhand,2022-06,2022-06-01,154914.0,72910.0,144482.0,145034.0,0.9362226783892998
2022-23,05,Uttarakhand,2022-07,2022-07-01,85475.0,42669.0,36052.0,78721.0,0.9209827434922492
2022-23,05,Uttarakhand,2022-08,2022-08-01,86445.0,43279.0,36733.0,80012.0,0.9255827404708196
2022-23,05,Uttarakhand,2022-09,2022-09-01,156524.0,71800.0,77491.0,149291.0,0.9537898341468402
2022-23,05,Uttarakhand,2022-10,2022-10-01,86459.0,46668.0,34523.0,81191.0,0.9390693854890757
2022-23,05,Uttarakhand,2022-11,2022-11-01,87786.0,48063.0,34695.0,82758.0,0.9427243524024332
2022-23,05,Uttarakhand,2022-12,2022-12-01,158597.0,81993.0,69811.0,151804.0,0.957168168376451
2022-23,05,Uttarakhand,2023-01,2023-01-01,90863.0,51241.0,32097.0,83338.0,0.917183011786976
2022-23,05,Uttarakhand,2023-02,2023-02-01,86219.0,49878.0,35282.0,85160.0,0.9877173244876419
2022-23,05,Uttarakhand,2023-03,2023-03-01,155639.0,78312.0,76819.0,155131.0,0.9967360365975109
2022-23,06,Haryana,2022-04,2022-04-01,272326.0,183979.0,72842.0,256821.0,0.9430645623260357
2022-23,06,Haryana,2022-05,2022-05-01,273855.0,191649.0,70591.0,262240.0,0.9575870442387395
2022-23,06,Haryana,2022-06,2022-06-01,476752.0,317689.0,456080.0,456393.0,0.9572964560190623
2022-23,06,Haryana,2022-07,2022-07-01,276623.0,186686.0,75256.0,261942.0,0.9469277681176186
2022-23,06,Haryana,2022-08,2022-08-01,279410.0,189863.0,76238.0,266101.0,0.9523674886367703
2022-23,06,Haryana,2022-09,2022-09-01,484645.0,317030.0,149016.0,466046.0,0.9616234563443345
2022-23,06,Haryana,2022-10,2022-10-01,282622.0,198664.0,69865.0,268529.0,0.9501348090382207
2022-23,06,Haryana,2022-11,2022-11-01,285773.0,200637.0,72078.0,272715.0,0.9543063900368475
2022-23,06,Haryana,2022-12,2022-12-01,491220.0,344583.0,128569.0,473152.0,0.9632181100118073
2022-23,06,Haryana,2023-01,2023-01-01,292625.0,212910.0,61931.0,274841.0,0.9392259718069201
2022-23,06,Haryana,2023-02,2023-02-01,283148.0,212923.0,67150.0,280073.0,0.9891399550764971
2022-23,06,Haryana,2023-03,2023-03-01,485122.0,338079.0,144899.0,482978.0,0.9955804931542993
2022-23,07,Delhi,2022-04,2022-04-01,410282.0,283884.0,106331.0,390215.0,0.9510897382775749
2022-23,07,Delhi,2022-05,2022-05-01,416018.0,294541.0,103636.0,398177.0,0.9571148363772721
2022-23,07,Delhi,2022-06,2022-06-01,750813.0,525468.0,716590.0,717990.0,0.9562833888065337
2022-23,07,Delhi,2022-07,2022-07-01,419109.0,287543.0,111539.0,399082.0,0.9522152948278372
2022-23,07,Delhi,2022-08,2022-08-01,423539.0,294840.0,110425.0,405265.0,0.9568540323323236
2022-23,07,Delhi,2022-09,2022-09-01,762171.0,528734.0,204070.0,732804.0,0.9614692765796652
2022-23,07,Delhi,2022-10,2022-10-01,429452.0,304225.0,106263.0,410488.0,0.9558413978745005
2022-23,07,Delhi,2022-11,2022-11-01,434676.0,306111.0,110255.0,416366.0,0.9578766713598175
2022-23,07,Delhi,2022-12,2022-12-01,772632.0,562644.0,180816.0,743460.0,0.9622433448265151
2022-23,07,Delhi,2023-01,2023-01-01,448203.0,320079.0,98383.0,418462.0,0.9336439068904046
2022-23,07,Delhi,2023-02,2023-02-01,429555.0,321274.0,103404.0,424678.0,0.9886463898685849
2022-23,07,Delhi,2023-03,2023-03-01,753579.0,556084.0,197200.0,753284.0,0.9996085347388927
2022-23,08,Rajasthan,2022-04,2022-04-01,282871.0,175978.0,97159.0,273137.0,0.9655885545001078
2022-23,08,Rajasthan,2022-05,2022-05-01,290053.0,192291.0,89038.0,281329.0,0.9699227382581804
2022-23,08,Rajasthan,2022-06,2022-06-01,666005.0,389043.0,640256.0,641478.0,0.9631729491520334
2022-23,08,Rajasthan,2022-07,2022-07-01,287981.0,180272.0,96328.0,276600.0,0.960480031668756
2022-23,08,Rajasthan,2022-08,2022-08-01,293004.0,184266.0,99037.0,283303.0,0.9668912369796999
2022-23,08,Rajasthan,2022-09,2022-09-01,677720.0,396635.0,263368.0,660003.0,0.9738579354305613
2022-23,08,Rajasthan,2022-10,2022-10-01,295677.0,199451.0,86952.0,286403.0,0.9686346925868431
2022-23,08,Rajasthan,2022-11,2022-11-01,303084.0,205357.0,89230.0,294587.0,0.9719648678254214
2022-23,08,Rajasthan,2022-12,2022-12-01,690105.0,455881.0,218575.0,674456.0,0.9773237405902
2022-23,08,Rajasthan,2023-01,2023-01-01,311697.0,218018.0,74890.0,292908.0,0.9397203052964899
2022-23,08,Rajasthan,2023-02,2023-02-01,307540.0,218968.0,81865.0,300833.0,0.9781914547701112
2022-23,08,Rajasthan,2023-03,2023-03-01,689646.0,431240.0,257480.0,688720.0,0.9986572821418525
2022-23,09,Uttar Pradesh,2022-04,2022-04-01,840499.0,406363.0,397873.0,804236.0,0.9568553918565043
2022-23,09,Uttar Pradesh,2022-05,2022-05-01,861805.0,438117.0,381232.0,819349.0,0.950735955349528
2022-23,09,Uttar Pradesh,2022-06,2022-06-01,1358945.0,623338.0,1272521.0,1276351.0,0.9392219699840685
2022-23,09,Uttar Pradesh,2022-07,2022-07-01,869959.0,419460.0,402904.0,822364.0,0.9452905251856697
2022-23,09,Uttar Pradesh,2022-08,2022-08-01,883450.0,425396.0,412745.0,838141.0,0.9487135661327749
2022-23,09,Uttar Pradesh,2022-09,2022-09-01,1397129.0,622995.0,718445.0,1341440.0,0.9601404022105332
2022-23,09,Uttar Pradesh,2022-10,2022-10-01,899515.0,463399.0,400318.0,863717.0,0.9602029982824077
2022-23,09,Uttar Pradesh,2022-11,2022-11-01,914748.0,481977.0,398121.0,880098.0,0.9621207152133703
2022-23,09,Uttar Pradesh,2022-12,2022-12-01,1436617.0,722739.0,655846.0,1378585.0,0.9596051000371011
2022-23,09,Uttar Pradesh,2023-01,2023-01-01,954168.0,507094.0,385890.0,892984.0,0.9358771201717098
2022-23,09,Uttar Pradesh,2023-02,2023-02-01,922519.0,481700.0,429117.0,910817.0,0.9873151664084967
2022-23,09,Uttar Pradesh,2023-03,2023-03-01,1428140.0,691983.0,725088.0,1417071.0,0.9922493593065106
2022-23,10,Bihar,2022-04,2022-04-01,276452.0,73601.0,162676.0,236277.0,0.8546763995196273
2022-23,10,Bihar,2022-05,2022-05-01,280982.0,80283.0,160621.0,240904.0,0.8573645286886704
2022-23,10,Bihar,2022-06,2022-06-01,470659.0,127287.0,406179.0,408661.0,0.8682740582884849
2022-23,10,Bihar,2022-07,2022-07-01,282327.0,76638.0,164068.0,240706.0,0.8525787473390785
2022-23,10,Bihar,2022-08,2022-08-01,286093.0,78473.0,167488.0,245961.0,0.8597239359229342
2022-23,10,Bihar,2022-09,2022-09-01,481143.0,119435.0,316651.0,436086.0,0.9063542439565784
2022-23,10,Bihar,2022-10,2022-10-01,287213.0,89450.0,164973.0,254423.0,0.8858338584952631
2022-23,10,Bihar,2022-11,2022-11-01,292666.0,100596.0,159530.0,260126.0,0.8888152364811764
2022-23,10,Bihar,2022-12,2022-12-01,495564.0,157360.0,290896.0,448256.0,0.9045370527318368
2022-23,10,Bihar,2023-01,2023-01-01,310298.0,101099.0,162860.0,263959.0,0.850662911137036
2022-23,10,Bihar,2023-02,2023-02-01,280202.0,90069.0,182656.0,272725.0,0.9733156794027166
2022-23,10,Bihar,2023-03,2023-03-01,473091.0,137064.0,327661.0,464725.0,0.982316298555669
2022-23,11,Sikkim,2022-04,2022-04-01,6036.0,1954.0,3105.0,5059.0,0.8381378396288933
2022-23,11,Sikkim,2022-05,2022-05-01,6124.0,2101.0,3024.0,5125.0,0.8368713259307642
2022-23,11,Sikkim,2022-06,2022-06-01,9262.0,3113.0,7959.0,8079.0,0.8722738069531418
2022-23,11,Sikkim,2022-07,2022-07-01,6202.0,2137.0,3059.0,5196.0,0.8377942599161561
2022-23,11,Sikkim,2022-08,2022-08-01,6226.0,2111.0,3155.0,5266.0,0.8458079023450048
2022-23,11,Sikkim,2022-09,2022-09-01,9386.0,2579.0,5859.0,8438.0,0.898998508416791
2022-23,11,Sikkim,2022-10,2022-10-01,6315.0,2218.0,3230.0,5448.0,0.86270783847981
2022-23,11,Sikkim,2022-11,2022-11-01,6446.0,2295.0,3250.0,5545.0,0.8602233943530871
2022-23,11,Sikkim,2022-12,2022-12-01,9604.0,3329.0,5294.0,8623.0,0.8978550603915035
2022-23,11,Sikkim,2023-01,2023-01-01,6642.0,2488.0,3116.0,5604.0,0.8437217705510388
2022-23,11,Sikkim,2023-02,2023-02-01,5628.0,2393.0,3327.0,5720.0,1.0163468372423596
2022-23,11,Sikkim,2023-03,2023-03-01,8802.0,3188.0,5778.0,8966.0,1.018632129061577
2022-23,12,Arunachal Pradesh,2022-04,2022-04-01,10617.0,2235.0,6067.0,8302.0,0.781953470848639
2022-23,12,Arunachal Pradesh,2022-05,2022-05-01,10811.0,2563.0,5865.0,8428.0,0.7795763574137453
2022-23,12,Arunachal Pradesh,2022-06,2022-06-01,14133.0,3211.0,11192.0,11396.0,0.8063397721644379
2022-23,12,Arunachal Pradesh,2022-07,2022-07-01,11019.0,2542.0,6081.0,8623.0,0.782557400853072
2022-23,12,Arunachal Pradesh,2022-08,2022-08-01,11175.0,2516.0,6278.0,8794.0,0.7869351230425056
2022-23,12,Arunachal Pradesh,2022-09,2022-09-01,14571.0,3117.0,9099.0,12216.0,0.8383775993411571
2022-23,12,Arunachal Pradesh,2022-10,2022-10-01,11345.0,2928.0,6289.0,9217.0,0.8124283825473777
2022-23,12,Arunachal Pradesh,2022-11,2022-11-01,11441.0,3192.0,6136.0,9328.0,0.8153133467354252
2022-23,12,Arunachal Pradesh,2022-12,2022-12-01,14790.0,3690.0,8833.0,12523.0,0.8467207572684247
2022-23,12,Arunachal Pradesh,2023-01,2023-01-01,11740.0,3145.0,6323.0,9468.0,0.8064735945485519
2022-23,12,Arunachal Pradesh,2023-02,2023-02-01,9242.0,2991.0,6590.0,9581.0,1.0366803722138065
2022-23,12,Arunachal Pradesh,2023-03,2023-03-01,12544.0,3191.0,9730.0,12921.0,1.0300542091836735
2022-23,13,Nagaland,2022-04,2022-04-01,6106.0,1754.0,3773.0,5527.0,0.9051752374713397
2022-23,13,Nagaland,2022-05,2022-05-01,6184.0,1822.0,3781.0,5603.0,0.9060478654592496
2022-23,13,Nagaland,2022-06,2022-06-01,7446.0,2174.0,6697.0,6759.0,0.9077356970185334
2022-23,13,Nagaland,2022-07,2022-07-01,6325.0,1820.0,3914.0,5734.0,0.9065612648221344
2022-23,13,Nagaland,2022-08,2022-08-01,6418.0,1780.0,4040.0,5820.0,0.9068245559364287
2022-23,13,Nagaland,2022-09,2022-09-01,7662.0,2081.0,5023.0,7104.0,0.9271730618637432
2022-23,13,Nagaland,2022-10,2022-10-01,6546.0,1904.0,4108.0,6012.0,0.918423464711274
2022-23,13,Nagaland,2022-11,2022-11-01,6648.0,2258.0,3814.0,6072.0,0.9133574007220217
2022-23,13,Nagaland,2022-12,2022-12-01,7880.0,2456.0,4825.0,7281.0,0.923984771573604
2022-23,13,Nagaland,2023-01,2023-01-01,6715.0,2183.0,3909.0,6092.0,0.907222635889799
2022-23,13,Nagaland,2023-02,2023-02-01,6117.0,2117.0,4024.0,6141.0,1.003923491907798
2022-23,13,Nagaland,2023-03,2023-03-01,7349.0,2273.0,5139.0,7412.0,1.0085725949108721
2022-23,14,Manipur,2022-04,2022-04-01,9012.0,1876.0,5398.0,7274.0,0.8071460275188638
2022-23,14,Manipur,2022-05,2022-05-01,9118.0,2105.0,5297.0,7402.0,0.811800833516122
2022-23,14,Manipur,2022-06,2022-06-01,11079.0,2397.0,9029.0,9123.0,0.8234497698348227
2022-23,14,Manipur,2022-07,2022-07-01,9156.0,2195.0,5371.0,7566.0,0.8263433813892529
2022-23,14,Manipur,2022-08,2022-08-01,9166.0,2039.0,5708.0,7747.0,0.8451887409993454
2022-23,14,Manipur,2022-09,2022-09-01,11322.0,2757.0,7303.0,10060.0,0.8885355944179474
2022-23,14,Manipur,2022-10,2022-10-01,9569.0,2346.0,5886.0,8232.0,0.8602779809802488
2022-23,14,Manipur,2022-11,2022-11-01,9502.0,2326.0,6032.0,8358.0,0.8796042938328773
2022-23,14,Manipur,2022-12,2022-12-01,11767.0,3036.0,7338.0,10374.0,0.8816180844735276
2022-23,14,Manipur,2023-01,2023-01-01,9805.0,2595.0,5853.0,8448.0,0.8616012238653749
2022-23,14,Manipur,2023-02,2023-02-01,8694.0,2207.0,6349.0,8556.0,0.9841269841269841
2022-23,14,Manipur,2023-03,2023-03-01,11229.0,2769.0,7864.0,10633.0,0.9469231454270193
2022-23,15,Mizoram,2022-04,2022-04-01,6298.0,1244.0,3726.0,4970.0,0.7891394093362972
2022-23,15,Mizoram,2022-05,2022-05-01,6340.0,1346.0,3671.0,5017.0,0.7913249211356467
2022-23,15,Mizoram,2022-06,2022-06-01,7252.0,1434.0,5909.0,5943.0,0.8194980694980695
2022-23,15,Mizoram,2022-07,2022-07-01,6353.0,1299.0,3808.0,5107.0,0.8038721863686448
2022-23,15,Mizoram,2022-08,2022-08-01,6421.0,1283.0,3897.0,5180.0,0.8067279239993771
2022-23,15,Mizoram,2022-09,2022-09-01,7434.0,1510.0,4717.0,6227.0,0.8376378800107613
2022-23,15,Mizoram,2022-10,2022-10-01,6545.0,1401.0,3943.0,5344.0,0.8165011459129106
2022-23,15,Mizoram,2022-11,2022-11-01,6623.0,1372.0,4057.0,5429.0,0.8197191605012835
2022-23,15,Mizoram,2022-12,2022-12-01,7610.0,1483.0,4915.0,6398.0,0.8407358738501971
2022-23,15,Mizoram,2023-01,2023-01-01,6365.0,1410.0,4032.0,5442.0,0.8549882168106834
2022-23,15,Mizoram,2023-02,2023-02-01,5683.0,1364.0,4122.0,5486.0,0.9653352102762626
2022-23,15,Mizoram,2023-03,2023-03-01,6688.0,1468.0,5039.0,6507.0,0.9729366028708134
2022-23,16,Tripura,2022-04,2022-04-01,18977.0,7942.0,9248.0,17190.0,0.9058333772461401
2022-23,16,Tripura,2022-05,2022-05-01,19277.0,8819.0,8612.0,17431.0,0.9042382113399388
2022-23,16,Tripura,2022-06,2022-06-01,26614.0,11465.0,24298.0,24424.0,0.9177124821522507
2022-23,16,Tripura,2022-07,2022-07-01,19402.0,8474.0,9096.0,17570.0,0.9055767446654984
2022-23,16,Tripura,2022-08,2022-08-01,19474.0,8268.0,9544.0,17812.0,0.914655438019924
2022-23,16,Tripura,2022-09,2022-09-01,27081.0,10179.0,15020.0,25199.0,0.930504781950445
2022-23,16,Tripura,2022-10,2022-10-01,19543.0,9127.0,8971.0,18098.0,0.9260604820140204
2022-23,16,Tripura,2022-11,2022-11-01,19594.0,9168.0,9103.0,18271.0,0.9324793304072675
2022-23,16,Tripura,2022-12,2022-12-01,26830.0,12330.0,13138.0,25468.0,0.9492359299291837
2022-23,16,Tripura,2023-01,2023-01-01,19719.0,9655.0,8708.0,18363.0,0.9312338353871901
2022-23,16,Tripura,2023-02,2023-02-01,18241.0,8981.0,9434.0,18415.0,1.0095389507154213
2022-23,16,Tripura,2023-03,2023-03-01,25358.0,10534.0,15161.0,25695.0,1.013289691616058
2022-23,17,Meghalaya,2022-04,2022-04-01,16008.0,3974.0,7689.0,11663.0,0.7285732133933034
2022-23,17,Meghalaya,2022-05,2022-05-01,16365.0,4298.0,7790.0,12088.0,0.7386495569813627
2022-23,17,Meghalaya,2022-06,2022-06-01,27510.0,7734.0,21793.0,22081.0,0.802653580516176
2022-23,17,Meghalaya,2022-07,2022-07-01,16566.0,4458.0,7992.0,12450.0,0.7515392973560304
2022-23,17,Meghalaya,2022-08,2022-08-01,16728.0,3999.0,8686.0,12685.0,0.7583094213295074
2022-23,17,Meghalaya,2022-09,2022-09-01,28240.0,6866.0,18092.0,24958.0,0.8837818696883852
2022-23,17,Meghalaya,2022-10,2022-10-01,16538.0,4617.0,8855.0,13472.0,0.8146087797799009
2022-23,17,Meghalaya,2022-11,2022-11-01,16671.0,4694.0,8881.0,13575.0,0.814288285045888
2022-23,17,Meghalaya,2022-12,2022-12-01,28406.0,8074.0,17035.0,25109.0,0.8839329719073435
2022-23,17,Meghalaya,2023-01,2023-01-01,16717.0,5030.0,8244.0,13274.0,0.7940419931805947
2022-23,17,Meghalaya,2023-02,2023-02-01,13719.0,4834.0,8536.0,13370.0,0.9745608280486916
2022-23,17,Meghalaya,2023-03,2023-03-01,25779.0,7285.0,17869.0,25154.0,0.9757554598704372
2022-23,18,Assam,2022-04,2022-04-01,118506.0,38890.0,70228.0,109118.0,0.920780382427894
2022-23,18,Assam,2022-05,2022-05-01,121212.0,44897.0,66295.0,111192.0,0.9173349173349173
2022-23,18,Assam,2022-06,2022-06-01,178312.0,58959.0,161829.0,163098.0,0.9146776436807393
2022-23,18,Assam,2022-07,2022-07-01,121489.0,44028.0,67684.0,111712.0,0.9195235782663451
2022-23,18,Assam,2022-08,2022-08-01,123451.0,42726.0,70969.0,113695.0,0.9209726936193308
2022-23,18,Assam,2022-09,2022-09-01,182601.0,55272.0,117953.0,173225.0,0.948653074189079
2022-23,18,Assam,2022-10,2022-10-01,124689.0,48331.0,69001.0,117332.0,0.940997201036178
2022-23,18,Assam,2022-11,2022-11-01,127177.0,49587.0,69439.0,119026.0,0.9359082223987042
2022-23,18,Assam,2022-12,2022-12-01,185152.0,71196.0,105593.0,176789.0,0.9548317058416869
2022-23,18,Assam,2023-01,2023-01-01,127611.0,52547.0,66545.0,119092.0,0.9332424320787392
2022-23,18,Assam,2023-02,2023-02-01,122070.0,51265.0,69487.0,120752.0,0.9892029163594659
2022-23,18,Assam,2023-03,2023-03-01,180737.0,63665.0,116035.0,179700.0,0.9942623812501037
2022-23,19,West Bengal,2022-04,2022-04-01,364360.0,187202.0,155497.0,342699.0,0.9405505543967505
2022-23,19,West Bengal,2022-05,2022-05-01,368904.0,194722.0,152901.0,347623.0,0.9423129052544835
2022-23,19,West Bengal,2022-06,2022-06-01,633580.0,319985.0,594498.0,595735.0,0.9402680008838663
2022-23,19,West Bengal,2022-07,2022-07-01,370844.0,197269.0,152902.0,350171.0,0.944254187744712
2022-23,19,West Bengal,2022-08,2022-08-01,375522.0,195431.0,159765.0,355196.0,0.9458726785647712
2022-23,19,West Bengal,2022-09,2022-09-01,643156.0,301447.0,319748.0,621195.0,0.9658543183924273
2022-23,19,West Bengal,2022-10,2022-10-01,378725.0,209739.0,153056.0,362795.0,0.9579378176777344
2022-23,19,West Bengal,2022-11,2022-11-01,382864.0,212633.0,155539.0,368172.0,0.9616260604287684
2022-23,19,West Bengal,2022-12,2022-12-01,653033.0,361017.0,268759.0,629776.0,0.9643861795651981
2022-23,19,West Bengal,2023-01,2023-01-01,393378.0,225791.0,145228.0,371019.0,0.9431615392828272
2022-23,19,West Bengal,2023-02,2023-02-01,381893.0,221086.0,155329.0,376415.0,0.9856556679488757
2022-23,19,West Bengal,2023-03,2023-03-01,643514.0,339349.0,301308.0,640657.0,0.9955603141501195
2022-23,20,Jharkhand,2022-04,2022-04-01,120558.0,52252.0,61357.0,113609.0,0.9423596940891521
2022-23,20,Jharkhand,2022-05,2022-05-01,121339.0,51598.0,63074.0,114672.0,0.9450547639258606
2022-23,20,Jharkhand,2022-06,2022-06-01,168897.0,72510.0,159082.0,159521.0,0.9444868766171098
2022-23,20,Jharkhand,2022-07,2022-07-01,122532.0,54809.0,61110.0,115919.0,0.9460304247053831
2022-23,20,Jharkhand,2022-08,2022-08-01,124179.0,54846.0,62470.0,117316.0,0.9447330063859428
2022-23,20,Jharkhand,2022-09,2022-09-01,172673.0,70178.0,96102.0,166280.0,0.9629762614884783
2022-23,20,Jharkhand,2022-10,2022-10-01,125793.0,59603.0,61137.0,120740.0,0.9598308331942159
2022-23,20,Jharkhand,2022-11,2022-11-01,126934.0,62393.0,59755.0,122148.0,0.9622953660957663
2022-23,20,Jharkhand,2022-12,2022-12-01,175834.0,84400.0,84971.0,169371.0,0.9632437412559574
2022-23,20,Jharkhand,2023-01,2023-01-01,130198.0,66138.0,57545.0,123683.0,0.9499608288913808
2022-23,20,Jharkhand,2023-02,2023-02-01,127545.0,62081.0,63483.0,125564.0,0.9844682269003097
2022-23,20,Jharkhand,2023-03,2023-03-01,174166.0,79503.0,93434.0,172937.0,0.9929435136593824
2022-23,21,Odisha,2022-04,2022-04-01,158626.0,58412.0,88704.0,147116.0,0.9274393857249127
2022-23,21,Odisha,2022-05,2022-05-01,160653.0,64351.0,85760.0,150111.0,0.93438031035835
2022-23,21,Odisha,2022-06,2022-06-01,275749.0,97225.0,254361.0,255509.0,0.9265999151402181
2022-23,21,Odisha,2022-07,2022-07-01,161454.0,61285.0,89009.0,150294.0,0.9308781448585975
2022-23,21,Odisha,2022-08,2022-08-01,163696.0,61817.0,91660.0,153477.0,0.937573306617144
2022-23,21,Odisha,2022-09,2022-09-01,281667.0,93790.0,177373.0,271163.0,0.9627077364405486
2022-23,21,Odisha,2022-10,2022-10-01,165324.0,68117.0,90146.0,158263.0,0.9572899276572064
2022-23,21,Odisha,2022-11,2022-11-01,168552.0,73187.0,88483.0,161670.0,0.959169870425744
2022-23,21,Odisha,2022-12,2022-12-01,288456.0,116807.0,160979.0,277786.0,0.9630099564578306
2022-23,21,Odisha,2023-01,2023-01-01,173481.0,76970.0,85695.0,162665.0,0.9376531147503184
2022-23,21,Odisha,2023-02,2023-02-01,168414.0,74951.0,90655.0,165606.0,0.9833268018098258
2022-23,21,Odisha,2023-03,2023-03-01,284492.0,109863.0,173840.0,283703.0,0.9972266355468695
2022-23,22,Chhattisgarh,2022-04,2022-04-01,74350.0,32911.0,37117.0,70028.0,0.9418695359784801
2022-23,22,Chhattisgarh,2022-05,2022-05-01,75353.0,35838.0,35308.0,71146.0,0.9441694424906772
2022-23,22,Chhattisgarh,2022-06,2022-06-01,132153.0,55494.0,124102.0,124744.0,0.9439361951677223
2022-23,22,Chhattisgarh,2022-07,2022-07-01,74474.0,34343.0,35653.0,69996.0,0.939871633053146
2022-23,22,Chhattisgarh,2022-08,2022-08-01,75697.0,34604.0,36672.0,71276.0,0.9415961002417533
2022-23,22,Chhattisgarh,2022-09,2022-09-01,133809.0,55886.0,73403.0,129289.0,0.9662205083365095
2022-23,22,Chhattisgarh,2022-10,2022-10-01,75434.0,38767.0,33304.0,72071.0,0.9554179812816502
2022-23,22,Chhattisgarh,2022-11,2022-11-01,76990.0,39517.0,33569.0,73086.0,0.9492921158592025
2022-23,22,Chhattisgarh,2022-12,2022-12-01,135546.0,66292.0,64944.0,131236.0,0.9682026765821197
2022-23,22,Chhattisgarh,2023-01,2023-01-01,78435.0,42324.0,30756.0,73080.0,0.9317269076305221
2022-23,22,Chhattisgarh,2023-02,2023-02-01,76166.0,40537.0,33771.0,74308.0,0.9756059133996796
2022-23,22,Chhattisgarh,2023-03,2023-03-01,132970.0,58975.0,74220.0,133195.0,1.0016921110024817
2022-23,23,Madhya Pradesh,2022-04,2022-04-01,191998.0,92834.0,91608.0,184442.0,0.960645423389827
2022-23,23,Madhya Pradesh,2022-05,2022-05-01,196288.0,100533.0,87694.0,188227.0,0.9589327926312358
2022-23,23,Madhya Pradesh,2022-06,2022-06-01,418497.0,175242.0,397306.0,398323.0,0.951794158620014
2022-23,23,Madhya Pradesh,2022-07,2022-07-01,194320.0,92149.0,94015.0,186164.0,0.9580279950596954
2022-23,23,Madhya Pradesh,2022-08,2022-08-01,198209.0,93180.0,97015.0,190195.0,0.9595679308204975
2022-23,23,Madhya Pradesh,2022-09,2022-09-01,426405.0,175299.0,243319.0,418618.0,0.9817380190194768
2022-23,23,Madhya Pradesh,2022-10,2022-10-01,199136.0,112390.0,82203.0,194593.0,0.9771864454443194
2022-23,23,Madhya Pradesh,2022-11,2022-11-01,204506.0,114582.0,84506.0,199088.0,0.9735068897734052
2022-23,23,Madhya Pradesh,2022-12,2022-12-01,435626.0,221392.0,206034.0,427426.0,0.9811765137985337
2022-23,23,Madhya Pradesh,2023-01,2023-01-01,208760.0,120359.0,78085.0,198444.0,0.9505844031423645
2022-23,23,Madhya Pradesh,2023-02,2023-02-01,206539.0,116697.0,86622.0,203319.0,0.9844097240714829
2022-23,23,Madhya Pradesh,2023-03,2023-03-01,435831.0,194421.0,241646.0,436067.0,1.000541494294807
2022-23,24,Gujarat,2022-04,2022-04-01,586507.0,465690.0,112229.0,577919.0,0.9853573785138114
2022-23,24,Gujarat,2022-05,2022-05-01,594451.0,486160.0,102372.0,588532.0,0.9900429135454394
2022-23,24,Gujarat,2022-06,2022-06-01,1006436.0,781871.0,989274.0,989976.0,0.9836452591123529
2022-23,24,Gujarat,2022-07,2022-07-01,599279.0,475467.0,115337.0,590804.0,0.9858580060372548
2022-23,24,Gujarat,2022-08,2022-08-01,608923.0,478856.0,119609.0,598465.0,0.9828254147076068
2022-23,24,Gujarat,2022-09,2022-09-01,1019860.0,798796.0,208785.0,1007581.0,0.987960112172259
2022-23,24,Gujarat,2022-10,2022-10-01,610453.0,498057.0,103198.0,601255.0,0.9849325009460188
2022-23,24,Gujarat,2022-11,2022-11-01,617988.0,509631.0,97615.0,607246.0,0.9826177854586173
2022-23,24,Gujarat,2022-12,2022-12-01,1027609.0,857521.0,158958.0,1016479.0,0.9891690321902591
2022-23,24,Gujarat,2023-01,2023-01-01,625585.0,529529.0,80334.0,609863.0,0.9748683232494385
2022-23,24,Gujarat,2023-02,2023-02-01,617039.0,531505.0,85338.0,616843.0,0.9996823539516951
2022-23,24,Gujarat,2023-03,2023-03-01,1025594.0,831861.0,198090.0,1029951.0,1.0042482697831696
2022-23,25,Daman and Diu,2022-04,2022-04-01,,,,0.0,
2022-23,25,Daman and Diu,2022-05,2022-05-01,,,,0.0,
2022-23,25,Daman and Diu,2022-06,2022-06-01,,,0.0,0.0,
2022-23,25,Daman and Diu,2022-07,2022-07-01,,,,0.0,
2022-23,25,Daman and Diu,2022-08,2022-08-01,,,,0.0,
2022-23,25,Daman and Diu,2022-09,2022-09-01,,,,0.0,
2022-23,25,Daman and Diu,2022-10,2022-10-01,,,,0.0,
2022-23,25,Daman and Diu,2022-11,2022-11-01,,,,0.0,
2022-23,25,Daman and Diu,2022-12,2022-12-01,,,,0.0,
2022-23,25,Daman and Diu,2023-01,2023-01-01,,,,0.0,
2022-23,25,Daman and Diu,2023-02,2023-02-01,,,,0.0,
2022-23,25,Daman and Diu,2023-03,2023-03-01,,,,0.0,
2022-23,26,Dadra and Nagar Haveli,2022-04,2022-04-01,11569.0,8325.0,2753.0,11078.0,0.9575589938629095
2022-23,26,Dadra and Nagar Haveli,2022-05,2022-05-01,11640.0,8513.0,2592.0,11105.0,0.9540378006872853
2022-23,26,Dadra and Nagar Haveli,2022-06,2022-06-01,14678.0,10402.0,14014.0,14025.0,0.955511650088568
2022-23,26,Dadra and Nagar Haveli,2022-07,2022-07-01,11636.0,8379.0,2711.0,11090.0,0.9530766586455827
2022-23,26,Dadra and Nagar Haveli,2022-08,2022-08-01,11721.0,8520.0,2650.0,11170.0,0.9529903591843699
2022-23,26,Dadra and Nagar Haveli,2022-09,2022-09-01,14756.0,10649.0,3569.0,14218.0,0.9635402548116021
2022-23,26,Dadra and Nagar Haveli,2022-10,2022-10-01,11790.0,8938.0,2377.0,11315.0,0.9597116200169635
2022-23,26,Dadra and Nagar Haveli,2022-11,2022-11-01,11873.0,9022.0,2357.0,11379.0,0.9583929925040007
2022-23,26,Dadra and Nagar Haveli,2022-12,2022-12-01,14870.0,11392.0,2977.0,14369.0,0.9663080026899799
2022-23,26,Dadra and Nagar Haveli,2023-01,2023-01-01,11999.0,9397.0,2084.0,11481.0,0.9568297358113176
2022-23,26,Dadra and Nagar Haveli,2023-02,2023-02-01,11707.0,9376.0,2166.0,11542.0,0.9859058682839327
2022-23,26,Dadra and Nagar Haveli,2023-03,2023-03-01,14459.0,11267.0,3208.0,14475.0,1.0011065772183416
2022-23,27,Maharashtra,2022-04,2022-04-01,804151.0,486286.0,280724.0,767010.0,0.9538134007170295
2022-23,27,Maharashtra,2022-05,2022-05-01,814447.0,513410.0,265449.0,778859.0,0.9563040934523671
2022-23,27,Maharashtra,2022-06,2022-06-01,1485608.0,895122.0,1417521.0,1419967.0,0.9558153967937706
2022-23,27,Maharashtra,2022-07,2022-07-01,815623.0,510355.0,268163.0,778518.0,0.9545071681401824
2022-23,27,Maharashtra,2022-08,2022-08-01,826349.0,500152.0,288583.0,788735.0,0.9544817020411472
2022-23,27,Maharashtra,2022-09,2022-09-01,1500292.0,906316.0,549384.0,1455700.0,0.9702777859243401
2022-23,27,Maharashtra,2022-10,2022-10-01,833041.0,547385.0,255469.0,802854.0,0.9637628880211178
2022-23,27,Maharashtra,2022-11,2022-11-01,845911.0,562235.0,252944.0,815179.0,0.9636699369082563
2022-23,27,Maharashtra,2022-12,2022-12-01,1519147.0,1027140.0,450213.0,1477353.0,0.9724885083537012
2022-23,27,Maharashtra,2023-01,2023-01-01,864672.0,598861.0,218857.0,817718.0,0.945697328004145
2022-23,27,Maharashtra,2023-02,2023-02-01,838532.0,603754.0,226503.0,830257.0,0.9901315632557851
2022-23,27,Maharashtra,2023-03,2023-03-01,1502094.0,990650.0,507824.0,1498474.0,0.9975900309834138
2022-23,29,Karnataka,2022-04,2022-04-01,650637.0,341217.0,268679.0,609896.0,0.9373829032163864
2022-23,29,Karnataka,2022-05,2022-05-01,656039.0,365269.0,249917.0,615186.0,0.937727787524827
2022-23,29,Karnataka,2022-06,2022-06-01,844882.0,446083.0,786859.0,789053.0,0.9339209499077977
2022-23,29,Karnataka,2022-07,2022-07-01,664863.0,365127.0,256832.0,621959.0,0.9354694124955066
2022-23,29,Karnataka,2022-08,2022-08-01,670009.0,353245.0,275152.0,628397.0,0.9378933715815758
2022-23,29,Karnataka,2022-09,2022-09-01,858143.0,436371.0,383144.0,819515.0,0.9549865232251501
2022-23,29,Karnataka,2022-10,2022-10-01,675943.0,392977.0,251690.0,644667.0,0.9537298263315102
2022-23,29,Karnataka,2022-11,2022-11-01,678429.0,402518.0,248261.0,650779.0,0.9592440771252408
2022-23,29,Karnataka,2022-12,2022-12-01,865622.0,519244.0,314978.0,834222.0,0.9637255060522953
2022-23,29,Karnataka,2023-01,2023-01-01,690116.0,423526.0,235049.0,658575.0,0.9542960893530943
2022-23,29,Karnataka,2023-02,2023-02-01,673244.0,423567.0,241632.0,665199.0,0.9880503948048553
2022-23,29,Karnataka,2023-03,2023-03-01,856336.0,491383.0,356942.0,848325.0,0.9906450271855907
2022-23,30,Goa,2022-04,2022-04-01,25038.0,11057.0,9844.0,20901.0,0.83477114785526
2022-23,30,Goa,2022-05,2022-05-01,25302.0,11822.0,9366.0,21188.0,0.837404157774089
2022-23,30,Goa,2022-06,2022-06-01,37823.0,18336.0,33105.0,33261.0,0.8793855590513708
2022-23,30,Goa,2022-07,2022-07-01,25469.0,11856.0,9424.0,21280.0,0.8355255408535868
2022-23,30,Goa,2022-08,2022-08-01,25404.0,11275.0,10221.0,21496.0,0.846165958116832
2022-23,30,Goa,2022-09,2022-09-01,37238.0,18928.0,15116.0,34044.0,0.914227402116118
2022-23,30,Goa,2022-10,2022-10-01,24904.0,13046.0,8883.0,21929.0,0.8805412785094764
2022-23,30,Goa,2022-11,2022-11-01,25338.0,12825.0,9526.0,22351.0,0.8821138211382114
2022-23,30,Goa,2022-12,2022-12-01,38074.0,21394.0,13529.0,34923.0,0.9172401113620844
2022-23,30,Goa,2023-01,2023-01-01,25812.0,13968.0,8505.0,22473.0,0.8706415620641562
2022-23,30,Goa,2023-02,2023-02-01,22633.0,13953.0,8790.0,22743.0,1.0048601599434455
2022-23,30,Goa,2023-03,2023-03-01,35534.0,20223.0,15323.0,35546.0,1.0003377047334947
2022-23,31,Lakshadweep,2022-04,2022-04-01,178.0,75.0,93.0,168.0,0.9438202247191011
2022-23,31,Lakshadweep,2022-05,2022-05-01,176.0,91.0,77.0,168.0,0.9545454545454546
2022-23,31,Lakshadweep,2022-06,2022-06-01,221.0,116.0,211.0,211.0,0.9547511312217195
2022-23,31,Lakshadweep,2022-07,2022-07-01,178.0,100.0,72.0,172.0,0.9662921348314607
2022-23,31,Lakshadweep,2022-08,2022-08-01,175.0,87.0,87.0,174.0,0.9942857142857143
2022-23,31,Lakshadweep,2022-09,2022-09-01,221.0,108.0,111.0,219.0,0.9909502262443439
2022-23,31,Lakshadweep,2022-10,2022-10-01,186.0,100.0,76.0,176.0,0.946236559139785
2022-23,31,Lakshadweep,2022-11,2022-11-01,171.0,102.0,72.0,174.0,1.0175438596491229
2022-23,31,Lakshadweep,2022-12,2022-12-01,218.0,129.0,90.0,219.0,1.0045871559633028
2022-23,31,Lakshadweep,2023-01,2023-01-01,181.0,108.0,70.0,178.0,0.9834254143646409
2022-23,31,Lakshadweep,2023-02,2023-02-01,184.0,106.0,78.0,184.0,1.0
2022-23,31,Lakshadweep,2023-03,2023-03-01,224.0,113.0,115.0,228.0,1.0178571428571428
2022-23,32,Kerala,2022-04,2022-04-01,273479.0,153047.0,105540.0,258587.0,0.9455460931186672
2022-23,32,Kerala,2022-05,2022-05-01,275367.0,161562.0,98766.0,260328.0,0.9453856126551112
2022-23,32,Kerala,2022-06,2022-06-01,339208.0,186274.0,320573.0,321288.0,0.9471710572863847
2022-23,32,Kerala,2022-07,2022-07-01,277547.0,165374.0,97289.0,262663.0,0.946373046727221
2022-23,32,Kerala,2022-08,2022-08-01,278758.0,139874.0,125337.0,265211.0,0.9514022915934252
2022-23,32,Kerala,2022-09,2022-09-01,343140.0,185696.0,142717.0,328413.0,0.9570816576324532
2022-23,32,Kerala,2022-10,2022-10-01,282101.0,168696.0,100008.0,268704.0,0.952509916661054
2022-23,32,Kerala,2022-11,2022-11-01,282756.0,171947.0,99011.0,270958.0,0.958274979133953
2022-23,32,Kerala,2022-12,2022-12-01,343988.0,206863.0,125843.0,332706.0,0.9672023442678233
2022-23,32,Kerala,2023-01,2023-01-01,285285.0,179046.0,94323.0,273369.0,0.9582312424417687
2022-23,32,Kerala,2023-02,2023-02-01,276279.0,180184.0,95238.0,275422.0,0.9968980631897466
2022-23,32,Kerala,2023-03,2023-03-01,339189.0,196301.0,141245.0,337546.0,0.995156092915749
2022-23,33,Tamil Nadu,2022-04,2022-04-01,872690.0,506224.0,326646.0,832870.0,0.9543709679267552
2022-23,33,Tamil Nadu,2022-05,2022-05-01,878008.0,513124.0,326459.0,839583.0,0.9562361618572951
2022-23,33,Tamil Nadu,2022-06,2022-06-01,999035.0,565315.0,948683.0,950931.0,0.951849534801083
2022-23,33,Tamil Nadu,2022-07,2022-07-01,889467.0,520984.0,328332.0,849316.0,0.9548594832635725
2022-23,33,Tamil Nadu,2022-08,2022-08-01,894020.0,493938.0,361274.0,855212.0,0.9565915751325473
2022-23,33,Tamil Nadu,2022-09,2022-09-01,1012178.0,557050.0,420658.0,977708.0,0.9659447251372782
2022-23,33,Tamil Nadu,2022-10,2022-10-01,904846.0,551056.0,322065.0,873121.0,0.9649387851634422
2022-23,33,Tamil Nadu,2022-11,2022-11-01,910192.0,554975.0,324114.0,879089.0,0.9658280890185807
2022-23,33,Tamil Nadu,2022-12,2022-12-01,1025826.0,633578.0,359781.0,993359.0,0.9683503830084245
2022-23,33,Tamil Nadu,2023-01,2023-01-01,923071.0,582726.0,308136.0,890862.0,0.9651066927679453
2022-23,33,Tamil Nadu,2023-02,2023-02-01,907892.0,582308.0,315602.0,897910.0,0.9890053001898904
2022-23,33,Tamil Nadu,2023-03,2023-03-01,1023930.0,608907.0,403303.0,1012210.0,0.9885539050521032
2022-23,34,Puducherry,2022-04,2022-04-01,17959.0,9246.0,7749.0,16995.0,0.9463221782950053
2022-23,34,Puducherry,2022-05,2022-05-01,18024.0,9318.0,7839.0,17157.0,0.9518974700399467
2022-23,34,Puducherry,2022-06,2022-06-01,20468.0,10328.0,19316.0,19354.0,0.9455735782685167
2022-23,34,Puducherry,2022-07,2022-07-01,18235.0,9509.0,7832.0,17341.0,0.9509734027968193
2022-23,34,Puducherry,2022-08,2022-08-01,18317.0,8915.0,8478.0,17393.0,0.9495550581427089
2022-23,34,Puducherry,2022-09,2022-09-01,20712.0,10277.0,9565.0,19842.0,0.9579953650057937
2022-23,34,Puducherry,2022-10,2022-10-01,18585.0,10062.0,7691.0,17753.0,0.9552327145547485
2022-23,34,Puducherry,2022-11,2022-11-01,18498.0,9996.0,7818.0,17814.0,0.9630230295167045
2022-23,34,Puducherry,2022-12,2022-12-01,20775.0,11596.0,8453.0,20049.0,0.9650541516245488
2022-23,34,Puducherry,2023-01,2023-01-01,18672.0,10557.0,7435.0,17992.0,0.9635818337617823
2022-23,34,Puducherry,2023-02,2023-02-01,18422.0,10554.0,7560.0,18114.0,0.9832808598414938
2022-23,34,Puducherry,2023-03,2023-03-01,20562.0,10952.0,9478.0,20430.0,0.9935803910125475
2022-23,35,Andaman and Nicobar Islands,2022-04,2022-04-01,3356.0,1262.0,1894.0,3156.0,0.9404052443384983
2022-23,35,Andaman and Nicobar Islands,2022-05,2022-05-01,3369.0,1415.0,1786.0,3201.0,0.95013357079252
2022-23,35,Andaman and Nicobar Islands,2022-06,2022-06-01,4189.0,1649.0,4005.0,4013.0,0.9579851993315828
2022-23,35,Andaman and Nicobar Islands,2022-07,2022-07-01,3398.0,1355.0,1907.0,3262.0,0.9599764567392584
2022-23,35,Andaman and Nicobar Islands,2022-08,2022-08-01,3433.0,1400.0,1920.0,3320.0,0.9670841829303816
2022-23,35,Andaman and Nicobar Islands,2022-09,2022-09-01,4306.0,1649.0,2535.0,4184.0,0.9716674407803065
2022-23,35,Andaman and Nicobar Islands,2022-10,2022-10-01,3505.0,1500.0,1839.0,3339.0,0.9526390870185449
2022-23,35,Andaman and Nicobar Islands,2022-11,2022-11-01,3511.0,1598.0,1774.0,3372.0,0.9604101395613786
2022-23,35,Andaman and Nicobar Islands,2022-12,2022-12-01,4405.0,1988.0,2280.0,4268.0,0.9688989784335982
2022-23,35,Andaman and Nicobar Islands,2023-01,2023-01-01,3534.0,1736.0,1663.0,3399.0,0.9617996604414262
2022-23,35,Andaman and Nicobar Islands,2023-02,2023-02-01,3464.0,1624.0,1828.0,3452.0,0.9965357967667436
2022-23,35,Andaman and Nicobar Islands,2023-03,2023-03-01,4361.0,1751.0,2588.0,4339.0,0.9949552854849805
2022-23,36,Telangana,2022-04,2022-04-01,340147.0,144632.0,151681.0,296313.0,0.8711321869662234
2022-23,36,Telangana,2022-05,2022-05-01,343940.0,150850.0,148668.0,299518.0,0.8708437518171774
2022-23,36,Telangana,2022-06,2022-06-01,415294.0,175268.0,362232.0,363086.0,0.8742866499395608
2022-23,36,Telangana,2022-07,2022-07-01,349377.0,151539.0,152712.0,304251.0,0.8708386642509381
2022-23,36,Telangana,2022-08,2022-08-01,352323.0,143660.0,164132.0,307792.0,0.8736074567939078
2022-23,36,Telangana,2022-09,2022-09-01,424236.0,174486.0,208452.0,382938.0,0.9026532401776369
2022-23,36,Telangana,2022-10,2022-10-01,358309.0,165519.0,154192.0,319711.0,0.8922773360423545
2022-23,36,Telangana,2022-11,2022-11-01,359722.0,173341.0,150205.0,323546.0,0.8994334513874603
2022-23,36,Telangana,2022-12,2022-12-01,432157.0,213067.0,178587.0,391654.0,0.9062771168811334
2022-23,36,Telangana,2023-01,2023-01-01,367733.0,181970.0,145682.0,327652.0,0.8910051586341177
2022-23,36,Telangana,2023-02,2023-02-01,337773.0,180668.0,150745.0,331413.0,0.9811707862973061
2022-23,36,Telangana,2023-03,2023-03-01,408499.0,198734.0,201472.0,400206.0,0.979698848711992
2022-23,37,Andhra Pradesh,2022-04,2022-04-01,250172.0,120224.0,112346.0,232570.0,0.929640407399709
2022-23,37,Andhra Pradesh,2022-05,2022-05-01,249985.0,129578.0,104743.0,234321.0,0.9373402404144249
2022-23,37,Andhra Pradesh,2022-06,2022-06-01,300587.0,147753.0,284476.0,285004.0,0.9481581039765525
2022-23,37,Andhra Pradesh,2022-07,2022-07-01,247712.0,126259.0,109586.0,235845.0,0.9520935602635319
2022-23,37,Andhra Pradesh,2022-08,2022-08-01,250023.0,121502.0,116266.0,237768.0,0.9509845094251329
2022-23,37,Andhra Pradesh,2022-09,2022-09-01,306096.0,141966.0,151885.0,293851.0,0.95999621033924
2022-23,37,Andhra Pradesh,2022-10,2022-10-01,252706.0,136990.0,106713.0,243703.0,0.9643736199377934
2022-23,37,Andhra Pradesh,2022-11,2022-11-01,254538.0,149327.0,96689.0,246016.0,0.9665197337922039
2022-23,37,Andhra Pradesh,2022-12,2022-12-01,310997.0,177127.0,122770.0,299897.0,0.9643083373794602
2022-23,37,Andhra Pradesh,2023-01,2023-01-01,259359.0,149842.0,98669.0,248511.0,0.9581738054202862
2022-23,37,Andhra Pradesh,2023-02,2023-02-01,254394.0,147568.0,102910.0,250478.0,0.98460655518605
2022-23,37,Andhra Pradesh,2023-03,2023-03-01,309142.0,156753.0,148064.0,304817.0,0.9860096654611796
2022-23,38,Ladakh,2022-04,2022-04-01,2272.0,613.0,1488.0,2101.0,0.9247359154929577
2022-23,38,Ladakh,2022-05,2022-05-01,2410.0,741.0,1497.0,2238.0,0.9286307053941909
2022-23,38,Ladakh,2022-06,2022-06-01,5863.0,2005.0,5485.0,5538.0,0.9445676274944568
2022-23,38,Ladakh,2022-07,2022-07-01,2354.0,698.0,1425.0,2123.0,0.9018691588785047
2022-23,38,Ladakh,2022-08,2022-08-01,2487.0,643.0,1594.0,2237.0,0.8994772818657016
2022-23,38,Ladakh,2022-09,2022-09-01,6137.0,2120.0,4052.0,6172.0,1.0057031122698388
2022-23,38,Ladakh,2022-10,2022-10-01,2383.0,764.0,1614.0,2378.0,0.9979018044481746
2022-23,38,Ladakh,2022-11,2022-11-01,2468.0,818.0,1645.0,2463.0,0.9979740680713128
2022-23,38,Ladakh,2022-12,2022-12-01,6357.0,2495.0,3898.0,6393.0,1.005663048607834
2022-23,38,Ladakh,2023-01,2023-01-01,2401.0,960.0,1362.0,2322.0,0.9670970428987922
2022-23,38,Ladakh,2023-02,2023-02-01,2316.0,983.0,1412.0,2395.0,1.0341105354058722
2022-23,38,Ladakh,2023-03,2023-03-01,6380.0,2301.0,4302.0,6603.0,1.0349529780564264
2022-23,97,Other Territory,2022-04,2022-04-01,82.0,61.0,5.0,66.0,0.8048780487804879
2022-23,97,Other Territory,2022-05,2022-05-01,81.0,60.0,5.0,65.0,0.8024691358024691
2022-23,97,Other Territory,2022-06,2022-06-01,87.0,63.0,71.0,71.0,0.8160919540229885
2022-23,97,Other Territory,2022-07,2022-07-01,80.0,60.0,4.0,64.0,0.8
2022-23,97,Other Territory,2022-08,2022-08-01,83.0,61.0,4.0,65.0,0.7831325301204819
2022-23,97,Other Territory,2022-09,2022-09-01,87.0,60.0,10.0,70.0,0.8045977011494253
2022-23,97,Other Territory,2022-10,2022-10-01,80.0,60.0,4.0,64.0,0.8
2022-23,97,Other Territory,2022-11,2022-11-01,81.0,58.0,7.0,65.0,0.8024691358024691
2022-23,97,Other Territory,2022-12,2022-12-01,87.0,66.0,4.0,70.0,0.8045977011494253
2022-23,97,Other Territory,2023-01,2023-01-01,83.0,62.0,3.0,65.0,0.7831325301204819
2022-23,97,Other Territory,2023-02,2023-02-01,79.0,61.0,6.0,67.0,0.8481012658227848
2022-23,97,Other Territory,2023-03,2023-03-01,86.0,68.0,7.0,75.0,0.872093023255814
2023-24,01,Jammu and Kashmir,2023-04,2023-04-01,70249.0,28689.0,41877.0,70566.0,1.0045125197511708
2023-24,01,Jammu and Kashmir,2023-05,2023-05-01,72254.0,29165.0,43020.0,72185.0,0.9990450355689651
2023-24,01,Jammu and Kashmir,2023-06,2023-06-01,120466.0,45623.0,74866.0,120489.0,1.0001909252403167
2023-24,01,Jammu and Kashmir,2023-07,2023-07-01,70979.0,29494.0,41691.0,71185.0,1.002902266867665
2023-24,01,Jammu and Kashmir,2023-08,2023-08-01,73348.0,30390.0,42542.0,72932.0,0.9943284070458636
2023-24,01,Jammu and Kashmir,2023-09,2023-09-01,123554.0,46600.0,77011.0,123611.0,1.0004613367434483
2023-24,01,Jammu and Kashmir,2023-10,2023-10-01,71950.0,30051.0,41853.0,71904.0,0.9993606671299513
2023-24,01,Jammu and Kashmir,2023-11,2023-11-01,73532.0,29930.0,43038.0,72968.0,0.9923298699885764
2023-24,01,Jammu and Kashmir,2023-12,2023-12-01,125499.0,46715.0,79239.0,125954.0,1.0036255268966288
2023-24,01,Jammu and Kashmir,2024-01,2024-01-01,72481.0,29864.0,42355.0,72219.0,0.9963852595852706
2023-24,01,Jammu and Kashmir,2024-02,2024-02-01,73790.0,30195.0,43024.0,73219.0,0.9922618240954059
2023-24,01,Jammu and Kashmir,2024-03,2024-03-01,128129.0,42523.0,85623.0,128146.0,1.0001326787846623
2023-24,02,Himachal Pradesh,2023-04,2023-04-01,44514.0,27155.0,17631.0,44786.0,1.0061104371658354
2023-24,02,Himachal Pradesh,2023-05,2023-05-01,46110.0,27222.0,18774.0,45996.0,0.9975276512687052
2023-24,02,Himachal Pradesh,2023-06,2023-06-01,102242.0,50063.0,52505.0,102568.0,1.0031885135267307
2023-24,02,Himachal Pradesh,2023-07,2023-07-01,44890.0,28025.0,16798.0,44823.0,0.9985074626865672
2023-24,02,Himachal Pradesh,2023-08,2023-08-01,46425.0,28597.0,17302.0,45899.0,0.9886698976844372
2023-24,02,Himachal Pradesh,2023-09,2023-09-01,103964.0,59922.0,44407.0,104329.0,1.0035108306721559
2023-24,02,Himachal Pradesh,2023-10,2023-10-01,45569.0,29709.0,15632.0,45341.0,0.9949965985648138
2023-24,02,Himachal Pradesh,2023-11,2023-11-01,46951.0,30251.0,16002.0,46253.0,0.9851334369874976
2023-24,02,Himachal Pradesh,2023-12,2023-12-01,105644.0,63606.0,42423.0,106029.0,1.0036443148688046
2023-24,02,Himachal Pradesh,2024-01,2024-01-01,46072.0,30845.0,15094.0,45939.0,0.9971132140996701
2023-24,02,Himachal Pradesh,2024-02,2024-02-01,47252.0,31346.0,15556.0,46902.0,0.9925929061203759
2023-24,02,Himachal Pradesh,2024-03,2024-03-01,107665.0,61196.0,46545.0,107741.0,1.0007058932800816
2023-24,03,Punjab,2023-04,2023-04-01,165970.0,129901.0,35169.0,165070.0,0.9945773332529976
2023-24,03,Punjab,2023-05,2023-05-01,170538.0,130540.0,37612.0,168152.0,0.9860089833350925
2023-24,03,Punjab,2023-06,2023-06-01,344875.0,247761.0,96107.0,343868.0,0.9970801014860456
2023-24,03,Punjab,2023-07,2023-07-01,167705.0,129138.0,37666.0,166804.0,0.9946274708565636
2023-24,03,Punjab,2023-08,2023-08-01,171864.0,131240.0,38692.0,169932.0,0.9887585532746823
2023-24,03,Punjab,2023-09,2023-09-01,349048.0,255454.0,93171.0,348625.0,0.9987881322912608
2023-24,03,Punjab,2023-10,2023-10-01,170526.0,131776.0,38068.0,169844.0,0.9960006098776726
2023-24,03,Punjab,2023-11,2023-11-01,174892.0,133948.0,38309.0,172257.0,0.9849335589964092
2023-24,03,Punjab,2023-12,2023-12-01,353589.0,259019.0,94304.0,353323.0,0.9992477141540037
2023-24,03,Punjab,2024-01,2024-01-01,172980.0,135676.0,36186.0,171862.0,0.9935368250664817
2023-24,03,Punjab,2024-02,2024-02-01,177212.0,137894.0,36691.0,174585.0,0.9851759474527685
2023-24,03,Punjab,2024-03,2024-03-01,359260.0,257240.0,100711.0,357951.0,0.9963563992651562
2023-24,04,Chandigarh,2023-04,2023-04-01,16508.0,13215.0,3341.0,16556.0,1.0029076811243034
2023-24,04,Chandigarh,2023-05,2023-05-01,16836.0,13210.0,3542.0,16752.0,0.9950106913756237
2023-24,04,Chandigarh,2023-06,2023-06-01,27790.0,20316.0,7551.0,27867.0,1.0027707808564232
2023-24,04,Chandigarh,2023-07,2023-07-01,16731.0,13202.0,3510.0,16712.0,0.9988643834797681
2023-24,04,Chandigarh,2023-08,2023-08-01,16980.0,13307.0,3656.0,16963.0,0.9989988221436985
2023-24,04,Chandigarh,2023-09,2023-09-01,28086.0,21392.0,6742.0,28134.0,1.0017090365306558
2023-24,04,Chandigarh,2023-10,2023-10-01,17018.0,13532.0,3644.0,17176.0,1.009284287225291
2023-24,04,Chandigarh,2023-11,2023-11-01,17260.0,13581.0,3704.0,17285.0,1.0014484356894553
2023-24,04,Chandigarh,2023-12,2023-12-01,28368.0,21983.0,6504.0,28487.0,1.0041948674562888
2023-24,04,Chandigarh,2024-01,2024-01-01,17209.0,13801.0,3474.0,17275.0,1.0038352025103143
2023-24,04,Chandigarh,2024-02,2024-02-01,17487.0,13967.0,3442.0,17409.0,0.9955395436610053
2023-24,04,Chandigarh,2024-03,2024-03-01,28574.0,21642.0,7063.0,28705.0,1.004584587387135
2023-24,05,Uttarakhand,2023-04,2023-04-01,85383.0,48444.0,36546.0,84990.0,0.9953972102174906
2023-24,05,Uttarakhand,2023-05,2023-05-01,88261.0,48825.0,37971.0,86796.0,0.9834015023623118
2023-24,05,Uttarakhand,2023-06,2023-06-01,157146.0,78901.0,76965.0,155866.0,0.9918547083603783
2023-24,05,Uttarakhand,2023-07,2023-07-01,86469.0,48332.0,36744.0,85076.0,0.9838901802958285
2023-24,05,Uttarakhand,2023-08,2023-08-01,88169.0,48565.0,37724.0,86289.0,0.9786773128877496
2023-24,05,Uttarakhand,2023-09,2023-09-01,157930.0,81416.0,76113.0,157529.0,0.9974609003989109
2023-24,05,Uttarakhand,2023-10,2023-10-01,87312.0,48856.0,37750.0,86606.0,0.9919140553417629
2023-24,05,Uttarakhand,2023-11,2023-11-01,89337.0,50118.0,37678.0,87796.0,0.9827507079933286
2023-24,05,Uttarakhand,2023-12,2023-12-01,160173.0,83010.0,77609.0,160619.0,1.0027844892709759
2023-24,05,Uttarakhand,2024-01,2024-01-01,88523.0,50537.0,37606.0,88143.0,0.9957073302983406
2023-24,05,Uttarakhand,2024-02,2024-02-01,90782.0,51914.0,37715.0,89629.0,0.9872992443435924
2023-24,05,Uttarakhand,2024-03,2024-03-01,163900.0,81154.0,82104.0,163258.0,0.9960829774252593
2023-24,06,Haryana,2023-04,2023-04-01,284262.0,209878.0,72333.0,282211.0,0.9927848252668313
2023-24,06,Haryana,2023-05,2023-05-01,290906.0,210450.0,76324.0,286774.0,0.9857960990835528
2023-24,06,Haryana,2023-06,2023-06-01,490131.0,339316.0,147280.0,486596.0,0.9927876424874166
2023-24,06,Haryana,2023-07,2023-07-01,287010.0,208590.0,74982.0,283572.0,0.9880213232988397
2023-24,06,Haryana,2023-08,2023-08-01,292338.0,213093.0,74391.0,287484.0,0.9833959321059869
2023-24,06,Haryana,2023-09,2023-09-01,495688.0,349688.0,142476.0,492164.0,0.9928906893045626
2023-24,06,Haryana,2023-10,2023-10-01,292071.0,211009.0,78354.0,289363.0,0.9907282818218858
2023-24,06,Haryana,2023-11,2023-11-01,298411.0,218221.0,75039.0,293260.0,0.982738571969532
2023-24,06,Haryana,2023-12,2023-12-01,502913.0,362088.0,137724.0,499812.0,0.9938339235613317
2023-24,06,Haryana,2024-01,2024-01-01,298012.0,222703.0,71726.0,294429.0,0.9879769942149981
2023-24,06,Haryana,2024-02,2024-02-01,303376.0,227228.0,71588.0,298816.0,0.9849691471968778
2023-24,06,Haryana,2024-03,2024-03-01,511329.0,358006.0,149671.0,507677.0,0.9928578273479501
2023-24,07,Delhi,2023-04,2023-04-01,430635.0,319634.0,107201.0,426835.0,0.9911758217515994
2023-24,07,Delhi,2023-05,2023-05-01,441093.0,317926.0,113310.0,431236.0,0.977653238659421
2023-24,07,Delhi,2023-06,2023-06-01,754668.0,551852.0,199802.0,751654.0,0.996006190801783
2023-24,07,Delhi,2023-07,2023-07-01,429537.0,312302.0,111528.0,423830.0,0.9867136009237854
2023-24,07,Delhi,2023-08,2023-08-01,433887.0,314243.0,112598.0,426841.0,0.9837607487663839
2023-24,07,Delhi,2023-09,2023-09-01,753330.0,552078.0,199957.0,752035.0,0.9982809658449816
2023-24,07,Delhi,2023-10,2023-10-01,431686.0,312341.0,113749.0,426090.0,0.987036874024175
2023-24,07,Delhi,2023-11,2023-11-01,438911.0,316492.0,114001.0,430493.0,0.9808207130830624
2023-24,07,Delhi,2023-12,2023-12-01,759875.0,562999.0,195534.0,758533.0,0.9982339200526402
2023-24,07,Delhi,2024-01,2024-01-01,437477.0,322741.0,108288.0,431029.0,0.9852609394322445
2023-24,07,Delhi,2024-02,2024-02-01,445887.0,327168.0,109698.0,436866.0,0.9797684166616205
2023-24,07,Delhi,2024-03,2024-03-01,770088.0,557582.0,207215.0,764797.0,0.9931293566449548
2023-24,08,Rajasthan,2023-04,2023-04-01,302574.0,211846.0,89294.0,301140.0,0.995260663507109
2023-24,08,Rajasthan,2023-05,2023-05-01,314962.0,217051.0,92335.0,309386.0,0.982296277011195
2023-24,08,Rajasthan,2023-06,2023-06-01,695415.0,442279.0,249422.0,691701.0,0.9946593041565108
2023-24,08,Rajasthan,2023-07,2023-07-01,305324.0,211986.0,90685.0,302671.0,0.9913108697645779
2023-24,08,Rajasthan,2023-08,2023-08-01,316716.0,216353.0,93425.0,309778.0,0.9780939390494955
2023-24,08,Rajasthan,2023-09,2023-09-01,703511.0,445675.0,254003.0,699678.0,0.9945516132654643
2023-24,08,Rajasthan,2023-10,2023-10-01,311084.0,218094.0,90853.0,308947.0,0.9931304727983439
2023-24,08,Rajasthan,2023-11,2023-11-01,323550.0,222745.0,93502.0,316247.0,0.977428527275537
2023-24,08,Rajasthan,2023-12,2023-12-01,714257.0,469924.0,244151.0,714075.0,0.9997451897566282
2023-24,08,Rajasthan,2024-01,2024-01-01,316308.0,227656.0,87021.0,314677.0,0.99484363342059
2023-24,08,Rajasthan,2024-02,2024-02-01,328067.0,233170.0,88440.0,321610.0,0.9803180447896314
2023-24,08,Rajasthan,2024-03,2024-03-01,726752.0,452470.0,272976.0,725446.0,0.9982029633217384
2023-24,09,Uttar Pradesh,2023-04,2023-04-01,921236.0,463533.0,454309.0,917842.0,0.9963158191820554
2023-24,09,Uttar Pradesh,2023-05,2023-05-01,943261.0,483030.0,449470.0,932500.0,0.9885917047349567
2023-24,09,Uttar Pradesh,2023-06,2023-06-01,1440086.0,694090.0,736474.0,1430564.0,0.9933878948896108
2023-24,09,Uttar Pradesh,2023-07,2023-07-01,938677.0,472567.0,455634.0,928201.0,0.9888396114957542
2023-24,09,Uttar Pradesh,2023-08,2023-08-01,958009.0,481180.0,462107.0,943287.0,0.9846327122187787
2023-24,09,Uttar Pradesh,2023-09,2023-09-01,1463397.0,703758.0,751015.0,1454773.0,0.9941068623210243
2023-24,09,Uttar Pradesh,2023-10,2023-10-01,959088.0,481971.0,468992.0,950963.0,0.9915284103231403
2023-24,09,Uttar Pradesh,2023-11,2023-11-01,980581.0,494021.0,469975.0,963996.0,0.9830865578672237
2023-24,09,Uttar Pradesh,2023-12,2023-12-01,1490329.0,732983.0,752796.0,1485779.0,0.9969469828474116
2023-24,09,Uttar Pradesh,2024-01,2024-01-01,983291.0,509298.0,464748.0,974046.0,0.9905979003163865
2023-24,09,Uttar Pradesh,2024-02,2024-02-01,1002255.0,514513.0,472998.0,987511.0,0.9852891729150764
2023-24,09,Uttar Pradesh,2024-03,2024-03-01,1522890.0,703619.0,808897.0,1512516.0,0.9931879518546973
2023-24,10,Bihar,2023-04,2023-04-01,275195.0,85464.0,185640.0,271104.0,0.9851341775831683
2023-24,10,Bihar,2023-05,2023-05-01,285702.0,87608.0,189588.0,277196.0,0.9702277197919511
2023-24,10,Bihar,2023-06,2023-06-01,479092.0,142398.0,327870.0,470268.0,0.9815818256201314
2023-24,10,Bihar,2023-07,2023-07-01,279649.0,86817.0,185503.0,272320.0,0.9737921465837532
2023-24,10,Bihar,2023-08,2023-08-01,287758.0,88230.0,188389.0,276619.0,0.961290389841464
2023-24,10,Bihar,2023-09,2023-09-01,485015.0,144558.0,331798.0,476356.0,0.9821469439089513
2023-24,10,Bihar,2023-10,2023-10-01,283525.0,92392.0,183997.0,276389.0,0.9748311436381272
2023-24,10,Bihar,2023-11,2023-11-01,295027.0,93946.0,188045.0,281991.0,0.9558142136143472
2023-24,10,Bihar,2023-12,2023-12-01,494059.0,152139.0,335655.0,487794.0,0.9873193282583659
2023-24,10,Bihar,2024-01,2024-01-01,287237.0,96990.0,185949.0,282939.0,0.9850367466586826
2023-24,10,Bihar,2024-02,2024-02-01,298081.0,96192.0,191176.0,287368.0,0.9640601044682485
2023-24,10,Bihar,2024-03,2024-03-01,503654.0,138584.0,355306.0,493890.0,0.9806136752611913
2023-24,11,Sikkim,2023-04,2023-04-01,5644.0,2256.0,3532.0,5788.0,1.0255138199858256
2023-24,11,Sikkim,2023-05,2023-05-01,5914.0,2313.0,3639.0,5952.0,1.0064254311802503
2023-24,11,Sikkim,2023-06,2023-06-01,9037.0,3567.0,5715.0,9282.0,1.027110766847405
2023-24,11,Sikkim,2023-07,2023-07-01,5910.0,2387.0,3634.0,6021.0,1.018781725888325
2023-24,11,Sikkim,2023-08,2023-08-01,6115.0,2405.0,3717.0,6122.0,1.0011447260834014
2023-24,11,Sikkim,2023-09,2023-09-01,9431.0,3773.0,5777.0,9550.0,1.0126179620400806
2023-24,11,Sikkim,2023-10,2023-10-01,6099.0,2590.0,3553.0,6143.0,1.0072142974258076
2023-24,11,Sikkim,2023-11,2023-11-01,6250.0,2798.0,3429.0,6227.0,0.99632
2023-24,11,Sikkim,2023-12,2023-12-01,9632.0,3775.0,5960.0,9735.0,1.0106935215946844
2023-24,11,Sikkim,2024-01,2024-01-01,6297.0,2627.0,3616.0,6243.0,0.9914244878513578
2023-24,11,Sikkim,2024-02,2024-02-01,6366.0,2564.0,3720.0,6284.0,0.9871190700596921
2023-24,11,Sikkim,2024-03,2024-03-01,9853.0,3537.0,6349.0,9886.0,1.003349233735918
2023-24,12,Arunachal Pradesh,2023-04,2023-04-01,9571.0,2217.0,7617.0,9834.0,1.027478842336224
2023-24,12,Arunachal Pradesh,2023-05,2023-05-01,10057.0,2717.0,7258.0,9975.0,0.9918464750919758
2023-24,12,Arunachal Pradesh,2023-06,2023-06-01,12982.0,3444.0,9799.0,13243.0,1.0201047604375288
2023-24,12,Arunachal Pradesh,2023-07,2023-07-01,9811.0,2714.0,7321.0,10035.0,1.0228315156457037
2023-24,12,Arunachal Pradesh,2023-08,2023-08-01,10152.0,2791.0,7377.0,10168.0,1.0015760441292356
2023-24,12,Arunachal Pradesh,2023-09,2023-09-01,13231.0,3844.0,9716.0,13560.0,1.0248658453631623
2023-24,12,Arunachal Pradesh,2023-10,2023-10-01,10040.0,2854.0,7386.0,10240.0,1.0199203187250996
2023-24,12,Arunachal Pradesh,2023-11,2023-11-01,10211.0,2879.0,7513.0,10392.0,1.0177259817843503
2023-24,12,Arunachal Pradesh,2023-12,2023-12-01,13473.0,3814.0,10074.0,13888.0,1.030802345431604
2023-24,12,Arunachal Pradesh,2024-01,2024-01-01,10213.0,2804.0,7689.0,10493.0,1.0274160383824538
2023-24,12,Arunachal Pradesh,2024-02,2024-02-01,10449.0,2838.0,7793.0,10631.0,1.0174179347305963
2023-24,12,Arunachal Pradesh,2024-03,2024-03-01,13925.0,3448.0,10868.0,14316.0,1.0280789946140036
2023-24,13,Nagaland,2023-04,2023-04-01,6159.0,2028.0,4196.0,6224.0,1.010553661308654
2023-24,13,Nagaland,2023-05,2023-05-01,6265.0,1943.0,4366.0,6309.0,1.007023144453312
2023-24,13,Nagaland,2023-06,2023-06-01,7537.0,2508.0,5098.0,7606.0,1.0091548361417009
2023-24,13,Nagaland,2023-07,2023-07-01,6306.0,1958.0,4400.0,6358.0,1.008246114811291
2023-24,13,Nagaland,2023-08,2023-08-01,6435.0,2042.0,4391.0,6433.0,0.9996891996891997
2023-24,13,Nagaland,2023-09,2023-09-01,7668.0,2427.0,5285.0,7712.0,1.0057381324986958
2023-24,13,Nagaland,2023-10,2023-10-01,6422.0,2052.0,4396.0,6448.0,1.0040485829959513
2023-24,13,Nagaland,2023-11,2023-11-01,6508.0,2080.0,4418.0,6498.0,0.9984634296250768
2023-24,13,Nagaland,2023-12,2023-12-01,7781.0,2416.0,5388.0,7804.0,1.0029559182624341
2023-24,13,Nagaland,2024-01,2024-01-01,6603.0,2044.0,4465.0,6509.0,0.9857640466454641
2023-24,13,Nagaland,2024-02,2024-02-01,6608.0,2145.0,4405.0,6550.0,0.9912227602905569
2023-24,13,Nagaland,2024-03,2024-03-01,7906.0,2348.0,5594.0,7942.0,1.0045535036681001
2023-24,14,Manipur,2023-04,2023-04-01,8800.0,1119.0,7368.0,8487.0,0.9644318181818182
2023-24,14,Manipur,2023-05,2023-05-01,8763.0,1518.0,7000.0,8518.0,0.9720415382859752
2023-24,14,Manipur,2023-06,2023-06-01,10654.0,2385.0,8119.0,10504.0,0.9859207809273512
2023-24,14,Manipur,2023-07,2023-07-01,8621.0,1989.0,6396.0,8385.0,0.972624985500522
2023-24,14,Manipur,2023-08,2023-08-01,8774.0,2156.0,6283.0,8439.0,0.9618190107134716
2023-24,14,Manipur,2023-09,2023-09-01,10734.0,2905.0,7666.0,10571.0,0.9848146077883362
2023-24,14,Manipur,2023-10,2023-10-01,8589.0,2323.0,6115.0,8438.0,0.9824193736174176
2023-24,14,Manipur,2023-11,2023-11-01,8660.0,2574.0,5936.0,8510.0,0.9826789838337182
2023-24,14,Manipur,2023-12,2023-12-01,10698.0,3107.0,7634.0,10741.0,1.0040194428865208
2023-24,14,Manipur,2024-01,2024-01-01,8445.0,2420.0,6071.0,8491.0,1.0054470100651274
2023-24,14,Manipur,2024-02,2024-02-01,8623.0,2549.0,5989.0,8538.0,0.9901426417720051
2023-24,14,Manipur,2024-03,2024-03-01,11023.0,2978.0,7945.0,10923.0,0.9909280595119296
2023-24,15,Mizoram,2023-04,2023-04-01,5637.0,1404.0,4157.0,5561.0,0.9865176512329253
2023-24,15,Mizoram,2023-05,2023-05-01,5804.0,1385.0,4250.0,5635.0,0.9708821502412129
2023-24,15,Mizoram,2023-06,2023-06-01,6771.0,1663.0,4963.0,6626.0,0.9785851425195687
2023-24,15,Mizoram,2023-07,2023-07-01,5821.0,1583.0,4151.0,5734.0,0.985054114413331
2023-24,15,Mizoram,2023-08,2023-08-01,5925.0,1407.0,4399.0,5806.0,0.9799156118143459
2023-24,15,Mizoram,2023-09,2023-09-01,6940.0,1577.0,5236.0,6813.0,0.981700288184438
2023-24,15,Mizoram,2023-10,2023-10-01,6076.0,1332.0,4619.0,5951.0,0.9794272547728768
2023-24,15,Mizoram,2023-11,2023-11-01,6181.0,1579.0,4435.0,6014.0,0.9729817181685811
2023-24,15,Mizoram,2023-12,2023-12-01,6974.0,1440.0,5465.0,6905.0,0.9901061084026384
2023-24,15,Mizoram,2024-01,2024-01-01,6124.0,1347.0,4694.0,6041.0,0.9864467668190725
2023-24,15,Mizoram,2024-02,2024-02-01,6202.0,1409.0,4723.0,6132.0,0.9887133182844243
2023-24,15,Mizoram,2024-03,2024-03-01,7084.0,1486.0,5548.0,7034.0,0.9929418407679277
2023-24,16,Tripura,2023-04,2023-04-01,18284.0,8422.0,10068.0,18490.0,1.0112666812513673
2023-24,16,Tripura,2023-05,2023-05-01,18682.0,8511.0,10332.0,18843.0,1.0086179209934696
2023-24,16,Tripura,2023-06,2023-06-01,25970.0,11784.0,14485.0,26269.0,1.0115132845591066
2023-24,16,Tripura,2023-07,2023-07-01,18895.0,8642.0,10397.0,19039.0,1.007621063773485
2023-24,16,Tripura,2023-08,2023-08-01,19436.0,8570.0,10758.0,19328.0,0.9944433010907594
2023-24,16,Tripura,2023-09,2023-09-01,26661.0,12257.0,14610.0,26867.0,1.0077266419114062
2023-24,16,Tripura,2023-10,2023-10-01,19440.0,9030.0,10475.0,19505.0,1.0033436213991769
2023-24,16,Tripura,2023-11,2023-11-01,19709.0,9159.0,10522.0,19681.0,0.9985793292404486
2023-24,16,Tripura,2023-12,2023-12-01,27081.0,11814.0,15486.0,27300.0,1.008086850559433
2023-24,16,Tripura,2024-01,2024-01-01,19795.0,9085.0,10828.0,19913.0,1.0059611012882042
2023-24,16,Tripura,2024-02,2024-02-01,20139.0,9051.0,11086.0,20137.0,0.9999006902030886
2023-24,16,Tripura,2024-03,2024-03-01,27639.0,10870.0,16917.0,27787.0,1.0053547523427042
2023-24,17,Meghalaya,2023-04,2023-04-01,13535.0,4378.0,8939.0,13317.0,0.9838936091614333
2023-24,17,Meghalaya,2023-05,2023-05-01,13884.0,4506.0,9406.0,13912.0,1.0020167098818784
2023-24,17,Meghalaya,2023-06,2023-06-01,25920.0,8579.0,17754.0,26333.0,1.0159336419753087
2023-24,17,Meghalaya,2023-07,2023-07-01,13869.0,4590.0,9520.0,14110.0,1.0173768836974548
2023-24,17,Meghalaya,2023-08,2023-08-01,14474.0,4858.0,9558.0,14416.0,0.9959928147022247
2023-24,17,Meghalaya,2023-09,2023-09-01,27035.0,8868.0,18132.0,27000.0,0.9987053819123358
2023-24,17,Meghalaya,2023-10,2023-10-01,14053.0,4668.0,9380.0,14048.0,0.9996442040845371
2023-24,17,Meghalaya,2023-11,2023-11-01,14372.0,5108.0,9101.0,14209.0,0.9886585026440301
2023-24,17,Meghalaya,2023-12,2023-12-01,27267.0,7999.0,19103.0,27102.0,0.9939487292331389
2023-24,17,Meghalaya,2024-01,2024-01-01,14007.0,4606.0,9369.0,13975.0,0.9977154280002856
2023-24,17,Meghalaya,2024-02,2024-02-01,14398.0,4794.0,9276.0,14070.0,0.9772190582025281
2023-24,17,Meghalaya,2024-03,2024-03-01,27339.0,7953.0,19164.0,27117.0,0.991879732250631
2023-24,18,Assam,2023-04,2023-04-01,120482.0,46591.0,74091.0,120682.0,1.0016599990040005
2023-24,18,Assam,2023-05,2023-05-01,123649.0,47422.0,75115.0,122537.0,0.991006801510728
2023-24,18,Assam,2023-06,2023-06-01,182121.0,66210.0,115152.0,181362.0,0.9958324410693989
2023-24,18,Assam,2023-07,2023-07-01,122848.0,48325.0,73615.0,121940.0,0.9926087522792394
2023-24,18,Assam,2023-08,2023-08-01,125846.0,48383.0,74910.0,123293.0,0.9797133003830079
2023-24,18,Assam,2023-09,2023-09-01,184102.0,69810.0,113284.0,183094.0,0.9945247743098934
2023-24,18,Assam,2023-10,2023-10-01,124176.0,50263.0,72843.0,123106.0,0.9913831980414894
2023-24,18,Assam,2023-11,2023-11-01,126536.0,50064.0,73975.0,124039.0,0.9802664854270722
2023-24,18,Assam,2023-12,2023-12-01,184835.0,69453.0,115132.0,184585.0,0.9986474423134146
2023-24,18,Assam,2024-01,2024-01-01,124975.0,50585.0,73548.0,124133.0,0.993262652530506
2023-24,18,Assam,2024-02,2024-02-01,127493.0,51094.0,74160.0,125254.0,0.9824382515118477
2023-24,18,Assam,2024-03,2024-03-01,187636.0,64548.0,121434.0,185982.0,0.9911850604361636
2023-24,19,West Bengal,2023-04,2023-04-01,382208.0,214873.0,164947.0,379820.0,0.9937520931011387
2023-24,19,West Bengal,2023-05,2023-05-01,389922.0,217609.0,167341.0,384950.0,0.9872487317976416
2023-24,19,West Bengal,2023-06,2023-06-01,650891.0,344704.0,302099.0,646803.0,0.993719378513453
2023-24,19,West Bengal,2023-07,2023-07-01,389073.0,217213.0,169096.0,386309.0,0.9928959346960596
2023-24,19,West Bengal,2023-08,2023-08-01,397763.0,220500.0,171181.0,391681.0,0.9847094878105807
2023-24,19,West Bengal,2023-09,2023-09-01,660941.0,364638.0,292763.0,657401.0,0.994643999993948
2023-24,19,West Bengal,2023-10,2023-10-01,397417.0,231013.0,163386.0,394399.0,0.9924059614963627
2023-24,19,West Bengal,2023-11,2023-11-01,405895.0,230315.0,168474.0,398789.0,0.982493009275798
2023-24,19,West Bengal,2023-12,2023-12-01,670091.0,371128.0,295900.0,667028.0,0.9954289790491142
2023-24,19,West Bengal,2024-01,2024-01-01,405395.0,235703.0,166442.0,402145.0,0.9919831275669408
2023-24,19,West Bengal,2024-02,2024-02-01,412255.0,239006.0,167675.0,406681.0,0.9864792422165892
2023-24,19,West Bengal,2024-03,2024-03-01,680839.0,356688.0,320635.0,677323.0,0.9948357834965388
2023-24,20,Jharkhand,2023-04,2023-04-01,127557.0,60994.0,65985.0,126979.0,0.995468692427699
2023-24,20,Jharkhand,2023-05,2023-05-01,129829.0,61108.0,67250.0,128358.0,0.9886697116976947
2023-24,20,Jharkhand,2023-06,2023-06-01,176637.0,80593.0,93963.0,174556.0,0.9882187763605587
2023-24,20,Jharkhand,2023-07,2023-07-01,129740.0,61440.0,67073.0,128513.0,0.9905426237089564
2023-24,20,Jharkhand,2023-08,2023-08-01,131766.0,62506.0,67090.0,129596.0,0.9835314117450632
2023-24,20,Jharkhand,2023-09,2023-09-01,178083.0,82781.0,93866.0,176647.0,0.991936344288899
2023-24,20,Jharkhand,2023-10,2023-10-01,131984.0,62385.0,68223.0,130608.0,0.9895744938780459
2023-24,20,Jharkhand,2023-11,2023-11-01,133676.0,63270.0,68562.0,131832.0,0.9862054519883898
2023-24,20,Jharkhand,2023-12,2023-12-01,179800.0,85365.0,93871.0,179236.0,0.9968631813125696
2023-24,20,Jharkhand,2024-01,2024-01-01,134089.0,66132.0,66885.0,133017.0,0.9920053099061071
2023-24,20,Jharkhand,2024-02,2024-02-01,136058.0,65827.0,68586.0,134413.0,0.9879095679783622
2023-24,20,Jharkhand,2024-03,2024-03-01,182623.0,81275.0,100450.0,181725.0,0.9950827661357003
2023-24,21,Odisha,2023-04,2023-04-01,166894.0,70584.0,95626.0,166210.0,0.9959015902309251
2023-24,21,Odisha,2023-05,2023-05-01,172134.0,72351.0,97064.0,169415.0,0.984204166521431
2023-24,21,Odisha,2023-06,2023-06-01,289249.0,114031.0,172685.0,286716.0,0.9912428392146558
2023-24,21,Odisha,2023-07,2023-07-01,169142.0,71958.0,95674.0,167632.0,0.9910725898948812
2023-24,21,Odisha,2023-08,2023-08-01,174259.0,75576.0,95191.0,170767.0,0.9799608628535685
2023-24,21,Odisha,2023-09,2023-09-01,293307.0,117925.0,173181.0,291106.0,0.9924959172471165
2023-24,21,Odisha,2023-10,2023-10-01,172053.0,76028.0,94730.0,170758.0,0.9924732495219496
2023-24,21,Odisha,2023-11,2023-11-01,176835.0,76948.0,96529.0,173477.0,0.9810105465546979
2023-24,21,Odisha,2023-12,2023-12-01,297651.0,121216.0,175529.0,296745.0,0.9969561667859339
2023-24,21,Odisha,2024-01,2024-01-01,175428.0,77235.0,96802.0,174037.0,0.992070821077593
2023-24,21,Odisha,2024-02,2024-02-01,179593.0,77262.0,98749.0,176011.0,0.9800549019171125
2023-24,21,Odisha,2024-03,2024-03-01,302258.0,115033.0,184983.0,300016.0,0.9925824957486651
2023-24,22,Chhattisgarh,2023-04,2023-04-01,74510.0,38780.0,35548.0,74328.0,0.9975573748490135
2023-24,22,Chhattisgarh,2023-05,2023-05-01,76671.0,40184.0,35324.0,75508.0,0.984831292144357
2023-24,22,Chhattisgarh,2023-06,2023-06-01,133745.0,63834.0,70002.0,133836.0,1.0006803992672624
2023-24,22,Chhattisgarh,2023-07,2023-07-01,74974.0,40619.0,34155.0,74774.0,0.9973324085683036
2023-24,22,Chhattisgarh,2023-08,2023-08-01,77586.0,41258.0,34632.0,75890.0,0.9781403861521408
2023-24,22,Chhattisgarh,2023-09,2023-09-01,135116.0,65113.0,70298.0,135411.0,1.0021833091565766
2023-24,22,Chhattisgarh,2023-10,2023-10-01,76230.0,42365.0,33295.0,75660.0,0.9925226288862653
2023-24,22,Chhattisgarh,2023-11,2023-11-01,77611.0,43322.0,33376.0,76698.0,0.9882362036309286
2023-24,22,Chhattisgarh,2023-12,2023-12-01,136879.0,68362.0,69294.0,137656.0,1.0056765464388255
2023-24,22,Chhattisgarh,2024-01,2024-01-01,76719.0,43563.0,33118.0,76681.0,0.999504685931777
2023-24,22,Chhattisgarh,2024-02,2024-02-01,78720.0,44413.0,33776.0,78189.0,0.9932545731707317
2023-24,22,Chhattisgarh,2024-03,2024-03-01,140181.0,64233.0,76219.0,140452.0,1.0019332149150026
2023-24,23,Madhya Pradesh,2023-04,2023-04-01,203718.0,109052.0,93775.0,202827.0,0.9956263069537301
2023-24,23,Madhya Pradesh,2023-05,2023-05-01,210874.0,112569.0,94704.0,207273.0,0.9829234519191555
2023-24,23,Madhya Pradesh,2023-06,2023-06-01,441035.0,205434.0,233968.0,439402.0,0.9962973460156224
2023-24,23,Madhya Pradesh,2023-07,2023-07-01,206418.0,112076.0,92285.0,204361.0,0.9900347837882355
2023-24,23,Madhya Pradesh,2023-08,2023-08-01,212709.0,112869.0,95908.0,208777.0,0.9815146514721991
2023-24,23,Madhya Pradesh,2023-09,2023-09-01,446806.0,208028.0,237799.0,445827.0,0.9978088924499671
2023-24,23,Madhya Pradesh,2023-10,2023-10-01,210129.0,116226.0,92529.0,208755.0,0.9934611595734049
2023-24,23,Madhya Pradesh,2023-11,2023-11-01,217332.0,119335.0,93027.0,212362.0,0.9771317615445494
2023-24,23,Madhya Pradesh,2023-12,2023-12-01,453805.0,224114.0,229472.0,453586.0,0.9995174138671896
2023-24,23,Madhya Pradesh,2024-01,2024-01-01,213428.0,121027.0,91537.0,212564.0,0.9959517963903518
2023-24,23,Madhya Pradesh,2024-02,2024-02-01,220509.0,122730.0,94352.0,217082.0,0.9844586842260407
2023-24,23,Madhya Pradesh,2024-03,2024-03-01,463937.0,207974.0,253871.0,461845.0,0.9954907670653559
2023-24,24,Gujarat,2023-04,2023-04-01,620995.0,524259.0,96262.0,620521.0,0.9992367088301838
2023-24,24,Gujarat,2023-05,2023-05-01,630476.0,529857.0,98473.0,628330.0,0.9965962225366232
2023-24,24,Gujarat,2023-06,2023-06-01,1032030.0,849700.0,184034.0,1033734.0,1.0016511147931746
2023-24,24,Gujarat,2023-07,2023-07-01,629419.0,530726.0,97163.0,627889.0,0.9975691868214973
2023-24,24,Gujarat,2023-08,2023-08-01,637378.0,532860.0,101387.0,634247.0,0.9950876873691906
2023-24,24,Gujarat,2023-09,2023-09-01,1041984.0,859179.0,184387.0,1043566.0,1.001518257478042
2023-24,24,Gujarat,2023-10,2023-10-01,638215.0,559039.0,78003.0,637042.0,0.9981620613743017
2023-24,24,Gujarat,2023-11,2023-11-01,645318.0,546905.0,94780.0,641685.0,0.9943702174741755
2023-24,24,Gujarat,2023-12,2023-12-01,1053133.0,887456.0,167698.0,1055154.0,1.0019190358672647
2023-24,24,Gujarat,2024-01,2024-01-01,647979.0,558703.0,89164.0,647867.0,0.9998271548923653
2023-24,24,Gujarat,2024-02,2024-02-01,657743.0,567605.0,89562.0,657167.0,0.9991242780234834
2023-24,24,Gujarat,2024-03,2024-03-01,1071541.0,882796.0,189745.0,1072541.0,1.0009332354058313
2023-24,25,Daman and Diu,2023-04,2023-04-01,0.0,0.0,,0.0,
2023-24,25,Daman and Diu,2023-05,2023-05-01,0.0,0.0,,0.0,
2023-24,25,Daman and Diu,2023-06,2023-06-01,0.0,0.0,,0.0,
2023-24,25,Daman and Diu,2023-07,2023-07-01,0.0,0.0,,0.0,
2023-24,25,Daman and Diu,2023-08,2023-08-01,0.0,0.0,,0.0,
2023-24,25,Daman and Diu,2023-09,2023-09-01,0.0,0.0,,0.0,
2023-24,25,Daman and Diu,2023-10,2023-10-01,0.0,0.0,,0.0,
2023-24,25,Daman and Diu,2023-11,2023-11-01,0.0,0.0,,1.0,
2023-24,25,Daman and Diu,2023-12,2023-12-01,1.0,1.0,,1.0,
2023-24,25,Daman and Diu,2024-01,2024-01-01,1.0,0.0,,0.0,
2023-24,25,Daman and Diu,2024-02,2024-02-01,1.0,0.0,,0.0,
2023-24,25,Daman and Diu,2024-03,2024-03-01,1.0,0.0,,0.0,
2023-24,26,Dadra and Nagar Haveli,2023-04,2023-04-01,11569.0,9220.0,2346.0,11566.0,0.9997406863168813
2023-24,26,Dadra and Nagar Haveli,2023-05,2023-05-01,11660.0,9218.0,2388.0,11606.0,0.995368782161235
2023-24,26,Dadra and Nagar Haveli,2023-06,2023-06-01,14448.0,11289.0,3148.0,14437.0,0.9992386489479512
2023-24,26,Dadra and Nagar Haveli,2023-07,2023-07-01,11629.0,9171.0,2437.0,11608.0,0.9981941697480436
2023-24,26,Dadra and Nagar Haveli,2023-08,2023-08-01,11769.0,9272.0,2386.0,11658.0,0.9905684425184808
2023-24,26,Dadra and Nagar Haveli,2023-09,2023-09-01,14510.0,11392.0,3110.0,14502.0,0.9994486560992419
2023-24,26,Dadra and Nagar Haveli,2023-10,2023-10-01,11749.0,9582.0,2149.0,11731.0,0.9984679547195506
2023-24,26,Dadra and Nagar Haveli,2023-11,2023-11-01,11839.0,9446.0,2324.0,11770.0,0.9941718050511023
2023-24,26,Dadra and Nagar Haveli,2023-12,2023-12-01,14639.0,11773.0,2840.0,14613.0,0.998223922399071
2023-24,26,Dadra and Nagar Haveli,2024-01,2024-01-01,11843.0,9656.0,2166.0,11822.0,0.9982268006417293
2023-24,26,Dadra and Nagar Haveli,2024-02,2024-02-01,11921.0,9716.0,2149.0,11865.0,0.995302407516148
2023-24,26,Dadra and Nagar Haveli,2024-03,2024-03-01,14735.0,11835.0,2886.0,14721.0,0.9990498812351544
2023-24,27,Maharashtra,2023-04,2023-04-01,836037.0,579199.0,253962.0,833161.0,0.9965599608629762
2023-24,27,Maharashtra,2023-05,2023-05-01,854298.0,582090.0,261227.0,843317.0,0.9871461714764637
2023-24,27,Maharashtra,2023-06,2023-06-01,1510524.0,1014391.0,489781.0,1504172.0,0.9957948367586348
2023-24,27,Maharashtra,2023-07,2023-07-01,845008.0,590966.0,248777.0,839743.0,0.9937692897582034
2023-24,27,Maharashtra,2023-08,2023-08-01,865288.0,598085.0,251330.0,849415.0,0.98165581864073
2023-24,27,Maharashtra,2023-09,2023-09-01,1522408.0,1031970.0,485882.0,1517852.0,0.9970073725308852
2023-24,27,Maharashtra,2023-10,2023-10-01,860909.0,622893.0,232858.0,855751.0,0.994008658290249
2023-24,27,Maharashtra,2023-11,2023-11-01,879793.0,627740.0,238495.0,866235.0,0.9845895568616708
2023-24,27,Maharashtra,2023-12,2023-12-01,1539776.0,1080776.0,458572.0,1539348.0,0.9997220374911675
2023-24,27,Maharashtra,2024-01,2024-01-01,875330.0,638151.0,234244.0,872395.0,0.9966469788536895
2023-24,27,Maharashtra,2024-02,2024-02-01,893595.0,647730.0,235901.0,883631.0,0.9888495347444871
2023-24,27,Maharashtra,2024-03,2024-03-01,1566403.0,1053071.0,507150.0,1560221.0,0.996053378345164
2023-24,29,Karnataka,2023-04,2023-04-01,675549.0,384009.0,283653.0,667662.0,0.9883250511805953
2023-24,29,Karnataka,2023-05,2023-05-01,681828.0,396401.0,274129.0,670530.0,0.983429838610324
2023-24,29,Karnataka,2023-06,2023-06-01,856106.0,498636.0,347641.0,846277.0,0.9885189450839031
2023-24,29,Karnataka,2023-07,2023-07-01,679636.0,402549.0,268902.0,671451.0,0.9879567886339158
2023-24,29,Karnataka,2023-08,2023-08-01,687189.0,403315.0,273231.0,676546.0,0.9845122666398909
2023-24,29,Karnataka,2023-09,2023-09-01,863912.0,506171.0,349201.0,855372.0,0.9901147339080832
2023-24,29,Karnataka,2023-10,2023-10-01,690763.0,421980.0,260575.0,682555.0,0.9881174874739962
2023-24,29,Karnataka,2023-11,2023-11-01,697437.0,423616.0,264923.0,688539.0,0.987241858404415
2023-24,29,Karnataka,2023-12,2023-12-01,873380.0,530410.0,338433.0,868843.0,0.9948052394146878
2023-24,29,Karnataka,2024-01,2024-01-01,700086.0,427513.0,266871.0,694384.0,0.9918552863505341
2023-24,29,Karnataka,2024-02,2024-02-01,708485.0,430600.0,268763.0,699363.0,0.9871246391949018
2023-24,29,Karnataka,2024-03,2024-03-01,887779.0,494061.0,384003.0,878064.0,0.9890569612482386
2023-24,30,Goa,2023-04,2023-04-01,22737.0,13484.0,9413.0,22897.0,1.0070369881690637
2023-24,30,Goa,2023-05,2023-05-01,23122.0,13570.0,9600.0,23170.0,1.002075944987458
2023-24,30,Goa,2023-06,2023-06-01,35582.0,21441.0,14385.0,35826.0,1.006857399808892
2023-24,30,Goa,2023-07,2023-07-01,22911.0,13789.0,9350.0,23139.0,1.0099515516564095
2023-24,30,Goa,2023-08,2023-08-01,23450.0,14168.0,9180.0,23348.0,0.9956503198294243
2023-24,30,Goa,2023-09,2023-09-01,35915.0,22067.0,14256.0,36323.0,1.0113601559237086
2023-24,30,Goa,2023-10,2023-10-01,23414.0,14738.0,8890.0,23628.0,1.0091398308704194
2023-24,30,Goa,2023-11,2023-11-01,23927.0,14951.0,8954.0,23905.0,0.9990805366322565
2023-24,30,Goa,2023-12,2023-12-01,36551.0,23698.0,13383.0,37081.0,1.014500287269842
2023-24,30,Goa,2024-01,2024-01-01,23833.0,15204.0,8934.0,24138.0,1.0127973817815634
2023-24,30,Goa,2024-02,2024-02-01,24292.0,15504.0,8896.0,24400.0,1.004445908117899
2023-24,30,Goa,2024-03,2024-03-01,37393.0,22355.0,15231.0,37586.0,1.0051613938437676
2023-24,31,Lakshadweep,2023-04,2023-04-01,184.0,93.0,94.0,187.0,1.016304347826087
2023-24,31,Lakshadweep,2023-05,2023-05-01,185.0,83.0,104.0,187.0,1.0108108108108107
2023-24,31,Lakshadweep,2023-06,2023-06-01,225.0,122.0,107.0,229.0,1.0177777777777777
2023-24,31,Lakshadweep,2023-07,2023-07-01,185.0,99.0,90.0,189.0,1.0216216216216216
2023-24,31,Lakshadweep,2023-08,2023-08-01,190.0,99.0,92.0,191.0,1.0052631578947369
2023-24,31,Lakshadweep,2023-09,2023-09-01,229.0,123.0,109.0,232.0,1.0131004366812226
2023-24,31,Lakshadweep,2023-10,2023-10-01,192.0,101.0,88.0,189.0,0.984375
2023-24,31,Lakshadweep,2023-11,2023-11-01,193.0,103.0,92.0,195.0,1.0103626943005182
2023-24,31,Lakshadweep,2023-12,2023-12-01,241.0,124.0,117.0,241.0,1.0
2023-24,31,Lakshadweep,2024-01,2024-01-01,200.0,110.0,89.0,199.0,0.995
2023-24,31,Lakshadweep,2024-02,2024-02-01,207.0,97.0,106.0,203.0,0.9806763285024155
2023-24,31,Lakshadweep,2024-03,2024-03-01,257.0,117.0,136.0,253.0,0.9844357976653697
2023-24,32,Kerala,2023-04,2023-04-01,277722.0,170984.0,104840.0,275824.0,0.9931658276982018
2023-24,32,Kerala,2023-05,2023-05-01,279588.0,169489.0,108033.0,277522.0,0.992610555531711
2023-24,32,Kerala,2023-06,2023-06-01,339205.0,202402.0,135096.0,337498.0,0.9949676449344792
2023-24,32,Kerala,2023-07,2023-07-01,280405.0,174156.0,104671.0,278827.0,0.9943724255986877
2023-24,32,Kerala,2023-08,2023-08-01,283529.0,170564.0,110209.0,280773.0,0.9902796539331074
2023-24,32,Kerala,2023-09,2023-09-01,342699.0,205427.0,136207.0,341634.0,0.996892316581023
2023-24,32,Kerala,2023-10,2023-10-01,284836.0,179131.0,104242.0,283373.0,0.9948637110477608
2023-24,32,Kerala,2023-11,2023-11-01,287465.0,175843.0,109752.0,285595.0,0.9934948602438558
2023-24,32,Kerala,2023-12,2023-12-01,346543.0,212660.0,133762.0,346422.0,0.9996508369812693
2023-24,32,Kerala,2024-01,2024-01-01,288959.0,177096.0,110610.0,287706.0,0.9956637446835018
2023-24,32,Kerala,2024-02,2024-02-01,291465.0,179400.0,109480.0,288880.0,0.9911310105844613
2023-24,32,Kerala,2024-03,2024-03-01,351557.0,200149.0,149219.0,349368.0,0.9937734136996277
2023-24,33,Tamil Nadu,2023-04,2023-04-01,912114.0,560126.0,345372.0,905498.0,0.9927465207199977
2023-24,33,Tamil Nadu,2023-05,2023-05-01,920596.0,552307.0,358188.0,910495.0,0.9890277602770379
2023-24,33,Tamil Nadu,2023-06,2023-06-01,1028922.0,622107.0,396118.0,1018225.0,0.9896036823005048
2023-24,33,Tamil Nadu,2023-07,2023-07-01,924082.0,554520.0,360426.0,914946.0,0.9901134314920105
2023-24,33,Tamil Nadu,2023-08,2023-08-01,929406.0,562804.0,356104.0,918908.0,0.9887046134843115
2023-24,33,Tamil Nadu,2023-09,2023-09-01,1036539.0,630816.0,396499.0,1027315.0,0.9911011549010698
2023-24,33,Tamil Nadu,2023-10,2023-10-01,935526.0,576632.0,348820.0,925452.0,0.9892317263229456
2023-24,33,Tamil Nadu,2023-11,2023-11-01,940174.0,566402.0,363607.0,930009.0,0.9891881715512235
2023-24,33,Tamil Nadu,2023-12,2023-12-01,1046219.0,652887.0,385896.0,1038783.0,0.9928925014743567
2023-24,33,Tamil Nadu,2024-01,2024-01-01,945246.0,579439.0,357354.0,936793.0,0.9910573543818223
2023-24,33,Tamil Nadu,2024-02,2024-02-01,950318.0,585875.0,354850.0,940725.0,0.9899054842694761
2023-24,33,Tamil Nadu,2024-03,2024-03-01,1056723.0,627240.0,421798.0,1049038.0,0.9927275170503528
2023-24,34,Puducherry,2023-04,2023-04-01,18445.0,10051.0,8185.0,18236.0,0.9886690159934942
2023-24,34,Puducherry,2023-05,2023-05-01,18615.0,9731.0,8627.0,18358.0,0.9861939296266452
2023-24,34,Puducherry,2023-06,2023-06-01,20702.0,11077.0,9320.0,20397.0,0.9852671239493769
2023-24,34,Puducherry,2023-07,2023-07-01,18543.0,9859.0,8476.0,18335.0,0.9887828290999299
2023-24,34,Puducherry,2023-08,2023-08-01,18720.0,9972.0,8427.0,18399.0,0.982852564102564
2023-24,34,Puducherry,2023-09,2023-09-01,20718.0,11198.0,9145.0,20343.0,0.9818997972777295
2023-24,34,Puducherry,2023-10,2023-10-01,18665.0,10328.0,8087.0,18415.0,0.98660594695955
2023-24,34,Puducherry,2023-11,2023-11-01,18792.0,10366.0,8159.0,18525.0,0.9857918263090677
2023-24,34,Puducherry,2023-12,2023-12-01,20796.0,11751.0,8825.0,20576.0,0.9894210425081746
2023-24,34,Puducherry,2024-01,2024-01-01,18829.0,10333.0,8271.0,18604.0,0.988050347867651
2023-24,34,Puducherry,2024-02,2024-02-01,18938.0,10404.0,8314.0,18718.0,0.988383144999472
2023-24,34,Puducherry,2024-03,2024-03-01,21042.0,11166.0,9643.0,20809.0,0.9889269080885847
2023-24,35,Andaman and Nicobar Islands,2023-04,2023-04-01,3455.0,1579.0,1877.0,3456.0,1.000289435600579
2023-24,35,Andaman and Nicobar Islands,2023-05,2023-05-01,3541.0,1531.0,1945.0,3476.0,0.9816436035018357
2023-24,35,Andaman and Nicobar Islands,2023-06,2023-06-01,4395.0,1896.0,2456.0,4352.0,0.9902161547212742
2023-24,35,Andaman and Nicobar Islands,2023-07,2023-07-01,3498.0,1533.0,1960.0,3493.0,0.998570611778159
2023-24,35,Andaman and Nicobar Islands,2023-08,2023-08-01,3551.0,1496.0,2023.0,3519.0,0.9909884539566319
2023-24,35,Andaman and Nicobar Islands,2023-09,2023-09-01,4429.0,1985.0,2404.0,4389.0,0.9909686159403929
2023-24,35,Andaman and Nicobar Islands,2023-10,2023-10-01,3560.0,1615.0,1930.0,3545.0,0.9957865168539326
2023-24,35,Andaman and Nicobar Islands,2023-11,2023-11-01,3588.0,1616.0,1964.0,3580.0,0.9977703455964325
2023-24,35,Andaman and Nicobar Islands,2023-12,2023-12-01,4449.0,2052.0,2416.0,4468.0,1.004270622611823
2023-24,35,Andaman and Nicobar Islands,2024-01,2024-01-01,3616.0,1590.0,2041.0,3631.0,1.0041482300884956
2023-24,35,Andaman and Nicobar Islands,2024-02,2024-02-01,3655.0,1641.0,2012.0,3653.0,0.999452804377565
2023-24,35,Andaman and Nicobar Islands,2024-03,2024-03-01,4544.0,1774.0,2775.0,4549.0,1.001100352112676
2023-24,36,Telangana,2023-04,2023-04-01,336228.0,169568.0,164107.0,333675.0,0.9924069381491131
2023-24,36,Telangana,2023-05,2023-05-01,340996.0,168281.0,169311.0,337592.0,0.9900174782108881
2023-24,36,Telangana,2023-06,2023-06-01,408512.0,204496.0,200367.0,404863.0,0.9910675818580604
2023-24,36,Telangana,2023-07,2023-07-01,342556.0,172031.0,167598.0,339629.0,0.9914554116699168
2023-24,36,Telangana,2023-08,2023-08-01,347597.0,174724.0,168781.0,343505.0,0.9882277464995383
2023-24,36,Telangana,2023-09,2023-09-01,416340.0,210025.0,203149.0,413174.0,0.9923956381803334
2023-24,36,Telangana,2023-10,2023-10-01,350469.0,181425.0,166164.0,347589.0,0.9917824401016923
2023-24,36,Telangana,2023-11,2023-11-01,355186.0,181733.0,169332.0,351065.0,0.9883976282848986
2023-24,36,Telangana,2023-12,2023-12-01,424208.0,223587.0,198236.0,421823.0,0.9943777580809414
2023-24,36,Telangana,2024-01,2024-01-01,358114.0,187561.0,167098.0,354659.0,0.9903522342047505
2023-24,36,Telangana,2024-02,2024-02-01,361984.0,186951.0,170806.0,357757.0,0.9883226882956153
2023-24,36,Telangana,2024-03,2024-03-01,432310.0,202596.0,225387.0,427983.0,0.9899909786958433
2023-24,37,Andhra Pradesh,2023-04,2023-04-01,255558.0,135113.0,116359.0,251472.0,0.9840114572817129
2023-24,37,Andhra Pradesh,2023-05,2023-05-01,257610.0,134183.0,119213.0,253396.0,0.9836419393657079
2023-24,37,Andhra Pradesh,2023-06,2023-06-01,310366.0,161234.0,144162.0,305396.0,0.9839866480220127
2023-24,37,Andhra Pradesh,2023-07,2023-07-01,257356.0,135142.0,118773.0,253915.0,0.9866294160617977
2023-24,37,Andhra Pradesh,2023-08,2023-08-01,260553.0,134901.0,120975.0,255876.0,0.9820497173319823
2023-24,37,Andhra Pradesh,2023-09,2023-09-01,313911.0,160994.0,148006.0,309000.0,0.9843554383248755
2023-24,37,Andhra Pradesh,2023-10,2023-10-01,261210.0,140924.0,116263.0,257187.0,0.9845985988285287
2023-24,37,Andhra Pradesh,2023-11,2023-11-01,264020.0,138694.0,120883.0,259577.0,0.9831717294144383
2023-24,37,Andhra Pradesh,2023-12,2023-12-01,317407.0,168538.0,143457.0,311995.0,0.9829493363410384
2023-24,37,Andhra Pradesh,2024-01,2024-01-01,263886.0,141302.0,118273.0,259575.0,0.9836634001045906
2023-24,37,Andhra Pradesh,2024-02,2024-02-01,265781.0,140546.0,120857.0,261403.0,0.9835277916781109
2023-24,37,Andhra Pradesh,2024-03,2024-03-01,319799.0,150065.0,165042.0,315107.0,0.9853282843285939
2023-24,38,Ladakh,2023-04,2023-04-01,2214.0,725.0,1644.0,2369.0,1.0700090334236676
2023-24,38,Ladakh,2023-05,2023-05-01,2377.0,888.0,1621.0,2509.0,1.0555321834244846
2023-24,38,Ladakh,2023-06,2023-06-01,6689.0,2471.0,4406.0,6877.0,1.0281058454178502
2023-24,38,Ladakh,2023-07,2023-07-01,2186.0,814.0,1523.0,2337.0,1.0690759377859103
2023-24,38,Ladakh,2023-08,2023-08-01,2396.0,864.0,1581.0,2445.0,1.0204507512520868
2023-24,38,Ladakh,2023-09,2023-09-01,6920.0,2554.0,4609.0,7163.0,1.0351156069364162
2023-24,38,Ladakh,2023-10,2023-10-01,2260.0,869.0,1490.0,2359.0,1.0438053097345132
2023-24,38,Ladakh,2023-11,2023-11-01,2436.0,969.0,1480.0,2449.0,1.0053366174055829
2023-24,38,Ladakh,2023-12,2023-12-01,7143.0,3070.0,4293.0,7363.0,1.0307993840123197
2023-24,38,Ladakh,2024-01,2024-01-01,2225.0,903.0,1453.0,2356.0,1.058876404494382
2023-24,38,Ladakh,2024-02,2024-02-01,2388.0,1000.0,1419.0,2419.0,1.0129815745393635
2023-24,38,Ladakh,2024-03,2024-03-01,7407.0,2920.0,4643.0,7563.0,1.02106115836371
2023-24,97,Other Territory,2023-04,2023-04-01,84.0,62.0,6.0,68.0,0.8095238095238095
2023-24,97,Other Territory,2023-05,2023-05-01,81.0,63.0,5.0,68.0,0.8395061728395061
2023-24,97,Other Territory,2023-06,2023-06-01,86.0,67.0,7.0,74.0,0.8604651162790697
2023-24,97,Other Territory,2023-07,2023-07-01,80.0,62.0,5.0,67.0,0.8375
2023-24,97,Other Territory,2023-08,2023-08-01,81.0,62.0,5.0,67.0,0.8271604938271605
2023-24,97,Other Territory,2023-09,2023-09-01,87.0,66.0,7.0,73.0,0.8390804597701149
2023-24,97,Other Territory,2023-10,2023-10-01,81.0,63.0,3.0,66.0,0.8148148148148148
2023-24,97,Other Territory,2023-11,2023-11-01,81.0,62.0,4.0,66.0,0.8148148148148148
2023-24,97,Other Territory,2023-12,2023-12-01,87.0,66.0,5.0,71.0,0.8160919540229885
2023-24,97,Other Territory,2024-01,2024-01-01,81.0,63.0,3.0,66.0,0.8148148148148148
2023-24,97,Other Territory,2024-02,2024-02-01,80.0,61.0,4.0,65.0,0.8125
2023-24,97,Other Territory,2024-03,2024-03-01,85.0,63.0,6.0,69.0,0.8117647058823529
2024-25,01,Jammu and Kashmir,2024-04,2024-04-01,72910.0,29669.0,43268.0,72937.0,1.0003703195720752
2024-25,01,Jammu and Kashmir,2024-05,2024-05-01,74548.0,32671.0,41326.0,73997.0,0.9926087889681816
2024-25,01,Jammu and Kashmir,2024-06,2024-06-01,129395.0,48090.0,81190.0,129280.0,0.999111248502647
2024-25,01,Jammu and Kashmir,2024-07,2024-07-01,72583.0,30336.0,42516.0,72852.0,1.0037061019798024
2024-25,01,Jammu and Kashmir,2024-08,2024-08-01,74384.0,57957.0,15583.0,73540.0,0.9886534738653474
2024-25,01,Jammu and Kashmir,2024-09,2024-09-01,130621.0,46421.0,83744.0,130165.0,0.9965089840071658
2024-25,01,Jammu and Kashmir,2024-10,2024-10-01,72721.0,30680.0,41879.0,72559.0,0.997772307861553
2024-25,01,Jammu and Kashmir,2024-11,2024-11-01,74187.0,32189.0,41467.0,73656.0,0.9928424117432973
2024-25,01,Jammu and Kashmir,2024-12,2024-12-01,132270.0,52938.0,79273.0,132211.0,0.9995539426929765
2024-25,01,Jammu and Kashmir,2025-01,2025-01-01,73561.0,32247.0,41151.0,73398.0,0.9977841519283316
2024-25,01,Jammu and Kashmir,2025-02,2025-02-01,75582.0,32972.0,41373.0,74345.0,0.9836336693921833
2024-25,01,Jammu and Kashmir,2025-03,2025-03-01,134150.0,45564.0,88087.0,133651.0,0.9962802832650018
2024-25,02,Himachal Pradesh,2024-04,2024-04-01,46541.0,31272.0,14868.0,46140.0,0.9913839410412325
2024-25,02,Himachal Pradesh,2024-05,2024-05-01,47616.0,31934.0,15016.0,46950.0,0.9860131048387096
2024-25,02,Himachal Pradesh,2024-06,2024-06-01,108402.0,62835.0,45204.0,108039.0,0.9966513532960647
2024-25,02,Himachal Pradesh,2024-07,2024-07-01,46539.0,31055.0,15158.0,46213.0,0.9929951223704849
2024-25,02,Himachal Pradesh,2024-08,2024-08-01,48300.0,38705.0,8188.0,46893.0,0.9708695652173913
2024-25,02,Himachal Pradesh,2024-09,2024-09-01,109219.0,60928.0,47637.0,108565.0,0.9940120308737491
2024-25,02,Himachal Pradesh,2024-10,2024-10-01,46763.0,30862.0,15527.0,46389.0,0.9920022239804974
2024-25,02,Himachal Pradesh,2024-11,2024-11-01,48206.0,32344.0,14772.0,47116.0,0.9773887067999834
2024-25,02,Himachal Pradesh,2024-12,2024-12-01,110196.0,69536.0,40317.0,109853.0,0.9968873643326437
2024-25,02,Himachal Pradesh,2025-01,2025-01-01,47206.0,32612.0,14155.0,46767.0,0.9907003347032157
2024-25,02,Himachal Pradesh,2025-02,2025-02-01,48813.0,33564.0,13865.0,47429.0,0.971646897342921
2024-25,02,Himachal Pradesh,2025-03,2025-03-01,111276.0,62688.0,48055.0,110743.0,0.995210108199432
2024-25,03,Punjab,2024-04,2024-04-01,177091.0,137244.0,38004.0,175248.0,0.9895929211535313
2024-25,03,Punjab,2024-05,2024-05-01,181172.0,140142.0,37777.0,177919.0,0.9820446868169475
2024-25,03,Punjab,2024-06,2024-06-01,363483.0,261322.0,99660.0,360982.0,0.9931193480850549
2024-25,03,Punjab,2024-07,2024-07-01,177513.0,136810.0,39972.0,176782.0,0.9958819917414499
2024-25,03,Punjab,2024-08,2024-08-01,182324.0,150072.0,28554.0,178626.0,0.9797174261205327
2024-25,03,Punjab,2024-09,2024-09-01,365690.0,253932.0,109152.0,363084.0,0.9928737455221636
2024-25,03,Punjab,2024-10,2024-10-01,180670.0,137161.0,39815.0,176976.0,0.9795538827696906
2024-25,03,Punjab,2024-11,2024-11-01,181581.0,141016.0,37217.0,178233.0,0.9815619475605928
2024-25,03,Punjab,2024-12,2024-12-01,363376.0,267973.0,94652.0,362625.0,0.9979332702214786
2024-25,03,Punjab,2025-01,2025-01-01,179534.0,141738.0,36336.0,178074.0,0.99186783561888
2024-25,03,Punjab,2025-02,2025-02-01,184469.0,144433.0,37066.0,181499.0,0.9838997338306166
2024-25,03,Punjab,2025-03,2025-03-01,368393.0,256834.0,110692.0,367526.0,0.9976465350861715
2024-25,04,Chandigarh,2024-04,2024-04-01,17545.0,14003.0,3539.0,17542.0,0.9998290111142776
2024-25,04,Chandigarh,2024-05,2024-05-01,17787.0,14230.0,3430.0,17660.0,0.9928599538989149
2024-25,04,Chandigarh,2024-06,2024-06-01,28677.0,21864.0,6814.0,28678.0,1.0000348711510967
2024-25,04,Chandigarh,2024-07,2024-07-01,17606.0,13952.0,3642.0,17594.0,0.9993184141769851
2024-25,04,Chandigarh,2024-08,2024-08-01,17849.0,15162.0,2568.0,17730.0,0.9933329598296823
2024-25,04,Chandigarh,2024-09,2024-09-01,28890.0,21527.0,7335.0,28862.0,0.999030806507442
2024-25,04,Chandigarh,2024-10,2024-10-01,17747.0,14049.0,3747.0,17796.0,1.002761030033245
2024-25,04,Chandigarh,2024-11,2024-11-01,17937.0,14418.0,3420.0,17838.0,0.9944806823883593
2024-25,04,Chandigarh,2024-12,2024-12-01,28933.0,22725.0,6289.0,29014.0,1.002799571423634
2024-25,04,Chandigarh,2025-01,2025-01-01,17858.0,14550.0,3283.0,17833.0,0.9986000671967745
2024-25,04,Chandigarh,2025-02,2025-02-01,18026.0,14638.0,3274.0,17912.0,0.9936758016198823
2024-25,04,Chandigarh,2025-03,2025-03-01,29023.0,21711.0,7401.0,29112.0,1.0030665334389968
2024-25,05,Uttarakhand,2024-04,2024-04-01,90468.0,51407.0,38173.0,89580.0,0.9901843745854888
2024-25,05,Uttarakhand,2024-05,2024-05-01,94129.0,52510.0,38608.0,91118.0,0.9680119835544837
2024-25,05,Uttarakhand,2024-06,2024-06-01,164995.0,83169.0,80876.0,164045.0,0.9942422497651444
2024-25,05,Uttarakhand,2024-07,2024-07-01,91074.0,51022.0,39471.0,90493.0,0.9936205722818807
2024-25,05,Uttarakhand,2024-08,2024-08-01,93800.0,72783.0,18286.0,91069.0,0.9708848614072495
2024-25,05,Uttarakhand,2024-09,2024-09-01,166352.0,79483.0,85234.0,164717.0,0.9901714436856786
2024-25,05,Uttarakhand,2024-10,2024-10-01,92175.0,51506.0,39702.0,91208.0,0.9895090859777597
2024-25,05,Uttarakhand,2024-11,2024-11-01,94655.0,54241.0,38474.0,92715.0,0.9795045164016692
2024-25,05,Uttarakhand,2024-12,2024-12-01,168400.0,89412.0,78262.0,167674.0,0.9956888361045131
2024-25,05,Uttarakhand,2025-01,2025-01-01,94024.0,55087.0,38101.0,93188.0,0.9911086531098443
2024-25,05,Uttarakhand,2025-02,2025-02-01,96514.0,56465.0,38183.0,94648.0,0.9806660173653563
2024-25,05,Uttarakhand,2025-03,2025-03-01,171502.0,84708.0,86144.0,170852.0,0.9962099567351984
2024-25,06,Haryana,2024-04,2024-04-01,304551.0,226144.0,75134.0,301278.0,0.9892530315119635
2024-25,06,Haryana,2024-05,2024-05-01,309950.0,232629.0,73603.0,306232.0,0.9880045168575576
2024-25,06,Haryana,2024-06,2024-06-01,517862.0,366841.0,147203.0,514044.0,0.9926273794949234
2024-25,06,Haryana,2024-07,2024-07-01,307768.0,228518.0,77294.0,305812.0,0.9936445634373944
2024-25,06,Haryana,2024-08,2024-08-01,314114.0,257561.0,50806.0,308367.0,0.9817040946917361
2024-25,06,Haryana,2024-09,2024-09-01,523203.0,355090.0,165213.0,520303.0,0.9944572183263475
2024-25,06,Haryana,2024-10,2024-10-01,312916.0,230193.0,79964.0,310157.0,0.9911829372739009
2024-25,06,Haryana,2024-11,2024-11-01,318942.0,238517.0,75071.0,313588.0,0.9832132488038577
2024-25,06,Haryana,2024-12,2024-12-01,530087.0,390157.0,137351.0,527508.0,0.9951347608977394
2024-25,06,Haryana,2025-01,2025-01-01,317508.0,242597.0,73182.0,315779.0,0.9945544679189185
2024-25,06,Haryana,2025-02,2025-02-01,324414.0,246520.0,73855.0,320375.0,0.9875498591306171
2024-25,06,Haryana,2025-03,2025-03-01,538701.0,371675.0,165384.0,537059.0,0.9969519269502006
2024-25,07,Delhi,2024-04,2024-04-01,445678.0,327762.0,111514.0,439276.0,0.9856353690332482
2024-25,07,Delhi,2024-05,2024-05-01,453561.0,334229.0,109979.0,444208.0,0.9793787384717821
2024-25,07,Delhi,2024-06,2024-06-01,776551.0,566600.0,203667.0,770267.0,0.9919078077293056
2024-25,07,Delhi,2024-07,2024-07-01,446959.0,328796.0,113970.0,442766.0,0.9906188263353014
2024-25,07,Delhi,2024-08,2024-08-01,453618.0,369347.0,73419.0,442766.0,0.9760767870763506
2024-25,07,Delhi,2024-09,2024-09-01,775718.0,548463.0,220487.0,768950.0,0.9912751798978495
2024-25,07,Delhi,2024-10,2024-10-01,444751.0,323377.0,115134.0,438511.0,0.985969677415003
2024-25,07,Delhi,2024-11,2024-11-01,448369.0,332265.0,107433.0,439698.0,0.9806610180454046
2024-25,07,Delhi,2024-12,2024-12-01,770483.0,585828.0,182385.0,768213.0,0.9970537961252877
2024-25,07,Delhi,2025-01,2025-01-01,444563.0,334697.0,108258.0,442955.0,0.9963829648441278
2024-25,07,Delhi,2025-02,2025-02-01,453397.0,341887.0,105647.0,447534.0,0.9870687278477802
2024-25,07,Delhi,2025-03,2025-03-01,780218.0,561818.0,216267.0,778085.0,0.9972661486917759
2024-25,08,Rajasthan,2024-04,2024-04-01,323965.0,228946.0,91865.0,320811.0,0.9902643804114643
2024-25,08,Rajasthan,2024-05,2024-05-01,333085.0,238050.0,90127.0,328177.0,0.9852650224417191
2024-25,08,Rajasthan,2024-06,2024-06-01,731481.0,458283.0,270178.0,728461.0,0.995871389687497
2024-25,08,Rajasthan,2024-07,2024-07-01,324758.0,227946.0,95119.0,323065.0,0.9947868874669754
2024-25,08,Rajasthan,2024-08,2024-08-01,336053.0,270886.0,55863.0,326749.0,0.9723138909636277
2024-25,08,Rajasthan,2024-09,2024-09-01,736224.0,436446.0,293765.0,730211.0,0.9918326487590733
2024-25,08,Rajasthan,2024-10,2024-10-01,328692.0,228451.0,97187.0,325638.0,0.9907086269212515
2024-25,08,Rajasthan,2024-11,2024-11-01,339621.0,239133.0,93018.0,332151.0,0.9780048936903195
2024-25,08,Rajasthan,2024-12,2024-12-01,745574.0,485866.0,255499.0,741365.0,0.9943546851150925
2024-25,08,Rajasthan,2025-01,2025-01-01,334329.0,240934.0,91016.0,331950.0,0.9928842547311182
2024-25,08,Rajasthan,2025-02,2025-02-01,348862.0,246661.0,92645.0,339306.0,0.9726080799857824
2024-25,08,Rajasthan,2025-03,2025-03-01,757181.0,455477.0,299260.0,754737.0,0.9967722380778176
2024-25,09,Uttar Pradesh,2024-04,2024-04-01,998452.0,506014.0,482214.0,988228.0,0.9897601487102033
2024-25,09,Uttar Pradesh,2024-05,2024-05-01,1018686.0,520059.0,481708.0,1001767.0,0.9833913492479528
2024-25,09,Uttar Pradesh,2024-06,2024-06-01,1536859.0,728595.0,795885.0,1524480.0,0.9919452597798497
2024-25,09,Uttar Pradesh,2024-07,2024-07-01,1011292.0,507584.0,494838.0,1002422.0,0.9912290416615577
2024-25,09,Uttar Pradesh,2024-08,2024-08-01,1030498.0,826318.0,182044.0,1008362.0,0.978519123763462
2024-25,09,Uttar Pradesh,2024-09,2024-09-01,1557879.0,713486.0,827397.0,1540883.0,0.9890902952026441
2024-25,09,Uttar Pradesh,2024-10,2024-10-01,1025067.0,510524.0,506896.0,1017420.0,0.9925399998244018
2024-25,09,Uttar Pradesh,2024-11,2024-11-01,1045736.0,535789.0,495620.0,1031409.0,0.9862996014290414
2024-25,09,Uttar Pradesh,2024-12,2024-12-01,1584961.0,803462.0,770478.0,1573940.0,0.9930465166019858
2024-25,09,Uttar Pradesh,2025-01,2025-01-01,1051416.0,543528.0,500597.0,1044125.0,0.9930655420880032
2024-25,09,Uttar Pradesh,2025-02,2025-02-01,1075670.0,559988.0,499837.0,1059825.0,0.9852696458951166
2024-25,09,Uttar Pradesh,2025-03,2025-03-01,1620029.0,745782.0,861920.0,1607702.0,0.9923908769534373
2024-25,10,Bihar,2024-04,2024-04-01,291365.0,112778.0,171910.0,284688.0,0.9770837265972234
2024-25,10,Bihar,2024-05,2024-05-01,301141.0,132589.0,156293.0,288882.0,0.9592914946818932
2024-25,10,Bihar,2024-06,2024-06-01,505864.0,252711.0,245040.0,497751.0,0.9839620925782424
2024-25,10,Bihar,2024-07,2024-07-01,293000.0,162010.0,124280.0,286290.0,0.977098976109215
2024-25,10,Bihar,2024-08,2024-08-01,302979.0,228060.0,59307.0,287367.0,0.9484716762547899
2024-25,10,Bihar,2024-09,2024-09-01,514622.0,200085.0,298353.0,498438.0,0.9685516748215195
2024-25,10,Bihar,2024-10,2024-10-01,295766.0,125505.0,161488.0,286993.0,0.9703380375026203
2024-25,10,Bihar,2024-11,2024-11-01,302797.0,141469.0,149527.0,290996.0,0.9610266944520587
2024-25,10,Bihar,2024-12,2024-12-01,519490.0,228790.0,278496.0,507286.0,0.9765077287339506
2024-25,10,Bihar,2025-01,2025-01-01,299668.0,141288.0,152870.0,294158.0,0.9816129850367741
2024-25,10,Bihar,2025-02,2025-02-01,313772.0,144573.0,154550.0,299123.0,0.9533132338130872
2024-25,10,Bihar,2025-03,2025-03-01,528004.0,184755.0,332445.0,517200.0,0.9795380338027743
2024-25,11,Sikkim,2024-04,2024-04-01,6462.0,2598.0,3796.0,6394.0,0.9894769421231817
2024-25,11,Sikkim,2024-05,2024-05-01,6957.0,2696.0,3732.0,6428.0,0.9239614776484116
2024-25,11,Sikkim,2024-06,2024-06-01,9947.0,4308.0,5524.0,9832.0,0.9884387252437921
2024-25,11,Sikkim,2024-07,2024-07-01,6587.0,2811.0,3667.0,6478.0,0.9834522544405647
2024-25,11,Sikkim,2024-08,2024-08-01,6643.0,4793.0,1705.0,6498.0,0.9781725124190878
2024-25,11,Sikkim,2024-09,2024-09-01,9927.0,3900.0,5967.0,9867.0,0.9939558779087337
2024-25,11,Sikkim,2024-10,2024-10-01,6546.0,2607.0,3864.0,6471.0,0.9885426214482127
2024-25,11,Sikkim,2024-11,2024-11-01,6627.0,2794.0,3733.0,6527.0,0.9849102157839142
2024-25,11,Sikkim,2024-12,2024-12-01,9949.0,4511.0,5444.0,9955.0,1.0006030756859985
2024-25,11,Sikkim,2025-01,2025-01-01,6437.0,2801.0,3601.0,6402.0,0.994562684480348
2024-25,11,Sikkim,2025-02,2025-02-01,6564.0,3009.0,3465.0,6474.0,0.9862888482632541
2024-25,11,Sikkim,2025-03,2025-03-01,10109.0,4056.0,5972.0,10028.0,0.9919873380156297
2024-25,12,Arunachal Pradesh,2024-04,2024-04-01,10987.0,2659.0,8211.0,10870.0,0.9893510512423773
2024-25,12,Arunachal Pradesh,2024-05,2024-05-01,10970.0,3000.0,7930.0,10930.0,0.9963536918869644
2024-25,12,Arunachal Pradesh,2024-06,2024-06-01,14288.0,3829.0,10692.0,14521.0,1.0163073908174691
2024-25,12,Arunachal Pradesh,2024-07,2024-07-01,10910.0,2903.0,8251.0,11154.0,1.022364802933089
2024-25,12,Arunachal Pradesh,2024-08,2024-08-01,11256.0,7639.0,3646.0,11285.0,1.0025764036958067
2024-25,12,Arunachal Pradesh,2024-09,2024-09-01,14831.0,3703.0,11254.0,14957.0,1.0084957184276178
2024-25,12,Arunachal Pradesh,2024-10,2024-10-01,11222.0,3160.0,8156.0,11316.0,1.0083764034931384
2024-25,12,Arunachal Pradesh,2024-11,2024-11-01,11337.0,3202.0,8286.0,11488.0,1.0133192202522714
2024-25,12,Arunachal Pradesh,2024-12,2024-12-01,15149.0,4416.0,10923.0,15339.0,1.0125420819856097
2024-25,12,Arunachal Pradesh,2025-01,2025-01-01,11422.0,3282.0,8350.0,11632.0,1.0183855717037296
2024-25,12,Arunachal Pradesh,2025-02,2025-02-01,11689.0,3477.0,8301.0,11778.0,1.0076139960646762
2024-25,12,Arunachal Pradesh,2025-03,2025-03-01,15725.0,3938.0,11745.0,15683.0,0.997329093799682
2024-25,13,Nagaland,2024-04,2024-04-01,6756.0,2072.0,4603.0,6675.0,0.9880106571936057
2024-25,13,Nagaland,2024-05,2024-05-01,6770.0,2137.0,4618.0,6755.0,0.9977843426883308
2024-25,13,Nagaland,2024-06,2024-06-01,8074.0,2567.0,5504.0,8071.0,0.9996284369581372
2024-25,13,Nagaland,2024-07,2024-07-01,6748.0,2167.0,4603.0,6770.0,1.0032602252519265
2024-25,13,Nagaland,2024-08,2024-08-01,6876.0,5166.0,1662.0,6828.0,0.9930191972076788
2024-25,13,Nagaland,2024-09,2024-09-01,8219.0,2504.0,5716.0,8220.0,1.000121669302835
2024-25,13,Nagaland,2024-10,2024-10-01,6901.0,2236.0,4652.0,6888.0,0.9981162150412983
2024-25,13,Nagaland,2024-11,2024-11-01,6948.0,2306.0,4619.0,6925.0,0.9966896948762234
2024-25,13,Nagaland,2024-12,2024-12-01,8297.0,2738.0,5544.0,8282.0,0.9981921176328794
2024-25,13,Nagaland,2025-01,2025-01-01,6958.0,2318.0,4638.0,6956.0,0.9997125610807703
2024-25,13,Nagaland,2025-02,2025-02-01,7049.0,2395.0,4615.0,7010.0,0.9944673003262874
2024-25,13,Nagaland,2025-03,2025-03-01,8436.0,2656.0,5722.0,8378.0,0.9931247036510195
2024-25,14,Manipur,2024-04,2024-04-01,8808.0,2446.0,6222.0,8668.0,0.9841053587647594
2024-25,14,Manipur,2024-05,2024-05-01,8878.0,2476.0,6307.0,8783.0,0.9892993917548998
2024-25,14,Manipur,2024-06,2024-06-01,11255.0,3239.0,7967.0,11206.0,0.9956463793869391
2024-25,14,Manipur,2024-07,2024-07-01,8944.0,2692.0,6210.0,8902.0,0.995304114490161
2024-25,14,Manipur,2024-08,2024-08-01,10422.0,6077.0,2928.0,9005.0,0.864037612742276
2024-25,14,Manipur,2024-09,2024-09-01,11673.0,3166.0,8230.0,11396.0,0.9762700248436563
2024-25,14,Manipur,2024-10,2024-10-01,9370.0,2630.0,6351.0,8981.0,0.9584845250800427
2024-25,14,Manipur,2024-11,2024-11-01,9238.0,2619.0,6400.0,9019.0,0.9762935700368045
2024-25,14,Manipur,2024-12,2024-12-01,11727.0,3480.0,8028.0,11508.0,0.9813251470964441
2024-25,14,Manipur,2025-01,2025-01-01,9359.0,2682.0,6448.0,9130.0,0.9755315738860989
2024-25,14,Manipur,2025-02,2025-02-01,9570.0,2797.0,6383.0,9180.0,0.9592476489028213
2024-25,14,Manipur,2025-03,2025-03-01,11968.0,3150.0,8535.0,11685.0,0.9763536096256684
2024-25,15,Mizoram,2024-04,2024-04-01,6250.0,1353.0,4829.0,6182.0,0.98912
2024-25,15,Mizoram,2024-05,2024-05-01,6322.0,1364.0,4867.0,6231.0,0.9856058209427396
2024-25,15,Mizoram,2024-06,2024-06-01,7266.0,1494.0,5665.0,7159.0,0.9852738783374622
2024-25,15,Mizoram,2024-07,2024-07-01,6403.0,1310.0,4991.0,6301.0,0.9840699672028737
2024-25,15,Mizoram,2024-08,2024-08-01,6540.0,5107.0,1288.0,6395.0,0.97782874617737
2024-25,15,Mizoram,2024-09,2024-09-01,7473.0,1534.0,5835.0,7369.0,0.9860832329720326
2024-25,15,Mizoram,2024-10,2024-10-01,6660.0,1374.0,5208.0,6582.0,0.9882882882882883
2024-25,15,Mizoram,2024-11,2024-11-01,6723.0,1636.0,4993.0,6629.0,0.986018146660717
2024-25,15,Mizoram,2024-12,2024-12-01,7657.0,1630.0,5924.0,7554.0,0.9865482564973227
2024-25,15,Mizoram,2025-01,2025-01-01,6786.0,1488.0,5243.0,6731.0,0.9918950781019746
2024-25,15,Mizoram,2025-02,2025-02-01,7025.0,1504.0,5287.0,6791.0,0.9666903914590748
2024-25,15,Mizoram,2025-03,2025-03-01,7878.0,1516.0,6221.0,7737.0,0.9821020563594821
2024-25,16,Tripura,2024-04,2024-04-01,20928.0,8477.0,11725.0,20202.0,0.9653096330275229
2024-25,16,Tripura,2024-05,2024-05-01,20519.0,8877.0,11452.0,20329.0,0.9907402894877918
2024-25,16,Tripura,2024-06,2024-06-01,27924.0,11447.0,16446.0,27893.0,0.9988898438619109
2024-25,16,Tripura,2024-07,2024-07-01,20481.0,8835.0,11633.0,20468.0,0.9993652653679019
2024-25,16,Tripura,2024-08,2024-08-01,20934.0,16399.0,4192.0,20591.0,0.9836151714913538
2024-25,16,Tripura,2024-09,2024-09-01,28211.0,10131.0,18072.0,28203.0,0.9997164226720073
2024-25,16,Tripura,2024-10,2024-10-01,20778.0,8948.0,11751.0,20699.0,0.9961979016267206
2024-25,16,Tripura,2024-11,2024-11-01,21081.0,9059.0,11821.0,20880.0,0.9904653479436459
2024-25,16,Tripura,2024-12,2024-12-01,28478.0,12015.0,16432.0,28447.0,0.9989114404101411
2024-25,16,Tripura,2025-01,2025-01-01,21086.0,8966.0,12049.0,21015.0,0.9966328369534289
2024-25,16,Tripura,2025-02,2025-02-01,21405.0,9210.0,11987.0,21197.0,0.9902826442419995
2024-25,16,Tripura,2025-03,2025-03-01,28924.0,10970.0,17812.0,28782.0,0.9950905822154612
2024-25,17,Meghalaya,2024-04,2024-04-01,14082.0,4371.0,9653.0,14024.0,0.995881266865502
2024-25,17,Meghalaya,2024-05,2024-05-01,14494.0,4566.0,9741.0,14307.0,0.9870981095625776
2024-25,17,Meghalaya,2024-06,2024-06-01,27473.0,8409.0,18996.0,27405.0,0.9975248425727078
2024-25,17,Meghalaya,2024-07,2024-07-01,14274.0,4206.0,9995.0,14201.0,0.9948858063612162
2024-25,17,Meghalaya,2024-08,2024-08-01,14651.0,11313.0,3110.0,14423.0,0.984437922326121
2024-25,17,Meghalaya,2024-09,2024-09-01,28023.0,7421.0,20251.0,27672.0,0.9874745744566963
2024-25,17,Meghalaya,2024-10,2024-10-01,14346.0,4482.0,9747.0,14229.0,0.9918444165621079
2024-25,17,Meghalaya,2024-11,2024-11-01,14687.0,4973.0,9428.0,14401.0,0.9805269966637162
2024-25,17,Meghalaya,2024-12,2024-12-01,27948.0,9039.0,18741.0,27780.0,0.9939888364104766
2024-25,17,Meghalaya,2025-01,2025-01-01,14478.0,4896.0,9466.0,14362.0,0.9919878436248101
2024-25,17,Meghalaya,2025-02,2025-02-01,14902.0,4947.0,9549.0,14496.0,0.9727553348543819
2024-25,17,Meghalaya,2025-03,2025-03-01,28105.0,7763.0,20098.0,27861.0,0.9913182707703255
2024-25,18,Assam,2024-04,2024-04-01,129137.0,48787.0,76198.0,124985.0,0.9678480993053888
2024-25,18,Assam,2024-05,2024-05-01,129298.0,51396.0,74488.0,125884.0,0.9735958792866092
2024-25,18,Assam,2024-06,2024-06-01,186733.0,69094.0,116467.0,185561.0,0.9937236589140644
2024-25,18,Assam,2024-07,2024-07-01,126872.0,50527.0,74990.0,125517.0,0.9893199445110032
2024-25,18,Assam,2024-08,2024-08-01,129739.0,92861.0,33603.0,126464.0,0.9747570121551731
2024-25,18,Assam,2024-09,2024-09-01,188270.0,61488.0,125415.0,186903.0,0.992739151218994
2024-25,18,Assam,2024-10,2024-10-01,127800.0,50345.0,76235.0,126580.0,0.9904538341158059
2024-25,18,Assam,2024-11,2024-11-01,130262.0,53241.0,74382.0,127623.0,0.9797408300194992
2024-25,18,Assam,2024-12,2024-12-01,189830.0,73253.0,115588.0,188841.0,0.994790075330559
2024-25,18,Assam,2025-01,2025-01-01,128733.0,54661.0,73560.0,128221.0,0.9960227758228271
2024-25,18,Assam,2025-02,2025-02-01,132099.0,55568.0,74119.0,129687.0,0.9817409670020212
2024-25,18,Assam,2025-03,2025-03-01,192460.0,68378.0,122791.0,191169.0,0.9932921126467837
2024-25,19,West Bengal,2024-04,2024-04-01,413342.0,233725.0,175594.0,409319.0,0.9902671395599769
2024-25,19,West Bengal,2024-05,2024-05-01,423216.0,239569.0,174167.0,413736.0,0.9776000907338097
2024-25,19,West Bengal,2024-06,2024-06-01,688530.0,382684.0,299136.0,681820.0,0.9902546003805208
2024-25,19,West Bengal,2024-07,2024-07-01,417505.0,240801.0,173179.0,413980.0,0.9915569873414689
2024-25,19,West Bengal,2024-08,2024-08-01,426115.0,348665.0,67444.0,416109.0,0.9765180761062154
2024-25,19,West Bengal,2024-09,2024-09-01,693825.0,355174.0,331801.0,686975.0,0.9901271934565633
2024-25,19,West Bengal,2024-10,2024-10-01,421441.0,243878.0,172748.0,416626.0,0.9885749132144238
2024-25,19,West Bengal,2024-11,2024-11-01,428935.0,254501.0,166644.0,421145.0,0.9818387401354518
2024-25,19,West Bengal,2024-12,2024-12-01,700018.0,403986.0,291924.0,695910.0,0.9941315794736707
2024-25,19,West Bengal,2025-01,2025-01-01,428584.0,256724.0,169339.0,426063.0,0.9941178392100498
2024-25,19,West Bengal,2025-02,2025-02-01,438333.0,261340.0,169957.0,431297.0,0.9839482767667503
2024-25,19,West Bengal,2025-03,2025-03-01,711748.0,375318.0,331290.0,706608.0,0.9927783428966432
2024-25,20,Jharkhand,2024-04,2024-04-01,136794.0,64576.0,70885.0,135461.0,0.9902554205593812
2024-25,20,Jharkhand,2024-05,2024-05-01,138439.0,65784.0,70875.0,136659.0,0.987142351504995
2024-25,20,Jharkhand,2024-06,2024-06-01,184711.0,84135.0,98935.0,183070.0,0.9911158512487075
2024-25,20,Jharkhand,2024-07,2024-07-01,138323.0,64155.0,72653.0,136808.0,0.9890473746231646
2024-25,20,Jharkhand,2024-08,2024-08-01,139858.0,111552.0,25737.0,137289.0,0.9816313689599451
2024-25,20,Jharkhand,2024-09,2024-09-01,187429.0,77340.0,107088.0,184428.0,0.9839886036845953
2024-25,20,Jharkhand,2024-10,2024-10-01,139419.0,63245.0,74722.0,137967.0,0.9895853506337013
2024-25,20,Jharkhand,2024-11,2024-11-01,141276.0,68114.0,71058.0,139172.0,0.985107166114556
2024-25,20,Jharkhand,2024-12,2024-12-01,188424.0,90107.0,96987.0,187094.0,0.9929414511951768
2024-25,20,Jharkhand,2025-01,2025-01-01,141887.0,68791.0,71600.0,140391.0,0.9894563984015449
2024-25,20,Jharkhand,2025-02,2025-02-01,143795.0,70237.0,71360.0,141597.0,0.9847143502903439
2024-25,20,Jharkhand,2025-03,2025-03-01,191754.0,84206.0,105185.0,189391.0,0.987676919386297
2024-25,21,Odisha,2024-04,2024-04-01,178246.0,75036.0,100911.0,175947.0,0.9871020948576686
2024-25,21,Odisha,2024-05,2024-05-01,181910.0,78183.0,100012.0,178195.0,0.9795778132043318
2024-25,21,Odisha,2024-06,2024-06-01,304709.0,116467.0,184930.0,301397.0,0.9891306131423752
2024-25,21,Odisha,2024-07,2024-07-01,179361.0,77306.0,100430.0,177736.0,0.9909400594332101
2024-25,21,Odisha,2024-08,2024-08-01,184404.0,140533.0,38428.0,178961.0,0.9704832866966009
2024-25,21,Odisha,2024-09,2024-09-01,307610.0,111125.0,193225.0,304350.0,0.9894021650791587
2024-25,21,Odisha,2024-10,2024-10-01,180656.0,79211.0,99449.0,178660.0,0.9889513772030821
2024-25,21,Odisha,2024-11,2024-11-01,185185.0,82844.0,98694.0,181538.0,0.9803061803061803
2024-25,21,Odisha,2024-12,2024-12-01,311830.0,131238.0,178009.0,309247.0,0.9917166404771831
2024-25,21,Odisha,2025-01,2025-01-01,184055.0,82344.0,99988.0,182332.0,0.9906386677895195
2024-25,21,Odisha,2025-02,2025-02-01,188792.0,84547.0,100135.0,184682.0,0.9782300097461757
2024-25,21,Odisha,2025-03,2025-03-01,315967.0,120401.0,193128.0,313529.0,0.9922840043422256
2024-25,22,Chhattisgarh,2024-04,2024-04-01,78665.0,43342.0,35376.0,78718.0,1.0006737430877772
2024-25,22,Chhattisgarh,2024-05,2024-05-01,80911.0,46658.0,33704.0,80362.0,0.9932147668425801
2024-25,22,Chhattisgarh,2024-06,2024-06-01,142260.0,70590.0,72118.0,142708.0,1.0031491635034444
2024-25,22,Chhattisgarh,2024-07,2024-07-01,79665.0,45936.0,33816.0,79752.0,1.0010920730559216
2024-25,22,Chhattisgarh,2024-08,2024-08-01,81657.0,60017.0,20645.0,80662.0,0.9878148842107841
2024-25,22,Chhattisgarh,2024-09,2024-09-01,144167.0,67349.0,77193.0,144542.0,1.0026011500551444
2024-25,22,Chhattisgarh,2024-10,2024-10-01,80917.0,45824.0,35613.0,81437.0,1.0064263380995342
2024-25,22,Chhattisgarh,2024-11,2024-11-01,83546.0,49058.0,33625.0,82683.0,0.9896703612381204
2024-25,22,Chhattisgarh,2024-12,2024-12-01,147023.0,77813.0,69412.0,147225.0,1.0013739346904906
2024-25,22,Chhattisgarh,2025-01,2025-01-01,81694.0,48505.0,33762.0,82267.0,1.0070139789947854
2024-25,22,Chhattisgarh,2025-02,2025-02-01,83957.0,50557.0,32752.0,83309.0,0.9922817632835856
2024-25,22,Chhattisgarh,2025-03,2025-03-01,148810.0,70588.0,78600.0,149188.0,1.002540151871514
2024-25,23,Madhya Pradesh,2024-04,2024-04-01,219593.0,119398.0,97833.0,217231.0,0.9892437372776
2024-25,23,Madhya Pradesh,2024-05,2024-05-01,225984.0,124318.0,97737.0,222055.0,0.982613813367318
2024-25,23,Madhya Pradesh,2024-06,2024-06-01,469379.0,214918.0,251890.0,466808.0,0.9945225500075632
2024-25,23,Madhya Pradesh,2024-07,2024-07-01,220673.0,120403.0,98781.0,219184.0,0.9932524595215545
2024-25,23,Madhya Pradesh,2024-08,2024-08-01,228851.0,174950.0,47458.0,222408.0,0.9718463104814923
2024-25,23,Madhya Pradesh,2024-09,2024-09-01,476427.0,202702.0,269871.0,472573.0,0.9919106179960414
2024-25,23,Madhya Pradesh,2024-10,2024-10-01,224544.0,123134.0,99774.0,222908.0,0.9927141228445204
2024-25,23,Madhya Pradesh,2024-11,2024-11-01,231787.0,130645.0,96296.0,226941.0,0.9790928740610992
2024-25,23,Madhya Pradesh,2024-12,2024-12-01,484390.0,245167.0,236069.0,481236.0,0.99348871776874
2024-25,23,Madhya Pradesh,2025-01,2025-01-01,227629.0,132627.0,93983.0,226610.0,0.9955234174907415
2024-25,23,Madhya Pradesh,2025-02,2025-02-01,234918.0,136465.0,94874.0,231339.0,0.9847648966873548
2024-25,23,Madhya Pradesh,2025-03,2025-03-01,492680.0,220352.0,269956.0,490308.0,0.9951855159535601
2024-25,24,Gujarat,2024-04,2024-04-01,663412.0,568210.0,93931.0,662141.0,0.9980841468047006
2024-25,24,Gujarat,2024-05,2024-05-01,674602.0,577658.0,92418.0,670076.0,0.9932908589064366
2024-25,24,Gujarat,2024-06,2024-06-01,1077651.0,897971.0,180217.0,1078188.0,1.0004983060378545
2024-25,24,Gujarat,2024-07,2024-07-01,670885.0,572255.0,98721.0,670976.0,1.0001356417269727
2024-25,24,Gujarat,2024-08,2024-08-01,679851.0,602785.0,75073.0,677858.0,0.9970684752982639
2024-25,24,Gujarat,2024-09,2024-09-01,1091619.0,886642.0,205375.0,1092017.0,1.0003645960724392
2024-25,24,Gujarat,2024-10,2024-10-01,681949.0,561289.0,121239.0,682528.0,1.000849037098082
2024-25,24,Gujarat,2024-11,2024-11-01,691548.0,598190.0,90769.0,688959.0,0.9962562251644137
2024-25,24,Gujarat,2024-12,2024-12-01,1107071.0,942363.0,167805.0,1110168.0,1.0027974718875303
2024-25,24,Gujarat,2025-01,2025-01-01,697202.0,608985.0,89849.0,698834.0,1.0023407850235657
2024-25,24,Gujarat,2025-02,2025-02-01,707985.0,619097.0,90062.0,709159.0,1.0016582272223282
2024-25,24,Gujarat,2025-03,2025-03-01,1132408.0,927230.0,207519.0,1134749.0,1.002067276105432
2024-25,25,Daman and Diu,2024-04,2024-04-01,1.0,0.0,,0.0,
2024-25,25,Daman and Diu,2024-05,2024-05-01,0.0,0.0,,0.0,
2024-25,25,Daman and Diu,2024-06,2024-06-01,0.0,0.0,,0.0,
2024-25,25,Daman and Diu,2024-07,2024-07-01,0.0,0.0,,0.0,
2024-25,25,Daman and Diu,2024-08,2024-08-01,0.0,0.0,,0.0,
2024-25,25,Daman and Diu,2024-09,2024-09-01,0.0,0.0,,0.0,
2024-25,25,Daman and Diu,2024-10,2024-10-01,0.0,0.0,,0.0,
2024-25,25,Daman and Diu,2024-11,2024-11-01,0.0,0.0,,0.0,
2024-25,25,Daman and Diu,2024-12,2024-12-01,0.0,0.0,,0.0,
2024-25,25,Daman and Diu,2025-01,2025-01-01,0.0,0.0,,0.0,
2024-25,25,Daman and Diu,2025-02,2025-02-01,0.0,0.0,,1.0,
2024-25,25,Daman and Diu,2025-03,2025-03-01,1.0,0.0,,0.0,
2024-25,26,Dadra and Nagar Haveli,2024-04,2024-04-01,11992.0,9639.0,2271.0,11910.0,0.9931621080720481
2024-25,26,Dadra and Nagar Haveli,2024-05,2024-05-01,12014.0,9768.0,2174.0,11942.0,0.99400699184285
2024-25,26,Dadra and Nagar Haveli,2024-06,2024-06-01,14733.0,11823.0,2858.0,14681.0,0.9964705083825426
2024-25,26,Dadra and Nagar Haveli,2024-07,2024-07-01,12053.0,9745.0,2225.0,11970.0,0.9931137476147017
2024-25,26,Dadra and Nagar Haveli,2024-08,2024-08-01,12107.0,9861.0,2122.0,11983.0,0.9897579912447344
2024-25,26,Dadra and Nagar Haveli,2024-09,2024-09-01,14785.0,11647.0,3063.0,14710.0,0.9949272911734867
2024-25,26,Dadra and Nagar Haveli,2024-10,2024-10-01,12076.0,9626.0,2405.0,12031.0,0.9962736005299768
2024-25,26,Dadra and Nagar Haveli,2024-11,2024-11-01,12179.0,10000.0,2094.0,12094.0,0.9930207734625175
2024-25,26,Dadra and Nagar Haveli,2024-12,2024-12-01,14849.0,12268.0,2588.0,14856.0,1.000471412216311
2024-25,26,Dadra and Nagar Haveli,2025-01,2025-01-01,12178.0,10073.0,2117.0,12190.0,1.0009853834784037
2024-25,26,Dadra and Nagar Haveli,2025-02,2025-02-01,12308.0,10236.0,2011.0,12247.0,0.9950438739031524
2024-25,26,Dadra and Nagar Haveli,2025-03,2025-03-01,15013.0,12096.0,2888.0,14984.0,0.9980683407713316
2024-25,27,Maharashtra,2024-04,2024-04-01,894870.0,637093.0,250062.0,887155.0,0.9913786360029948
2024-25,27,Maharashtra,2024-05,2024-05-01,910737.0,655700.0,242574.0,898274.0,0.9863154785629661
2024-25,27,Maharashtra,2024-06,2024-06-01,1579599.0,1081189.0,489817.0,1571006.0,0.9945600117498176
2024-25,27,Maharashtra,2024-07,2024-07-01,901122.0,645444.0,252131.0,897575.0,0.99606379602318
2024-25,27,Maharashtra,2024-08,2024-08-01,923866.0,729229.0,177713.0,906942.0,0.9816813260797561
2024-25,27,Maharashtra,2024-09,2024-09-01,1592928.0,1053626.0,534249.0,1587875.0,0.9968278541151891
2024-25,27,Maharashtra,2024-10,2024-10-01,914936.0,652346.0,259485.0,911831.0,0.9966063200048965
2024-25,27,Maharashtra,2024-11,2024-11-01,934551.0,684264.0,238208.0,922472.0,0.9870750766945838
2024-25,27,Maharashtra,2024-12,2024-12-01,1610673.0,1157673.0,454532.0,1612205.0,1.0009511552003416
2024-25,27,Maharashtra,2025-01,2025-01-01,933166.0,699194.0,233637.0,932831.0,0.9996410070662669
2024-25,27,Maharashtra,2025-02,2025-02-01,952259.0,710998.0,233824.0,944822.0,0.9921901499487009
2024-25,27,Maharashtra,2025-03,2025-03-01,1640364.0,1119036.0,521614.0,1640650.0,1.0001743515463641
2024-25,29,Karnataka,2024-04,2024-04-01,709794.0,416417.0,284457.0,700874.0,0.9874329735106242
2024-25,29,Karnataka,2024-05,2024-05-01,717455.0,433181.0,273273.0,706454.0,0.9846666341443018
2024-25,29,Karnataka,2024-06,2024-06-01,885615.0,527014.0,352144.0,879158.0,0.9927090214144972
2024-25,29,Karnataka,2024-07,2024-07-01,713906.0,422238.0,285366.0,707604.0,0.9911725073048833
2024-25,29,Karnataka,2024-08,2024-08-01,721933.0,580623.0,128888.0,709511.0,0.982793417117655
2024-25,29,Karnataka,2024-09,2024-09-01,896229.0,496815.0,387680.0,884495.0,0.9869073640777078
2024-25,29,Karnataka,2024-10,2024-10-01,721282.0,428965.0,282964.0,711929.0,0.9870328110225959
2024-25,29,Karnataka,2024-11,2024-11-01,727480.0,452468.0,265373.0,717841.0,0.986750151206906
2024-25,29,Karnataka,2024-12,2024-12-01,903787.0,558374.0,338531.0,896905.0,0.992385373987455
2024-25,29,Karnataka,2025-01,2025-01-01,732294.0,456372.0,269505.0,725877.0,0.9912371260723152
2024-25,29,Karnataka,2025-02,2025-02-01,740889.0,464200.0,266766.0,730966.0,0.9866066306828688
2024-25,29,Karnataka,2025-03,2025-03-01,918028.0,532375.0,376942.0,909317.0,0.9905111826654525
2024-25,30,Goa,2024-04,2024-04-01,24355.0,15173.0,9266.0,24439.0,1.0034489837815643
2024-25,30,Goa,2024-05,2024-05-01,24747.0,15842.0,8844.0,24686.0,0.9975350547541116
2024-25,30,Goa,2024-06,2024-06-01,37604.0,24042.0,13777.0,37819.0,1.0057174768641635
2024-25,30,Goa,2024-07,2024-07-01,24596.0,15401.0,9369.0,24770.0,1.0070743210278095
2024-25,30,Goa,2024-08,2024-08-01,25148.0,18952.0,6007.0,24959.0,0.9924844918084937
2024-25,30,Goa,2024-09,2024-09-01,38035.0,23468.0,14746.0,38214.0,1.0047061916655713
2024-25,30,Goa,2024-10,2024-10-01,24962.0,15971.0,9200.0,25171.0,1.0083727265443474
2024-25,30,Goa,2024-11,2024-11-01,25436.0,16860.0,8593.0,25453.0,1.0006683440792576
2024-25,30,Goa,2024-12,2024-12-01,38569.0,25755.0,13179.0,38934.0,1.0094635588166663
2024-25,30,Goa,2025-01,2025-01-01,25488.0,17028.0,8609.0,25637.0,1.0058458882611425
2024-25,30,Goa,2025-02,2025-02-01,25933.0,17332.0,8579.0,25911.0,0.9991516600470443
2024-25,30,Goa,2025-03,2025-03-01,39379.0,24339.0,15191.0,39530.0,1.003834531095254
2024-25,31,Lakshadweep,2024-04,2024-04-01,209.0,104.0,102.0,206.0,0.9856459330143541
2024-25,31,Lakshadweep,2024-05,2024-05-01,211.0,103.0,103.0,206.0,0.976303317535545
2024-25,31,Lakshadweep,2024-06,2024-06-01,253.0,130.0,121.0,251.0,0.9920948616600791
2024-25,31,Lakshadweep,2024-07,2024-07-01,206.0,113.0,99.0,212.0,1.029126213592233
2024-25,31,Lakshadweep,2024-08,2024-08-01,216.0,163.0,53.0,216.0,1.0
2024-25,31,Lakshadweep,2024-09,2024-09-01,266.0,133.0,134.0,267.0,1.0037593984962405
2024-25,31,Lakshadweep,2024-10,2024-10-01,219.0,113.0,111.0,224.0,1.0228310502283104
2024-25,31,Lakshadweep,2024-11,2024-11-01,219.0,124.0,102.0,226.0,1.0319634703196348
2024-25,31,Lakshadweep,2024-12,2024-12-01,282.0,156.0,126.0,282.0,1.0
2024-25,31,Lakshadweep,2025-01,2025-01-01,235.0,125.0,116.0,241.0,1.025531914893617
2024-25,31,Lakshadweep,2025-02,2025-02-01,242.0,144.0,105.0,249.0,1.0289256198347108
2024-25,31,Lakshadweep,2025-03,2025-03-01,297.0,155.0,152.0,307.0,1.0336700336700337
2024-25,32,Kerala,2024-04,2024-04-01,291948.0,176730.0,112532.0,289262.0,0.990799731459027
2024-25,32,Kerala,2024-05,2024-05-01,293812.0,180114.0,110729.0,290843.0,0.989894898778811
2024-25,32,Kerala,2024-06,2024-06-01,351809.0,211736.0,137959.0,349695.0,0.9939910576477577
2024-25,32,Kerala,2024-07,2024-07-01,293831.0,177404.0,115418.0,292822.0,0.9965660532755223
2024-25,32,Kerala,2024-08,2024-08-01,297227.0,227545.0,66716.0,294261.0,0.9900210949880058
2024-25,32,Kerala,2024-09,2024-09-01,355500.0,210470.0,142852.0,353322.0,0.9938734177215189
2024-25,32,Kerala,2024-10,2024-10-01,298328.0,179641.0,116362.0,296003.0,0.9922065645866295
2024-25,32,Kerala,2024-11,2024-11-01,299711.0,186155.0,111146.0,297301.0,0.9919589204266777
2024-25,32,Kerala,2024-12,2024-12-01,357015.0,219257.0,136451.0,355708.0,0.9963390893940031
2024-25,32,Kerala,2025-01,2025-01-01,300800.0,186627.0,112606.0,299233.0,0.9947905585106382
2024-25,32,Kerala,2025-02,2025-02-01,303731.0,190044.0,110609.0,300653.0,0.9898660327724204
2024-25,32,Kerala,2025-03,2025-03-01,361393.0,209985.0,148958.0,358943.0,0.9932206766594815
2024-25,33,Tamil Nadu,2024-04,2024-04-01,952408.0,582314.0,362590.0,944904.0,0.9921210237629251
2024-25,33,Tamil Nadu,2024-05,2024-05-01,959446.0,584532.0,364135.0,948667.0,0.9887653916947905
2024-25,33,Tamil Nadu,2024-06,2024-06-01,1062442.0,651571.0,401709.0,1053280.0,0.9913764704332095
2024-25,33,Tamil Nadu,2024-07,2024-07-01,959218.0,576771.0,375205.0,951976.0,0.9924500999772732
2024-25,33,Tamil Nadu,2024-08,2024-08-01,961845.0,799607.0,151569.0,951176.0,0.9889077762009472
2024-25,33,Tamil Nadu,2024-09,2024-09-01,1065577.0,622390.0,434163.0,1056553.0,0.9915313487434507
2024-25,33,Tamil Nadu,2024-10,2024-10-01,963364.0,582893.0,374142.0,957035.0,0.993430312945055
2024-25,33,Tamil Nadu,2024-11,2024-11-01,968650.0,617519.0,342036.0,959555.0,0.9906106436793476
2024-25,33,Tamil Nadu,2024-12,2024-12-01,1071657.0,701231.0,363388.0,1064619.0,0.9934326001696439
2024-25,33,Tamil Nadu,2025-01,2025-01-01,970535.0,624418.0,340295.0,964713.0,0.9940012467350482
2024-25,33,Tamil Nadu,2025-02,2025-02-01,973311.0,633505.0,336065.0,969570.0,0.9961564186575513
2024-25,33,Tamil Nadu,2025-03,2025-03-01,1078355.0,671586.0,403634.0,1075220.0,0.9970927941169652
2024-25,34,Puducherry,2024-04,2024-04-01,19014.0,10278.0,8504.0,18782.0,0.9877984642894709
2024-25,34,Puducherry,2024-05,2024-05-01,19101.0,10472.0,8452.0,18924.0,0.9907334694518611
2024-25,34,Puducherry,2024-06,2024-06-01,21195.0,11671.0,9345.0,21016.0,0.9915546119367775
2024-25,34,Puducherry,2024-07,2024-07-01,19210.0,10246.0,8831.0,19077.0,0.993076522644456
2024-25,34,Puducherry,2024-08,2024-08-01,19384.0,15025.0,4070.0,19095.0,0.9850907965332233
2024-25,34,Puducherry,2024-09,2024-09-01,21463.0,10925.0,10259.0,21184.0,0.987000885244374
2024-25,34,Puducherry,2024-10,2024-10-01,19423.0,10320.0,8869.0,19189.0,0.9879524275343665
2024-25,34,Puducherry,2024-11,2024-11-01,19535.0,10643.0,8598.0,19241.0,0.9849500895828001
2024-25,34,Puducherry,2024-12,2024-12-01,21570.0,12194.0,9120.0,21314.0,0.9881316643486323
2024-25,34,Puducherry,2025-01,2025-01-01,19570.0,10938.0,8388.0,19326.0,0.9875319366377108
2024-25,34,Puducherry,2025-02,2025-02-01,19671.0,11208.0,8217.0,19425.0,0.987494280921153
2024-25,34,Puducherry,2025-03,2025-03-01,21792.0,11818.0,9792.0,21610.0,0.9916483113069016
2024-25,35,Andaman and Nicobar Islands,2024-04,2024-04-01,3669.0,1521.0,2149.0,3670.0,1.0002725538293813
2024-25,35,Andaman and Nicobar Islands,2024-05,2024-05-01,3731.0,1648.0,2059.0,3707.0,0.9935674082015545
2024-25,35,Andaman and Nicobar Islands,2024-06,2024-06-01,4602.0,1918.0,2678.0,4596.0,0.9986962190352021
2024-25,35,Andaman and Nicobar Islands,2024-07,2024-07-01,3744.0,1631.0,2107.0,3738.0,0.9983974358974359
2024-25,35,Andaman and Nicobar Islands,2024-08,2024-08-01,3795.0,2635.0,1128.0,3763.0,0.9915678524374176
2024-25,35,Andaman and Nicobar Islands,2024-09,2024-09-01,4656.0,1853.0,2784.0,4637.0,0.9959192439862543
2024-25,35,Andaman and Nicobar Islands,2024-10,2024-10-01,3765.0,1687.0,2082.0,3769.0,1.001062416998672
2024-25,35,Andaman and Nicobar Islands,2024-11,2024-11-01,3815.0,1814.0,1998.0,3812.0,0.999213630406291
2024-25,35,Andaman and Nicobar Islands,2024-12,2024-12-01,4752.0,2244.0,2520.0,4764.0,1.0025252525252526
2024-25,35,Andaman and Nicobar Islands,2025-01,2025-01-01,3858.0,1758.0,2073.0,3831.0,0.9930015552099534
2024-25,35,Andaman and Nicobar Islands,2025-02,2025-02-01,3902.0,1872.0,1988.0,3860.0,0.9892362890825218
2024-25,35,Andaman and Nicobar Islands,2025-03,2025-03-01,4852.0,1982.0,2824.0,4806.0,0.9905193734542457
2024-25,36,Telangana,2024-04,2024-04-01,363720.0,185210.0,174627.0,359837.0,0.9893242054327505
2024-25,36,Telangana,2024-05,2024-05-01,368428.0,191507.0,171042.0,362549.0,0.9840430151888564
2024-25,36,Telangana,2024-06,2024-06-01,437654.0,225541.0,205819.0,431360.0,0.9856187764763946
2024-25,36,Telangana,2024-07,2024-07-01,368991.0,187437.0,177451.0,364888.0,0.9888804875999686
2024-25,36,Telangana,2024-08,2024-08-01,375659.0,285499.0,79516.0,365015.0,0.9716657926470549
2024-25,36,Telangana,2024-09,2024-09-01,443838.0,217162.0,217252.0,434414.0,0.9787670276091727
2024-25,36,Telangana,2024-10,2024-10-01,373881.0,193121.0,173892.0,367013.0,0.9816305188014368
2024-25,36,Telangana,2024-11,2024-11-01,377474.0,203496.0,166782.0,370278.0,0.9809364353571371
2024-25,36,Telangana,2024-12,2024-12-01,447335.0,239637.0,201447.0,441084.0,0.9860261325404898
2024-25,36,Telangana,2025-01,2025-01-01,379419.0,207492.0,166833.0,374325.0,0.9865742095150744
2024-25,36,Telangana,2025-02,2025-02-01,384239.0,211660.0,165547.0,377207.0,0.9816988905342768
2024-25,36,Telangana,2025-03,2025-03-01,454173.0,229882.0,218602.0,448484.0,0.9874739361432758
2024-25,37,Andhra Pradesh,2024-04,2024-04-01,266622.0,136509.0,126068.0,262577.0,0.9848287088087254
2024-25,37,Andhra Pradesh,2024-05,2024-05-01,269495.0,140352.0,123563.0,263915.0,0.9792946065789718
2024-25,37,Andhra Pradesh,2024-06,2024-06-01,320759.0,163207.0,151972.0,315179.0,0.9826037617027114
2024-25,37,Andhra Pradesh,2024-07,2024-07-01,267358.0,136150.0,127864.0,264014.0,0.9874924258858908
2024-25,37,Andhra Pradesh,2024-08,2024-08-01,269851.0,207004.0,56978.0,263982.0,0.9782509607153578
2024-25,37,Andhra Pradesh,2024-09,2024-09-01,321990.0,155123.0,161695.0,316818.0,0.983937389359918
2024-25,37,Andhra Pradesh,2024-10,2024-10-01,270238.0,138591.0,128082.0,266673.0,0.986807924866229
2024-25,37,Andhra Pradesh,2024-11,2024-11-01,273027.0,145135.0,124347.0,269482.0,0.9870159361528347
2024-25,37,Andhra Pradesh,2024-12,2024-12-01,326184.0,169850.0,153472.0,323322.0,0.9912258111985873
2024-25,37,Andhra Pradesh,2025-01,2025-01-01,274208.0,147489.0,124862.0,272351.0,0.9932277687011319
2024-25,37,Andhra Pradesh,2025-02,2025-02-01,277741.0,150970.0,123775.0,274745.0,0.989212971797466
2024-25,37,Andhra Pradesh,2025-03,2025-03-01,331328.0,161972.0,167442.0,329414.0,0.9942232470542786
2024-25,38,Ladakh,2024-04,2024-04-01,2422.0,936.0,1535.0,2471.0,1.0202312138728324
2024-25,38,Ladakh,2024-05,2024-05-01,2553.0,982.0,1554.0,2536.0,0.9933411672542107
2024-25,38,Ladakh,2024-06,2024-06-01,7561.0,2866.0,4819.0,7685.0,1.016399947096945
2024-25,38,Ladakh,2024-07,2024-07-01,2328.0,859.0,1521.0,2380.0,1.02233676975945
2024-25,38,Ladakh,2024-08,2024-08-01,2515.0,1710.0,757.0,2467.0,0.9809145129224652
2024-25,38,Ladakh,2024-09,2024-09-01,7764.0,2566.0,5340.0,7906.0,1.0182895414734672
2024-25,38,Ladakh,2024-10,2024-10-01,2401.0,909.0,1553.0,2462.0,1.0254060807996668
2024-25,38,Ladakh,2024-11,2024-11-01,2561.0,1031.0,1528.0,2559.0,0.9992190550566185
2024-25,38,Ladakh,2024-12,2024-12-01,7981.0,3094.0,5053.0,8147.0,1.0207993985716075
2024-25,38,Ladakh,2025-01,2025-01-01,2437.0,982.0,1506.0,2488.0,1.020927369716865
2024-25,38,Ladakh,2025-02,2025-02-01,2592.0,1028.0,1541.0,2569.0,0.9911265432098766
2024-25,38,Ladakh,2025-03,2025-03-01,8179.0,2883.0,5443.0,8326.0,1.0179728573175204
2024-25,97,Other Territory,2024-04,2024-04-01,80.0,58.0,7.0,65.0,0.8125
2024-25,97,Other Territory,2024-05,2024-05-01,80.0,60.0,5.0,65.0,0.8125
2024-25,97,Other Territory,2024-06,2024-06-01,83.0,65.0,4.0,69.0,0.8313253012048193
2024-25,97,Other Territory,2024-07,2024-07-01,65.0,59.0,12.0,71.0,1.0923076923076922
2024-25,97,Other Territory,2024-08,2024-08-01,65.0,66.0,10.0,76.0,1.1692307692307693
2024-25,97,Other Territory,2024-09,2024-09-01,85.0,83.0,28.0,111.0,1.3058823529411765
2024-25,97,Other Territory,2024-10,2024-10-01,89.0,78.0,41.0,119.0,1.3370786516853932
2024-25,97,Other Territory,2024-11,2024-11-01,101.0,88.0,57.0,145.0,1.4356435643564356
2024-25,97,Other Territory,2024-12,2024-12-01,117.0,117.0,50.0,167.0,1.4273504273504274
2024-25,97,Other Territory,2025-01,2025-01-01,148.0,124.0,36.0,160.0,1.0810810810810811
2024-25,97,Other Territory,2025-02,2025-02-01,170.0,120.0,21.0,141.0,0.8294117647058824
2024-25,97,Other Territory,2025-03,2025-03-01,87.0,85.0,20.0,105.0,1.206896551724138
2025-26,01,Jammu and Kashmir,2025-04,2025-04-01,74189.0,26890.0,47080.0,73970.0,0.9970480799040289
2025-26,01,Jammu and Kashmir,2025-05,2025-05-01,75899.0,29467.0,45202.0,74669.0,0.9837942528887074
2025-26,01,Jammu and Kashmir,2025-06,2025-06-01,134494.0,46219.0,87676.0,133895.0,0.9955462697220694
2025-26,01,Jammu and Kashmir,2025-07,2025-07-01,73914.0,31327.0,41913.0,73240.0,0.9908812944773656
2025-26,01,Jammu and Kashmir,2025-08,2025-08-01,75592.0,32125.0,41979.0,74104.0,0.980315377288602
2025-26,01,Jammu and Kashmir,2025-09,2025-09-01,136558.0,47122.0,87502.0,134624.0,0.9858375195887462
2025-26,01,Jammu and Kashmir,2025-10,2025-10-01,73704.0,30987.0,41283.0,72270.0,0.9805437968088571
2025-26,01,Jammu and Kashmir,2025-11,2025-11-01,75897.0,33166.0,41052.0,74218.0,0.9778779134880167
2025-26,01,Jammu and Kashmir,2025-12,2025-12-01,140117.0,49023.0,83415.0,132438.0,0.945195800652312
2025-26,02,Himachal Pradesh,2025-04,2025-04-01,47835.0,31164.0,16175.0,47339.0,0.9896310233092923
2025-26,02,Himachal Pradesh,2025-05,2025-05-01,49123.0,31425.0,16614.0,48039.0,0.9779329438348635
2025-26,02,Himachal Pradesh,2025-06,2025-06-01,111861.0,63258.0,47749.0,111007.0,0.9923655250712938
2025-26,02,Himachal Pradesh,2025-07,2025-07-01,47958.0,31635.0,15633.0,47268.0,0.985612410859502
2025-26,02,Himachal Pradesh,2025-08,2025-08-01,49731.0,33014.0,14835.0,47849.0,0.9621564014397458
2025-26,02,Himachal Pradesh,2025-09,2025-09-01,113134.0,61764.0,49140.0,110904.0,0.9802888609966942
2025-26,02,Himachal Pradesh,2025-10,2025-10-01,48119.0,32208.0,14611.0,46819.0,0.9729836447141462
2025-26,02,Himachal Pradesh,2025-11,2025-11-01,49938.0,34181.0,13597.0,47778.0,0.9567463654932116
2025-26,02,Himachal Pradesh,2025-12,2025-12-01,114343.0,66694.0,41875.0,108569.0,0.9495028117156276
2025-26,03,Punjab,2025-04,2025-04-01,182748.0,137553.0,43796.0,181349.0,0.992344649462648
2025-26,03,Punjab,2025-05,2025-05-01,186824.0,143150.0,40872.0,184022.0,0.9850019269472873
2025-26,03,Punjab,2025-06,2025-06-01,372375.0,264172.0,106148.0,370320.0,0.9944813695871098
2025-26,03,Punjab,2025-07,2025-07-01,184659.0,142739.0,39869.0,182608.0,0.9888930406858046
2025-26,03,Punjab,2025-08,2025-08-01,189081.0,144805.0,39672.0,184477.0,0.9756506470771785
2025-26,03,Punjab,2025-09,2025-09-01,377441.0,261092.0,109631.0,370723.0,0.9822011917094328
2025-26,03,Punjab,2025-10,2025-10-01,186148.0,142708.0,39546.0,182254.0,0.9790811612265509
2025-26,03,Punjab,2025-11,2025-11-01,192239.0,149645.0,37536.0,187181.0,0.9736890017114113
2025-26,03,Punjab,2025-12,2025-12-01,384779.0,271389.0,94429.0,365818.0,0.9507223627069045
2025-26,04,Chandigarh,2025-04,2025-04-01,18035.0,14074.0,3889.0,17963.0,0.9960077626836706
2025-26,04,Chandigarh,2025-05,2025-05-01,18257.0,14302.0,3737.0,18039.0,0.9880593744864983
2025-26,04,Chandigarh,2025-06,2025-06-01,29011.0,21851.0,7102.0,28953.0,0.9980007583330461
2025-26,04,Chandigarh,2025-07,2025-07-01,18140.0,14390.0,3662.0,18052.0,0.995148842337376
2025-26,04,Chandigarh,2025-08,2025-08-01,18401.0,14748.0,3360.0,18108.0,0.9840769523395467
2025-26,04,Chandigarh,2025-09,2025-09-01,29242.0,21722.0,7199.0,28921.0,0.9890226386704056
2025-26,04,Chandigarh,2025-10,2025-10-01,18261.0,14594.0,3501.0,18095.0,0.9909095887410329
2025-26,04,Chandigarh,2025-11,2025-11-01,18637.0,15063.0,3217.0,18280.0,0.980844556527338
2025-26,04,Chandigarh,2025-12,2025-12-01,29668.0,22391.0,5981.0,28372.0,0.9563165700417958
2025-26,05,Uttarakhand,2025-04,2025-04-01,94613.0,52904.0,42041.0,94945.0,1.003509031528437
2025-26,05,Uttarakhand,2025-05,2025-05-01,97351.0,53620.0,43254.0,96874.0,0.9951002044149521
2025-26,05,Uttarakhand,2025-06,2025-06-01,172809.0,84785.0,87422.0,172207.0,0.9965163851419776
2025-26,05,Uttarakhand,2025-07,2025-07-01,97326.0,54524.0,41341.0,95865.0,0.9849885950311325
2025-26,05,Uttarakhand,2025-08,2025-08-01,98912.0,56376.0,40535.0,96911.0,0.9797698964736331
2025-26,05,Uttarakhand,2025-09,2025-09-01,175426.0,84017.0,88935.0,172952.0,0.9858971874180567
2025-26,05,Uttarakhand,2025-10,2025-10-01,98057.0,55345.0,40871.0,96216.0,0.9812252057476774
2025-26,05,Uttarakhand,2025-11,2025-11-01,101581.0,58706.0,40974.0,99680.0,0.9812858703891476
2025-26,05,Uttarakhand,2025-12,2025-12-01,182247.0,89769.0,81564.0,171333.0,0.9401142405636307
2025-26,06,Haryana,2025-04,2025-04-01,324796.0,237782.0,85521.0,323303.0,0.9954032685131591
2025-26,06,Haryana,2025-05,2025-05-01,331968.0,244062.0,84753.0,328815.0,0.9905020965876229
2025-26,06,Haryana,2025-06,2025-06-01,549212.0,382920.0,164388.0,547308.0,0.9965332148605639
2025-26,06,Haryana,2025-07,2025-07-01,333160.0,247228.0,83303.0,330531.0,0.9921088966262457
2025-26,06,Haryana,2025-08,2025-08-01,340519.0,254306.0,80364.0,334670.0,0.9828232785835739
2025-26,06,Haryana,2025-09,2025-09-01,562036.0,383246.0,170526.0,553772.0,0.9852963155385064
2025-26,06,Haryana,2025-10,2025-10-01,340264.0,250894.0,82766.0,333660.0,0.9805915406860556
2025-26,06,Haryana,2025-11,2025-11-01,350627.0,263384.0,80630.0,344014.0,0.9811395015215599
2025-26,06,Haryana,2025-12,2025-12-01,580651.0,405189.0,148875.0,554064.0,0.954211738204188
2025-26,07,Delhi,2025-04,2025-04-01,453518.0,331306.0,118651.0,449957.0,0.99214805145551
2025-26,07,Delhi,2025-05,2025-05-01,461360.0,338620.0,118730.0,457350.0,0.9913083058782729
2025-26,07,Delhi,2025-06,2025-06-01,788355.0,571983.0,214896.0,786879.0,0.9981277470175238
2025-26,07,Delhi,2025-07,2025-07-01,462019.0,341531.0,117903.0,459434.0,0.9944049920024934
2025-26,07,Delhi,2025-08,2025-08-01,472236.0,351081.0,112634.0,463715.0,0.9819560558703699
2025-26,07,Delhi,2025-09,2025-09-01,804216.0,569162.0,223436.0,792598.0,0.9855536323574761
2025-26,07,Delhi,2025-10,2025-10-01,471201.0,346892.0,114593.0,461485.0,0.9793803493625862
2025-26,07,Delhi,2025-11,2025-11-01,484445.0,361515.0,115465.0,476980.0,0.9845906140015894
2025-26,07,Delhi,2025-12,2025-12-01,831010.0,596996.0,195146.0,792142.0,0.9532279996630606
2025-26,08,Rajasthan,2025-04,2025-04-01,342259.0,233085.0,105831.0,338916.0,0.9902325431909752
2025-26,08,Rajasthan,2025-05,2025-05-01,352243.0,242386.0,104387.0,346773.0,0.9844709476128696
2025-26,08,Rajasthan,2025-06,2025-06-01,765449.0,462950.0,299999.0,762949.0,0.9967339430843858
2025-26,08,Rajasthan,2025-07,2025-07-01,346814.0,243048.0,102384.0,345432.0,0.9960151550975451
2025-26,08,Rajasthan,2025-08,2025-08-01,360071.0,250252.0,103168.0,353420.0,0.9815286429620825
2025-26,08,Rajasthan,2025-09,2025-09-01,784641.0,466601.0,307708.0,774309.0,0.9868321945959999
2025-26,08,Rajasthan,2025-10,2025-10-01,355351.0,245152.0,105063.0,350215.0,0.9855466848271146
2025-26,08,Rajasthan,2025-11,2025-11-01,371770.0,259789.0,103838.0,363627.0,0.978096672673965
2025-26,08,Rajasthan,2025-12,2025-12-01,810773.0,496725.0,274313.0,771038.0,0.9509912145569722
2025-26,09,Uttar Pradesh,2025-04,2025-04-01,1070856.0,520452.0,540304.0,1060756.0,0.9905682930291281
2025-26,09,Uttar Pradesh,2025-05,2025-05-01,1089051.0,523941.0,552810.0,1076751.0,0.9887057630909847
2025-26,09,Uttar Pradesh,2025-06,2025-06-01,1637429.0,752788.0,869674.0,1622462.0,0.9908594510052039
2025-26,09,Uttar Pradesh,2025-07,2025-07-01,1090030.0,533061.0,539848.0,1072909.0,0.9842930928506555
2025-26,09,Uttar Pradesh,2025-08,2025-08-01,1107435.0,551006.0,530370.0,1081376.0,0.9764690478447945
2025-26,09,Uttar Pradesh,2025-09,2025-09-01,1665905.0,746798.0,883540.0,1630338.0,0.9786500430696828
2025-26,09,Uttar Pradesh,2025-10,2025-10-01,1104366.0,538807.0,536661.0,1075468.0,0.9738329503081405
2025-26,09,Uttar Pradesh,2025-11,2025-11-01,1131950.0,568005.0,536351.0,1104356.0,0.9756225981712974
2025-26,09,Uttar Pradesh,2025-12,2025-12-01,1717059.0,791958.0,830702.0,1622660.0,0.9450228559414674
2025-26,10,Bihar,2025-04,2025-04-01,305619.0,120994.0,177250.0,298244.0,0.9758686469100416
2025-26,10,Bihar,2025-05,2025-05-01,314567.0,122508.0,182310.0,304818.0,0.9690081922134235
2025-26,10,Bihar,2025-06,2025-06-01,534704.0,194165.0,329970.0,524135.0,0.9802339238157934
2025-26,10,Bihar,2025-07,2025-07-01,310887.0,125869.0,176462.0,302331.0,0.972478746296886
2025-26,10,Bihar,2025-08,2025-08-01,321022.0,131055.0,175010.0,306065.0,0.9534081776326856
2025-26,10,Bihar,2025-09,2025-09-01,548160.0,186390.0,339162.0,525552.0,0.9587565674255691
2025-26,10,Bihar,2025-10,2025-10-01,315587.0,120075.0,180321.0,300396.0,0.9518643036626984
2025-26,10,Bihar,2025-11,2025-11-01,327315.0,133094.0,176015.0,309109.0,0.9443777400974597
2025-26,10,Bihar,2025-12,2025-12-01,564697.0,202335.0,314282.0,516617.0,0.9148569941048031
2025-26,11,Sikkim,2025-04,2025-04-01,6537.0,2587.0,3827.0,6414.0,0.9811840293712712
2025-26,11,Sikkim,2025-05,2025-05-01,6601.0,2670.0,3767.0,6437.0,0.9751552795031055
2025-26,11,Sikkim,2025-06,2025-06-01,10050.0,4468.0,5453.0,9921.0,0.9871641791044776
2025-26,11,Sikkim,2025-07,2025-07-01,6485.0,2804.0,3506.0,6310.0,0.9730146491904395
2025-26,11,Sikkim,2025-08,2025-08-01,6573.0,3008.0,3266.0,6274.0,0.9545108778335616
2025-26,11,Sikkim,2025-09,2025-09-01,10123.0,3896.0,5828.0,9724.0,0.9605848068754321
2025-26,11,Sikkim,2025-10,2025-10-01,6547.0,3018.0,3117.0,6135.0,0.9370704139300443
2025-26,11,Sikkim,2025-11,2025-11-01,6649.0,3091.0,2974.0,6065.0,0.9121672431944653
2025-26,11,Sikkim,2025-12,2025-12-01,10228.0,3996.0,4712.0,8708.0,0.8513883457176379
2025-26,12,Arunachal Pradesh,2025-04,2025-04-01,12010.0,2970.0,8913.0,11883.0,0.9894254787676936
2025-26,12,Arunachal Pradesh,2025-05,2025-05-01,12254.0,3224.0,8840.0,12064.0,0.9844948588216093
2025-26,12,Arunachal Pradesh,2025-06,2025-06-01,16207.0,4267.0,11777.0,16044.0,0.9899426173875486
2025-26,12,Arunachal Pradesh,2025-07,2025-07-01,12383.0,3419.0,8797.0,12216.0,0.9865137688766857
2025-26,12,Arunachal Pradesh,2025-08,2025-08-01,12782.0,3601.0,8689.0,12290.0,0.9615083711469253
2025-26,12,Arunachal Pradesh,2025-09,2025-09-01,16816.0,4209.0,11725.0,15934.0,0.9475499524262607
2025-26,12,Arunachal Pradesh,2025-10,2025-10-01,12696.0,3442.0,8406.0,11848.0,0.9332073093887838
2025-26,12,Arunachal Pradesh,2025-11,2025-11-01,13072.0,3651.0,8069.0,11720.0,0.8965728274173806
2025-26,12,Arunachal Pradesh,2025-12,2025-12-01,17310.0,4479.0,10024.0,14503.0,0.837839399191219
2025-26,13,Nagaland,2025-04,2025-04-01,6996.0,2113.0,4794.0,6907.0,0.9872784448256147
2025-26,13,Nagaland,2025-05,2025-05-01,7077.0,2220.0,4727.0,6947.0,0.9816306344496255
2025-26,13,Nagaland,2025-06,2025-06-01,8504.0,2776.0,5614.0,8390.0,0.9865945437441204
2025-26,13,Nagaland,2025-07,2025-07-01,7111.0,2440.0,4486.0,6926.0,0.9739839684995079
2025-26,13,Nagaland,2025-08,2025-08-01,7191.0,2509.0,4424.0,6933.0,0.9641218189403421
2025-26,13,Nagaland,2025-09,2025-09-01,8707.0,2776.0,5533.0,8309.0,0.9542896520041346
2025-26,13,Nagaland,2025-10,2025-10-01,7162.0,2453.0,4308.0,6761.0,0.944010053057805
2025-26,13,Nagaland,2025-11,2025-11-01,7226.0,2514.0,4118.0,6632.0,0.9177968447273733
2025-26,13,Nagaland,2025-12,2025-12-01,8754.0,2612.0,4903.0,7515.0,0.8584647018505825
2025-26,14,Manipur,2025-04,2025-04-01,9407.0,2528.0,6599.0,9127.0,0.9702349314340385
2025-26,14,Manipur,2025-05,2025-05-01,9786.0,1997.0,7249.0,9246.0,0.9448191293684856
2025-26,14,Manipur,2025-06,2025-06-01,12056.0,3285.0,8434.0,11719.0,0.9720471134704711
2025-26,14,Manipur,2025-07,2025-07-01,9480.0,2774.0,6448.0,9222.0,0.9727848101265822
2025-26,14,Manipur,2025-08,2025-08-01,9764.0,2828.0,6385.0,9213.0,0.9435682097501025
2025-26,14,Manipur,2025-09,2025-09-01,12327.0,3218.0,8379.0,11597.0,0.9407804007463292
2025-26,14,Manipur,2025-10,2025-10-01,9618.0,2729.0,6119.0,8848.0,0.9199417758369723
2025-26,14,Manipur,2025-11,2025-11-01,9741.0,2642.0,6070.0,8712.0,0.8943640283338467
2025-26,14,Manipur,2025-12,2025-12-01,12556.0,3327.0,7097.0,10424.0,0.8302007008601465
2025-26,15,Mizoram,2025-04,2025-04-01,6942.0,1353.0,5503.0,6856.0,0.9876116392970326
2025-26,15,Mizoram,2025-05,2025-05-01,7059.0,1410.0,5491.0,6901.0,0.9776172262360108
2025-26,15,Mizoram,2025-06,2025-06-01,8056.0,2415.0,5453.0,7868.0,0.9766633565044687
2025-26,15,Mizoram,2025-07,2025-07-01,7134.0,2056.0,4873.0,6929.0,0.9712643678160919
2025-26,15,Mizoram,2025-08,2025-08-01,7208.0,2202.0,4737.0,6939.0,0.9626803551609323
2025-26,15,Mizoram,2025-09,2025-09-01,8228.0,2307.0,5572.0,7879.0,0.9575838599902771
2025-26,15,Mizoram,2025-10,2025-10-01,7344.0,2205.0,4734.0,6939.0,0.9448529411764706
2025-26,15,Mizoram,2025-11,2025-11-01,7506.0,2356.0,4562.0,6918.0,0.9216626698641087
2025-26,15,Mizoram,2025-12,2025-12-01,8509.0,2326.0,5227.0,7553.0,0.88764837231167
2025-26,16,Tripura,2025-04,2025-04-01,21473.0,8518.0,12724.0,21242.0,0.9892423042891072
2025-26,16,Tripura,2025-05,2025-05-01,21813.0,8744.0,12678.0,21422.0,0.9820749094576628
2025-26,16,Tripura,2025-06,2025-06-01,29215.0,11448.0,17403.0,28851.0,0.987540646927948
2025-26,16,Tripura,2025-07,2025-07-01,21767.0,9214.0,12217.0,21431.0,0.9845637892222171
2025-26,16,Tripura,2025-08,2025-08-01,22114.0,9544.0,11960.0,21504.0,0.9724156642850683
2025-26,16,Tripura,2025-09,2025-09-01,29630.0,10983.0,17888.0,28871.0,0.9743840701991225
2025-26,16,Tripura,2025-10,2025-10-01,22174.0,9112.0,12299.0,21411.0,0.9655903310183097
2025-26,16,Tripura,2025-11,2025-11-01,22503.0,9468.0,12050.0,21518.0,0.9562280584810914
2025-26,16,Tripura,2025-12,2025-12-01,30294.0,11666.0,16143.0,27809.0,0.9179705552254572
2025-26,17,Meghalaya,2025-04,2025-04-01,14552.0,4187.0,10143.0,14330.0,0.9847443650357339
2025-26,17,Meghalaya,2025-05,2025-05-01,14990.0,4624.0,10013.0,14637.0,0.976450967311541
2025-26,17,Meghalaya,2025-06,2025-06-01,28508.0,8294.0,19870.0,28164.0,0.9879332117300407
2025-26,17,Meghalaya,2025-07,2025-07-01,14719.0,4755.0,9615.0,14370.0,0.9762891500781303
2025-26,17,Meghalaya,2025-08,2025-08-01,15123.0,4968.0,9537.0,14505.0,0.9591350922436025
2025-26,17,Meghalaya,2025-09,2025-09-01,29054.0,8043.0,19969.0,28012.0,0.9641357472292972
2025-26,17,Meghalaya,2025-10,2025-10-01,14835.0,4961.0,9096.0,14057.0,0.947556454330974
2025-26,17,Meghalaya,2025-11,2025-11-01,15316.0,5476.0,8572.0,14048.0,0.9172107599895534
2025-26,17,Meghalaya,2025-12,2025-12-01,29312.0,8056.0,18204.0,26260.0,0.8958788209606987
2025-26,18,Assam,2025-04,2025-04-01,131128.0,49357.0,79411.0,128768.0,0.9820023183454335
2025-26,18,Assam,2025-05,2025-05-01,134384.0,50947.0,78475.0,129422.0,0.963075961423979
2025-26,18,Assam,2025-06,2025-06-01,190911.0,69421.0,119694.0,189115.0,0.9905924750276307
2025-26,18,Assam,2025-07,2025-07-01,131264.0,53953.0,74590.0,128543.0,0.9792707825450999
2025-26,18,Assam,2025-08,2025-08-01,134144.0,55470.0,73697.0,129167.0,0.9628980796755725
2025-26,18,Assam,2025-09,2025-09-01,194609.0,67964.0,119432.0,187396.0,0.9629359382145738
2025-26,18,Assam,2025-10,2025-10-01,134089.0,53015.0,73991.0,127006.0,0.9471768750605941
2025-26,18,Assam,2025-11,2025-11-01,137688.0,56389.0,72153.0,128542.0,0.9335744581953402
2025-26,18,Assam,2025-12,2025-12-01,200322.0,71913.0,105018.0,176931.0,0.883232994878246
2025-26,19,West Bengal,2025-04,2025-04-01,437513.0,245365.0,188464.0,433829.0,0.9915796787752592
2025-26,19,West Bengal,2025-05,2025-05-01,447363.0,250692.0,190512.0,441204.0,0.9862326567016048
2025-26,19,West Bengal,2025-06,2025-06-01,722935.0,384315.0,331744.0,716059.0,0.9904887714663144
2025-26,19,West Bengal,2025-07,2025-07-01,448339.0,259518.0,183572.0,443090.0,0.9882923412863927
2025-26,19,West Bengal,2025-08,2025-08-01,458076.0,263229.0,183682.0,446911.0,0.9756263152839267
2025-26,19,West Bengal,2025-09,2025-09-01,737235.0,376912.0,343853.0,720765.0,0.9776597692730269
2025-26,19,West Bengal,2025-10,2025-10-01,456666.0,258381.0,184501.0,442882.0,0.9698160143299479
2025-26,19,West Bengal,2025-11,2025-11-01,468801.0,270743.0,180787.0,451530.0,0.9631592082781394
2025-26,19,West Bengal,2025-12,2025-12-01,756132.0,399013.0,310522.0,709535.0,0.9383745166187915
2025-26,20,Jharkhand,2025-04,2025-04-01,143752.0,64333.0,78017.0,142350.0,0.9902470922143692
2025-26,20,Jharkhand,2025-05,2025-05-01,146310.0,66373.0,77379.0,143752.0,0.9825165743968286
2025-26,20,Jharkhand,2025-06,2025-06-01,194093.0,85427.0,105618.0,191045.0,0.9842961879099195
2025-26,20,Jharkhand,2025-07,2025-07-01,146918.0,67744.0,76522.0,144266.0,0.9819491144720184
2025-26,20,Jharkhand,2025-08,2025-08-01,149105.0,70974.0,74125.0,145099.0,0.9731330270614668
2025-26,20,Jharkhand,2025-09,2025-09-01,197403.0,84866.0,106865.0,191731.0,0.971266900705663
2025-26,20,Jharkhand,2025-10,2025-10-01,149309.0,68784.0,75342.0,144126.0,0.9652867543148772
2025-26,20,Jharkhand,2025-11,2025-11-01,152026.0,72479.0,74656.0,147135.0,0.9678278715482878
2025-26,20,Jharkhand,2025-12,2025-12-01,203571.0,89637.0,100217.0,189854.0,0.9326181037574114
2025-26,21,Odisha,2025-04,2025-04-01,186272.0,76007.0,108838.0,184845.0,0.9923391599381549
2025-26,21,Odisha,2025-05,2025-05-01,190966.0,78719.0,108996.0,187715.0,0.9829760271461936
2025-26,21,Odisha,2025-06,2025-06-01,320227.0,121734.0,195253.0,316987.0,0.9898821773304562
2025-26,21,Odisha,2025-07,2025-07-01,189502.0,82207.0,104669.0,186876.0,0.9861426264630453
2025-26,21,Odisha,2025-08,2025-08-01,194334.0,85956.0,102662.0,188618.0,0.9705867218294277
2025-26,21,Odisha,2025-09,2025-09-01,325942.0,119979.0,197610.0,317589.0,0.9743727411625381
2025-26,21,Odisha,2025-10,2025-10-01,192789.0,82034.0,104614.0,186648.0,0.9681465228825296
2025-26,21,Odisha,2025-11,2025-11-01,197994.0,87291.0,101543.0,188834.0,0.9537359717971252
2025-26,21,Odisha,2025-12,2025-12-01,333633.0,126291.0,179977.0,306268.0,0.9179787371153333
2025-26,22,Chhattisgarh,2025-04,2025-04-01,82883.0,46229.0,36859.0,83088.0,1.0024733660702436
2025-26,22,Chhattisgarh,2025-05,2025-05-01,85478.0,49266.0,35269.0,84535.0,0.9889679215704625
2025-26,22,Chhattisgarh,2025-06,2025-06-01,149930.0,75611.0,74743.0,150354.0,1.0028279863936505
2025-26,22,Chhattisgarh,2025-07,2025-07-01,83981.0,49807.0,33857.0,83664.0,0.9962253366832974
2025-26,22,Chhattisgarh,2025-08,2025-08-01,85994.0,51575.0,33264.0,84839.0,0.9865688303835152
2025-26,22,Chhattisgarh,2025-09,2025-09-01,153633.0,75728.0,75644.0,151372.0,0.9852831097485566
2025-26,22,Chhattisgarh,2025-10,2025-10-01,85109.0,49817.0,34242.0,84059.0,0.9876628793664595
2025-26,22,Chhattisgarh,2025-11,2025-11-01,88549.0,53297.0,32303.0,85600.0,0.9666964053800721
2025-26,22,Chhattisgarh,2025-12,2025-12-01,156407.0,79209.0,66554.0,145763.0,0.931946779875581
2025-26,23,Madhya Pradesh,2025-04,2025-04-01,232014.0,123294.0,107169.0,230463.0,0.9933150585740516
2025-26,23,Madhya Pradesh,2025-05,2025-05-01,238678.0,127736.0,107131.0,234867.0,0.9840328811201703
2025-26,23,Madhya Pradesh,2025-06,2025-06-01,498323.0,225365.0,268917.0,494282.0,0.9918908017490664
2025-26,23,Madhya Pradesh,2025-07,2025-07-01,234167.0,129939.0,102028.0,231967.0,0.9906049955800774
2025-26,23,Madhya Pradesh,2025-08,2025-08-01,242821.0,133743.0,102032.0,235775.0,0.9709827403725378
2025-26,23,Madhya Pradesh,2025-09,2025-09-01,507064.0,224221.0,273889.0,498110.0,0.9823414795765426
2025-26,23,Madhya Pradesh,2025-10,2025-10-01,238186.0,130836.0,102026.0,232862.0,0.9776477206888734
2025-26,23,Madhya Pradesh,2025-11,2025-11-01,247675.0,140115.0,99759.0,239874.0,0.9685030786312708
2025-26,23,Madhya Pradesh,2025-12,2025-12-01,518099.0,239706.0,246418.0,486124.0,0.9382839959158384
2025-26,24,Gujarat,2025-04,2025-04-01,715793.0,604368.0,112366.0,716734.0,1.0013146258764754
2025-26,24,Gujarat,2025-05,2025-05-01,726544.0,623119.0,105863.0,728982.0,1.003355612323548
2025-26,24,Gujarat,2025-06,2025-06-01,1152516.0,952328.0,202637.0,1154965.0,1.0021249162701429
2025-26,24,Gujarat,2025-07,2025-07-01,733468.0,631287.0,104085.0,735372.0,1.002595886937126
2025-26,24,Gujarat,2025-08,2025-08-01,745690.0,640957.0,103622.0,744579.0,0.9985101047352117
2025-26,24,Gujarat,2025-09,2025-09-01,1180887.0,973072.0,204469.0,1177541.0,0.9971665366796315
2025-26,24,Gujarat,2025-10,2025-10-01,749948.0,639855.0,106510.0,746365.0,0.9952223354152555
2025-26,24,Gujarat,2025-11,2025-11-01,765123.0,662863.0,102670.0,765533.0,1.000535861554286
2025-26,24,Gujarat,2025-12,2025-12-01,1217820.0,1009030.0,184343.0,1193373.0,0.9799256047691777
2025-26,25,Daman and Diu,2025-04,2025-04-01,0.0,0.0,,0.0,
2025-26,25,Daman and Diu,2025-05,2025-05-01,0.0,0.0,,0.0,
2025-26,25,Daman and Diu,2025-06,2025-06-01,0.0,0.0,,0.0,
2025-26,25,Daman and Diu,2025-07,2025-07-01,0.0,0.0,,0.0,
2025-26,25,Daman and Diu,2025-08,2025-08-01,0.0,0.0,,0.0,
2025-26,25,Daman and Diu,2025-09,2025-09-01,0.0,0.0,,0.0,
2025-26,25,Daman and Diu,2025-10,2025-10-01,0.0,0.0,,0.0,
2025-26,25,Daman and Diu,2025-11,2025-11-01,0.0,0.0,,0.0,
2025-26,25,Daman and Diu,2025-12,2025-12-01,0.0,0.0,,0.0,
2025-26,26,Dadra and Nagar Haveli,2025-04,2025-04-01,12258.0,9903.0,2324.0,12227.0,0.9974710393212596
2025-26,26,Dadra and Nagar Haveli,2025-05,2025-05-01,12343.0,10077.0,2235.0,12312.0,0.9974884549947338
2025-26,26,Dadra and Nagar Haveli,2025-06,2025-06-01,15097.0,12241.0,2806.0,15047.0,0.9966880837252434
2025-26,26,Dadra and Nagar Haveli,2025-07,2025-07-01,12455.0,10307.0,2053.0,12360.0,0.9923725411481332
2025-26,26,Dadra and Nagar Haveli,2025-08,2025-08-01,12547.0,10490.0,1871.0,12361.0,0.9851757392205308
2025-26,26,Dadra and Nagar Haveli,2025-09,2025-09-01,15257.0,12367.0,2659.0,15026.0,0.9848594087959625
2025-26,26,Dadra and Nagar Haveli,2025-10,2025-10-01,12574.0,10313.0,2019.0,12332.0,0.980753936694767
2025-26,26,Dadra and Nagar Haveli,2025-11,2025-11-01,12702.0,10540.0,1770.0,12310.0,0.9691387183120769
2025-26,26,Dadra and Nagar Haveli,2025-12,2025-12-01,15458.0,12572.0,2091.0,14663.0,0.9485703195756243
2025-26,27,Maharashtra,2025-04,2025-04-01,952810.0,675983.0,277169.0,953152.0,1.0003589382982967
2025-26,27,Maharashtra,2025-05,2025-05-01,975466.0,699378.0,269657.0,969035.0,0.9934072535588119
2025-26,27,Maharashtra,2025-06,2025-06-01,1668278.0,1135913.0,530208.0,1666121.0,0.9987070500240368
2025-26,27,Maharashtra,2025-07,2025-07-01,976879.0,714456.0,257471.0,971927.0,0.9949307949090932
2025-26,27,Maharashtra,2025-08,2025-08-01,1000117.0,724393.0,257467.0,981860.0,0.9817451358191092
2025-26,27,Maharashtra,2025-09,2025-09-01,1701420.0,1145984.0,532149.0,1678133.0,0.9863131972117408
2025-26,27,Maharashtra,2025-10,2025-10-01,996655.0,722237.0,256124.0,978361.0,0.9816446011909838
2025-26,27,Maharashtra,2025-11,2025-11-01,1027093.0,758486.0,244153.0,1002639.0,0.9761910557271835
2025-26,27,Maharashtra,2025-12,2025-12-01,1750886.0,1205471.0,449611.0,1655082.0,0.9452825598011521
2025-26,29,Karnataka,2025-04,2025-04-01,741468.0,425480.0,307521.0,733001.0,0.9885807614084492
2025-26,29,Karnataka,2025-05,2025-05-01,747767.0,434995.0,302655.0,737650.0,0.9864703844914258
2025-26,29,Karnataka,2025-06,2025-06-01,922163.0,540960.0,371168.0,912128.0,0.9891179758892951
2025-26,29,Karnataka,2025-07,2025-07-01,751356.0,452020.0,288243.0,740263.0,0.9852360265972455
2025-26,29,Karnataka,2025-08,2025-08-01,760191.0,465684.0,278039.0,743723.0,0.9783370231954864
2025-26,29,Karnataka,2025-09,2025-09-01,938023.0,537499.0,379034.0,916533.0,0.9770901139950726
2025-26,29,Karnataka,2025-10,2025-10-01,763648.0,456424.0,284254.0,740678.0,0.9699206964465303
2025-26,29,Karnataka,2025-11,2025-11-01,773685.0,479460.0,265661.0,745121.0,0.9630805818905627
2025-26,29,Karnataka,2025-12,2025-12-01,957323.0,562263.0,332155.0,894418.0,0.9342907252828982
2025-26,30,Goa,2025-04,2025-04-01,26062.0,16171.0,9907.0,26078.0,1.0006139206507558
2025-26,30,Goa,2025-05,2025-05-01,26657.0,16797.0,9537.0,26334.0,0.9878831076265147
2025-26,30,Goa,2025-06,2025-06-01,40003.0,25476.0,14327.0,39803.0,0.9950003749718771
2025-26,30,Goa,2025-07,2025-07-01,26603.0,17468.0,8865.0,26333.0,0.9898507687102959
2025-26,30,Goa,2025-08,2025-08-01,27177.0,17793.0,8628.0,26421.0,0.9721823600838945
2025-26,30,Goa,2025-09,2025-09-01,40627.0,25513.0,14168.0,39681.0,0.9767149924926772
2025-26,30,Goa,2025-10,2025-10-01,26952.0,17546.0,8460.0,26006.0,0.9649005639655684
2025-26,30,Goa,2025-11,2025-11-01,27600.0,18488.0,7560.0,26048.0,0.943768115942029
2025-26,30,Goa,2025-12,2025-12-01,41434.0,26424.0,11392.0,37816.0,0.9126804073948931
2025-26,31,Lakshadweep,2025-04,2025-04-01,256.0,135.0,119.0,254.0,0.9921875
2025-26,31,Lakshadweep,2025-05,2025-05-01,262.0,129.0,125.0,254.0,0.9694656488549618
2025-26,31,Lakshadweep,2025-06,2025-06-01,313.0,163.0,142.0,305.0,0.9744408945686901
2025-26,31,Lakshadweep,2025-07,2025-07-01,264.0,139.0,108.0,247.0,0.9356060606060606
2025-26,31,Lakshadweep,2025-08,2025-08-01,265.0,135.0,110.0,245.0,0.9245283018867925
2025-26,31,Lakshadweep,2025-09,2025-09-01,322.0,174.0,122.0,296.0,0.9192546583850931
2025-26,31,Lakshadweep,2025-10,2025-10-01,267.0,138.0,99.0,237.0,0.8876404494382022
2025-26,31,Lakshadweep,2025-11,2025-11-01,276.0,141.0,101.0,242.0,0.8768115942028986
2025-26,31,Lakshadweep,2025-12,2025-12-01,338.0,162.0,123.0,285.0,0.8431952662721893
2025-26,32,Kerala,2025-04,2025-04-01,303894.0,176660.0,124200.0,300860.0,0.9900162556680948
2025-26,32,Kerala,2025-05,2025-05-01,306465.0,175573.0,126378.0,301951.0,0.9852707486988727
2025-26,32,Kerala,2025-06,2025-06-01,361770.0,209513.0,148044.0,357557.0,0.9883544793653426
2025-26,32,Kerala,2025-07,2025-07-01,306479.0,186713.0,115765.0,302478.0,0.9869452719435916
2025-26,32,Kerala,2025-08,2025-08-01,309858.0,181989.0,120622.0,302611.0,0.9766118673715056
2025-26,32,Kerala,2025-09,2025-09-01,365821.0,212688.0,143486.0,356174.0,0.973629179298072
2025-26,32,Kerala,2025-10,2025-10-01,311342.0,185358.0,114705.0,300063.0,0.9637729570697176
2025-26,32,Kerala,2025-11,2025-11-01,314792.0,187878.0,111609.0,299487.0,0.9513805941701187
2025-26,32,Kerala,2025-12,2025-12-01,372144.0,212701.0,130134.0,342835.0,0.9212428522292446
2025-26,33,Tamil Nadu,2025-04,2025-04-01,977433.0,605202.0,369597.0,974799.0,0.9973051861355203
2025-26,33,Tamil Nadu,2025-05,2025-05-01,983280.0,600780.0,378142.0,978922.0,0.9955678952078757
2025-26,33,Tamil Nadu,2025-06,2025-06-01,1084276.0,692679.0,387958.0,1080637.0,0.9966438434494538
2025-26,33,Tamil Nadu,2025-07,2025-07-01,988018.0,639204.0,346099.0,985303.0,0.9972520743549207
2025-26,33,Tamil Nadu,2025-08,2025-08-01,994033.0,649932.0,339047.0,988979.0,0.9949156617536843
2025-26,33,Tamil Nadu,2025-09,2025-09-01,1097882.0,702797.0,386710.0,1089507.0,0.9923716756445593
2025-26,33,Tamil Nadu,2025-10,2025-10-01,1002140.0,647375.0,343439.0,990814.0,0.988698185882212
2025-26,33,Tamil Nadu,2025-11,2025-11-01,1011306.0,671475.0,324937.0,996412.0,0.9852725090130979
2025-26,33,Tamil Nadu,2025-12,2025-12-01,1119532.0,726843.0,350805.0,1077648.0,0.9625879385314577
2025-26,34,Puducherry,2025-04,2025-04-01,19676.0,10333.0,9227.0,19560.0,0.994104492783086
2025-26,34,Puducherry,2025-05,2025-05-01,19882.0,10157.0,9485.0,19642.0,0.9879287798008248
2025-26,34,Puducherry,2025-06,2025-06-01,21930.0,11791.0,9932.0,21723.0,0.9905608755129959
2025-26,34,Puducherry,2025-07,2025-07-01,20021.0,10884.0,8832.0,19716.0,0.9847659957045103
2025-26,34,Puducherry,2025-08,2025-08-01,20153.0,11207.0,8528.0,19735.0,0.9792586711655833
2025-26,34,Puducherry,2025-09,2025-09-01,22238.0,12055.0,9689.0,21744.0,0.9777857721018077
2025-26,34,Puducherry,2025-10,2025-10-01,20276.0,11099.0,8586.0,19685.0,0.9708522391004143
2025-26,34,Puducherry,2025-11,2025-11-01,20453.0,11588.0,7993.0,19581.0,0.9573656676282208
2025-26,34,Puducherry,2025-12,2025-12-01,22621.0,12301.0,8683.0,20984.0,0.927633614782724
2025-26,35,Andaman and Nicobar Islands,2025-04,2025-04-01,3914.0,1618.0,2243.0,3861.0,0.9864588656106286
2025-26,35,Andaman and Nicobar Islands,2025-05,2025-05-01,3941.0,1644.0,2248.0,3892.0,0.9875666074600356
2025-26,35,Andaman and Nicobar Islands,2025-06,2025-06-01,4896.0,2144.0,2664.0,4808.0,0.9820261437908496
2025-26,35,Andaman and Nicobar Islands,2025-07,2025-07-01,3969.0,1773.0,2092.0,3865.0,0.9737969261778786
2025-26,35,Andaman and Nicobar Islands,2025-08,2025-08-01,4009.0,2012.0,1851.0,3863.0,0.9635819406335745
2025-26,35,Andaman and Nicobar Islands,2025-09,2025-09-01,4962.0,2254.0,2492.0,4746.0,0.9564691656590084
2025-26,35,Andaman and Nicobar Islands,2025-10,2025-10-01,4018.0,1763.0,2002.0,3765.0,0.9370333499253359
2025-26,35,Andaman and Nicobar Islands,2025-11,2025-11-01,4086.0,1915.0,1791.0,3706.0,0.9069995105237396
2025-26,35,Andaman and Nicobar Islands,2025-12,2025-12-01,5072.0,2138.0,2151.0,4289.0,0.8456230283911672
2025-26,36,Telangana,2025-04,2025-04-01,383538.0,194017.0,185204.0,379221.0,0.9887442704503856
2025-26,36,Telangana,2025-05,2025-05-01,388149.0,198804.0,183463.0,382267.0,0.9848460256241804
2025-26,36,Telangana,2025-06,2025-06-01,456953.0,241806.0,210473.0,452279.0,0.9897713769249792
2025-26,36,Telangana,2025-07,2025-07-01,388846.0,204094.0,179509.0,383603.0,0.9865165129640012
2025-26,36,Telangana,2025-08,2025-08-01,393146.0,209588.0,175727.0,385315.0,0.9800811912114075
2025-26,36,Telangana,2025-09,2025-09-01,465292.0,238024.0,217590.0,455614.0,0.9792001581802395
2025-26,36,Telangana,2025-10,2025-10-01,393778.0,210607.0,174521.0,385128.0,0.9780333081076139
2025-26,36,Telangana,2025-11,2025-11-01,398873.0,221504.0,168434.0,389938.0,0.977599386270818
2025-26,36,Telangana,2025-12,2025-12-01,476819.0,255639.0,193930.0,449569.0,0.9428504317151791
2025-26,37,Andhra Pradesh,2025-04,2025-04-01,277496.0,138494.0,138031.0,276525.0,0.9965008504627094
2025-26,37,Andhra Pradesh,2025-05,2025-05-01,280269.0,140127.0,138227.0,278354.0,0.9931672785787939
2025-26,37,Andhra Pradesh,2025-06,2025-06-01,334005.0,169736.0,161507.0,331243.0,0.9917306627146301
2025-26,37,Andhra Pradesh,2025-07,2025-07-01,281510.0,145581.0,133179.0,278760.0,0.9902312528862207
2025-26,37,Andhra Pradesh,2025-08,2025-08-01,284325.0,147899.0,131297.0,279196.0,0.9819607843137255
2025-26,37,Andhra Pradesh,2025-09,2025-09-01,338696.0,163270.0,167899.0,331169.0,0.9777765311665919
2025-26,37,Andhra Pradesh,2025-10,2025-10-01,285325.0,143199.0,135054.0,278253.0,0.9752142293875405
2025-26,37,Andhra Pradesh,2025-11,2025-11-01,289428.0,153834.0,127921.0,281755.0,0.9734890888234725
2025-26,37,Andhra Pradesh,2025-12,2025-12-01,348161.0,175854.0,149680.0,325534.0,0.9350099522921866
2025-26,38,Ladakh,2025-04,2025-04-01,2430.0,852.0,1631.0,2483.0,1.0218106995884773
2025-26,38,Ladakh,2025-05,2025-05-01,2594.0,1005.0,1620.0,2625.0,1.0119506553585196
2025-26,38,Ladakh,2025-06,2025-06-01,8454.0,2855.0,5698.0,8553.0,1.0117104329311568
2025-26,38,Ladakh,2025-07,2025-07-01,2484.0,940.0,1611.0,2551.0,1.0269726247987117
2025-26,38,Ladakh,2025-08,2025-08-01,2748.0,1127.0,1507.0,2634.0,0.9585152838427947
2025-26,38,Ladakh,2025-09,2025-09-01,8770.0,2986.0,5658.0,8644.0,0.9856328392246294
2025-26,38,Ladakh,2025-10,2025-10-01,2523.0,1056.0,1381.0,2437.0,0.9659135949266746
2025-26,38,Ladakh,2025-11,2025-11-01,2722.0,1164.0,1330.0,2494.0,0.9162380602498164
2025-26,38,Ladakh,2025-12,2025-12-01,8967.0,3220.0,4938.0,8158.0,0.9097803055648489
2025-26,97,Other Territory,2025-04,2025-04-01,109.0,95.0,28.0,123.0,1.128440366972477
2025-26,97,Other Territory,2025-05,2025-05-01,98.0,85.0,29.0,114.0,1.163265306122449
2025-26,97,Other Territory,2025-06,2025-06-01,123.0,94.0,24.0,118.0,0.959349593495935
2025-26,97,Other Territory,2025-07,2025-07-01,133.0,83.0,11.0,94.0,0.706766917293233
2025-26,97,Other Territory,2025-08,2025-08-01,85.0,69.0,4.0,73.0,0.8588235294117647
2025-26,97,Other Territory,2025-09,2025-09-01,83.0,74.0,2.0,76.0,0.9156626506024096
2025-26,97,Other Territory,2025-10,2025-10-01,76.0,68.0,4.0,72.0,0.9473684210526315
2025-26,97,Other Territory,2025-11,2025-11-01,76.0,69.0,4.0,73.0,0.9605263157894737
2025-26,97,Other Territory,2025-12,2025-12-01,79.0,72.0,2.0,74.0,0.9367088607594937
