financial_year,state_code,state,month,month_date,eligible,on_time,late,total_filed,filing_pct
2017-18,01,Jammu and Kashmir,2017-07,2017-07-01,52455.0,26501.0,22948.0,49449.0,0.9426937374892765
2017-18,01,Jammu and Kashmir,2017-08,2017-08-01,58371.0,20534.0,35123.0,55657.0,0.9535043086464169
2017-18,01,Jammu and Kashmir,2017-09,2017-09-01,62528.0,28171.0,31411.0,59582.0,0.9528851074718526
2017-18,01,Jammu and Kashmir,2017-10,2017-10-01,62319.0,33108.0,25906.0,59014.0,0.9469664147370785
2017-18,01,Jammu and Kashmir,2017-11,2017-11-01,64586.0,36389.0,24263.0,60652.0,0.939088966649119
2017-18,01,Jammu and Kashmir,2017-12,2017-12-01,66074.0,42030.0,19782.0,61812.0,0.9354965644580319
2017-18,01,Jammu and Kashmir,2018-01,2018-01-01,68002.0,42155.0,21198.0,63353.0,0.9316343636951855
2017-18,01,Jammu and Kashmir,2018-02,2018-02-01,69822.0,42923.0,21868.0,64791.0,0.9279453467388502
2017-18,01,Jammu and Kashmir,2018-03,2018-03-01,71741.0,41278.0,25076.0,66354.0,0.9249104417278823
2017-18,02,Himachal Pradesh,2017-07,2017-07-01,53013.0,31134.0,20000.0,51134.0,0.9645558636560844
2017-18,02,Himachal Pradesh,2017-08,2017-08-01,58745.0,21838.0,33932.0,55770.0,0.9493573921184781
2017-18,02,Himachal Pradesh,2017-09,2017-09-01,61691.0,30755.0,28221.0,58976.0,0.9559903389473343
2017-18,02,Himachal Pradesh,2017-10,2017-10-01,58791.0,31696.0,24019.0,55715.0,0.9476790665237876
2017-18,02,Himachal Pradesh,2017-11,2017-11-01,59931.0,35381.0,21006.0,56387.0,0.9408653284610635
2017-18,02,Himachal Pradesh,2017-12,2017-12-01,60956.0,41404.0,15735.0,57139.0,0.9373810617494587
2017-18,02,Himachal Pradesh,2018-01,2018-01-01,63084.0,42168.0,16690.0,58858.0,0.9330099549806607
2017-18,02,Himachal Pradesh,2018-02,2018-02-01,65105.0,43294.0,17384.0,60678.0,0.9320021503724752
2017-18,02,Himachal Pradesh,2018-03,2018-03-01,67470.0,43082.0,19787.0,62869.0,0.9318067289165555
2017-18,03,Punjab,2017-07,2017-07-01,220786.0,156554.0,56532.0,213086.0,0.9651246002916851
2017-18,03,Punjab,2017-08,2017-08-01,239311.0,146224.0,85978.0,232202.0,0.9702938853625617
2017-18,03,Punjab,2017-09,2017-09-01,247374.0,175334.0,67652.0,242986.0,0.9822616766515478
2017-18,03,Punjab,2017-10,2017-10-01,247069.0,184296.0,56501.0,240797.0,0.9746143789791516
2017-18,03,Punjab,2017-11,2017-11-01,250968.0,195847.0,47585.0,243432.0,0.969972267380702
2017-18,03,Punjab,2017-12,2017-12-01,254559.0,211686.0,34214.0,245900.0,0.96598431012064
2017-18,03,Punjab,2018-01,2018-01-01,257888.0,208263.0,40185.0,248448.0,0.9633949621541135
2017-18,03,Punjab,2018-02,2018-02-01,261849.0,209508.0,42303.0,251811.0,0.9616649290239795
2017-18,03,Punjab,2018-03,2018-03-01,264808.0,203351.0,51026.0,254377.0,0.9606091960967946
2017-18,04,Chandigarh,2017-07,2017-07-01,20632.0,14826.0,5853.0,20679.0,1.0022780147343933
2017-18,04,Chandigarh,2017-08,2017-08-01,22318.0,12862.0,9409.0,22271.0,0.997894076530155
2017-18,04,Chandigarh,2017-09,2017-09-01,23418.0,15474.0,7824.0,23298.0,0.9948757366128619
2017-18,04,Chandigarh,2017-10,2017-10-01,23532.0,15725.0,7337.0,23062.0,0.9800271970083291
2017-18,04,Chandigarh,2017-11,2017-11-01,23908.0,17463.0,5776.0,23239.0,0.9720177346494897
2017-18,04,Chandigarh,2017-12,2017-12-01,24261.0,19033.0,4387.0,23420.0,0.96533531181732
2017-18,04,Chandigarh,2018-01,2018-01-01,24572.0,18534.0,5089.0,23623.0,0.9613788051440664
2017-18,04,Chandigarh,2018-02,2018-02-01,24962.0,18998.0,4967.0,23965.0,0.9600592901209839
2017-18,04,Chandigarh,2018-03,2018-03-01,25208.0,18533.0,5669.0,24202.0,0.9600920342748334
2017-18,05,Uttarakhand,2017-07,2017-07-01,85370.0,34316.0,47264.0,81580.0,0.9556050134707743
2017-18,05,Uttarakhand,2017-08,2017-08-01,94845.0,26778.0,62072.0,88850.0,0.9367916073593758
2017-18,05,Uttarakhand,2017-09,2017-09-01,100078.0,36786.0,56719.0,93505.0,0.934321229441036
2017-18,05,Uttarakhand,2017-10,2017-10-01,94880.0,42018.0,45608.0,87626.0,0.9235455311973019
2017-18,05,Uttarakhand,2017-11,2017-11-01,97711.0,50544.0,38457.0,89001.0,0.9108595756874865
2017-18,05,Uttarakhand,2017-12,2017-12-01,99756.0,58927.0,31360.0,90287.0,0.9050783912747103
2017-18,05,Uttarakhand,2018-01,2018-01-01,102558.0,60515.0,31806.0,92321.0,0.900183310906999
2017-18,05,Uttarakhand,2018-02,2018-02-01,105004.0,62029.0,32143.0,94172.0,0.8968420250657118
2017-18,05,Uttarakhand,2018-03,2018-03-01,107596.0,60565.0,35823.0,96388.0,0.8958325588311833
2017-18,06,Haryana,2017-07,2017-07-01,260418.0,159587.0,97620.0,257207.0,0.9876698231305056
2017-18,06,Haryana,2017-08,2017-08-01,286641.0,130400.0,150718.0,281118.0,0.9807319957717144
2017-18,06,Haryana,2017-09,2017-09-01,302837.0,170439.0,125923.0,296362.0,0.9786188609714137
2017-18,06,Haryana,2017-10,2017-10-01,306332.0,193777.0,102616.0,296393.0,0.9675548098141885
2017-18,06,Haryana,2017-11,2017-11-01,314476.0,216728.0,84755.0,301483.0,0.9586836515346163
2017-18,06,Haryana,2017-12,2017-12-01,321480.0,240271.0,66380.0,306651.0,0.9538727136991415
2017-18,06,Haryana,2018-01,2018-01-01,329345.0,234939.0,78388.0,313327.0,0.9513640711108412
2017-18,06,Haryana,2018-02,2018-02-01,337143.0,240084.0,80020.0,320104.0,0.9494606146353328
2017-18,06,Haryana,2018-03,2018-03-01,343982.0,234211.0,91729.0,325940.0,0.947549581082731
2017-18,07,Delhi,2017-07,2017-07-01,442968.0,307172.0,141375.0,448547.0,1.012594589225407
2017-18,07,Delhi,2017-08,2017-08-01,492379.0,214872.0,276671.0,491543.0,0.998302120927172
2017-18,07,Delhi,2017-09,2017-09-01,521051.0,290005.0,226539.0,516544.0,0.9913501749348912
2017-18,07,Delhi,2017-10,2017-10-01,532973.0,312738.0,206758.0,519496.0,0.9747135408360273
2017-18,07,Delhi,2017-11,2017-11-01,546473.0,356584.0,169636.0,526220.0,0.9629386996246841
2017-18,07,Delhi,2017-12,2017-12-01,558644.0,400879.0,132877.0,533756.0,0.9554492664380178
2017-18,07,Delhi,2018-01,2018-01-01,570701.0,386553.0,155710.0,542263.0,0.9501700540212826
2017-18,07,Delhi,2018-02,2018-02-01,582444.0,389890.0,161177.0,551067.0,0.946128726538517
2017-18,07,Delhi,2018-03,2018-03-01,592372.0,379848.0,178240.0,558088.0,0.9421242057355851
2017-18,08,Rajasthan,2017-07,2017-07-01,399525.0,251205.0,139891.0,391096.0,0.9789024466554033
2017-18,08,Rajasthan,2017-08,2017-08-01,422945.0,180075.0,230399.0,410474.0,0.9705138966059417
2017-18,08,Rajasthan,2017-09,2017-09-01,435929.0,225342.0,200003.0,425345.0,0.9757208169220217
2017-18,08,Rajasthan,2017-10,2017-10-01,418736.0,252332.0,153456.0,405788.0,0.9690783691872683
2017-18,08,Rajasthan,2017-11,2017-11-01,427452.0,284148.0,127010.0,411158.0,0.9618811001001282
2017-18,08,Rajasthan,2017-12,2017-12-01,433360.0,314825.0,100707.0,415532.0,0.9588609931696511
2017-18,08,Rajasthan,2018-01,2018-01-01,442318.0,309691.0,112659.0,422350.0,0.9548560085730176
2017-18,08,Rajasthan,2018-02,2018-02-01,449574.0,310935.0,117850.0,428785.0,0.9537584468852737
2017-18,08,Rajasthan,2018-03,2018-03-01,455889.0,291092.0,143471.0,434563.0,0.9532210691637657
2017-18,09,Uttar Pradesh,2017-07,2017-07-01,738006.0,398357.0,319867.0,718224.0,0.9731953398752856
2017-18,09,Uttar Pradesh,2017-08,2017-08-01,835866.0,353698.0,446749.0,800447.0,0.9576259831121257
2017-18,09,Uttar Pradesh,2017-09,2017-09-01,887856.0,446715.0,403668.0,850383.0,0.9577938314321242
2017-18,09,Uttar Pradesh,2017-10,2017-10-01,809536.0,486652.0,282964.0,769616.0,0.9506878014072259
2017-18,09,Uttar Pradesh,2017-11,2017-11-01,834136.0,559528.0,224758.0,784286.0,0.9402375631791459
2017-18,09,Uttar Pradesh,2017-12,2017-12-01,847512.0,621454.0,171865.0,793319.0,0.936056362623774
2017-18,09,Uttar Pradesh,2018-01,2018-01-01,871836.0,620590.0,189355.0,809945.0,0.9290107313760845
2017-18,09,Uttar Pradesh,2018-02,2018-02-01,895908.0,630707.0,198377.0,829084.0,0.9254119842662416
2017-18,09,Uttar Pradesh,2018-03,2018-03-01,913159.0,620120.0,225446.0,845566.0,0.9259789368554655
2017-18,10,Bihar,2017-07,2017-07-01,187455.0,83443.0,92038.0,175481.0,0.9361233362673709
2017-18,10,Bihar,2017-08,2017-08-01,213585.0,56009.0,138276.0,194285.0,0.90963784909989
2017-18,10,Bihar,2017-09,2017-09-01,222312.0,78700.0,125347.0,204047.0,0.9178406923602864
2017-18,10,Bihar,2017-10,2017-10-01,205062.0,92955.0,93938.0,186893.0,0.9113975285523402
2017-18,10,Bihar,2017-11,2017-11-01,214100.0,106382.0,85148.0,191530.0,0.8945819710415693
2017-18,10,Bihar,2017-12,2017-12-01,219776.0,122495.0,73034.0,195529.0,0.8896740317414095
2017-18,10,Bihar,2018-01,2018-01-01,227120.0,126359.0,74265.0,200624.0,0.883339203945051
2017-18,10,Bihar,2018-02,2018-02-01,234730.0,125500.0,80564.0,206064.0,0.8778767094108124
2017-18,10,Bihar,2018-03,2018-03-01,238741.0,117767.0,91979.0,209746.0,0.8785503956170075
2017-18,11,Sikkim,2017-07,2017-07-01,3154.0,1941.0,1091.0,3032.0,0.9613189600507293
2017-18,11,Sikkim,2017-08,2017-08-01,3593.0,1444.0,1971.0,3415.0,0.9504592262733093
2017-18,11,Sikkim,2017-09,2017-09-01,3804.0,1527.0,2113.0,3640.0,0.9568874868559412
2017-18,11,Sikkim,2017-10,2017-10-01,3745.0,1818.0,1757.0,3575.0,0.9546061415220294
2017-18,11,Sikkim,2017-11,2017-11-01,3884.0,1943.0,1737.0,3680.0,0.9474768280123584
2017-18,11,Sikkim,2017-12,2017-12-01,4003.0,2321.0,1440.0,3761.0,0.9395453409942544
2017-18,11,Sikkim,2018-01,2018-01-01,4104.0,2296.0,1555.0,3851.0,0.9383528265107213
2017-18,11,Sikkim,2018-02,2018-02-01,4277.0,2380.0,1603.0,3983.0,0.9312602291325696
2017-18,11,Sikkim,2018-03,2018-03-01,4449.0,2334.0,1797.0,4131.0,0.9285232636547539
2017-18,12,Arunachal Pradesh,2017-07,2017-07-01,4103.0,1212.0,2555.0,3767.0,0.918108700950524
2017-18,12,Arunachal Pradesh,2017-08,2017-08-01,5300.0,716.0,3918.0,4634.0,0.8743396226415094
2017-18,12,Arunachal Pradesh,2017-09,2017-09-01,6068.0,1075.0,4132.0,5207.0,0.8581081081081081
2017-18,12,Arunachal Pradesh,2017-10,2017-10-01,6212.0,1478.0,3902.0,5380.0,0.8660656793303284
2017-18,12,Arunachal Pradesh,2017-11,2017-11-01,6518.0,1666.0,3946.0,5612.0,0.8610003068425898
2017-18,12,Arunachal Pradesh,2017-12,2017-12-01,6705.0,2022.0,3773.0,5795.0,0.8642803877703207
2017-18,12,Arunachal Pradesh,2018-01,2018-01-01,6982.0,2222.0,3774.0,5996.0,0.8587797192781438
2017-18,12,Arunachal Pradesh,2018-02,2018-02-01,7381.0,2406.0,3871.0,6277.0,0.8504267714401843
2017-18,12,Arunachal Pradesh,2018-03,2018-03-01,8072.0,2292.0,4500.0,6792.0,0.8414271555996036
2017-18,13,Nagaland,2017-07,2017-07-01,3917.0,934.0,2538.0,3472.0,0.8863926474342609
2017-18,13,Nagaland,2017-08,2017-08-01,4679.0,564.0,3401.0,3965.0,0.8474032913015601
2017-18,13,Nagaland,2017-09,2017-09-01,4915.0,772.0,3466.0,4238.0,0.8622583926754832
2017-18,13,Nagaland,2017-10,2017-10-01,4750.0,938.0,3134.0,4072.0,0.8572631578947368
2017-18,13,Nagaland,2017-11,2017-11-01,4877.0,970.0,3136.0,4106.0,0.8419110108673364
2017-18,13,Nagaland,2017-12,2017-12-01,4778.0,1260.0,2805.0,4065.0,0.8507743825868564
2017-18,13,Nagaland,2018-01,2018-01-01,4855.0,1533.0,2560.0,4093.0,0.843048403707518
2017-18,13,Nagaland,2018-02,2018-02-01,4849.0,1405.0,2645.0,4050.0,0.8352237574757682
2017-18,13,Nagaland,2018-03,2018-03-01,4904.0,1430.0,2643.0,4073.0,0.8305464926590538
2017-18,14,Manipur,2017-07,2017-07-01,4283.0,1431.0,2412.0,3843.0,0.8972682699042727
2017-18,14,Manipur,2017-08,2017-08-01,5619.0,787.0,4033.0,4820.0,0.8578038796938957
2017-18,14,Manipur,2017-09,2017-09-01,6564.0,1211.0,4274.0,5485.0,0.8356185252894577
2017-18,14,Manipur,2017-10,2017-10-01,6945.0,1425.0,4291.0,5716.0,0.8230381569474442
2017-18,14,Manipur,2017-11,2017-11-01,7331.0,1703.0,4243.0,5946.0,0.8110762515345792
2017-18,14,Manipur,2017-12,2017-12-01,7712.0,2101.0,4109.0,6210.0,0.8052385892116183
2017-18,14,Manipur,2018-01,2018-01-01,7971.0,2230.0,4145.0,6375.0,0.7997741814076026
2017-18,14,Manipur,2018-02,2018-02-01,8210.0,2382.0,4111.0,6493.0,0.7908647990255786
2017-18,14,Manipur,2018-03,2018-03-01,8603.0,2704.0,4044.0,6748.0,0.7843775427176566
2017-18,15,Mizoram,2017-07,2017-07-01,2451.0,796.0,1476.0,2272.0,0.926968584251326
2017-18,15,Mizoram,2017-08,2017-08-01,2976.0,562.0,2116.0,2678.0,0.8998655913978495
2017-18,15,Mizoram,2017-09,2017-09-01,3300.0,789.0,2132.0,2921.0,0.8851515151515151
2017-18,15,Mizoram,2017-10,2017-10-01,3491.0,1012.0,2043.0,3055.0,0.8751074190776282
2017-18,15,Mizoram,2017-11,2017-11-01,3656.0,1167.0,1981.0,3148.0,0.8610503282275711
2017-18,15,Mizoram,2017-12,2017-12-01,3748.0,1312.0,1883.0,3195.0,0.8524546424759872
2017-18,15,Mizoram,2018-01,2018-01-01,3817.0,1558.0,1686.0,3244.0,0.8498821063662563
2017-18,15,Mizoram,2018-02,2018-02-01,3954.0,1641.0,1694.0,3335.0,0.8434496712190187
2017-18,15,Mizoram,2018-03,2018-03-01,4048.0,1662.0,1722.0,3384.0,0.8359683794466403
2017-18,16,Tripura,2017-07,2017-07-01,13528.0,5590.0,7311.0,12901.0,0.9536516853932584
2017-18,16,Tripura,2017-08,2017-08-01,15567.0,3316.0,11254.0,14570.0,0.9359542622213657
2017-18,16,Tripura,2017-09,2017-09-01,16398.0,5532.0,9799.0,15331.0,0.9349310891572143
2017-18,16,Tripura,2017-10,2017-10-01,16060.0,7554.0,7352.0,14906.0,0.9281444582814445
2017-18,16,Tripura,2017-11,2017-11-01,16663.0,8320.0,6881.0,15201.0,0.9122606973534177
2017-18,16,Tripura,2017-12,2017-12-01,16864.0,8900.0,6449.0,15349.0,0.9101636622390892
2017-18,16,Tripura,2018-01,2018-01-01,17122.0,9277.0,6254.0,15531.0,0.9070786123116459
2017-18,16,Tripura,2018-02,2018-02-01,17347.0,9247.0,6424.0,15671.0,0.9033838704098691
2017-18,16,Tripura,2018-03,2018-03-01,17562.0,8747.0,7077.0,15824.0,0.9010363284363968
2017-18,17,Meghalaya,2017-07,2017-07-01,11989.0,3931.0,7099.0,11030.0,0.9200100091750771
2017-18,17,Meghalaya,2017-08,2017-08-01,13712.0,2678.0,9608.0,12286.0,0.8960035005834306
2017-18,17,Meghalaya,2017-09,2017-09-01,14696.0,3598.0,9466.0,13064.0,0.8889493739793141
2017-18,17,Meghalaya,2017-10,2017-10-01,14641.0,5305.0,7720.0,13025.0,0.8896250256130046
2017-18,17,Meghalaya,2017-11,2017-11-01,15103.0,5702.0,7518.0,13220.0,0.8753227835529365
2017-18,17,Meghalaya,2017-12,2017-12-01,15398.0,6252.0,7131.0,13383.0,0.869138849201195
2017-18,17,Meghalaya,2018-01,2018-01-01,15791.0,6482.0,7140.0,13622.0,0.8626432778164778
2017-18,17,Meghalaya,2018-02,2018-02-01,15996.0,6623.0,7120.0,13743.0,0.859152288072018
2017-18,17,Meghalaya,2018-03,2018-03-01,16327.0,7153.0,6833.0,13986.0,0.8566178722361733
2017-18,18,Assam,2017-07,2017-07-01,97283.0,37502.0,48845.0,86347.0,0.8875857035658851
2017-18,18,Assam,2017-08,2017-08-01,111825.0,20779.0,74091.0,94870.0,0.8483791638721216
2017-18,18,Assam,2017-09,2017-09-01,114311.0,29949.0,69268.0,99217.0,0.8679567145768998
2017-18,18,Assam,2017-10,2017-10-01,110497.0,37783.0,57621.0,95404.0,0.8634080563273211
2017-18,18,Assam,2017-11,2017-11-01,113702.0,42970.0,53894.0,96864.0,0.8519111361277726
2017-18,18,Assam,2017-12,2017-12-01,114563.0,48429.0,48864.0,97293.0,0.8492532493038765
2017-18,18,Assam,2018-01,2018-01-01,116010.0,50569.0,47572.0,98141.0,0.8459701749849151
2017-18,18,Assam,2018-02,2018-02-01,119071.0,50255.0,49579.0,99834.0,0.8384409302013085
2017-18,18,Assam,2018-03,2018-03-01,122022.0,44666.0,57317.0,101983.0,0.8357755158905771
2017-18,19,West Bengal,2017-07,2017-07-01,347020.0,219688.0,106242.0,325930.0,0.9392254048757996
2017-18,19,West Bengal,2017-08,2017-08-01,405036.0,135795.0,244809.0,380604.0,0.9396794359019939
2017-18,19,West Bengal,2017-09,2017-09-01,416031.0,206247.0,195213.0,401460.0,0.9649761676413536
2017-18,19,West Bengal,2017-10,2017-10-01,422302.0,243472.0,159562.0,403034.0,0.9543738840924267
2017-18,19,West Bengal,2017-11,2017-11-01,436034.0,272747.0,140063.0,412810.0,0.9467380984051702
2017-18,19,West Bengal,2017-12,2017-12-01,443892.0,294267.0,124929.0,419196.0,0.9443648455029602
2017-18,19,West Bengal,2018-01,2018-01-01,453793.0,306431.0,120932.0,427363.0,0.9417575855070484
2017-18,19,West Bengal,2018-02,2018-02-01,463943.0,310097.0,125915.0,436012.0,0.939796483619755
2017-18,19,West Bengal,2018-03,2018-03-01,472982.0,298307.0,145003.0,443310.0,0.9372661116067842
2017-18,20,Jharkhand,2017-07,2017-07-01,82880.0,46423.0,34152.0,80575.0,0.9721887065637066
2017-18,20,Jharkhand,2017-08,2017-08-01,95439.0,33373.0,57280.0,90653.0,0.9498527855488846
2017-18,20,Jharkhand,2017-09,2017-09-01,100685.0,50897.0,45427.0,96324.0,0.9566866961314993
2017-18,20,Jharkhand,2017-10,2017-10-01,101040.0,56454.0,39355.0,95809.0,0.9482284243863817
2017-18,20,Jharkhand,2017-11,2017-11-01,104889.0,63541.0,34886.0,98427.0,0.938392014415239
2017-18,20,Jharkhand,2017-12,2017-12-01,108087.0,70612.0,30336.0,100948.0,0.9339513540018689
2017-18,20,Jharkhand,2018-01,2018-01-01,111749.0,72363.0,31388.0,103751.0,0.9284288897439799
2017-18,20,Jharkhand,2018-02,2018-02-01,115174.0,70747.0,35856.0,106603.0,0.9255821626408738
2017-18,20,Jharkhand,2018-03,2018-03-01,117217.0,66374.0,41903.0,108277.0,0.9237311993994045
2017-18,21,Odisha,2017-07,2017-07-01,139875.0,45509.0,89526.0,135035.0,0.9653976764968722
2017-18,21,Odisha,2017-08,2017-08-01,154796.0,43923.0,101819.0,145742.0,0.9415101165404791
2017-18,21,Odisha,2017-09,2017-09-01,162133.0,64338.0,87667.0,152005.0,0.9375327663091413
2017-18,21,Odisha,2017-10,2017-10-01,159167.0,75101.0,71290.0,146391.0,0.9197321052730779
2017-18,21,Odisha,2017-11,2017-11-01,164732.0,86492.0,62452.0,148944.0,0.9041594832819367
2017-18,21,Odisha,2017-12,2017-12-01,168723.0,97072.0,54505.0,151577.0,0.898377814524398
2017-18,21,Odisha,2018-01,2018-01-01,174193.0,100133.0,55406.0,155539.0,0.8929118850929716
2017-18,21,Odisha,2018-02,2018-02-01,178748.0,101524.0,57516.0,159040.0,0.8897442209143599
2017-18,21,Odisha,2018-03,2018-03-01,183516.0,96060.0,66218.0,162278.0,0.8842716711349419
2017-18,22,Chhattisgarh,2017-07,2017-07-01,83399.0,34671.0,44573.0,79244.0,0.9501792587441097
2017-18,22,Chhattisgarh,2017-08,2017-08-01,90219.0,26288.0,58791.0,85079.0,0.9430275219188863
2017-18,22,Chhattisgarh,2017-09,2017-09-01,93983.0,30665.0,57710.0,88375.0,0.9403296340827596
2017-18,22,Chhattisgarh,2017-10,2017-10-01,87850.0,34199.0,47662.0,81861.0,0.9318269778030734
2017-18,22,Chhattisgarh,2017-11,2017-11-01,90015.0,41022.0,41540.0,82562.0,0.9172026884408154
2017-18,22,Chhattisgarh,2017-12,2017-12-01,90937.0,48492.0,34622.0,83114.0,0.91397341016308
2017-18,22,Chhattisgarh,2018-01,2018-01-01,92590.0,49384.0,34712.0,84096.0,0.9082622313424776
2017-18,22,Chhattisgarh,2018-02,2018-02-01,93525.0,49195.0,35721.0,84916.0,0.9079497460572039
2017-18,22,Chhattisgarh,2018-03,2018-03-01,94349.0,43008.0,42500.0,85508.0,0.9062947143053981
2017-18,23,Madhya Pradesh,2017-07,2017-07-01,257308.0,106142.0,148974.0,255116.0,0.9914810266295646
2017-18,23,Madhya Pradesh,2017-08,2017-08-01,276943.0,72970.0,197079.0,270049.0,0.9751067909280972
2017-18,23,Madhya Pradesh,2017-09,2017-09-01,290350.0,114822.0,166099.0,280921.0,0.9675254003788532
2017-18,23,Madhya Pradesh,2017-10,2017-10-01,274212.0,135768.0,126730.0,262498.0,0.9572812276632678
2017-18,23,Madhya Pradesh,2017-11,2017-11-01,281366.0,163840.0,101593.0,265433.0,0.9433726889531784
2017-18,23,Madhya Pradesh,2017-12,2017-12-01,286853.0,186782.0,82133.0,268915.0,0.9374662283469234
2017-18,23,Madhya Pradesh,2018-01,2018-01-01,294248.0,185757.0,88655.0,274412.0,0.9325874772300916
2017-18,23,Madhya Pradesh,2018-02,2018-02-01,299740.0,183727.0,95000.0,278727.0,0.9298959097884834
2017-18,23,Madhya Pradesh,2018-03,2018-03-01,304929.0,168076.0,114424.0,282500.0,0.9264451724827747
2017-18,24,Gujarat,2017-07,2017-07-01,564539.0,311664.0,244049.0,555713.0,0.9843660048287186
2017-18,24,Gujarat,2017-08,2017-08-01,641658.0,248716.0,381810.0,630526.0,0.9826511942498963
2017-18,24,Gujarat,2017-09,2017-09-01,682019.0,348917.0,322821.0,671738.0,0.9849256399015277
2017-18,24,Gujarat,2017-10,2017-10-01,673475.0,390745.0,271302.0,662047.0,0.9830312929210439
2017-18,24,Gujarat,2017-11,2017-11-01,688205.0,467824.0,206620.0,674444.0,0.980004504471778
2017-18,24,Gujarat,2017-12,2017-12-01,698869.0,524420.0,160026.0,684446.0,0.9793623697717312
2017-18,24,Gujarat,2018-01,2018-01-01,712579.0,520899.0,175970.0,696869.0,0.9779533216667906
2017-18,24,Gujarat,2018-02,2018-02-01,723682.0,531204.0,176020.0,707224.0,0.9772579668970626
2017-18,24,Gujarat,2018-03,2018-03-01,733311.0,516484.0,199518.0,716002.0,0.9763960993357524
2017-18,25,Daman and Diu,2017-07,2017-07-01,4349.0,2952.0,1375.0,4327.0,0.9949413658312256
2017-18,25,Daman and Diu,2017-08,2017-08-01,4781.0,2112.0,2597.0,4709.0,0.9849403890399498
2017-18,25,Daman and Diu,2017-09,2017-09-01,5056.0,2739.0,2212.0,4951.0,0.9792325949367089
2017-18,25,Daman and Diu,2017-10,2017-10-01,5091.0,2853.0,2098.0,4951.0,0.9725004910626596
2017-18,25,Daman and Diu,2017-11,2017-11-01,5195.0,3065.0,1951.0,5016.0,0.965543792107796
2017-18,25,Daman and Diu,2017-12,2017-12-01,5254.0,3438.0,1611.0,5049.0,0.9609821088694328
2017-18,25,Daman and Diu,2018-01,2018-01-01,5330.0,3334.0,1759.0,5093.0,0.9555347091932458
2017-18,25,Daman and Diu,2018-02,2018-02-01,5406.0,3462.0,1702.0,5164.0,0.9552349241583425
2017-18,25,Daman and Diu,2018-03,2018-03-01,5460.0,3309.0,1895.0,5204.0,0.9531135531135531
2017-18,26,Dadra and Nagar Haveli,2017-07,2017-07-01,5291.0,3187.0,1996.0,5183.0,0.9795879795879796
2017-18,26,Dadra and Nagar Haveli,2017-08,2017-08-01,6053.0,2491.0,3354.0,5845.0,0.9656368742772179
2017-18,26,Dadra and Nagar Haveli,2017-09,2017-09-01,6403.0,3363.0,2827.0,6190.0,0.9667343432765891
2017-18,26,Dadra and Nagar Haveli,2017-10,2017-10-01,6534.0,3614.0,2644.0,6258.0,0.9577594123048668
2017-18,26,Dadra and Nagar Haveli,2017-11,2017-11-01,6703.0,4003.0,2353.0,6356.0,0.9482321348649858
2017-18,26,Dadra and Nagar Haveli,2017-12,2017-12-01,6809.0,4527.0,1919.0,6446.0,0.9466882067851373
2017-18,26,Dadra and Nagar Haveli,2018-01,2018-01-01,6964.0,4365.0,2203.0,6568.0,0.9431361286616887
2017-18,26,Dadra and Nagar Haveli,2018-02,2018-02-01,7075.0,4517.0,2137.0,6654.0,0.9404946996466431
2017-18,26,Dadra and Nagar Haveli,2018-03,2018-03-01,7150.0,4294.0,2418.0,6712.0,0.9387412587412587
2017-18,27,Maharashtra,2017-07,2017-07-01,914892.0,582682.0,319691.0,902373.0,0.9863164176755289
2017-18,27,Maharashtra,2017-08,2017-08-01,1006222.0,420286.0,566773.0,987059.0,0.9809554949106658
2017-18,27,Maharashtra,2017-09,2017-09-01,1060520.0,557237.0,484931.0,1042168.0,0.9826952815599894
2017-18,27,Maharashtra,2017-10,2017-10-01,1054857.0,585598.0,445766.0,1031364.0,0.9777287347953324
2017-18,27,Maharashtra,2017-11,2017-11-01,1076657.0,666974.0,379774.0,1046748.0,0.972220493620531
2017-18,27,Maharashtra,2017-12,2017-12-01,1094504.0,742207.0,319158.0,1061365.0,0.969722358255429
2017-18,27,Maharashtra,2018-01,2018-01-01,1114066.0,724962.0,353170.0,1078132.0,0.9677451784723706
2017-18,27,Maharashtra,2018-02,2018-02-01,1133258.0,741702.0,353298.0,1095000.0,0.9662406971757534
2017-18,27,Maharashtra,2018-03,2018-03-01,1148243.0,730896.0,377890.0,1108786.0,0.965637064628306
2017-18,29,Karnataka,2017-07,2017-07-01,503407.0,264970.0,234915.0,499885.0,0.9930036729723662
2017-18,29,Karnataka,2017-08,2017-08-01,530355.0,209672.0,309552.0,519224.0,0.9790121710929471
2017-18,29,Karnataka,2017-09,2017-09-01,553919.0,285816.0,252340.0,538156.0,0.9715427706939102
2017-18,29,Karnataka,2017-10,2017-10-01,537199.0,317680.0,196447.0,514127.0,0.9570512975638451
2017-18,29,Karnataka,2017-11,2017-11-01,549345.0,347652.0,170960.0,518612.0,0.9440551930025758
2017-18,29,Karnataka,2017-12,2017-12-01,556414.0,380553.0,142522.0,523075.0,0.9400823846991628
2017-18,29,Karnataka,2018-01,2018-01-01,568190.0,380462.0,151238.0,531700.0,0.9357785247892431
2017-18,29,Karnataka,2018-02,2018-02-01,579378.0,380599.0,159380.0,539979.0,0.9319977631183787
2017-18,29,Karnataka,2018-03,2018-03-01,590015.0,372103.0,175707.0,547810.0,0.9284679203071108
2017-18,30,Goa,2017-07,2017-07-01,22196.0,10043.0,11690.0,21733.0,0.979140385655073
2017-18,30,Goa,2017-08,2017-08-01,23786.0,8001.0,15170.0,23171.0,0.9741444547212647
2017-18,30,Goa,2017-09,2017-09-01,25339.0,11312.0,13116.0,24428.0,0.9640475156872805
2017-18,30,Goa,2017-10,2017-10-01,25168.0,12599.0,11388.0,23987.0,0.9530753337571519
2017-18,30,Goa,2017-11,2017-11-01,25951.0,13476.0,11010.0,24486.0,0.9435474548186967
2017-18,30,Goa,2017-12,2017-12-01,26231.0,15466.0,9226.0,24692.0,0.941328961915291
2017-18,30,Goa,2018-01,2018-01-01,26753.0,15607.0,9480.0,25087.0,0.9377266100998018
2017-18,30,Goa,2018-02,2018-02-01,27195.0,15535.0,9891.0,25426.0,0.9349512778084207
2017-18,30,Goa,2018-03,2018-03-01,27578.0,15496.0,10225.0,25721.0,0.9326637174559431
2017-18,31,Lakshadweep,2017-07,2017-07-01,90.0,25.0,49.0,74.0,0.8222222222222222
2017-18,31,Lakshadweep,2017-08,2017-08-01,220.0,56.0,115.0,171.0,0.7772727272727272
2017-18,31,Lakshadweep,2017-09,2017-09-01,258.0,64.0,121.0,185.0,0.7170542635658915
2017-18,31,Lakshadweep,2017-10,2017-10-01,250.0,69.0,107.0,176.0,0.704
2017-18,31,Lakshadweep,2017-11,2017-11-01,254.0,61.0,113.0,174.0,0.6850393700787402
2017-18,31,Lakshadweep,2017-12,2017-12-01,253.0,67.0,100.0,167.0,0.6600790513833992
2017-18,31,Lakshadweep,2018-01,2018-01-01,257.0,73.0,96.0,169.0,0.6575875486381323
2017-18,31,Lakshadweep,2018-02,2018-02-01,260.0,64.0,101.0,165.0,0.6346153846153846
2017-18,31,Lakshadweep,2018-03,2018-03-01,265.0,63.0,109.0,172.0,0.6490566037735849
2017-18,32,Kerala,2017-07,2017-07-01,215930.0,113438.0,101729.0,215167.0,0.9964664474598249
2017-18,32,Kerala,2017-08,2017-08-01,227531.0,52149.0,173194.0,225343.0,0.9903837279315786
2017-18,32,Kerala,2017-09,2017-09-01,233233.0,117016.0,114218.0,231234.0,0.9914291716866824
2017-18,32,Kerala,2017-10,2017-10-01,227665.0,131417.0,92192.0,223609.0,0.9821843498122241
2017-18,32,Kerala,2017-11,2017-11-01,232586.0,139038.0,87870.0,226908.0,0.9755875246145512
2017-18,32,Kerala,2017-12,2017-12-01,234754.0,150254.0,78436.0,228690.0,0.9741687042606303
2017-18,32,Kerala,2018-01,2018-01-01,238699.0,142300.0,89761.0,232061.0,0.9721909182694524
2017-18,32,Kerala,2018-02,2018-02-01,242006.0,140239.0,94832.0,235071.0,0.9713436856937431
2017-18,32,Kerala,2018-03,2018-03-01,245761.0,130090.0,108294.0,238384.0,0.9699830322956042
2017-18,33,Tamil Nadu,2017-07,2017-07-01,624866.0,312517.0,291276.0,603793.0,0.9662759695678753
2017-18,33,Tamil Nadu,2017-08,2017-08-01,673862.0,202444.0,440781.0,643225.0,0.9545352015694608
2017-18,33,Tamil Nadu,2017-09,2017-09-01,700632.0,324032.0,341577.0,665609.0,0.9500122746320465
2017-18,33,Tamil Nadu,2017-10,2017-10-01,688720.0,395873.0,252590.0,648463.0,0.9415480892089674
2017-18,33,Tamil Nadu,2017-11,2017-11-01,702649.0,428565.0,224582.0,653147.0,0.9295494621069695
2017-18,33,Tamil Nadu,2017-12,2017-12-01,712131.0,453712.0,204635.0,658347.0,0.9244745699878253
2017-18,33,Tamil Nadu,2018-01,2018-01-01,722496.0,458744.0,206284.0,665028.0,0.9204590752059527
2017-18,33,Tamil Nadu,2018-02,2018-02-01,737038.0,461515.0,213583.0,675098.0,0.9159609138199116
2017-18,33,Tamil Nadu,2018-03,2018-03-01,750910.0,453857.0,230857.0,684714.0,0.911845627305536
2017-18,34,Puducherry,2017-07,2017-07-01,14080.0,7676.0,6293.0,13969.0,0.9921164772727272
2017-18,34,Puducherry,2017-08,2017-08-01,15013.0,5280.0,9599.0,14879.0,0.9910744021847732
2017-18,34,Puducherry,2017-09,2017-09-01,15568.0,8023.0,7401.0,15424.0,0.9907502569373073
2017-18,34,Puducherry,2017-10,2017-10-01,15548.0,9073.0,6091.0,15164.0,0.9753022896835606
2017-18,34,Puducherry,2017-11,2017-11-01,15726.0,9554.0,5747.0,15301.0,0.9729746915935393
2017-18,34,Puducherry,2017-12,2017-12-01,15975.0,9994.0,5476.0,15470.0,0.9683881064162755
2017-18,34,Puducherry,2018-01,2018-01-01,16258.0,10082.0,5605.0,15687.0,0.9648788288842416
2017-18,34,Puducherry,2018-02,2018-02-01,16534.0,10324.0,5628.0,15952.0,0.964799806459417
2017-18,34,Puducherry,2018-03,2018-03-01,16887.0,10322.0,5920.0,16242.0,0.9618049387102505
2017-18,35,Andaman and Nicobar Islands,2017-07,2017-07-01,2489.0,703.0,1472.0,2175.0,0.8738449176376054
2017-18,35,Andaman and Nicobar Islands,2017-08,2017-08-01,3574.0,347.0,2624.0,2971.0,0.8312814773363179
2017-18,35,Andaman and Nicobar Islands,2017-09,2017-09-01,3908.0,416.0,2819.0,3235.0,0.8277891504605936
2017-18,35,Andaman and Nicobar Islands,2017-10,2017-10-01,3837.0,606.0,2564.0,3170.0,0.8261662757362522
2017-18,35,Andaman and Nicobar Islands,2017-11,2017-11-01,3971.0,676.0,2552.0,3228.0,0.8128934777134224
2017-18,35,Andaman and Nicobar Islands,2017-12,2017-12-01,4016.0,882.0,2360.0,3242.0,0.8072709163346613
2017-18,35,Andaman and Nicobar Islands,2018-01,2018-01-01,4109.0,919.0,2379.0,3298.0,0.8026283767339986
2017-18,35,Andaman and Nicobar Islands,2018-02,2018-02-01,4182.0,911.0,2426.0,3337.0,0.7979435676709709
2017-18,35,Andaman and Nicobar Islands,2018-03,2018-03-01,4246.0,953.0,2418.0,3371.0,0.7939236928874235
2017-18,36,Telangana,2017-07,2017-07-01,201614.0,82109.0,111988.0,194097.0,0.9627158828255974
2017-18,36,Telangana,2017-08,2017-08-01,223860.0,63297.0,148223.0,211520.0,0.9448762619494326
2017-18,36,Telangana,2017-09,2017-09-01,234895.0,90635.0,131884.0,222519.0,0.947312629047021
2017-18,36,Telangana,2017-10,2017-10-01,230496.0,111055.0,105124.0,216179.0,0.93788612383729
2017-18,36,Telangana,2017-11,2017-11-01,237791.0,123033.0,96009.0,219042.0,0.9211534498782544
2017-18,36,Telangana,2017-12,2017-12-01,241225.0,137227.0,83975.0,221202.0,0.9169945072028189
2017-18,36,Telangana,2018-01,2018-01-01,247652.0,137576.0,88226.0,225802.0,0.9117713565810088
2017-18,36,Telangana,2018-02,2018-02-01,253873.0,142081.0,88358.0,230439.0,0.9076940044825562
2017-18,36,Telangana,2018-03,2018-03-01,259182.0,140387.0,94052.0,234439.0,0.9045342654968324
2017-18,37,Andhra Pradesh,2017-07,2017-07-01,198028.0,105432.0,84087.0,189519.0,0.9570313289029834
2017-18,37,Andhra Pradesh,2017-08,2017-08-01,209596.0,72423.0,128975.0,201398.0,0.960886658142331
2017-18,37,Andhra Pradesh,2017-09,2017-09-01,216950.0,109070.0,100011.0,209081.0,0.9637289698087117
2017-18,37,Andhra Pradesh,2017-10,2017-10-01,208658.0,118928.0,79304.0,198232.0,0.9500330684661025
2017-18,37,Andhra Pradesh,2017-11,2017-11-01,214751.0,129425.0,70883.0,200308.0,0.9327453655629078
2017-18,37,Andhra Pradesh,2017-12,2017-12-01,215764.0,140154.0,61334.0,201488.0,0.9338351161454181
2017-18,37,Andhra Pradesh,2018-01,2018-01-01,219257.0,141222.0,62903.0,204125.0,0.9309850996775474
2017-18,37,Andhra Pradesh,2018-02,2018-02-01,223004.0,138121.0,68856.0,206977.0,0.9281313339671037
2017-18,37,Andhra Pradesh,2018-03,2018-03-01,226630.0,128969.0,81548.0,210517.0,0.9289017341040462
2017-18,38,Ladakh,2017-07,2017-07-01,,,,0.0,
2017-18,38,Ladakh,2017-08,2017-08-01,,,,0.0,
2017-18,38,Ladakh,2017-09,2017-09-01,,,,0.0,
2017-18,38,Ladakh,2017-10,2017-10-01,,,,0.0,
2017-18,38,Ladakh,2017-11,2017-11-01,,,,0.0,
2017-18,38,Ladakh,2017-12,2017-12-01,,,,0.0,
2017-18,38,Ladakh,2018-01,2018-01-01,,,,0.0,
2017-18,38,Ladakh,2018-02,2018-02-01,,,,0.0,
2017-18,38,Ladakh,2018-03,2018-03-01,,,,0.0,
2017-18,97,Other Territory,2017-07,2017-07-01,,,,0.0,
2017-18,97,Other Territory,2017-08,2017-08-01,21.0,0.0,20.0,20.0,0.9523809523809523
2017-18,97,Other Territory,2017-09,2017-09-01,25.0,0.0,24.0,24.0,0.96
2017-18,97,Other Territory,2017-10,2017-10-01,31.0,10.0,18.0,28.0,0.9032258064516129
2017-18,97,Other Territory,2017-11,2017-11-01,35.0,13.0,20.0,33.0,0.9428571428571428
2017-18,97,Other Territory,2017-12,2017-12-01,36.0,22.0,13.0,35.0,0.9722222222222222
2017-18,97,Other Territory,2018-01,2018-01-01,43.0,27.0,13.0,40.0,0.9302325581395349
2017-18,97,Other Territory,2018-02,2018-02-01,49.0,29.0,14.0,43.0,0.8775510204081632
2017-18,97,Other Territory,2018-03,2018-03-01,49.0,26.0,17.0,43.0,0.8775510204081632
2018-19,01,Jammu and Kashmir,2018-04,2018-04-01,72923.0,25835.0,41990.0,67825.0,0.9300906435555312
2018-19,01,Jammu and Kashmir,2018-05,2018-05-01,75470.0,44513.0,24982.0,69495.0,0.9208294686630449
2018-19,01,Jammu and Kashmir,2018-06,2018-06-01,77492.0,45901.0,24673.0,70574.0,0.9107262685180406
2018-19,01,Jammu and Kashmir,2018-07,2018-07-01,78995.0,49998.0,21810.0,71808.0,0.9090195581998861
2018-19,01,Jammu and Kashmir,2018-08,2018-08-01,80214.0,47009.0,25860.0,72869.0,0.9084324432144015
2018-19,01,Jammu and Kashmir,2018-09,2018-09-01,81069.0,50507.0,23193.0,73700.0,0.9091021228829762
2018-19,01,Jammu and Kashmir,2018-10,2018-10-01,82347.0,48213.0,26443.0,74656.0,0.9066025477552309
2018-19,01,Jammu and Kashmir,2018-11,2018-11-01,83494.0,50329.0,24511.0,74840.0,0.8963518336646945
2018-19,01,Jammu and Kashmir,2018-12,2018-12-01,84692.0,52012.0,23679.0,75691.0,0.8937207764605866
2018-19,01,Jammu and Kashmir,2019-01,2019-01-01,86258.0,38272.0,38523.0,76795.0,0.8902942335783348
2018-19,01,Jammu and Kashmir,2019-02,2019-02-01,87367.0,58457.0,19108.0,77565.0,0.8878066089026749
2018-19,01,Jammu and Kashmir,2019-03,2019-03-01,88878.0,42179.0,36326.0,78505.0,0.8832894529579873
2018-19,02,Himachal Pradesh,2018-04,2018-04-01,69050.0,31904.0,33357.0,65261.0,0.9451267197682839
2018-19,02,Himachal Pradesh,2018-05,2018-05-01,72862.0,48591.0,18816.0,67407.0,0.9251324421509154
2018-19,02,Himachal Pradesh,2018-06,2018-06-01,75206.0,48706.0,20110.0,68816.0,0.9150333749966758
2018-19,02,Himachal Pradesh,2018-07,2018-07-01,76985.0,54820.0,15479.0,70299.0,0.9131519127102682
2018-19,02,Himachal Pradesh,2018-08,2018-08-01,78385.0,48848.0,22527.0,71375.0,0.9105696242903617
2018-19,02,Himachal Pradesh,2018-09,2018-09-01,79070.0,54882.0,17329.0,72211.0,0.9132540786644745
2018-19,02,Himachal Pradesh,2018-10,2018-10-01,80106.0,52335.0,21084.0,73419.0,0.9165231068833796
2018-19,02,Himachal Pradesh,2018-11,2018-11-01,81318.0,54809.0,18870.0,73679.0,0.9060601588824122
2018-19,02,Himachal Pradesh,2018-12,2018-12-01,82700.0,54247.0,20478.0,74725.0,0.9035671100362757
2018-19,02,Himachal Pradesh,2019-01,2019-01-01,84114.0,50257.0,25447.0,75704.0,0.9000166440782748
2018-19,02,Himachal Pradesh,2019-02,2019-02-01,85293.0,61666.0,14918.0,76584.0,0.8978931448067251
2018-19,02,Himachal Pradesh,2019-03,2019-03-01,86666.0,47265.0,30236.0,77501.0,0.8942491865322041
2018-19,03,Punjab,2018-04,2018-04-01,272274.0,114352.0,142860.0,257212.0,0.9446807260333341
2018-19,03,Punjab,2018-05,2018-05-01,280783.0,217583.0,43645.0,261228.0,0.9303554702385828
2018-19,03,Punjab,2018-06,2018-06-01,284602.0,215329.0,48753.0,264082.0,0.9278993120217005
2018-19,03,Punjab,2018-07,2018-07-01,287287.0,232762.0,33920.0,266682.0,0.9282772976152767
2018-19,03,Punjab,2018-08,2018-08-01,289432.0,212773.0,56374.0,269147.0,0.929914453135797
2018-19,03,Punjab,2018-09,2018-09-01,289976.0,228333.0,42498.0,270831.0,0.9339772946726626
2018-19,03,Punjab,2018-10,2018-10-01,291913.0,216623.0,56468.0,273091.0,0.935521884945172
2018-19,03,Punjab,2018-11,2018-11-01,293460.0,222370.0,51078.0,273448.0,0.9318067198255299
2018-19,03,Punjab,2018-12,2018-12-01,294776.0,221141.0,54283.0,275424.0,0.9343501506228459
2018-19,03,Punjab,2019-01,2019-01-01,297867.0,194747.0,82340.0,277087.0,0.9302373206833923
2018-19,03,Punjab,2019-02,2019-02-01,300089.0,243210.0,35513.0,278723.0,0.9288011223337077
2018-19,03,Punjab,2019-03,2019-03-01,302783.0,180946.0,99764.0,280710.0,0.9270996059884472
2018-19,04,Chandigarh,2018-04,2018-04-01,26258.0,11339.0,12984.0,24323.0,0.9263081727473532
2018-19,04,Chandigarh,2018-05,2018-05-01,27036.0,19415.0,5287.0,24702.0,0.913670661340435
2018-19,04,Chandigarh,2018-06,2018-06-01,27243.0,19508.0,5465.0,24973.0,0.9166758433359028
2018-19,04,Chandigarh,2018-07,2018-07-01,27105.0,21142.0,3990.0,25132.0,0.9272090020291459
2018-19,04,Chandigarh,2018-08,2018-08-01,27027.0,18479.0,6798.0,25277.0,0.9352499352499353
2018-19,04,Chandigarh,2018-09,2018-09-01,27051.0,20876.0,4559.0,25435.0,0.9402609885031976
2018-19,04,Chandigarh,2018-10,2018-10-01,27070.0,19409.0,6281.0,25690.0,0.949021056520133
2018-19,04,Chandigarh,2018-11,2018-11-01,27088.0,20036.0,5624.0,25660.0,0.9472829297105729
2018-19,04,Chandigarh,2018-12,2018-12-01,27347.0,19856.0,6006.0,25862.0,0.9456978827659341
2018-19,04,Chandigarh,2019-01,2019-01-01,27519.0,17279.0,8638.0,25917.0,0.9417856753515753
2018-19,04,Chandigarh,2019-02,2019-02-01,27639.0,21889.0,4114.0,26003.0,0.9408082781576758
2018-19,04,Chandigarh,2019-03,2019-03-01,27600.0,16890.0,9196.0,26086.0,0.9451449275362319
2018-19,05,Uttarakhand,2018-04,2018-04-01,111971.0,43545.0,54920.0,98465.0,0.8793794821873521
2018-19,05,Uttarakhand,2018-05,2018-05-01,115537.0,66131.0,34580.0,100711.0,0.8716774712862546
2018-19,05,Uttarakhand,2018-06,2018-06-01,118806.0,67038.0,35442.0,102480.0,0.8625826978435432
2018-19,05,Uttarakhand,2018-07,2018-07-01,120793.0,75202.0,28776.0,103978.0,0.8607949136125438
2018-19,05,Uttarakhand,2018-08,2018-08-01,122691.0,68074.0,37332.0,105406.0,0.8591176206893741
2018-19,05,Uttarakhand,2018-09,2018-09-01,122477.0,76925.0,29753.0,106678.0,0.8710043518374878
2018-19,05,Uttarakhand,2018-10,2018-10-01,123042.0,69251.0,38759.0,108010.0,0.8778303343573739
2018-19,05,Uttarakhand,2018-11,2018-11-01,123517.0,74326.0,33136.0,107462.0,0.870017892273938
2018-19,05,Uttarakhand,2018-12,2018-12-01,123658.0,74438.0,34408.0,108846.0,0.8802180206699122
2018-19,05,Uttarakhand,2019-01,2019-01-01,124350.0,68508.0,41634.0,110142.0,0.8857418576598312
2018-19,05,Uttarakhand,2019-02,2019-02-01,126171.0,82580.0,28916.0,111496.0,0.883689595865928
2018-19,05,Uttarakhand,2019-03,2019-03-01,128280.0,65668.0,47280.0,112948.0,0.8804801995634549
2018-19,06,Haryana,2018-04,2018-04-01,360761.0,154097.0,177456.0,331553.0,0.9190378117368563
2018-19,06,Haryana,2018-05,2018-05-01,372922.0,254189.0,84737.0,338926.0,0.9088388456567325
2018-19,06,Haryana,2018-06,2018-06-01,381930.0,254451.0,89756.0,344207.0,0.9012305919932972
2018-19,06,Haryana,2018-07,2018-07-01,389114.0,280221.0,68341.0,348562.0,0.8957837548893126
2018-19,06,Haryana,2018-08,2018-08-01,396878.0,244035.0,109794.0,353829.0,0.8915308986640731
2018-19,06,Haryana,2018-09,2018-09-01,399083.0,278671.0,79600.0,358271.0,0.8977355587684768
2018-19,06,Haryana,2018-10,2018-10-01,405863.0,255866.0,106414.0,362280.0,0.8926164740318777
2018-19,06,Haryana,2018-11,2018-11-01,411169.0,269657.0,93552.0,363209.0,0.8833569651408545
2018-19,06,Haryana,2018-12,2018-12-01,416803.0,268109.0,99520.0,367629.0,0.8820210027279074
2018-19,06,Haryana,2019-01,2019-01-01,418669.0,238314.0,131230.0,369544.0,0.8826638705039064
2018-19,06,Haryana,2019-02,2019-02-01,419885.0,295280.0,76790.0,372070.0,0.8861235814568275
2018-19,06,Haryana,2019-03,2019-03-01,421476.0,227071.0,147801.0,374872.0,0.8894266814717802
2018-19,07,Delhi,2018-04,2018-04-01,623319.0,217422.0,345212.0,562634.0,0.9026421463167335
2018-19,07,Delhi,2018-05,2018-05-01,639783.0,403765.0,167940.0,571705.0,0.8935920460531149
2018-19,07,Delhi,2018-06,2018-06-01,653936.0,404902.0,174499.0,579401.0,0.886020956179198
2018-19,07,Delhi,2018-07,2018-07-01,665507.0,446459.0,138749.0,585208.0,0.8793416147388382
2018-19,07,Delhi,2018-08,2018-08-01,676767.0,394582.0,197147.0,591729.0,0.8743467101676057
2018-19,07,Delhi,2018-09,2018-09-01,674957.0,441412.0,155667.0,597079.0,0.8846178349139279
2018-19,07,Delhi,2018-10,2018-10-01,682591.0,400791.0,200960.0,601751.0,0.8815689043658648
2018-19,07,Delhi,2018-11,2018-11-01,691377.0,426402.0,173130.0,599532.0,0.8671564139391389
2018-19,07,Delhi,2018-12,2018-12-01,700345.0,422173.0,181894.0,604067.0,0.8625277541782979
2018-19,07,Delhi,2019-01,2019-01-01,710945.0,378344.0,229716.0,608060.0,0.8552841640351926
2018-19,07,Delhi,2019-02,2019-02-01,719691.0,466283.0,145971.0,612254.0,0.8507178775335525
2018-19,07,Delhi,2019-03,2019-03-01,730364.0,350449.0,266674.0,617123.0,0.8449526537452557
2018-19,08,Rajasthan,2018-04,2018-04-01,468999.0,197238.0,242313.0,439551.0,0.9372109535414788
2018-19,08,Rajasthan,2018-05,2018-05-01,489282.0,324757.0,123100.0,447857.0,0.9153351237118881
2018-19,08,Rajasthan,2018-06,2018-06-01,500417.0,323793.0,130682.0,454475.0,0.9081925673987894
2018-19,08,Rajasthan,2018-07,2018-07-01,507666.0,359076.0,100288.0,459364.0,0.9048547667166995
2018-19,08,Rajasthan,2018-08,2018-08-01,515229.0,319734.0,145542.0,465276.0,0.9030469946373361
2018-19,08,Rajasthan,2018-09,2018-09-01,511436.0,360304.0,110369.0,470673.0,0.920296967753541
2018-19,08,Rajasthan,2018-10,2018-10-01,520284.0,331550.0,143339.0,474889.0,0.9127495752319886
2018-19,08,Rajasthan,2018-11,2018-11-01,524911.0,355301.0,119145.0,474446.0,0.9038598924389087
2018-19,08,Rajasthan,2018-12,2018-12-01,530594.0,351397.0,127499.0,478896.0,0.9025658036087856
2018-19,08,Rajasthan,2019-01,2019-01-01,538347.0,321323.0,162547.0,483870.0,0.8988069033541564
2018-19,08,Rajasthan,2019-02,2019-02-01,545177.0,388285.0,100821.0,489106.0,0.8971508335824879
2018-19,08,Rajasthan,2019-03,2019-03-01,551432.0,283715.0,209685.0,493400.0,0.8947612760956927
2018-19,09,Uttar Pradesh,2018-04,2018-04-01,942586.0,450409.0,416755.0,867164.0,0.9199839590233676
2018-19,09,Uttar Pradesh,2018-05,2018-05-01,980551.0,674423.0,214879.0,889302.0,0.9069410974033987
2018-19,09,Uttar Pradesh,2018-06,2018-06-01,1006440.0,680700.0,222984.0,903684.0,0.8979015142482413
2018-19,09,Uttar Pradesh,2018-07,2018-07-01,1025384.0,742098.0,174916.0,917014.0,0.8943127647788536
2018-19,09,Uttar Pradesh,2018-08,2018-08-01,1044299.0,676291.0,254594.0,930885.0,0.8913970041147219
2018-19,09,Uttar Pradesh,2018-09,2018-09-01,1050898.0,755637.0,187474.0,943111.0,0.897433433121007
2018-19,09,Uttar Pradesh,2018-10,2018-10-01,1062525.0,701749.0,256111.0,957860.0,0.9014940824921767
2018-19,09,Uttar Pradesh,2018-11,2018-11-01,1073550.0,737803.0,218723.0,956526.0,0.8909934330026548
2018-19,09,Uttar Pradesh,2018-12,2018-12-01,1080975.0,734114.0,233198.0,967312.0,0.8948514072943408
2018-19,09,Uttar Pradesh,2019-01,2019-01-01,1090269.0,654207.0,321385.0,975592.0,0.8948177009527006
2018-19,09,Uttar Pradesh,2019-02,2019-02-01,1099973.0,786853.0,196053.0,982906.0,0.8935728422424914
2018-19,09,Uttar Pradesh,2019-03,2019-03-01,1108438.0,611866.0,378204.0,990070.0,0.8932118891629482
2018-19,10,Bihar,2018-04,2018-04-01,240037.0,80364.0,135934.0,216298.0,0.90110274665989
2018-19,10,Bihar,2018-05,2018-05-01,252071.0,134502.0,87814.0,222316.0,0.881957861078823
2018-19,10,Bihar,2018-06,2018-06-01,260084.0,137946.0,88633.0,226579.0,0.8711762353701112
2018-19,10,Bihar,2018-07,2018-07-01,266099.0,158675.0,72501.0,231176.0,0.8687593715121064
2018-19,10,Bihar,2018-08,2018-08-01,271330.0,144832.0,90220.0,235052.0,0.8662956547377731
2018-19,10,Bihar,2018-09,2018-09-01,274935.0,158657.0,80261.0,238918.0,0.868998126829978
2018-19,10,Bihar,2018-10,2018-10-01,280869.0,143889.0,99934.0,243823.0,0.8681022113511994
2018-19,10,Bihar,2018-11,2018-11-01,283871.0,159756.0,83206.0,242962.0,0.8558887663762765
2018-19,10,Bihar,2018-12,2018-12-01,287360.0,164682.0,82623.0,247305.0,0.8606103841870824
2018-19,10,Bihar,2019-01,2019-01-01,294065.0,151961.0,100121.0,252082.0,0.8572322445717784
2018-19,10,Bihar,2019-02,2019-02-01,298702.0,180476.0,75482.0,255958.0,0.8569008577110298
2018-19,10,Bihar,2019-03,2019-03-01,304255.0,133011.0,125451.0,258462.0,0.8494913805853642
2018-19,11,Sikkim,2018-04,2018-04-01,4627.0,1580.0,2746.0,4326.0,0.9349470499243571
2018-19,11,Sikkim,2018-05,2018-05-01,4804.0,2588.0,1881.0,4469.0,0.9302664446294754
2018-19,11,Sikkim,2018-06,2018-06-01,5002.0,2697.0,1885.0,4582.0,0.9160335865653738
2018-19,11,Sikkim,2018-07,2018-07-01,5165.0,3182.0,1528.0,4710.0,0.9119070667957405
2018-19,11,Sikkim,2018-08,2018-08-01,5413.0,2892.0,2015.0,4907.0,0.9065213375207833
2018-19,11,Sikkim,2018-09,2018-09-01,5567.0,3198.0,1868.0,5066.0,0.9100053888988683
2018-19,11,Sikkim,2018-10,2018-10-01,5796.0,3006.0,2249.0,5255.0,0.9066597653554175
2018-19,11,Sikkim,2018-11,2018-11-01,6001.0,3269.0,2130.0,5399.0,0.8996833861023162
2018-19,11,Sikkim,2018-12,2018-12-01,6197.0,3349.0,2199.0,5548.0,0.895271905760852
2018-19,11,Sikkim,2019-01,2019-01-01,6390.0,2998.0,2665.0,5663.0,0.8862284820031299
2018-19,11,Sikkim,2019-02,2019-02-01,6600.0,3875.0,1949.0,5824.0,0.8824242424242424
2018-19,11,Sikkim,2019-03,2019-03-01,6793.0,3009.0,2960.0,5969.0,0.8786986603856911
2018-19,12,Arunachal Pradesh,2018-04,2018-04-01,8478.0,1756.0,5309.0,7065.0,0.8333333333333334
2018-19,12,Arunachal Pradesh,2018-05,2018-05-01,8658.0,2591.0,4657.0,7248.0,0.8371448371448371
2018-19,12,Arunachal Pradesh,2018-06,2018-06-01,9000.0,2698.0,4689.0,7387.0,0.8207777777777778
2018-19,12,Arunachal Pradesh,2018-07,2018-07-01,9200.0,3260.0,4254.0,7514.0,0.8167391304347826
2018-19,12,Arunachal Pradesh,2018-08,2018-08-01,9390.0,2915.0,4732.0,7647.0,0.8143769968051118
2018-19,12,Arunachal Pradesh,2018-09,2018-09-01,9574.0,3382.0,4389.0,7771.0,0.811677459786923
2018-19,12,Arunachal Pradesh,2018-10,2018-10-01,9762.0,3097.0,4797.0,7894.0,0.8086457693095677
2018-19,12,Arunachal Pradesh,2018-11,2018-11-01,9940.0,3374.0,4511.0,7885.0,0.7932595573440644
2018-19,12,Arunachal Pradesh,2018-12,2018-12-01,10144.0,3285.0,4711.0,7996.0,0.7882492113564669
2018-19,12,Arunachal Pradesh,2019-01,2019-01-01,10345.0,3283.0,4806.0,8089.0,0.7819236346060899
2018-19,12,Arunachal Pradesh,2019-02,2019-02-01,10561.0,3991.0,4205.0,8196.0,0.776062872834012
2018-19,12,Arunachal Pradesh,2019-03,2019-03-01,10737.0,2524.0,5827.0,8351.0,0.7777777777777778
2018-19,13,Nagaland,2018-04,2018-04-01,5114.0,888.0,3326.0,4214.0,0.8240125146656238
2018-19,13,Nagaland,2018-05,2018-05-01,5254.0,1746.0,2623.0,4369.0,0.8315569090216978
2018-19,13,Nagaland,2018-06,2018-06-01,5450.0,1834.0,2621.0,4455.0,0.8174311926605504
2018-19,13,Nagaland,2018-07,2018-07-01,5613.0,2278.0,2293.0,4571.0,0.8143595225369678
2018-19,13,Nagaland,2018-08,2018-08-01,5760.0,2104.0,2575.0,4679.0,0.8123263888888889
2018-19,13,Nagaland,2018-09,2018-09-01,5857.0,2383.0,2354.0,4737.0,0.8087758238005806
2018-19,13,Nagaland,2018-10,2018-10-01,5986.0,2160.0,2674.0,4834.0,0.807550952221851
2018-19,13,Nagaland,2018-11,2018-11-01,6045.0,2350.0,2512.0,4862.0,0.8043010752688172
2018-19,13,Nagaland,2018-12,2018-12-01,6085.0,2169.0,2707.0,4876.0,0.8013147082990961
2018-19,13,Nagaland,2019-01,2019-01-01,6118.0,2151.0,2762.0,4913.0,0.8030402092186989
2018-19,13,Nagaland,2019-02,2019-02-01,6243.0,2765.0,2241.0,5006.0,0.8018580810507768
2018-19,13,Nagaland,2019-03,2019-03-01,6354.0,1992.0,3070.0,5062.0,0.7966635190431225
2018-19,14,Manipur,2018-04,2018-04-01,8990.0,1670.0,5205.0,6875.0,0.7647385984427141
2018-19,14,Manipur,2018-05,2018-05-01,9148.0,3028.0,4032.0,7060.0,0.7717533887188457
2018-19,14,Manipur,2018-06,2018-06-01,9439.0,2891.0,4285.0,7176.0,0.7602500264858566
2018-19,14,Manipur,2018-07,2018-07-01,9686.0,4264.0,3037.0,7301.0,0.7537683254181292
2018-19,14,Manipur,2018-08,2018-08-01,9887.0,3715.0,3666.0,7381.0,0.7465358551633459
2018-19,14,Manipur,2018-09,2018-09-01,9988.0,4239.0,3213.0,7452.0,0.7460953143772527
2018-19,14,Manipur,2018-10,2018-10-01,10094.0,3756.0,3780.0,7536.0,0.7465821279968298
2018-19,14,Manipur,2018-11,2018-11-01,10242.0,3760.0,3779.0,7539.0,0.7360867018160515
2018-19,14,Manipur,2018-12,2018-12-01,10385.0,3559.0,4050.0,7609.0,0.7326913818006741
2018-19,14,Manipur,2019-01,2019-01-01,10603.0,3294.0,4399.0,7693.0,0.7255493728190134
2018-19,14,Manipur,2019-02,2019-02-01,10741.0,4498.0,3221.0,7719.0,0.7186481705614003
2018-19,14,Manipur,2019-03,2019-03-01,10929.0,2891.0,4863.0,7754.0,0.7094885167901912
2018-19,15,Mizoram,2018-04,2018-04-01,4276.0,1306.0,2139.0,3445.0,0.8056594948550047
2018-19,15,Mizoram,2018-05,2018-05-01,4461.0,1870.0,1674.0,3544.0,0.7944407083613539
2018-19,15,Mizoram,2018-06,2018-06-01,4577.0,1926.0,1680.0,3606.0,0.7878523050032773
2018-19,15,Mizoram,2018-07,2018-07-01,4676.0,2202.0,1464.0,3666.0,0.7840034217279727
2018-19,15,Mizoram,2018-08,2018-08-01,4739.0,2069.0,1647.0,3716.0,0.7841316733488077
2018-19,15,Mizoram,2018-09,2018-09-01,4810.0,2315.0,1459.0,3774.0,0.7846153846153846
2018-19,15,Mizoram,2018-10,2018-10-01,4912.0,2112.0,1765.0,3877.0,0.7892915309446255
2018-19,15,Mizoram,2018-11,2018-11-01,5025.0,2211.0,1735.0,3946.0,0.785273631840796
2018-19,15,Mizoram,2018-12,2018-12-01,5062.0,2090.0,1900.0,3990.0,0.7882259976293955
2018-19,15,Mizoram,2019-01,2019-01-01,5081.0,2138.0,1896.0,4034.0,0.7939382011415076
2018-19,15,Mizoram,2019-02,2019-02-01,5100.0,2613.0,1496.0,4109.0,0.8056862745098039
2018-19,15,Mizoram,2019-03,2019-03-01,5225.0,2069.0,2128.0,4197.0,0.8032535885167464
2018-19,16,Tripura,2018-04,2018-04-01,17899.0,7031.0,9176.0,16207.0,0.9054695793061065
2018-19,16,Tripura,2018-05,2018-05-01,18755.0,10424.0,6390.0,16814.0,0.8965075979738736
2018-19,16,Tripura,2018-06,2018-06-01,19474.0,10932.0,6356.0,17288.0,0.8877477662524391
2018-19,16,Tripura,2018-07,2018-07-01,20054.0,12784.0,5039.0,17823.0,0.8887503739902264
2018-19,16,Tripura,2018-08,2018-08-01,20636.0,11878.0,6408.0,18286.0,0.8861213413452219
2018-19,16,Tripura,2018-09,2018-09-01,21050.0,12766.0,5835.0,18601.0,0.8836579572446556
2018-19,16,Tripura,2018-10,2018-10-01,21400.0,12608.0,6226.0,18834.0,0.8800934579439252
2018-19,16,Tripura,2018-11,2018-11-01,21800.0,13282.0,5651.0,18933.0,0.86848623853211
2018-19,16,Tripura,2018-12,2018-12-01,22208.0,13173.0,6031.0,19204.0,0.8647334293948127
2018-19,16,Tripura,2019-01,2019-01-01,22621.0,12580.0,6841.0,19421.0,0.8585385261482693
2018-19,16,Tripura,2019-02,2019-02-01,22940.0,14877.0,4727.0,19604.0,0.8545771578029643
2018-19,16,Tripura,2019-03,2019-03-01,23427.0,10288.0,9618.0,19906.0,0.8497033337601912
2018-19,17,Meghalaya,2018-04,2018-04-01,17088.0,6082.0,8482.0,14564.0,0.8522940074906367
2018-19,17,Meghalaya,2018-05,2018-05-01,18578.0,9011.0,6871.0,15882.0,0.8548821186349446
2018-19,17,Meghalaya,2018-06,2018-06-01,20216.0,10247.0,6861.0,17108.0,0.8462603878116344
2018-19,17,Meghalaya,2018-07,2018-07-01,21462.0,12237.0,5910.0,18147.0,0.8455409561084708
2018-19,17,Meghalaya,2018-08,2018-08-01,22076.0,11601.0,7014.0,18615.0,0.8432234100380503
2018-19,17,Meghalaya,2018-09,2018-09-01,22408.0,12811.0,6012.0,18823.0,0.8400124955373081
2018-19,17,Meghalaya,2018-10,2018-10-01,22678.0,12112.0,6834.0,18946.0,0.8354352235646882
2018-19,17,Meghalaya,2018-11,2018-11-01,22963.0,12255.0,6687.0,18942.0,0.8248922179157776
2018-19,17,Meghalaya,2018-12,2018-12-01,23182.0,11614.0,7396.0,19010.0,0.8200327840565956
2018-19,17,Meghalaya,2019-01,2019-01-01,23430.0,11396.0,7700.0,19096.0,0.8150234741784037
2018-19,17,Meghalaya,2019-02,2019-02-01,23576.0,13571.0,5573.0,19144.0,0.8120122158126909
2018-19,17,Meghalaya,2019-03,2019-03-01,23703.0,11005.0,8224.0,19229.0,0.8112475214107919
2018-19,18,Assam,2018-04,2018-04-01,126325.0,28557.0,75970.0,104527.0,0.827445082129428
2018-19,18,Assam,2018-05,2018-05-01,130935.0,54797.0,52738.0,107535.0,0.8212853706037346
2018-19,18,Assam,2018-06,2018-06-01,136177.0,56914.0,53059.0,109973.0,0.8075739662351205
2018-19,18,Assam,2018-07,2018-07-01,139635.0,66948.0,45420.0,112368.0,0.8047266086582877
2018-19,18,Assam,2018-08,2018-08-01,142710.0,58301.0,56034.0,114335.0,0.8011702053114708
2018-19,18,Assam,2018-09,2018-09-01,144015.0,62978.0,52738.0,115716.0,0.8034996354546401
2018-19,18,Assam,2018-10,2018-10-01,146365.0,60479.0,56534.0,117013.0,0.7994602534758993
2018-19,18,Assam,2018-11,2018-11-01,148564.0,65336.0,51224.0,116560.0,0.7845776904229826
2018-19,18,Assam,2018-12,2018-12-01,150627.0,62413.0,55101.0,117514.0,0.780165574564985
2018-19,18,Assam,2019-01,2019-01-01,152840.0,59330.0,59009.0,118339.0,0.7742672075372939
2018-19,18,Assam,2019-02,2019-02-01,154902.0,73047.0,46452.0,119499.0,0.7714490452027734
2018-19,18,Assam,2019-03,2019-03-01,157244.0,47303.0,73058.0,120361.0,0.7654409707206634
2018-19,19,West Bengal,2018-04,2018-04-01,480142.0,213214.0,238639.0,451853.0,0.9410820132377505
2018-19,19,West Bengal,2018-05,2018-05-01,500010.0,321596.0,139572.0,461168.0,0.922317553648927
2018-19,19,West Bengal,2018-06,2018-06-01,511502.0,332871.0,135597.0,468468.0,0.9158673866377844
2018-19,19,West Bengal,2018-07,2018-07-01,521022.0,364490.0,111787.0,476277.0,0.9141207089144029
2018-19,19,West Bengal,2018-08,2018-08-01,529985.0,329185.0,154198.0,483383.0,0.9120692095059294
2018-19,19,West Bengal,2018-09,2018-09-01,536002.0,355979.0,132920.0,488899.0,0.9121215965612068
2018-19,19,West Bengal,2018-10,2018-10-01,543072.0,345509.0,148517.0,494026.0,0.9096878498615285
2018-19,19,West Bengal,2018-11,2018-11-01,550247.0,366358.0,129126.0,495484.0,0.9004756045921195
2018-19,19,West Bengal,2018-12,2018-12-01,558638.0,364619.0,137223.0,501842.0,0.8983312986227217
2018-19,19,West Bengal,2019-01,2019-01-01,568213.0,343480.0,164923.0,508403.0,0.894740176659105
2018-19,19,West Bengal,2019-02,2019-02-01,575661.0,400044.0,113640.0,513684.0,0.8923376779041832
2018-19,19,West Bengal,2019-03,2019-03-01,582519.0,309372.0,208899.0,518271.0,0.8897066018447467
2018-19,20,Jharkhand,2018-04,2018-04-01,120029.0,41166.0,69308.0,110474.0,0.9203942380591357
2018-19,20,Jharkhand,2018-05,2018-05-01,124262.0,72001.0,41014.0,113015.0,0.9094896267563696
2018-19,20,Jharkhand,2018-06,2018-06-01,127212.0,73289.0,41463.0,114752.0,0.9020532654152124
2018-19,20,Jharkhand,2018-07,2018-07-01,129431.0,84966.0,31665.0,116631.0,0.9011056083936615
2018-19,20,Jharkhand,2018-08,2018-08-01,131933.0,76030.0,42466.0,118496.0,0.8981528503103848
2018-19,20,Jharkhand,2018-09,2018-09-01,133208.0,83320.0,36531.0,119851.0,0.8997282445498769
2018-19,20,Jharkhand,2018-10,2018-10-01,135208.0,77173.0,44529.0,121702.0,0.9001094609786403
2018-19,20,Jharkhand,2018-11,2018-11-01,137094.0,82956.0,38820.0,121776.0,0.8882664449210032
2018-19,20,Jharkhand,2018-12,2018-12-01,139370.0,84088.0,39530.0,123618.0,0.8869771112865036
2018-19,20,Jharkhand,2019-01,2019-01-01,141663.0,75782.0,49377.0,125159.0,0.8834981611288762
2018-19,20,Jharkhand,2019-02,2019-02-01,143606.0,89545.0,36959.0,126504.0,0.8809102683731878
2018-19,20,Jharkhand,2019-03,2019-03-01,146064.0,64816.0,62935.0,127751.0,0.8746234527330485
2018-19,21,Odisha,2018-04,2018-04-01,186559.0,75404.0,90379.0,165783.0,0.8886357667011509
2018-19,21,Odisha,2018-05,2018-05-01,195689.0,105290.0,64632.0,169922.0,0.8683267838253556
2018-19,21,Odisha,2018-06,2018-06-01,200801.0,107707.0,65236.0,172943.0,0.8612656311472553
2018-19,21,Odisha,2018-07,2018-07-01,205957.0,126142.0,50509.0,176651.0,0.8577081623834101
2018-19,21,Odisha,2018-08,2018-08-01,211137.0,109068.0,71110.0,180178.0,0.8533700867209443
2018-19,21,Odisha,2018-09,2018-09-01,214949.0,126293.0,56771.0,183064.0,0.8516624873807275
2018-19,21,Odisha,2018-10,2018-10-01,218841.0,120935.0,65122.0,186057.0,0.8501926055903601
2018-19,21,Odisha,2018-11,2018-11-01,222034.0,127070.0,58876.0,185946.0,0.8374663339848852
2018-19,21,Odisha,2018-12,2018-12-01,223141.0,126902.0,61519.0,188421.0,0.8444033144962154
2018-19,21,Odisha,2019-01,2019-01-01,220757.0,119357.0,71362.0,190719.0,0.8639318345511128
2018-19,21,Odisha,2019-02,2019-02-01,218783.0,143361.0,49128.0,192489.0,0.8798169876087265
2018-19,21,Odisha,2019-03,2019-03-01,218115.0,111427.0,82460.0,193887.0,0.8889209820507531
2018-19,22,Chhattisgarh,2018-04,2018-04-01,94342.0,25807.0,60658.0,86465.0,0.9165059040512179
2018-19,22,Chhattisgarh,2018-05,2018-05-01,98062.0,49453.0,38296.0,87749.0,0.894831841080133
2018-19,22,Chhattisgarh,2018-06,2018-06-01,98284.0,50933.0,38139.0,89072.0,0.9062716210166456
2018-19,22,Chhattisgarh,2018-07,2018-07-01,99303.0,60697.0,29638.0,90335.0,0.9096905430853046
2018-19,22,Chhattisgarh,2018-08,2018-08-01,100790.0,51304.0,40163.0,91467.0,0.9075007441214407
2018-19,22,Chhattisgarh,2018-09,2018-09-01,101382.0,59609.0,32799.0,92408.0,0.9114833007831765
2018-19,22,Chhattisgarh,2018-10,2018-10-01,101856.0,51189.0,42303.0,93492.0,0.9178840716305372
2018-19,22,Chhattisgarh,2018-11,2018-11-01,101556.0,57598.0,35549.0,93147.0,0.9171983930048446
2018-19,22,Chhattisgarh,2018-12,2018-12-01,101564.0,55863.0,37908.0,93771.0,0.9232700563191683
2018-19,22,Chhattisgarh,2019-01,2019-01-01,99909.0,51529.0,42989.0,94518.0,0.946040897216467
2018-19,22,Chhattisgarh,2019-02,2019-02-01,100881.0,62422.0,32842.0,95264.0,0.9443205360771603
2018-19,22,Chhattisgarh,2019-03,2019-03-01,102281.0,41207.0,54732.0,95939.0,0.9379943489015555
2018-19,23,Madhya Pradesh,2018-04,2018-04-01,307116.0,104736.0,182291.0,287027.0,0.934588233761836
2018-19,23,Madhya Pradesh,2018-05,2018-05-01,319200.0,193818.0,98433.0,292251.0,0.9155733082706767
2018-19,23,Madhya Pradesh,2018-06,2018-06-01,322204.0,196216.0,100021.0,296237.0,0.9194082010155057
2018-19,23,Madhya Pradesh,2018-07,2018-07-01,325000.0,224045.0,76112.0,300157.0,0.92356
2018-19,23,Madhya Pradesh,2018-08,2018-08-01,327986.0,196206.0,107880.0,304086.0,0.9271310360808084
2018-19,23,Madhya Pradesh,2018-09,2018-09-01,328946.0,220025.0,87644.0,307669.0,0.9353176509214278
2018-19,23,Madhya Pradesh,2018-10,2018-10-01,332480.0,200845.0,111149.0,311994.0,0.9383842637151106
2018-19,23,Madhya Pradesh,2018-11,2018-11-01,334405.0,218058.0,93775.0,311833.0,0.9325010092552444
2018-19,23,Madhya Pradesh,2018-12,2018-12-01,335747.0,216039.0,98663.0,314702.0,0.9373188740331261
2018-19,23,Madhya Pradesh,2019-01,2019-01-01,338656.0,199418.0,118619.0,318037.0,0.939115208353019
2018-19,23,Madhya Pradesh,2019-02,2019-02-01,341978.0,242399.0,78494.0,320893.0,0.938343987040102
2018-19,23,Madhya Pradesh,2019-03,2019-03-01,346732.0,163377.0,160619.0,323996.0,0.9344277424639202
2018-19,24,Gujarat,2018-04,2018-04-01,763767.0,321428.0,401551.0,722979.0,0.9465962787080353
2018-19,24,Gujarat,2018-05,2018-05-01,790674.0,565218.0,169976.0,735194.0,0.9298320167350893
2018-19,24,Gujarat,2018-06,2018-06-01,801034.0,563877.0,180419.0,744296.0,0.9291690490041621
2018-19,24,Gujarat,2018-07,2018-07-01,811485.0,613437.0,138451.0,751888.0,0.9265581002729564
2018-19,24,Gujarat,2018-08,2018-08-01,819064.0,556651.0,204479.0,761130.0,0.9292680425461258
2018-19,24,Gujarat,2018-09,2018-09-01,823883.0,614476.0,153441.0,767917.0,0.9320704517510374
2018-19,24,Gujarat,2018-10,2018-10-01,827687.0,547550.0,226200.0,773750.0,0.9348340616682393
2018-19,24,Gujarat,2018-11,2018-11-01,833066.0,603739.0,170644.0,774383.0,0.9295578021429275
2018-19,24,Gujarat,2018-12,2018-12-01,838229.0,594756.0,188058.0,782814.0,0.9338903807909295
2018-19,24,Gujarat,2019-01,2019-01-01,846900.0,571108.0,217576.0,788684.0,0.9312598890069665
2018-19,24,Gujarat,2019-02,2019-02-01,854421.0,661347.0,134192.0,795539.0,0.9310854953237339
2018-19,24,Gujarat,2019-03,2019-03-01,864165.0,521541.0,281121.0,802662.0,0.9288295637985802
2018-19,25,Daman and Diu,2018-04,2018-04-01,5554.0,2005.0,3195.0,5200.0,0.9362621534029528
2018-19,25,Daman and Diu,2018-05,2018-05-01,5631.0,3544.0,1717.0,5261.0,0.9342923104244362
2018-19,25,Daman and Diu,2018-06,2018-06-01,5679.0,3499.0,1803.0,5302.0,0.9336150730762458
2018-19,25,Daman and Diu,2018-07,2018-07-01,5745.0,3960.0,1390.0,5350.0,0.9312445604873804
2018-19,25,Daman and Diu,2018-08,2018-08-01,5805.0,3362.0,2040.0,5402.0,0.9305770887166236
2018-19,25,Daman and Diu,2018-09,2018-09-01,5864.0,3886.0,1554.0,5440.0,0.927694406548431
2018-19,25,Daman and Diu,2018-10,2018-10-01,5907.0,3472.0,2021.0,5493.0,0.9299136617572372
2018-19,25,Daman and Diu,2018-11,2018-11-01,5920.0,3647.0,1831.0,5478.0,0.9253378378378379
2018-19,25,Daman and Diu,2018-12,2018-12-01,5942.0,3560.0,1942.0,5502.0,0.9259508582968697
2018-19,25,Daman and Diu,2019-01,2019-01-01,5969.0,3322.0,2184.0,5506.0,0.9224325682693919
2018-19,25,Daman and Diu,2019-02,2019-02-01,5972.0,4042.0,1460.0,5502.0,0.921299397186872
2018-19,25,Daman and Diu,2019-03,2019-03-01,6007.0,3112.0,2415.0,5527.0,0.9200932245713335
2018-19,26,Dadra and Nagar Haveli,2018-04,2018-04-01,7237.0,2472.0,4302.0,6774.0,0.9360232140389664
2018-19,26,Dadra and Nagar Haveli,2018-05,2018-05-01,7379.0,4494.0,2365.0,6859.0,0.9295297465781271
2018-19,26,Dadra and Nagar Haveli,2018-06,2018-06-01,7494.0,4551.0,2380.0,6931.0,0.9248732319188684
2018-19,26,Dadra and Nagar Haveli,2018-07,2018-07-01,7598.0,5003.0,2001.0,7004.0,0.9218215319821006
2018-19,26,Dadra and Nagar Haveli,2018-08,2018-08-01,7702.0,4320.0,2756.0,7076.0,0.9187224097636978
2018-19,26,Dadra and Nagar Haveli,2018-09,2018-09-01,7783.0,5028.0,2101.0,7129.0,0.9159707053835282
2018-19,26,Dadra and Nagar Haveli,2018-10,2018-10-01,7895.0,4492.0,2711.0,7203.0,0.9123495883470552
2018-19,26,Dadra and Nagar Haveli,2018-11,2018-11-01,7953.0,4772.0,2425.0,7197.0,0.9049415314975481
2018-19,26,Dadra and Nagar Haveli,2018-12,2018-12-01,7963.0,4719.0,2556.0,7275.0,0.913600401858596
2018-19,26,Dadra and Nagar Haveli,2019-01,2019-01-01,8057.0,4422.0,2890.0,7312.0,0.9075338215216582
2018-19,26,Dadra and Nagar Haveli,2019-02,2019-02-01,8066.0,5517.0,1832.0,7349.0,0.9111083560624845
2018-19,26,Dadra and Nagar Haveli,2019-03,2019-03-01,8172.0,4090.0,3314.0,7404.0,0.9060205580029369
2018-19,27,Maharashtra,2018-04,2018-04-01,1232934.0,482101.0,635198.0,1117299.0,0.9062115247044854
2018-19,27,Maharashtra,2018-05,2018-05-01,1268548.0,771718.0,364146.0,1135864.0,0.8954048250440662
2018-19,27,Maharashtra,2018-06,2018-06-01,1291465.0,783942.0,366225.0,1150167.0,0.8905909180659174
2018-19,27,Maharashtra,2018-07,2018-07-01,1304709.0,858057.0,303563.0,1161620.0,0.8903288012882566
2018-19,27,Maharashtra,2018-08,2018-08-01,1322652.0,728353.0,444957.0,1173310.0,0.8870889697365596
2018-19,27,Maharashtra,2018-09,2018-09-01,1322160.0,847451.0,336119.0,1183570.0,0.8951791008652508
2018-19,27,Maharashtra,2018-10,2018-10-01,1336822.0,783560.0,409282.0,1192842.0,0.8922968054086483
2018-19,27,Maharashtra,2018-11,2018-11-01,1349209.0,839408.0,349939.0,1189347.0,0.8815142798484149
2018-19,27,Maharashtra,2018-12,2018-12-01,1349417.0,830474.0,371127.0,1201601.0,0.8904593613390079
2018-19,27,Maharashtra,2019-01,2019-01-01,1347780.0,750943.0,460660.0,1211603.0,0.8989619967650507
2018-19,27,Maharashtra,2019-02,2019-02-01,1364152.0,927675.0,293542.0,1221217.0,0.8952206205760062
2018-19,27,Maharashtra,2019-03,2019-03-01,1384075.0,718062.0,511475.0,1229537.0,0.8883456460090674
2018-19,29,Karnataka,2018-04,2018-04-01,617485.0,195567.0,356712.0,552279.0,0.8944006737005757
2018-19,29,Karnataka,2018-05,2018-05-01,636289.0,395763.0,165068.0,560831.0,0.8814092338544278
2018-19,29,Karnataka,2018-06,2018-06-01,650458.0,402115.0,166951.0,569066.0,0.8748697071909332
2018-19,29,Karnataka,2018-07,2018-07-01,663657.0,444551.0,133639.0,578190.0,0.8712181141764496
2018-19,29,Karnataka,2018-08,2018-08-01,677316.0,402088.0,185287.0,587375.0,0.8672096923740175
2018-19,29,Karnataka,2018-09,2018-09-01,682420.0,444087.0,150857.0,594944.0,0.8718150112833739
2018-19,29,Karnataka,2018-10,2018-10-01,691854.0,417683.0,185426.0,603109.0,0.871728717330535
2018-19,29,Karnataka,2018-11,2018-11-01,698331.0,440879.0,163059.0,603938.0,0.8648305746128985
2018-19,29,Karnataka,2018-12,2018-12-01,700400.0,436829.0,175157.0,611986.0,0.8737664191890349
2018-19,29,Karnataka,2019-01,2019-01-01,698615.0,406813.0,212636.0,619449.0,0.8866815055502674
2018-19,29,Karnataka,2019-02,2019-02-01,701194.0,503036.0,123318.0,626354.0,0.8932677689769165
2018-19,29,Karnataka,2019-03,2019-03-01,706472.0,374899.0,257257.0,632156.0,0.8948068713268184
2018-19,30,Goa,2018-04,2018-04-01,27947.0,9495.0,16291.0,25786.0,0.9226750635130784
2018-19,30,Goa,2018-05,2018-05-01,28752.0,16053.0,10112.0,26165.0,0.9100236505286589
2018-19,30,Goa,2018-06,2018-06-01,29346.0,16448.0,10058.0,26506.0,0.9032236079874599
2018-19,30,Goa,2018-07,2018-07-01,29813.0,18214.0,8644.0,26858.0,0.9008821654982726
2018-19,30,Goa,2018-08,2018-08-01,30274.0,15660.0,11551.0,27211.0,0.8988240734623769
2018-19,30,Goa,2018-09,2018-09-01,30576.0,18211.0,9263.0,27474.0,0.8985478806907379
2018-19,30,Goa,2018-10,2018-10-01,30975.0,16857.0,10892.0,27749.0,0.8958514931396288
2018-19,30,Goa,2018-11,2018-11-01,31465.0,17280.0,10668.0,27948.0,0.8882250119180042
2018-19,30,Goa,2018-12,2018-12-01,31956.0,17446.0,10840.0,28286.0,0.8851545875578921
2018-19,30,Goa,2019-01,2019-01-01,32499.0,16216.0,12450.0,28666.0,0.8820579094741376
2018-19,30,Goa,2019-02,2019-02-01,32886.0,19796.0,9118.0,28914.0,0.879219120598431
2018-19,30,Goa,2019-03,2019-03-01,33254.0,15871.0,13241.0,29112.0,0.8754435556624767
2018-19,31,Lakshadweep,2018-04,2018-04-01,269.0,32.0,141.0,173.0,0.6431226765799256
2018-19,31,Lakshadweep,2018-05,2018-05-01,272.0,59.0,115.0,174.0,0.6397058823529411
2018-19,31,Lakshadweep,2018-06,2018-06-01,277.0,60.0,115.0,175.0,0.631768953068592
2018-19,31,Lakshadweep,2018-07,2018-07-01,279.0,60.0,116.0,176.0,0.6308243727598566
2018-19,31,Lakshadweep,2018-08,2018-08-01,280.0,59.0,116.0,175.0,0.625
2018-19,31,Lakshadweep,2018-09,2018-09-01,281.0,66.0,111.0,177.0,0.6298932384341637
2018-19,31,Lakshadweep,2018-10,2018-10-01,284.0,57.0,122.0,179.0,0.6302816901408451
2018-19,31,Lakshadweep,2018-11,2018-11-01,284.0,68.0,107.0,175.0,0.6161971830985915
2018-19,31,Lakshadweep,2018-12,2018-12-01,203.0,70.0,88.0,158.0,0.7783251231527094
2018-19,31,Lakshadweep,2019-01,2019-01-01,197.0,59.0,96.0,155.0,0.7868020304568528
2018-19,31,Lakshadweep,2019-02,2019-02-01,202.0,82.0,77.0,159.0,0.7871287128712872
2018-19,31,Lakshadweep,2019-03,2019-03-01,210.0,61.0,103.0,164.0,0.780952380952381
2018-19,32,Kerala,2018-04,2018-04-01,252153.0,84905.0,154110.0,239015.0,0.9478967135033095
2018-19,32,Kerala,2018-05,2018-05-01,258924.0,150374.0,92853.0,243227.0,0.9393760331216883
2018-19,32,Kerala,2018-06,2018-06-01,263762.0,150902.0,95393.0,246295.0,0.9337774205533776
2018-19,32,Kerala,2018-07,2018-07-01,267922.0,146964.0,102651.0,249615.0,0.9316704115376864
2018-19,32,Kerala,2018-08,2018-08-01,271146.0,107133.0,145068.0,252201.0,0.9301298931203116
2018-19,32,Kerala,2018-09,2018-09-01,273181.0,167335.0,87407.0,254742.0,0.9325026264637731
2018-19,32,Kerala,2018-10,2018-10-01,276472.0,142046.0,115262.0,257308.0,0.9306837582105963
2018-19,32,Kerala,2018-11,2018-11-01,279758.0,161244.0,97468.0,258712.0,0.9247706946718235
2018-19,32,Kerala,2018-12,2018-12-01,281909.0,157990.0,102833.0,260823.0,0.9252028136739161
2018-19,32,Kerala,2019-01,2019-01-01,285037.0,143591.0,119206.0,262797.0,0.9219750418366738
2018-19,32,Kerala,2019-02,2019-02-01,287794.0,192669.0,72080.0,264749.0,0.91992536328068
2018-19,32,Kerala,2019-03,2019-03-01,291194.0,130752.0,136545.0,267297.0,0.9179344354622692
2018-19,33,Tamil Nadu,2018-04,2018-04-01,812490.0,305086.0,385824.0,690910.0,0.8503612352152027
2018-19,33,Tamil Nadu,2018-05,2018-05-01,835051.0,490520.0,211117.0,701637.0,0.8402325127447305
2018-19,33,Tamil Nadu,2018-06,2018-06-01,852643.0,498870.0,211028.0,709898.0,0.8325852672220379
2018-19,33,Tamil Nadu,2018-07,2018-07-01,868359.0,547547.0,171898.0,719445.0,0.8285110190600892
2018-19,33,Tamil Nadu,2018-08,2018-08-01,879806.0,497659.0,230027.0,727686.0,0.8270982466589225
2018-19,33,Tamil Nadu,2018-09,2018-09-01,882248.0,548063.0,187377.0,735440.0,0.833597809232778
2018-19,33,Tamil Nadu,2018-10,2018-10-01,877145.0,500862.0,242379.0,743241.0,0.8473410895575988
2018-19,33,Tamil Nadu,2018-11,2018-11-01,875890.0,536845.0,205196.0,742041.0,0.8471851488200574
2018-19,33,Tamil Nadu,2018-12,2018-12-01,865402.0,500468.0,247841.0,748309.0,0.8646952514553929
2018-19,33,Tamil Nadu,2019-01,2019-01-01,863602.0,500278.0,252882.0,753160.0,0.8721147009849445
2018-19,33,Tamil Nadu,2019-02,2019-02-01,853803.0,603737.0,156217.0,759954.0,0.89008120140126
2018-19,33,Tamil Nadu,2019-03,2019-03-01,867754.0,428146.0,339076.0,767222.0,0.8841468895562568
2018-19,34,Puducherry,2018-04,2018-04-01,18797.0,6729.0,9635.0,16364.0,0.8705644517742193
2018-19,34,Puducherry,2018-05,2018-05-01,19351.0,11037.0,5581.0,16618.0,0.8587669887861092
2018-19,34,Puducherry,2018-06,2018-06-01,19723.0,11294.0,5457.0,16751.0,0.8493129848400345
2018-19,34,Puducherry,2018-07,2018-07-01,19929.0,12401.0,4549.0,16950.0,0.8505193436700286
2018-19,34,Puducherry,2018-08,2018-08-01,20172.0,10882.0,6191.0,17073.0,0.8463712076145151
2018-19,34,Puducherry,2018-09,2018-09-01,20242.0,12663.0,4524.0,17187.0,0.8490761782432565
2018-19,34,Puducherry,2018-10,2018-10-01,20402.0,11218.0,6142.0,17360.0,0.8508969708852073
2018-19,34,Puducherry,2018-11,2018-11-01,20463.0,11813.0,5439.0,17252.0,0.8430826369545033
2018-19,34,Puducherry,2018-12,2018-12-01,20448.0,10979.0,6336.0,17315.0,0.8467820813771518
2018-19,34,Puducherry,2019-01,2019-01-01,20536.0,10136.0,7169.0,17305.0,0.8426665368134009
2018-19,34,Puducherry,2019-02,2019-02-01,20618.0,13304.0,4110.0,17414.0,0.8446018042487147
2018-19,34,Puducherry,2019-03,2019-03-01,20839.0,9462.0,8073.0,17535.0,0.8414511252939201
2018-19,35,Andaman and Nicobar Islands,2018-04,2018-04-01,4376.0,648.0,2734.0,3382.0,0.7728519195612431
2018-19,35,Andaman and Nicobar Islands,2018-05,2018-05-01,4455.0,1067.0,2357.0,3424.0,0.7685746352413019
2018-19,35,Andaman and Nicobar Islands,2018-06,2018-06-01,4559.0,1207.0,2248.0,3455.0,0.7578416319368283
2018-19,35,Andaman and Nicobar Islands,2018-07,2018-07-01,4602.0,1463.0,2007.0,3470.0,0.7540199913081269
2018-19,35,Andaman and Nicobar Islands,2018-08,2018-08-01,4626.0,1167.0,2324.0,3491.0,0.7546476437527021
2018-19,35,Andaman and Nicobar Islands,2018-09,2018-09-01,4663.0,1379.0,2132.0,3511.0,0.752948745442848
2018-19,35,Andaman and Nicobar Islands,2018-10,2018-10-01,4719.0,1191.0,2349.0,3540.0,0.7501589319771138
2018-19,35,Andaman and Nicobar Islands,2018-11,2018-11-01,4722.0,1273.0,2220.0,3493.0,0.7397289284201609
2018-19,35,Andaman and Nicobar Islands,2018-12,2018-12-01,4471.0,1263.0,2231.0,3494.0,0.781480653097741
2018-19,35,Andaman and Nicobar Islands,2019-01,2019-01-01,4344.0,1282.0,2199.0,3481.0,0.8013351749539595
2018-19,35,Andaman and Nicobar Islands,2019-02,2019-02-01,4029.0,1490.0,1971.0,3461.0,0.8590220898485976
2018-19,35,Andaman and Nicobar Islands,2019-03,2019-03-01,3923.0,1193.0,2252.0,3445.0,0.8781544736171297
2018-19,36,Telangana,2018-04,2018-04-01,265527.0,92872.0,145439.0,238311.0,0.8975019489543437
2018-19,36,Telangana,2018-05,2018-05-01,275203.0,150189.0,93151.0,243340.0,0.8842200121364956
2018-19,36,Telangana,2018-06,2018-06-01,282140.0,152268.0,95389.0,247657.0,0.8777805344864251
2018-19,36,Telangana,2018-07,2018-07-01,288291.0,172595.0,79789.0,252384.0,0.8754487653100513
2018-19,36,Telangana,2018-08,2018-08-01,293969.0,144053.0,112586.0,256639.0,0.873013821185227
2018-19,36,Telangana,2018-09,2018-09-01,298180.0,170367.0,90076.0,260443.0,0.8734422161110739
2018-19,36,Telangana,2018-10,2018-10-01,302892.0,161549.0,102640.0,264189.0,0.8722217820213145
2018-19,36,Telangana,2018-11,2018-11-01,305036.0,173665.0,90728.0,264393.0,0.8667599889849067
2018-19,36,Telangana,2018-12,2018-12-01,305678.0,169651.0,97405.0,267056.0,0.8736513586192006
2018-19,36,Telangana,2019-01,2019-01-01,308055.0,161704.0,107805.0,269509.0,0.8748729934589603
2018-19,36,Telangana,2019-02,2019-02-01,313476.0,199345.0,73471.0,272816.0,0.8702931005882428
2018-19,36,Telangana,2019-03,2019-03-01,319463.0,146426.0,129335.0,275761.0,0.8632016853281914
2018-19,37,Andhra Pradesh,2018-04,2018-04-01,240045.0,93259.0,119235.0,212494.0,0.8852256868503822
2018-19,37,Andhra Pradesh,2018-05,2018-05-01,247611.0,150291.0,65568.0,215859.0,0.8717666016453227
2018-19,37,Andhra Pradesh,2018-06,2018-06-01,252576.0,151822.0,66781.0,218603.0,0.8654939503357405
2018-19,37,Andhra Pradesh,2018-07,2018-07-01,256692.0,171406.0,50477.0,221883.0,0.8643939039783086
2018-19,37,Andhra Pradesh,2018-08,2018-08-01,257705.0,146891.0,78578.0,225469.0,0.8749112357152559
2018-19,37,Andhra Pradesh,2018-09,2018-09-01,256988.0,160692.0,67745.0,228437.0,0.8889014273039987
2018-19,37,Andhra Pradesh,2018-10,2018-10-01,259488.0,157429.0,74814.0,232243.0,0.8950047786410161
2018-19,37,Andhra Pradesh,2018-11,2018-11-01,264815.0,167020.0,67519.0,234539.0,0.8856711289013085
2018-19,37,Andhra Pradesh,2018-12,2018-12-01,268317.0,159880.0,78035.0,237915.0,0.886693724214269
2018-19,37,Andhra Pradesh,2019-01,2019-01-01,271955.0,156149.0,83970.0,240119.0,0.8829365152322994
2018-19,37,Andhra Pradesh,2019-02,2019-02-01,276045.0,189178.0,53655.0,242833.0,0.8796862830335633
2018-19,37,Andhra Pradesh,2019-03,2019-03-01,279089.0,130838.0,114247.0,245085.0,0.8781607300896846
2018-19,38,Ladakh,2018-04,2018-04-01,,,,0.0,
2018-19,38,Ladakh,2018-05,2018-05-01,,,,0.0,
2018-19,38,Ladakh,2018-06,2018-06-01,,,,0.0,
2018-19,38,Ladakh,2018-07,2018-07-01,,,,0.0,
2018-19,38,Ladakh,2018-08,2018-08-01,,,,0.0,
2018-19,38,Ladakh,2018-09,2018-09-01,,,,0.0,
2018-19,38,Ladakh,2018-10,2018-10-01,,,,0.0,
2018-19,38,Ladakh,2018-11,2018-11-01,,,,0.0,
2018-19,38,Ladakh,2018-12,2018-12-01,,,,0.0,
2018-19,38,Ladakh,2019-01,2019-01-01,,,,0.0,
2018-19,38,Ladakh,2019-02,2019-02-01,,,,0.0,
2018-19,38,Ladakh,2019-03,2019-03-01,,,,0.0,
2018-19,97,Other Territory,2018-04,2018-04-01,54.0,17.0,29.0,46.0,0.8518518518518519
2018-19,97,Other Territory,2018-05,2018-05-01,56.0,31.0,16.0,47.0,0.8392857142857143
2018-19,97,Other Territory,2018-06,2018-06-01,60.0,39.0,12.0,51.0,0.85
2018-19,97,Other Territory,2018-07,2018-07-01,62.0,44.0,9.0,53.0,0.8548387096774194
2018-19,97,Other Territory,2018-08,2018-08-01,62.0,37.0,15.0,52.0,0.8387096774193549
2018-19,97,Other Territory,2018-09,2018-09-01,62.0,48.0,3.0,51.0,0.8225806451612904
2018-19,97,Other Territory,2018-10,2018-10-01,62.0,42.0,8.0,50.0,0.8064516129032258
2018-19,97,Other Territory,2018-11,2018-11-01,62.0,42.0,7.0,49.0,0.7903225806451613
2018-19,97,Other Territory,2018-12,2018-12-01,62.0,39.0,10.0,49.0,0.7903225806451613
2018-19,97,Other Territory,2019-01,2019-01-01,64.0,30.0,21.0,51.0,0.796875
2018-19,97,Other Territory,2019-02,2019-02-01,66.0,49.0,3.0,52.0,0.7878787878787878
2018-19,97,Other Territory,2019-03,2019-03-01,66.0,34.0,18.0,52.0,0.7878787878787878
2019-20,01,Jammu and Kashmir,2019-04,2019-04-01,89187.0,53407.0,78332.0,78387.0,0.8789061186047293
2019-20,01,Jammu and Kashmir,2019-05,2019-05-01,90152.0,55801.0,23345.0,79146.0,0.8779172952347147
2019-20,01,Jammu and Kashmir,2019-06,2019-06-01,90874.0,58011.0,21637.0,79648.0,0.8764663159979752
2019-20,01,Jammu and Kashmir,2019-07,2019-07-01,91798.0,24045.0,55436.0,79481.0,0.8658249635068302
2019-20,01,Jammu and Kashmir,2019-08,2019-08-01,92245.0,22247.0,57246.0,79493.0,0.8617594449563662
2019-20,01,Jammu and Kashmir,2019-09,2019-09-01,92462.0,20236.0,59419.0,79655.0,0.8614890441478662
2019-20,01,Jammu and Kashmir,2019-10,2019-10-01,92639.0,22509.0,57491.0,80000.0,0.8635671801293192
2019-20,01,Jammu and Kashmir,2019-11,2019-11-01,92563.0,48036.0,32310.0,80346.0,0.8680142173438631
2019-20,01,Jammu and Kashmir,2019-12,2019-12-01,92194.0,41704.0,39186.0,80890.0,0.8773889840987483
2019-20,01,Jammu and Kashmir,2020-01,2020-01-01,91657.0,58255.0,21534.0,79789.0,0.8705172545468431
2019-20,01,Jammu and Kashmir,2020-02,2020-02-01,91600.0,50491.0,29201.0,79692.0,0.87
2019-20,01,Jammu and Kashmir,2020-03,2020-03-01,85741.0,6664.0,73454.0,80118.0,0.9344187728158058
2019-20,02,Himachal Pradesh,2019-04,2019-04-01,87028.0,54886.0,76735.0,76777.0,0.8822103231144
2019-20,02,Himachal Pradesh,2019-05,2019-05-01,87431.0,58269.0,19015.0,77284.0,0.8839427662957074
2019-20,02,Himachal Pradesh,2019-06,2019-06-01,88064.0,59218.0,18576.0,77794.0,0.8833802688953488
2019-20,02,Himachal Pradesh,2019-07,2019-07-01,89185.0,63275.0,15460.0,78735.0,0.8828278297920054
2019-20,02,Himachal Pradesh,2019-08,2019-08-01,89648.0,59229.0,20011.0,79240.0,0.8839014813492772
2019-20,02,Himachal Pradesh,2019-09,2019-09-01,89912.0,53664.0,26238.0,79902.0,0.8886689207224842
2019-20,02,Himachal Pradesh,2019-10,2019-10-01,90006.0,58497.0,21823.0,80320.0,0.8923849521143035
2019-20,02,Himachal Pradesh,2019-11,2019-11-01,89632.0,68341.0,12259.0,80600.0,0.8992324169939307
2019-20,02,Himachal Pradesh,2019-12,2019-12-01,88745.0,58036.0,22944.0,80980.0,0.9125021127950871
2019-20,02,Himachal Pradesh,2020-01,2020-01-01,86096.0,68670.0,12622.0,81292.0,0.944201821222821
2019-20,02,Himachal Pradesh,2020-02,2020-02-01,85952.0,64425.0,17386.0,81811.0,0.9518219471332837
2019-20,02,Himachal Pradesh,2020-03,2020-03-01,86286.0,5181.0,77085.0,82266.0,0.9534107502955288
2019-20,03,Punjab,2019-04,2019-04-01,305087.0,221602.0,279876.0,279918.0,0.9175022206780361
2019-20,03,Punjab,2019-05,2019-05-01,307464.0,233708.0,47829.0,281537.0,0.9156746806130148
2019-20,03,Punjab,2019-06,2019-06-01,308875.0,236113.0,46306.0,282419.0,0.9143472278429785
2019-20,03,Punjab,2019-07,2019-07-01,310093.0,247086.0,36697.0,283783.0,0.9151544859122909
2019-20,03,Punjab,2019-08,2019-08-01,310860.0,232651.0,52167.0,284818.0,0.9162259538055716
2019-20,03,Punjab,2019-09,2019-09-01,311089.0,207659.0,78533.0,286192.0,0.919968240599957
2019-20,03,Punjab,2019-10,2019-10-01,309832.0,222827.0,64628.0,287455.0,0.9277769888197475
2019-20,03,Punjab,2019-11,2019-11-01,309106.0,257371.0,31055.0,288426.0,0.9330973840688954
2019-20,03,Punjab,2019-12,2019-12-01,308579.0,222772.0,67337.0,290109.0,0.9401449871831848
2019-20,03,Punjab,2020-01,2020-01-01,309304.0,259004.0,32676.0,291680.0,0.9430204588366138
2019-20,03,Punjab,2020-02,2020-02-01,310694.0,233143.0,59878.0,293021.0,0.9431176656131113
2019-20,03,Punjab,2020-03,2020-03-01,312194.0,13308.0,281199.0,294507.0,0.943346124525135
2019-20,04,Chandigarh,2019-04,2019-04-01,27554.0,19710.0,25814.0,25820.0,0.9370690280902955
2019-20,04,Chandigarh,2019-05,2019-05-01,27558.0,20499.0,5367.0,25866.0,0.9386022207707381
2019-20,04,Chandigarh,2019-06,2019-06-01,27619.0,20687.0,5233.0,25920.0,0.9384843766972012
2019-20,04,Chandigarh,2019-07,2019-07-01,27665.0,21850.0,4082.0,25932.0,0.9373576721489246
2019-20,04,Chandigarh,2019-08,2019-08-01,27609.0,20501.0,5440.0,25941.0,0.9395849179615343
2019-20,04,Chandigarh,2019-09,2019-09-01,27465.0,18921.0,7073.0,25994.0,0.9464409248133989
2019-20,04,Chandigarh,2019-10,2019-10-01,27272.0,20109.0,6041.0,26150.0,0.9588589029040775
2019-20,04,Chandigarh,2019-11,2019-11-01,27089.0,22746.0,3369.0,26115.0,0.9640444460851268
2019-20,04,Chandigarh,2019-12,2019-12-01,27106.0,20143.0,6079.0,26222.0,0.9673872943259795
2019-20,04,Chandigarh,2020-01,2020-01-01,27154.0,22918.0,3327.0,26245.0,0.9665242689843117
2019-20,04,Chandigarh,2020-02,2020-02-01,27165.0,20625.0,5650.0,26275.0,0.9672372538192527
2019-20,04,Chandigarh,2020-03,2020-03-01,27176.0,1616.0,24683.0,26299.0,0.9677288784221372
2019-20,05,Uttarakhand,2019-04,2019-04-01,128920.0,75376.0,111410.0,111522.0,0.8650480918399007
2019-20,05,Uttarakhand,2019-05,2019-05-01,128392.0,79157.0,33400.0,112557.0,0.876666770515297
2019-20,05,Uttarakhand,2019-06,2019-06-01,129422.0,81379.0,31902.0,113281.0,0.8752839548144828
2019-20,05,Uttarakhand,2019-07,2019-07-01,131061.0,86489.0,28040.0,114529.0,0.8738602635414043
2019-20,05,Uttarakhand,2019-08,2019-08-01,131538.0,80958.0,34535.0,115493.0,0.8780200398363971
2019-20,05,Uttarakhand,2019-09,2019-09-01,131532.0,74512.0,41988.0,116500.0,0.8857160234771767
2019-20,05,Uttarakhand,2019-10,2019-10-01,131053.0,80628.0,36698.0,117326.0,0.8952561177538858
2019-20,05,Uttarakhand,2019-11,2019-11-01,129677.0,95738.0,22537.0,118275.0,0.9120738450149217
2019-20,05,Uttarakhand,2019-12,2019-12-01,128458.0,81731.0,37777.0,119508.0,0.9303274221924676
2019-20,05,Uttarakhand,2020-01,2020-01-01,129146.0,97984.0,22591.0,120575.0,0.933633252288108
2019-20,05,Uttarakhand,2020-02,2020-02-01,130276.0,90875.0,30829.0,121704.0,0.9342012343025576
2019-20,05,Uttarakhand,2020-03,2020-03-01,131773.0,10376.0,111833.0,122209.0,0.9274206400400689
2019-20,06,Haryana,2019-04,2019-04-01,422912.0,269729.0,373644.0,373726.0,0.8836968447336562
2019-20,06,Haryana,2019-05,2019-05-01,423730.0,286627.0,89252.0,375879.0,0.8870719561985226
2019-20,06,Haryana,2019-06,2019-06-01,423764.0,289880.0,86699.0,376579.0,0.8886526462842526
2019-20,06,Haryana,2019-07,2019-07-01,424544.0,307634.0,70755.0,378389.0,0.8912833534333309
2019-20,06,Haryana,2019-08,2019-08-01,425499.0,287072.0,93076.0,380148.0,0.8934169057976634
2019-20,06,Haryana,2019-09,2019-09-01,423483.0,257257.0,125545.0,382802.0,0.9039371119974119
2019-20,06,Haryana,2019-10,2019-10-01,424856.0,277993.0,106881.0,384874.0,0.9058928201555351
2019-20,06,Haryana,2019-11,2019-11-01,424839.0,326676.0,60993.0,387669.0,0.9125080324546475
2019-20,06,Haryana,2019-12,2019-12-01,424443.0,277565.0,112476.0,390041.0,0.9189478917074849
2019-20,06,Haryana,2020-01,2020-01-01,424329.0,328225.0,63093.0,391318.0,0.9222042330361583
2019-20,06,Haryana,2020-02,2020-02-01,421659.0,300609.0,93165.0,393774.0,0.9338683628239881
2019-20,06,Haryana,2020-03,2020-03-01,423351.0,26737.0,367412.0,394149.0,0.9310217762565814
2019-20,07,Delhi,2019-04,2019-04-01,740341.0,422298.0,615933.0,616114.0,0.8322029983480586
2019-20,07,Delhi,2019-05,2019-05-01,752005.0,450318.0,171520.0,621838.0,0.8269067359924469
2019-20,07,Delhi,2019-06,2019-06-01,759157.0,461103.0,164541.0,625644.0,0.8241299230593935
2019-20,07,Delhi,2019-07,2019-07-01,765931.0,490239.0,140257.0,630496.0,0.8231759779927957
2019-20,07,Delhi,2019-08,2019-08-01,767326.0,458504.0,175746.0,634250.0,0.8265717569846454
2019-20,07,Delhi,2019-09,2019-09-01,766277.0,406663.0,231750.0,638413.0,0.8331360591535437
2019-20,07,Delhi,2019-10,2019-10-01,757603.0,437967.0,204326.0,642293.0,0.847796273246014
2019-20,07,Delhi,2019-11,2019-11-01,756133.0,522257.0,124189.0,646446.0,0.8549368960222606
2019-20,07,Delhi,2019-12,2019-12-01,746559.0,455755.0,195658.0,651413.0,0.8725539441624841
2019-20,07,Delhi,2020-01,2020-01-01,745423.0,535714.0,119187.0,654901.0,0.8785629099182611
2019-20,07,Delhi,2020-02,2020-02-01,750648.0,474600.0,183057.0,657657.0,0.8761190331553538
2019-20,07,Delhi,2020-03,2020-03-01,752110.0,43809.0,610443.0,654252.0,0.8698887130871814
2019-20,08,Rajasthan,2019-04,2019-04-01,553708.0,348235.0,487170.0,487414.0,0.8802726346738714
2019-20,08,Rajasthan,2019-05,2019-05-01,557836.0,372067.0,119056.0,491123.0,0.8804075032805341
2019-20,08,Rajasthan,2019-06,2019-06-01,560439.0,380086.0,114181.0,494267.0,0.8819282740851369
2019-20,08,Rajasthan,2019-07,2019-07-01,561513.0,402141.0,96201.0,498342.0,0.8874985975391487
2019-20,08,Rajasthan,2019-08,2019-08-01,560642.0,374398.0,126336.0,500734.0,0.8931439314214775
2019-20,08,Rajasthan,2019-09,2019-09-01,559918.0,337154.0,167227.0,504381.0,0.9008122617954772
2019-20,08,Rajasthan,2019-10,2019-10-01,561583.0,364694.0,143629.0,508323.0,0.9051609468235328
2019-20,08,Rajasthan,2019-11,2019-11-01,559753.0,430679.0,81138.0,511817.0,0.9143622276253991
2019-20,08,Rajasthan,2019-12,2019-12-01,541872.0,363953.0,151528.0,515481.0,0.9512966161750377
2019-20,08,Rajasthan,2020-01,2020-01-01,543495.0,437636.0,80653.0,518289.0,0.9536223884304363
2019-20,08,Rajasthan,2020-02,2020-02-01,547860.0,390373.0,132517.0,522890.0,0.9544226627240536
2019-20,08,Rajasthan,2020-03,2020-03-01,552190.0,22784.0,503399.0,526183.0,0.9529020808055199
2019-20,09,Uttar Pradesh,2019-04,2019-04-01,1113803.0,712174.0,977646.0,978113.0,0.878174147492869
2019-20,09,Uttar Pradesh,2019-05,2019-05-01,1112907.0,757325.0,228447.0,985772.0,0.8857631410351449
2019-20,09,Uttar Pradesh,2019-06,2019-06-01,1118687.0,769580.0,221694.0,991274.0,0.8861048711569903
2019-20,09,Uttar Pradesh,2019-07,2019-07-01,1127309.0,821714.0,178377.0,1000091.0,0.8871489538360822
2019-20,09,Uttar Pradesh,2019-08,2019-08-01,1128388.0,762734.0,244979.0,1007713.0,0.8930554029287798
2019-20,09,Uttar Pradesh,2019-09,2019-09-01,1126122.0,708901.0,308050.0,1016951.0,0.9030557967964394
2019-20,09,Uttar Pradesh,2019-10,2019-10-01,1126652.0,754708.0,271496.0,1026204.0,0.9108438098010744
2019-20,09,Uttar Pradesh,2019-11,2019-11-01,1124411.0,841108.0,195014.0,1036122.0,0.9214797791910609
2019-20,09,Uttar Pradesh,2019-12,2019-12-01,1127354.0,735013.0,311775.0,1046788.0,0.9285353136636761
2019-20,09,Uttar Pradesh,2020-01,2020-01-01,1133999.0,893078.0,165984.0,1059062.0,0.9339179311445601
2019-20,09,Uttar Pradesh,2020-02,2020-02-01,1144874.0,831119.0,239372.0,1070491.0,0.9350295316340488
2019-20,09,Uttar Pradesh,2020-03,2020-03-01,1155076.0,81270.0,991954.0,1073224.0,0.9291371303706423
2019-20,10,Bihar,2019-04,2019-04-01,305442.0,156163.0,256179.0,256468.0,0.8396618670647783
2019-20,10,Bihar,2019-05,2019-05-01,307632.0,167178.0,91609.0,258787.0,0.8412226296354085
2019-20,10,Bihar,2019-06,2019-06-01,313451.0,174259.0,86409.0,260668.0,0.8316068540218408
2019-20,10,Bihar,2019-07,2019-07-01,317629.0,190532.0,74087.0,264619.0,0.8331071785007037
2019-20,10,Bihar,2019-08,2019-08-01,320572.0,173788.0,94193.0,267981.0,0.835946370862084
2019-20,10,Bihar,2019-09,2019-09-01,325576.0,162772.0,109232.0,272004.0,0.8354547018207731
2019-20,10,Bihar,2019-10,2019-10-01,330399.0,177035.0,99184.0,276219.0,0.8360164528343004
2019-20,10,Bihar,2019-11,2019-11-01,333051.0,215164.0,64618.0,279782.0,0.8400575287268316
2019-20,10,Bihar,2019-12,2019-12-01,332886.0,188787.0,96091.0,284878.0,0.8557824600614024
2019-20,10,Bihar,2020-01,2020-01-01,332957.0,226390.0,63422.0,289812.0,0.8704187027153657
2019-20,10,Bihar,2020-02,2020-02-01,314833.0,205516.0,87860.0,293376.0,0.9318464074604632
2019-20,10,Bihar,2020-03,2020-03-01,320339.0,22748.0,273787.0,296535.0,0.9256912208628983
2019-20,11,Sikkim,2019-04,2019-04-01,6884.0,3469.0,5948.0,5980.0,0.8686809994189425
2019-20,11,Sikkim,2019-05,2019-05-01,6969.0,3620.0,2374.0,5994.0,0.8600947051226862
2019-20,11,Sikkim,2019-06,2019-06-01,7029.0,3767.0,2260.0,6027.0,0.8574477166026462
2019-20,11,Sikkim,2019-07,2019-07-01,7130.0,4169.0,1970.0,6139.0,0.8610098176718093
2019-20,11,Sikkim,2019-08,2019-08-01,7135.0,3808.0,2417.0,6225.0,0.8724597056762439
2019-20,11,Sikkim,2019-09,2019-09-01,7195.0,3362.0,2940.0,6302.0,0.8758860319666435
2019-20,11,Sikkim,2019-10,2019-10-01,7314.0,3756.0,2627.0,6383.0,0.8727098714793546
2019-20,11,Sikkim,2019-11,2019-11-01,7403.0,4529.0,1919.0,6448.0,0.8709982439551534
2019-20,11,Sikkim,2019-12,2019-12-01,7450.0,3717.0,2817.0,6534.0,0.8770469798657718
2019-20,11,Sikkim,2020-01,2020-01-01,7448.0,4463.0,2115.0,6578.0,0.8831901181525241
2019-20,11,Sikkim,2020-02,2020-02-01,7399.0,4302.0,2321.0,6623.0,0.8951209622922016
2019-20,11,Sikkim,2020-03,2020-03-01,7508.0,710.0,6002.0,6712.0,0.8939797549280767
2019-20,12,Arunachal Pradesh,2019-04,2019-04-01,10828.0,2947.0,8222.0,8290.0,0.7656076837827853
2019-20,12,Arunachal Pradesh,2019-05,2019-05-01,10989.0,3345.0,4995.0,8340.0,0.758940758940759
2019-20,12,Arunachal Pradesh,2019-06,2019-06-01,11143.0,3632.0,4765.0,8397.0,0.75356726195818
2019-20,12,Arunachal Pradesh,2019-07,2019-07-01,11396.0,4233.0,4331.0,8564.0,0.7514917514917515
2019-20,12,Arunachal Pradesh,2019-08,2019-08-01,11658.0,4030.0,4717.0,8747.0,0.750300223022817
2019-20,12,Arunachal Pradesh,2019-09,2019-09-01,11960.0,3821.0,5132.0,8953.0,0.7485785953177257
2019-20,12,Arunachal Pradesh,2019-10,2019-10-01,12126.0,4343.0,4718.0,9061.0,0.7472373412502061
2019-20,12,Arunachal Pradesh,2019-11,2019-11-01,12318.0,4920.0,4266.0,9186.0,0.7457379444715051
2019-20,12,Arunachal Pradesh,2019-12,2019-12-01,12515.0,4434.0,4857.0,9291.0,0.7423891330403516
2019-20,12,Arunachal Pradesh,2020-01,2020-01-01,12661.0,5613.0,3813.0,9426.0,0.7444909564805308
2019-20,12,Arunachal Pradesh,2020-02,2020-02-01,12621.0,5380.0,4213.0,9593.0,0.7600824023452976
2019-20,12,Arunachal Pradesh,2020-03,2020-03-01,12538.0,704.0,8965.0,9669.0,0.7711756260966661
2019-20,13,Nagaland,2019-04,2019-04-01,6395.0,2281.0,5019.0,5035.0,0.7873338545738858
2019-20,13,Nagaland,2019-05,2019-05-01,6422.0,2543.0,2551.0,5094.0,0.7932108377452507
2019-20,13,Nagaland,2019-06,2019-06-01,6463.0,2718.0,2426.0,5144.0,0.795915209654959
2019-20,13,Nagaland,2019-07,2019-07-01,6516.0,2991.0,2238.0,5229.0,0.8024861878453039
2019-20,13,Nagaland,2019-08,2019-08-01,6646.0,2789.0,2522.0,5311.0,0.7991272946133012
2019-20,13,Nagaland,2019-09,2019-09-01,6718.0,2579.0,2803.0,5382.0,0.8011312890741292
2019-20,13,Nagaland,2019-10,2019-10-01,6744.0,2853.0,2600.0,5453.0,0.808570581257414
2019-20,13,Nagaland,2019-11,2019-11-01,6735.0,3372.0,2134.0,5506.0,0.8175204157386785
2019-20,13,Nagaland,2019-12,2019-12-01,6694.0,2830.0,2716.0,5546.0,0.8285031371377353
2019-20,13,Nagaland,2020-01,2020-01-01,6757.0,3618.0,1982.0,5600.0,0.8287701642740861
2019-20,13,Nagaland,2020-02,2020-02-01,6695.0,3364.0,2267.0,5631.0,0.841075429424944
2019-20,13,Nagaland,2020-03,2020-03-01,6784.0,507.0,5165.0,5672.0,0.8360849056603774
2019-20,14,Manipur,2019-04,2019-04-01,10976.0,3637.0,7600.0,7622.0,0.6944241982507289
2019-20,14,Manipur,2019-05,2019-05-01,10987.0,3753.0,3893.0,7646.0,0.6959133521434423
2019-20,14,Manipur,2019-06,2019-06-01,10941.0,4013.0,3683.0,7696.0,0.7034091947719587
2019-20,14,Manipur,2019-07,2019-07-01,10837.0,4656.0,3113.0,7769.0,0.7168958198763495
2019-20,14,Manipur,2019-08,2019-08-01,10702.0,4120.0,3685.0,7805.0,0.7293029340310222
2019-20,14,Manipur,2019-09,2019-09-01,10659.0,3683.0,4208.0,7891.0,0.740313350220471
2019-20,14,Manipur,2019-10,2019-10-01,10496.0,3947.0,3992.0,7939.0,0.7563833841463414
2019-20,14,Manipur,2019-11,2019-11-01,10527.0,5057.0,2917.0,7974.0,0.7574807637503562
2019-20,14,Manipur,2019-12,2019-12-01,10173.0,4113.0,3908.0,8021.0,0.7884596480880762
2019-20,14,Manipur,2020-01,2020-01-01,10240.0,5167.0,2910.0,8077.0,0.78876953125
2019-20,14,Manipur,2020-02,2020-02-01,10379.0,4311.0,3774.0,8085.0,0.7789767800366124
2019-20,14,Manipur,2020-03,2020-03-01,10531.0,742.0,7313.0,8055.0,0.7648846263412782
2019-20,15,Mizoram,2019-04,2019-04-01,5303.0,2373.0,4208.0,4215.0,0.7948331133320762
2019-20,15,Mizoram,2019-05,2019-05-01,5386.0,2467.0,1813.0,4280.0,0.7946528035647976
2019-20,15,Mizoram,2019-06,2019-06-01,5454.0,2519.0,1816.0,4335.0,0.7948294829482948
2019-20,15,Mizoram,2019-07,2019-07-01,5617.0,2890.0,1551.0,4441.0,0.7906355705892826
2019-20,15,Mizoram,2019-08,2019-08-01,5716.0,2673.0,1818.0,4491.0,0.7856892932120364
2019-20,15,Mizoram,2019-09,2019-09-01,5800.0,2591.0,1957.0,4548.0,0.7841379310344827
2019-20,15,Mizoram,2019-10,2019-10-01,5880.0,2693.0,1917.0,4610.0,0.7840136054421769
2019-20,15,Mizoram,2019-11,2019-11-01,5984.0,3305.0,1360.0,4665.0,0.7795788770053476
2019-20,15,Mizoram,2019-12,2019-12-01,6083.0,2691.0,2043.0,4734.0,0.7782344238040441
2019-20,15,Mizoram,2020-01,2020-01-01,6170.0,3332.0,1432.0,4764.0,0.7721231766612642
2019-20,15,Mizoram,2020-02,2020-02-01,6245.0,3217.0,1604.0,4821.0,0.7719775820656525
2019-20,15,Mizoram,2020-03,2020-03-01,6256.0,1365.0,3499.0,4864.0,0.7774936061381074
2019-20,16,Tripura,2019-04,2019-04-01,23557.0,12881.0,19763.0,19792.0,0.8401748949356879
2019-20,16,Tripura,2019-05,2019-05-01,23734.0,13919.0,6025.0,19944.0,0.8403134743406084
2019-20,16,Tripura,2019-06,2019-06-01,24026.0,14633.0,5504.0,20137.0,0.8381336885041205
2019-20,16,Tripura,2019-07,2019-07-01,24393.0,15743.0,4657.0,20400.0,0.8363054974787849
2019-20,16,Tripura,2019-08,2019-08-01,24459.0,14331.0,6260.0,20591.0,0.8418578028537552
2019-20,16,Tripura,2019-09,2019-09-01,24530.0,13564.0,7215.0,20779.0,0.8470852017937219
2019-20,16,Tripura,2019-10,2019-10-01,24644.0,15026.0,5867.0,20893.0,0.84779256614186
2019-20,16,Tripura,2019-11,2019-11-01,24638.0,16808.0,4235.0,21043.0,0.8540871824011689
2019-20,16,Tripura,2019-12,2019-12-01,24481.0,13959.0,7249.0,21208.0,0.8663044810261019
2019-20,16,Tripura,2020-01,2020-01-01,24312.0,17155.0,4254.0,21409.0,0.8805939453767687
2019-20,16,Tripura,2020-02,2020-02-01,23986.0,16403.0,5116.0,21519.0,0.8971483365296423
2019-20,16,Tripura,2020-03,2020-03-01,24205.0,2139.0,19446.0,21585.0,0.8917579012600703
2019-20,17,Meghalaya,2019-04,2019-04-01,23763.0,12230.0,19070.0,19118.0,0.8045280478054118
2019-20,17,Meghalaya,2019-05,2019-05-01,24195.0,13350.0,6130.0,19480.0,0.8051250258317835
2019-20,17,Meghalaya,2019-06,2019-06-01,24878.0,13738.0,6346.0,20084.0,0.8072996221561218
2019-20,17,Meghalaya,2019-07,2019-07-01,25640.0,15002.0,5649.0,20651.0,0.805421216848674
2019-20,17,Meghalaya,2019-08,2019-08-01,25884.0,14398.0,6418.0,20816.0,0.804203368876526
2019-20,17,Meghalaya,2019-09,2019-09-01,26140.0,13499.0,7477.0,20976.0,0.8024483550114767
2019-20,17,Meghalaya,2019-10,2019-10-01,26255.0,14402.0,6655.0,21057.0,0.8020186631117883
2019-20,17,Meghalaya,2019-11,2019-11-01,26357.0,14392.0,6661.0,21053.0,0.7987631369275714
2019-20,17,Meghalaya,2019-12,2019-12-01,26428.0,12913.0,8146.0,21059.0,0.7968442560920236
2019-20,17,Meghalaya,2020-01,2020-01-01,26536.0,15788.0,5323.0,21111.0,0.7955607476635514
2019-20,17,Meghalaya,2020-02,2020-02-01,26675.0,14957.0,6157.0,21114.0,0.7915276476101218
2019-20,17,Meghalaya,2020-03,2020-03-01,26706.0,3196.0,17830.0,21026.0,0.7873137122743953
2019-20,18,Assam,2019-04,2019-04-01,157863.0,60268.0,119095.0,119351.0,0.7560416310345046
2019-20,18,Assam,2019-05,2019-05-01,159240.0,67851.0,52398.0,120249.0,0.7551431801055011
2019-20,18,Assam,2019-06,2019-06-01,161175.0,70248.0,51222.0,121470.0,0.7536528617961843
2019-20,18,Assam,2019-07,2019-07-01,163738.0,77507.0,45702.0,123209.0,0.7524765173631045
2019-20,18,Assam,2019-08,2019-08-01,165285.0,70171.0,54508.0,124679.0,0.7543273739298787
2019-20,18,Assam,2019-09,2019-09-01,167059.0,62683.0,63478.0,126161.0,0.7551882867729365
2019-20,18,Assam,2019-10,2019-10-01,167755.0,72309.0,54794.0,127103.0,0.7576704122082799
2019-20,18,Assam,2019-11,2019-11-01,166641.0,77663.0,50760.0,128423.0,0.7706566811288939
2019-20,18,Assam,2019-12,2019-12-01,146205.0,72387.0,56457.0,128844.0,0.8812557710064636
2019-20,18,Assam,2020-01,2020-01-01,144136.0,90640.0,38971.0,129611.0,0.8992271188322141
2019-20,18,Assam,2020-02,2020-02-01,144942.0,82103.0,48734.0,130837.0,0.9026852120158408
2019-20,18,Assam,2020-03,2020-03-01,145908.0,7476.0,123823.0,131299.0,0.8998752638649011
2019-20,19,West Bengal,2019-04,2019-04-01,584818.0,357699.0,516434.0,516701.0,0.8835244469219483
2019-20,19,West Bengal,2019-05,2019-05-01,588402.0,379797.0,139563.0,519360.0,0.8826618536306811
2019-20,19,West Bengal,2019-06,2019-06-01,593424.0,390452.0,131522.0,521974.0,0.8795970503383752
2019-20,19,West Bengal,2019-07,2019-07-01,598953.0,411303.0,115167.0,526470.0,0.8789838267777271
2019-20,19,West Bengal,2019-08,2019-08-01,603444.0,379621.0,150608.0,530229.0,0.8786714260146757
2019-20,19,West Bengal,2019-09,2019-09-01,607620.0,354207.0,179455.0,533662.0,0.8782824791810672
2019-20,19,West Bengal,2019-10,2019-10-01,610678.0,389631.0,145985.0,535616.0,0.877084158918448
2019-20,19,West Bengal,2019-11,2019-11-01,612549.0,439168.0,100035.0,539203.0,0.8802610076908133
2019-20,19,West Bengal,2019-12,2019-12-01,611342.0,387577.0,156268.0,543845.0,0.8895920777568039
2019-20,19,West Bengal,2020-01,2020-01-01,612426.0,452590.0,93827.0,546417.0,0.8922171821575178
2019-20,19,West Bengal,2020-02,2020-02-01,611319.0,415090.0,134674.0,549764.0,0.8993078899886966
2019-20,19,West Bengal,2020-03,2020-03-01,611625.0,43625.0,507346.0,550971.0,0.9008313917841815
2019-20,20,Jharkhand,2019-04,2019-04-01,147229.0,77652.0,127210.0,127297.0,0.8646190628205042
2019-20,20,Jharkhand,2019-05,2019-05-01,148553.0,83688.0,44429.0,128117.0,0.8624329363930718
2019-20,20,Jharkhand,2019-06,2019-06-01,149800.0,87020.0,41910.0,128930.0,0.8606809078771696
2019-20,20,Jharkhand,2019-07,2019-07-01,151023.0,94494.0,35745.0,130239.0,0.862378578097376
2019-20,20,Jharkhand,2019-08,2019-08-01,151285.0,84855.0,46514.0,131369.0,0.8683544303797468
2019-20,20,Jharkhand,2019-09,2019-09-01,151326.0,79658.0,52814.0,132472.0,0.8754080594213817
2019-20,20,Jharkhand,2019-10,2019-10-01,151778.0,87738.0,46134.0,133872.0,0.8820250629208449
2019-20,20,Jharkhand,2019-11,2019-11-01,148226.0,105238.0,29513.0,134751.0,0.9090915224049761
2019-20,20,Jharkhand,2019-12,2019-12-01,147404.0,91192.0,44242.0,135434.0,0.9187946053024342
2019-20,20,Jharkhand,2020-01,2020-01-01,144908.0,109238.0,27053.0,136291.0,0.9405346840754134
2019-20,20,Jharkhand,2020-02,2020-02-01,142935.0,99175.0,37908.0,137083.0,0.9590583132192955
2019-20,20,Jharkhand,2020-03,2020-03-01,143561.0,12309.0,125296.0,137605.0,0.9585124093590878
2019-20,21,Odisha,2019-04,2019-04-01,219024.0,64540.0,192952.0,193165.0,0.8819353130250566
2019-20,21,Odisha,2019-05,2019-05-01,219645.0,127511.0,67233.0,194744.0,0.8866306995378906
2019-20,21,Odisha,2019-06,2019-06-01,219769.0,133474.0,62225.0,195699.0,0.890475908795144
2019-20,21,Odisha,2019-07,2019-07-01,219972.0,147275.0,50586.0,197861.0,0.8994826614296365
2019-20,21,Odisha,2019-08,2019-08-01,220124.0,132242.0,67686.0,199928.0,0.90825171267104
2019-20,21,Odisha,2019-09,2019-09-01,220841.0,128709.0,73358.0,202067.0,0.9149886117161216
2019-20,21,Odisha,2019-10,2019-10-01,221583.0,139187.0,65142.0,204329.0,0.9221330156194293
2019-20,21,Odisha,2019-11,2019-11-01,221270.0,165288.0,41876.0,207164.0,0.9362498305237945
2019-20,21,Odisha,2019-12,2019-12-01,222288.0,138828.0,71377.0,210205.0,0.9456425897934212
2019-20,21,Odisha,2020-01,2020-01-01,223595.0,167298.0,44967.0,212265.0,0.9493280261186521
2019-20,21,Odisha,2020-02,2020-02-01,223670.0,158639.0,55521.0,214160.0,0.9574820047391246
2019-20,21,Odisha,2020-03,2020-03-01,223069.0,20647.0,194006.0,214653.0,0.9622717634453913
2019-20,22,Chhattisgarh,2019-04,2019-04-01,102946.0,49906.0,95037.0,95120.0,0.9239795621005187
2019-20,22,Chhattisgarh,2019-05,2019-05-01,103880.0,57001.0,38776.0,95777.0,0.9219965344628417
2019-20,22,Chhattisgarh,2019-06,2019-06-01,104773.0,59363.0,37056.0,96419.0,0.9202657173126664
2019-20,22,Chhattisgarh,2019-07,2019-07-01,106003.0,65499.0,31794.0,97293.0,0.9178325141741271
2019-20,22,Chhattisgarh,2019-08,2019-08-01,106926.0,59015.0,38974.0,97989.0,0.916418831715392
2019-20,22,Chhattisgarh,2019-09,2019-09-01,107458.0,52920.0,45794.0,98714.0,0.9186286735282622
2019-20,22,Chhattisgarh,2019-10,2019-10-01,107867.0,58652.0,40919.0,99571.0,0.9230904725263519
2019-20,22,Chhattisgarh,2019-11,2019-11-01,106953.0,74020.0,26280.0,100300.0,0.937795106261629
2019-20,22,Chhattisgarh,2019-12,2019-12-01,105112.0,62580.0,38477.0,101057.0,0.9614221021386712
2019-20,22,Chhattisgarh,2020-01,2020-01-01,104718.0,74888.0,26650.0,101538.0,0.9696327278977827
2019-20,22,Chhattisgarh,2020-02,2020-02-01,105608.0,67198.0,34945.0,102143.0,0.967189985607151
2019-20,22,Chhattisgarh,2020-03,2020-03-01,107069.0,5624.0,97168.0,102792.0,0.9600537970841233
2019-20,23,Madhya Pradesh,2019-04,2019-04-01,348621.0,201498.0,322477.0,322628.0,0.9254405213684775
2019-20,23,Madhya Pradesh,2019-05,2019-05-01,351108.0,222954.0,101288.0,324242.0,0.9234822333868781
2019-20,23,Madhya Pradesh,2019-06,2019-06-01,353290.0,229174.0,96829.0,326003.0,0.9227631690679046
2019-20,23,Madhya Pradesh,2019-07,2019-07-01,356965.0,245834.0,82599.0,328433.0,0.9200705951563879
2019-20,23,Madhya Pradesh,2019-08,2019-08-01,358593.0,225925.0,104436.0,330361.0,0.9212700749875207
2019-20,23,Madhya Pradesh,2019-09,2019-09-01,359995.0,199446.0,133116.0,332562.0,0.9237961638356088
2019-20,23,Madhya Pradesh,2019-10,2019-10-01,361943.0,219558.0,115785.0,335343.0,0.9265077650348259
2019-20,23,Madhya Pradesh,2019-11,2019-11-01,362211.0,274737.0,63066.0,337803.0,0.93261386319024
2019-20,23,Madhya Pradesh,2019-12,2019-12-01,354752.0,232997.0,107059.0,340056.0,0.958573876961934
2019-20,23,Madhya Pradesh,2020-01,2020-01-01,347413.0,278879.0,63213.0,342092.0,0.9846839352586115
2019-20,23,Madhya Pradesh,2020-02,2020-02-01,348074.0,267788.0,76526.0,344314.0,0.9891976993397955
2019-20,23,Madhya Pradesh,2020-03,2020-03-01,351474.0,15342.0,330988.0,346330.0,0.9853644935329499
2019-20,24,Gujarat,2019-04,2019-04-01,869012.0,596606.0,798628.0,798871.0,0.9192865000713454
2019-20,24,Gujarat,2019-05,2019-05-01,871303.0,632635.0,172515.0,805150.0,0.9240757807559483
2019-20,24,Gujarat,2019-06,2019-06-01,877062.0,648228.0,162000.0,810228.0,0.9237978614966786
2019-20,24,Gujarat,2019-07,2019-07-01,881026.0,679311.0,137065.0,816376.0,0.926619645731227
2019-20,24,Gujarat,2019-08,2019-08-01,884173.0,643818.0,177128.0,820946.0,0.9284902389012105
2019-20,24,Gujarat,2019-09,2019-09-01,884817.0,603355.0,222668.0,826023.0,0.933552361674787
2019-20,24,Gujarat,2019-10,2019-10-01,888089.0,620614.0,209151.0,829765.0,0.9343264019709736
2019-20,24,Gujarat,2019-11,2019-11-01,887648.0,722699.0,110951.0,833650.0,0.9391673275893146
2019-20,24,Gujarat,2019-12,2019-12-01,877839.0,631577.0,210334.0,841911.0,0.9590722216716278
2019-20,24,Gujarat,2020-01,2020-01-01,881788.0,726176.0,121429.0,847605.0,0.9612344463748657
2019-20,24,Gujarat,2020-02,2020-02-01,886741.0,714326.0,139171.0,853497.0,0.9625099098834947
2019-20,24,Gujarat,2020-03,2020-03-01,893063.0,23123.0,834006.0,857129.0,0.9597631969973003
2019-20,25,Daman and Diu,2019-04,2019-04-01,6022.0,3542.0,5463.0,5467.0,0.9078379275988044
2019-20,25,Daman and Diu,2019-05,2019-05-01,5992.0,3757.0,1721.0,5478.0,0.914218958611482
2019-20,25,Daman and Diu,2019-06,2019-06-01,5816.0,3782.0,1695.0,5477.0,0.9417125171939478
2019-20,25,Daman and Diu,2019-07,2019-07-01,5813.0,4026.0,1452.0,5478.0,0.9423705487699983
2019-20,25,Daman and Diu,2019-08,2019-08-01,5830.0,3745.0,1727.0,5472.0,0.9385934819897084
2019-20,25,Daman and Diu,2019-09,2019-09-01,5835.0,3396.0,2074.0,5470.0,0.9374464438731791
2019-20,25,Daman and Diu,2019-10,2019-10-01,5838.0,3592.0,1892.0,5484.0,0.9393627954779034
2019-20,25,Daman and Diu,2019-11,2019-11-01,5842.0,4248.0,1265.0,5513.0,0.9436836699760356
2019-20,25,Daman and Diu,2019-12,2019-12-01,5767.0,3611.0,1908.0,5519.0,0.9569967053927518
2019-20,25,Daman and Diu,2020-01,2020-01-01,5807.0,4195.0,1330.0,5525.0,0.9514379197520234
2019-20,25,Daman and Diu,2020-02,2020-02-01,5809.0,4169.0,1347.0,5516.0,0.949561025994147
2019-20,25,Daman and Diu,2020-03,2020-03-01,5841.0,226.0,5303.0,5529.0,0.9465844889573704
2019-20,26,Dadra and Nagar Haveli,2019-04,2019-04-01,8237.0,4745.0,7383.0,7385.0,0.8965642831127838
2019-20,26,Dadra and Nagar Haveli,2019-05,2019-05-01,8305.0,5064.0,2374.0,7438.0,0.8956050571944612
2019-20,26,Dadra and Nagar Haveli,2019-06,2019-06-01,8364.0,5257.0,2211.0,7468.0,0.8928742228598756
2019-20,26,Dadra and Nagar Haveli,2019-07,2019-07-01,8417.0,5558.0,1952.0,7510.0,0.8922418914102411
2019-20,26,Dadra and Nagar Haveli,2019-08,2019-08-01,8451.0,5151.0,2418.0,7569.0,0.8956336528221512
2019-20,26,Dadra and Nagar Haveli,2019-09,2019-09-01,8395.0,4711.0,2877.0,7588.0,0.9038713519952353
2019-20,26,Dadra and Nagar Haveli,2019-10,2019-10-01,8265.0,4853.0,2735.0,7588.0,0.9180883242589232
2019-20,26,Dadra and Nagar Haveli,2019-11,2019-11-01,8043.0,5864.0,1712.0,7576.0,0.9419370881511874
2019-20,26,Dadra and Nagar Haveli,2019-12,2019-12-01,7976.0,4945.0,2664.0,7609.0,0.9539869608826479
2019-20,26,Dadra and Nagar Haveli,2020-01,2020-01-01,8080.0,5892.0,1765.0,7657.0,0.9476485148514852
2019-20,26,Dadra and Nagar Haveli,2020-02,2020-02-01,8172.0,5823.0,1897.0,7720.0,0.9446891825746452
2019-20,26,Dadra and Nagar Haveli,2020-03,2020-03-01,8238.0,361.0,7387.0,7748.0,0.9405195435785385
2019-20,27,Maharashtra,2019-04,2019-04-01,1389687.0,800820.0,1213488.0,1214464.0,0.8739118952685029
2019-20,27,Maharashtra,2019-05,2019-05-01,1398033.0,845165.0,374673.0,1219838.0,0.8725387741204964
2019-20,27,Maharashtra,2019-06,2019-06-01,1405014.0,868912.0,355852.0,1224764.0,0.8717094633932473
2019-20,27,Maharashtra,2019-07,2019-07-01,1409335.0,911723.0,320694.0,1232417.0,0.8744670358715281
2019-20,27,Maharashtra,2019-08,2019-08-01,1413902.0,853535.0,384041.0,1237576.0,0.8752912153741914
2019-20,27,Maharashtra,2019-09,2019-09-01,1416919.0,768333.0,476490.0,1244823.0,0.8785421043828193
2019-20,27,Maharashtra,2019-10,2019-10-01,1419473.0,836609.0,414500.0,1251109.0,0.8813897833914418
2019-20,27,Maharashtra,2019-11,2019-11-01,1415447.0,998265.0,261113.0,1259378.0,0.8897387185814799
2019-20,27,Maharashtra,2019-12,2019-12-01,1379433.0,856173.0,413097.0,1269270.0,0.920138926645948
2019-20,27,Maharashtra,2020-01,2020-01-01,1370415.0,1000210.0,275207.0,1275417.0,0.9306793927386959
2019-20,27,Maharashtra,2020-02,2020-02-01,1375391.0,943366.0,338572.0,1281938.0,0.9320535033310527
2019-20,27,Maharashtra,2020-03,2020-03-01,1380633.0,64155.0,1217300.0,1281455.0,0.9281648345360425
2019-20,29,Karnataka,2019-04,2019-04-01,708544.0,437287.0,627302.0,627966.0,0.8862766461927558
2019-20,29,Karnataka,2019-05,2019-05-01,707340.0,464963.0,167230.0,632193.0,0.8937611332598184
2019-20,29,Karnataka,2019-06,2019-06-01,710827.0,476857.0,160110.0,636967.0,0.8960928608508117
2019-20,29,Karnataka,2019-07,2019-07-01,713357.0,506954.0,137608.0,644562.0,0.9035616108063704
2019-20,29,Karnataka,2019-08,2019-08-01,709504.0,479455.0,170676.0,650131.0,0.9163175965181309
2019-20,29,Karnataka,2019-09,2019-09-01,709880.0,434314.0,220782.0,655096.0,0.9228263931932158
2019-20,29,Karnataka,2019-10,2019-10-01,716349.0,466546.0,195308.0,661854.0,0.9239267452038042
2019-20,29,Karnataka,2019-11,2019-11-01,718037.0,552970.0,115172.0,668142.0,0.9305119374071252
2019-20,29,Karnataka,2019-12,2019-12-01,723207.0,474443.0,201321.0,675764.0,0.9343991416012289
2019-20,29,Karnataka,2020-01,2020-01-01,726054.0,556486.0,124576.0,681062.0,0.9380321573877425
2019-20,29,Karnataka,2020-02,2020-02-01,731853.0,549635.0,136741.0,686376.0,0.9378604719800288
2019-20,29,Karnataka,2020-03,2020-03-01,734800.0,55406.0,630832.0,686238.0,0.9339112683723462
2019-20,30,Goa,2019-04,2019-04-01,33353.0,17206.0,28561.0,28618.0,0.8580337600815519
2019-20,30,Goa,2019-05,2019-05-01,33480.0,18371.0,10369.0,28740.0,0.8584229390681004
2019-20,30,Goa,2019-06,2019-06-01,33757.0,18735.0,10139.0,28874.0,0.8553485203068993
2019-20,30,Goa,2019-07,2019-07-01,34090.0,19770.0,9320.0,29090.0,0.8533294221179232
2019-20,30,Goa,2019-08,2019-08-01,34201.0,18287.0,10931.0,29218.0,0.8543025057746849
2019-20,30,Goa,2019-09,2019-09-01,34397.0,16764.0,12619.0,29383.0,0.8542314736750298
2019-20,30,Goa,2019-10,2019-10-01,34642.0,18296.0,11338.0,29634.0,0.8554355984065585
2019-20,30,Goa,2019-11,2019-11-01,34765.0,21249.0,8565.0,29814.0,0.8575866532432044
2019-20,30,Goa,2019-12,2019-12-01,35044.0,18472.0,11637.0,30109.0,0.859177034585093
2019-20,30,Goa,2020-01,2020-01-01,35365.0,21905.0,8443.0,30348.0,0.8581365757104482
2019-20,30,Goa,2020-02,2020-02-01,35756.0,21313.0,9277.0,30590.0,0.8555207517619421
2019-20,30,Goa,2020-03,2020-03-01,36052.0,2018.0,28625.0,30643.0,0.8499667147453678
2019-20,31,Lakshadweep,2019-04,2019-04-01,213.0,78.0,161.0,164.0,0.7699530516431925
2019-20,31,Lakshadweep,2019-05,2019-05-01,216.0,77.0,90.0,167.0,0.7731481481481481
2019-20,31,Lakshadweep,2019-06,2019-06-01,219.0,87.0,81.0,168.0,0.7671232876712328
2019-20,31,Lakshadweep,2019-07,2019-07-01,224.0,91.0,80.0,171.0,0.7633928571428571
2019-20,31,Lakshadweep,2019-08,2019-08-01,229.0,89.0,85.0,174.0,0.759825327510917
2019-20,31,Lakshadweep,2019-09,2019-09-01,229.0,83.0,91.0,174.0,0.759825327510917
2019-20,31,Lakshadweep,2019-10,2019-10-01,235.0,82.0,98.0,180.0,0.7659574468085106
2019-20,31,Lakshadweep,2019-11,2019-11-01,241.0,108.0,76.0,184.0,0.7634854771784232
2019-20,31,Lakshadweep,2019-12,2019-12-01,247.0,88.0,102.0,190.0,0.7692307692307693
2019-20,31,Lakshadweep,2020-01,2020-01-01,250.0,107.0,86.0,193.0,0.772
2019-20,31,Lakshadweep,2020-02,2020-02-01,253.0,102.0,93.0,195.0,0.7707509881422925
2019-20,31,Lakshadweep,2020-03,2020-03-01,261.0,21.0,181.0,202.0,0.7739463601532567
2019-20,32,Kerala,2019-04,2019-04-01,292296.0,157526.0,263483.0,263634.0,0.9019418671483701
2019-20,32,Kerala,2019-05,2019-05-01,292465.0,170827.0,94526.0,265353.0,0.9072983091993914
2019-20,32,Kerala,2019-06,2019-06-01,295913.0,177080.0,89907.0,266987.0,0.9022482959518507
2019-20,32,Kerala,2019-07,2019-07-01,298709.0,188243.0,81293.0,269536.0,0.90233638758792
2019-20,32,Kerala,2019-08,2019-08-01,300746.0,159523.0,112187.0,271710.0,0.9034534125142146
2019-20,32,Kerala,2019-09,2019-09-01,301836.0,149988.0,123080.0,273068.0,0.9046899640864575
2019-20,32,Kerala,2019-10,2019-10-01,303421.0,170691.0,104565.0,275256.0,0.9071751790416616
2019-20,32,Kerala,2019-11,2019-11-01,303850.0,214813.0,62706.0,277519.0,0.9133421095935494
2019-20,32,Kerala,2019-12,2019-12-01,302709.0,172320.0,107025.0,279345.0,0.922816962825684
2019-20,32,Kerala,2020-01,2020-01-01,301724.0,210240.0,70557.0,280797.0,0.9306419111505879
2019-20,32,Kerala,2020-02,2020-02-01,302553.0,198695.0,83696.0,282391.0,0.9333604360227795
2019-20,32,Kerala,2020-03,2020-03-01,304085.0,11285.0,272360.0,283645.0,0.9327819524146209
2019-20,33,Tamil Nadu,2019-04,2019-04-01,876798.0,520806.0,762739.0,763658.0,0.8709622969030495
2019-20,33,Tamil Nadu,2019-05,2019-05-01,885438.0,551534.0,217369.0,768903.0,0.8683871710949835
2019-20,33,Tamil Nadu,2019-06,2019-06-01,894344.0,566944.0,206424.0,773368.0,0.8647321388637929
2019-20,33,Tamil Nadu,2019-07,2019-07-01,899235.0,609457.0,170746.0,780203.0,0.8676297074735747
2019-20,33,Tamil Nadu,2019-08,2019-08-01,900188.0,558796.0,227406.0,786202.0,0.873375339373553
2019-20,33,Tamil Nadu,2019-09,2019-09-01,900385.0,512518.0,278249.0,790767.0,0.8782543023262271
2019-20,33,Tamil Nadu,2019-10,2019-10-01,896586.0,563810.0,232806.0,796616.0,0.8884992627589545
2019-20,33,Tamil Nadu,2019-11,2019-11-01,888836.0,665525.0,136927.0,802452.0,0.902812217326931
2019-20,33,Tamil Nadu,2019-12,2019-12-01,877850.0,553538.0,256399.0,809937.0,0.9226371247935297
2019-20,33,Tamil Nadu,2020-01,2020-01-01,870770.0,672358.0,141854.0,814212.0,0.9350482905933829
2019-20,33,Tamil Nadu,2020-02,2020-02-01,867846.0,657056.0,163663.0,820719.0,0.9456965867216073
2019-20,33,Tamil Nadu,2020-03,2020-03-01,876639.0,50323.0,773468.0,823791.0,0.9397152077422976
2019-20,34,Puducherry,2019-04,2019-04-01,20906.0,11355.0,17282.0,17295.0,0.8272744666602889
2019-20,34,Puducherry,2019-05,2019-05-01,20875.0,12002.0,5357.0,17359.0,0.8315688622754491
2019-20,34,Puducherry,2019-06,2019-06-01,20879.0,12169.0,5237.0,17406.0,0.8336606159298817
2019-20,34,Puducherry,2019-07,2019-07-01,21076.0,13013.0,4508.0,17521.0,0.8313247295501993
2019-20,34,Puducherry,2019-08,2019-08-01,21069.0,12021.0,5566.0,17587.0,0.8347334947078646
2019-20,34,Puducherry,2019-09,2019-09-01,21025.0,11043.0,6690.0,17733.0,0.8434244946492271
2019-20,34,Puducherry,2019-10,2019-10-01,20898.0,11964.0,5905.0,17869.0,0.8550579002775385
2019-20,34,Puducherry,2019-11,2019-11-01,20773.0,14446.0,3443.0,17889.0,0.8611659365522554
2019-20,34,Puducherry,2019-12,2019-12-01,20391.0,11552.0,6411.0,17963.0,0.8809278603305379
2019-20,34,Puducherry,2020-01,2020-01-01,19656.0,14448.0,3554.0,18002.0,0.9158526658526659
2019-20,34,Puducherry,2020-02,2020-02-01,19500.0,14061.0,4014.0,18075.0,0.926923076923077
2019-20,34,Puducherry,2020-03,2020-03-01,19681.0,1443.0,16671.0,18114.0,0.9203800619887201
2019-20,35,Andaman and Nicobar Islands,2019-04,2019-04-01,3739.0,1253.0,3341.0,3351.0,0.896228938218775
2019-20,35,Andaman and Nicobar Islands,2019-05,2019-05-01,3772.0,1257.0,2099.0,3356.0,0.8897136797454931
2019-20,35,Andaman and Nicobar Islands,2019-06,2019-06-01,3826.0,1292.0,2087.0,3379.0,0.8831677992681651
2019-20,35,Andaman and Nicobar Islands,2019-07,2019-07-01,3887.0,1405.0,1993.0,3398.0,0.8741960380756367
2019-20,35,Andaman and Nicobar Islands,2019-08,2019-08-01,3955.0,1262.0,2156.0,3418.0,0.8642225031605563
2019-20,35,Andaman and Nicobar Islands,2019-09,2019-09-01,3994.0,1229.0,2206.0,3435.0,0.8600400600901352
2019-20,35,Andaman and Nicobar Islands,2019-10,2019-10-01,4062.0,1223.0,2252.0,3475.0,0.8554899064500247
2019-20,35,Andaman and Nicobar Islands,2019-11,2019-11-01,4104.0,1782.0,1732.0,3514.0,0.8562378167641326
2019-20,35,Andaman and Nicobar Islands,2019-12,2019-12-01,4090.0,1470.0,2064.0,3534.0,0.8640586797066014
2019-20,35,Andaman and Nicobar Islands,2020-01,2020-01-01,3783.0,1809.0,1724.0,3533.0,0.9339148823684906
2019-20,35,Andaman and Nicobar Islands,2020-02,2020-02-01,3822.0,1626.0,1935.0,3561.0,0.9317111459968603
2019-20,35,Andaman and Nicobar Islands,2020-03,2020-03-01,3877.0,139.0,3438.0,3577.0,0.922620582924942
2019-20,36,Telangana,2019-04,2019-04-01,322065.0,167798.0,275094.0,275294.0,0.8547777622529613
2019-20,36,Telangana,2019-05,2019-05-01,324349.0,180031.0,97770.0,277801.0,0.8564879188775054
2019-20,36,Telangana,2019-06,2019-06-01,327844.0,187115.0,92274.0,279389.0,0.8522010468393504
2019-20,36,Telangana,2019-07,2019-07-01,331330.0,203099.0,80234.0,283333.0,0.8551383816738599
2019-20,36,Telangana,2019-08,2019-08-01,334631.0,186734.0,99414.0,286148.0,0.8551150371603348
2019-20,36,Telangana,2019-09,2019-09-01,337626.0,164671.0,124388.0,289059.0,0.8561514812247872
2019-20,36,Telangana,2019-10,2019-10-01,342262.0,182652.0,109857.0,292509.0,0.8546347534929382
2019-20,36,Telangana,2019-11,2019-11-01,346374.0,224112.0,72048.0,296160.0,0.8550295345493599
2019-20,36,Telangana,2019-12,2019-12-01,350234.0,186949.0,113560.0,300509.0,0.8580234928647704
2019-20,36,Telangana,2020-01,2020-01-01,351952.0,225453.0,77766.0,303219.0,0.8615350956948675
2019-20,36,Telangana,2020-02,2020-02-01,353580.0,221606.0,84506.0,306112.0,0.8657503252446406
2019-20,36,Telangana,2020-03,2020-03-01,357819.0,28527.0,278260.0,306787.0,0.8573804074126863
2019-20,37,Andhra Pradesh,2019-04,2019-04-01,280184.0,157948.0,241970.0,242208.0,0.8644604973874311
2019-20,37,Andhra Pradesh,2019-05,2019-05-01,279810.0,169929.0,73560.0,243489.0,0.8701940602551732
2019-20,37,Andhra Pradesh,2019-06,2019-06-01,281946.0,177091.0,68008.0,245099.0,0.8693118540429727
2019-20,37,Andhra Pradesh,2019-07,2019-07-01,285278.0,191174.0,56327.0,247501.0,0.8675782920519634
2019-20,37,Andhra Pradesh,2019-08,2019-08-01,286753.0,174695.0,74233.0,248928.0,0.8680920513473268
2019-20,37,Andhra Pradesh,2019-09,2019-09-01,287263.0,151437.0,98461.0,249898.0,0.8699275576736301
2019-20,37,Andhra Pradesh,2019-10,2019-10-01,287909.0,170765.0,80950.0,251715.0,0.8742866669676878
2019-20,37,Andhra Pradesh,2019-11,2019-11-01,286336.0,207039.0,46920.0,253959.0,0.8869265478319177
2019-20,37,Andhra Pradesh,2019-12,2019-12-01,286760.0,174016.0,82132.0,256148.0,0.893248709722416
2019-20,37,Andhra Pradesh,2020-01,2020-01-01,287132.0,204971.0,51837.0,256808.0,0.8943900366382013
2019-20,37,Andhra Pradesh,2020-02,2020-02-01,284734.0,201692.0,56053.0,257745.0,0.9052132867869661
2019-20,37,Andhra Pradesh,2020-03,2020-03-01,283250.0,23456.0,233671.0,257127.0,0.9077740511915269
2019-20,38,Ladakh,2019-04,2019-04-01,0.0,0.0,0.0,,0.0
2019-20,38,Ladakh,2019-05,2019-05-01,0.0,0.0,0.0,,0.0
2019-20,38,Ladakh,2019-06,2019-06-01,0.0,0.0,0.0,,0.0
2019-20,38,Ladakh,2019-07,2019-07-01,0.0,0.0,0.0,,0.0
2019-20,38,Ladakh,2019-08,2019-08-01,0.0,0.0,0.0,,0.0
2019-20,38,Ladakh,2019-09,2019-09-01,0.0,0.0,0.0,,0.0
2019-20,38,Ladakh,2019-10,2019-10-01,0.0,0.0,0.0,,0.0
2019-20,38,Ladakh,2019-11,2019-11-01,0.0,0.0,0.0,,0.0
2019-20,38,Ladakh,2019-12,2019-12-01,0.0,0.0,0.0,,0.0
2019-20,38,Ladakh,2020-01,2020-01-01,0.0,0.0,0.0,2697.0,0.0
2019-20,38,Ladakh,2020-02,2020-02-01,,2771.0,17.0,2788.0,0.0
2019-20,38,Ladakh,2020-03,2020-03-01,0.0,0.0,2910.0,2910.0,0.0
2019-20,97,Other Territory,2019-04,2019-04-01,68.0,47.0,54.0,54.0,0.7941176470588235
2019-20,97,Other Territory,2019-05,2019-05-01,68.0,48.0,6.0,54.0,0.7941176470588235
2019-20,97,Other Territory,2019-06,2019-06-01,71.0,48.0,9.0,57.0,0.8028169014084507
2019-20,97,Other Territory,2019-07,2019-07-01,74.0,50.0,9.0,59.0,0.7972972972972973
2019-20,97,Other Territory,2019-08,2019-08-01,75.0,48.0,12.0,60.0,0.8
2019-20,97,Other Territory,2019-09,2019-09-01,76.0,50.0,10.0,60.0,0.7894736842105263
2019-20,97,Other Territory,2019-10,2019-10-01,77.0,49.0,12.0,61.0,0.7922077922077922
2019-20,97,Other Territory,2019-11,2019-11-01,78.0,56.0,6.0,62.0,0.7948717948717948
2019-20,97,Other Territory,2019-12,2019-12-01,76.0,40.0,22.0,62.0,0.8157894736842105
2019-20,97,Other Territory,2020-01,2020-01-01,77.0,53.0,11.0,64.0,0.8311688311688312
2019-20,97,Other Territory,2020-02,2020-02-01,79.0,54.0,11.0,65.0,0.8227848101265823
2019-20,97,Other Territory,2020-03,2020-03-01,81.0,11.0,56.0,67.0,0.8271604938271605
2020-21,01,Jammu and Kashmir,2020-04,2020-04-01,83362.0,6915.0,72309.0,79224.0,0.9503610757899282
2020-21,01,Jammu and Kashmir,2020-05,2020-05-01,83081.0,20447.0,58733.0,79180.0,0.9530458227512909
2020-21,01,Jammu and Kashmir,2020-06,2020-06-01,83835.0,27415.0,52831.0,80246.0,0.9571897178982525
2020-21,01,Jammu and Kashmir,2020-07,2020-07-01,86377.0,27314.0,53980.0,81294.0,0.9411533162763236
2020-21,01,Jammu and Kashmir,2020-08,2020-08-01,87783.0,45076.0,36866.0,81942.0,0.9334609206794027
2020-21,01,Jammu and Kashmir,2020-09,2020-09-01,88382.0,57872.0,24422.0,82294.0,0.9311171958091014
2020-21,01,Jammu and Kashmir,2020-10,2020-10-01,88352.0,60368.0,22380.0,82748.0,0.9365718942412169
2020-21,01,Jammu and Kashmir,2020-11,2020-11-01,86447.0,63625.0,19520.0,83145.0,0.9618031857670017
2020-21,01,Jammu and Kashmir,2020-12,2020-12-01,84627.0,66253.0,17375.0,83628.0,0.9881952568329256
2020-21,01,Jammu and Kashmir,2021-01,2021-01-01,45570.0,27633.0,16806.0,44439.0,0.9751810401579987
2020-21,01,Jammu and Kashmir,2021-02,2021-02-01,44854.0,31323.0,14048.0,45371.0,1.0115262852811344
2020-21,01,Jammu and Kashmir,2021-03,2021-03-01,84140.0,60758.0,25074.0,85832.0,1.0201093415735678
2020-21,02,Himachal Pradesh,2020-04,2020-04-01,85900.0,8356.0,72575.0,80931.0,0.9421536670547148
2020-21,02,Himachal Pradesh,2020-05,2020-05-01,85444.0,23354.0,57589.0,80943.0,0.947322222742381
2020-21,02,Himachal Pradesh,2020-06,2020-06-01,85305.0,33677.0,47919.0,81596.0,0.9565207197702362
2020-21,02,Himachal Pradesh,2020-07,2020-07-01,86772.0,35023.0,47606.0,82629.0,0.9522541833771263
2020-21,02,Himachal Pradesh,2020-08,2020-08-01,88104.0,51906.0,31752.0,83658.0,0.949536910923454
2020-21,02,Himachal Pradesh,2020-09,2020-09-01,89380.0,64989.0,19520.0,84509.0,0.945502349518908
2020-21,02,Himachal Pradesh,2020-10,2020-10-01,90577.0,66916.0,18514.0,85430.0,0.9431754198085607
2020-21,02,Himachal Pradesh,2020-11,2020-11-01,90998.0,69719.0,16461.0,86180.0,0.9470537814017891
2020-21,02,Himachal Pradesh,2020-12,2020-12-01,91034.0,70864.0,16023.0,86887.0,0.954445591756926
2020-21,02,Himachal Pradesh,2021-01,2021-01-01,40225.0,24101.0,12433.0,36534.0,0.9082411435674332
2020-21,02,Himachal Pradesh,2021-02,2021-02-01,39963.0,27128.0,10600.0,37728.0,0.9440732677726897
2020-21,02,Himachal Pradesh,2021-03,2021-03-01,90790.0,66128.0,23155.0,89283.0,0.9834012556448948
2020-21,03,Punjab,2020-04,2020-04-01,312045.0,21475.0,270112.0,291587.0,0.9344389431011553
2020-21,03,Punjab,2020-05,2020-05-01,311421.0,79839.0,211655.0,291494.0,0.9360126645280825
2020-21,03,Punjab,2020-06,2020-06-01,312776.0,127403.0,165094.0,292497.0,0.9351644627465023
2020-21,03,Punjab,2020-07,2020-07-01,313307.0,134638.0,160588.0,295226.0,0.9422898307410942
2020-21,03,Punjab,2020-08,2020-08-01,316396.0,181512.0,116005.0,297517.0,0.9403311040594697
2020-21,03,Punjab,2020-09,2020-09-01,318929.0,239265.0,60000.0,299265.0,0.9383436438831213
2020-21,03,Punjab,2020-10,2020-10-01,321958.0,247418.0,53870.0,301288.0,0.9357990793830251
2020-21,03,Punjab,2020-11,2020-11-01,323060.0,254150.0,48755.0,302905.0,0.9376122082585279
2020-21,03,Punjab,2020-12,2020-12-01,323550.0,263280.0,41153.0,304433.0,0.9409148508731262
2020-21,03,Punjab,2021-01,2021-01-01,144815.0,95397.0,34988.0,130385.0,0.9003556261437006
2020-21,03,Punjab,2021-02,2021-02-01,144139.0,103966.0,29049.0,133015.0,0.9228244957991938
2020-21,03,Punjab,2021-03,2021-03-01,318519.0,245059.0,63435.0,308494.0,0.9685262103673564
2020-21,04,Chandigarh,2020-04,2020-04-01,27102.0,2381.0,23599.0,25980.0,0.9586008412663272
2020-21,04,Chandigarh,2020-05,2020-05-01,26687.0,7124.0,18795.0,25919.0,0.971221943268258
2020-21,04,Chandigarh,2020-06,2020-06-01,26720.0,12309.0,13587.0,25896.0,0.9691616766467066
2020-21,04,Chandigarh,2020-07,2020-07-01,26875.0,12748.0,13177.0,25925.0,0.9646511627906976
2020-21,04,Chandigarh,2020-08,2020-08-01,26954.0,16450.0,9593.0,26043.0,0.9662016769310677
2020-21,04,Chandigarh,2020-09,2020-09-01,27174.0,19801.0,6316.0,26117.0,0.9611025244719217
2020-21,04,Chandigarh,2020-10,2020-10-01,27266.0,20548.0,5634.0,26182.0,0.9602435267365951
2020-21,04,Chandigarh,2020-11,2020-11-01,27151.0,21327.0,4931.0,26258.0,0.967109867039888
2020-21,04,Chandigarh,2020-12,2020-12-01,26992.0,22221.0,4083.0,26304.0,0.974510966212211
2020-21,04,Chandigarh,2021-01,2021-01-01,12937.0,9080.0,3526.0,12606.0,0.9744144701244493
2020-21,04,Chandigarh,2021-02,2021-02-01,12710.0,9797.0,2940.0,12737.0,1.0021243115656964
2020-21,04,Chandigarh,2021-03,2021-03-01,26399.0,20288.0,6134.0,26422.0,1.0008712451229214
2020-21,05,Uttarakhand,2020-04,2020-04-01,131425.0,16526.0,103198.0,119724.0,0.9109682328324139
2020-21,05,Uttarakhand,2020-05,2020-05-01,130423.0,36716.0,83243.0,119959.0,0.9197687524439708
2020-21,05,Uttarakhand,2020-06,2020-06-01,130093.0,46924.0,74184.0,121108.0,0.9309340241212056
2020-21,05,Uttarakhand,2020-07,2020-07-01,132671.0,51090.0,72117.0,123207.0,0.9286656465994829
2020-21,05,Uttarakhand,2020-08,2020-08-01,135332.0,73229.0,51642.0,124871.0,0.9227012088789052
2020-21,05,Uttarakhand,2020-09,2020-09-01,138271.0,92621.0,33731.0,126352.0,0.913799712159455
2020-21,05,Uttarakhand,2020-10,2020-10-01,140605.0,95239.0,33107.0,128346.0,0.9128124888873084
2020-21,05,Uttarakhand,2020-11,2020-11-01,141075.0,102644.0,27276.0,129920.0,0.9209285840864788
2020-21,05,Uttarakhand,2020-12,2020-12-01,140248.0,106298.0,25063.0,131361.0,0.9366336774855969
2020-21,05,Uttarakhand,2021-01,2021-01-01,71169.0,39594.0,24130.0,63724.0,0.8953898467029184
2020-21,05,Uttarakhand,2021-02,2021-02-01,69125.0,44408.0,20953.0,65361.0,0.9455479204339964
2020-21,05,Uttarakhand,2021-03,2021-03-01,138667.0,93683.0,41160.0,134843.0,0.972423143213598
2020-21,06,Haryana,2020-04,2020-04-01,423209.0,38552.0,350144.0,388696.0,0.9184492768348499
2020-21,06,Haryana,2020-05,2020-05-01,421109.0,110504.0,278555.0,389059.0,0.9238914390335994
2020-21,06,Haryana,2020-06,2020-06-01,424733.0,164373.0,227335.0,391708.0,0.9222452693809994
2020-21,06,Haryana,2020-07,2020-07-01,432397.0,177198.0,219450.0,396648.0,0.9173236632076541
2020-21,06,Haryana,2020-08,2020-08-01,439116.0,245256.0,158023.0,403279.0,0.91838830741763
2020-21,06,Haryana,2020-09,2020-09-01,444211.0,299318.0,107856.0,407174.0,0.9166229562077481
2020-21,06,Haryana,2020-10,2020-10-01,451674.0,309568.0,102835.0,412403.0,0.9130545481918375
2020-21,06,Haryana,2020-11,2020-11-01,454057.0,326603.0,89700.0,416303.0,0.9168518489969321
2020-21,06,Haryana,2020-12,2020-12-01,454238.0,342430.0,76637.0,419067.0,0.9225714273134348
2020-21,06,Haryana,2021-01,2021-01-01,236480.0,136528.0,71301.0,207829.0,0.8788438768606225
2020-21,06,Haryana,2021-02,2021-02-01,230595.0,151499.0,60083.0,211582.0,0.9175480821353456
2020-21,06,Haryana,2021-03,2021-03-01,438177.0,308249.0,113653.0,421902.0,0.9628574754037752
2020-21,07,Delhi,2020-04,2020-04-01,750773.0,50872.0,593038.0,643910.0,0.8576627023081544
2020-21,07,Delhi,2020-05,2020-05-01,738386.0,157544.0,484664.0,642208.0,0.8697456343971852
2020-21,07,Delhi,2020-06,2020-06-01,735720.0,241681.0,403668.0,645349.0,0.877166585113902
2020-21,07,Delhi,2020-07,2020-07-01,744442.0,260242.0,390134.0,650376.0,0.8736422716611906
2020-21,07,Delhi,2020-08,2020-08-01,756644.0,382047.0,276811.0,658858.0,0.8707635294801782
2020-21,07,Delhi,2020-09,2020-09-01,764172.0,477432.0,186675.0,664107.0,0.8690543490209011
2020-21,07,Delhi,2020-10,2020-10-01,777864.0,494200.0,177857.0,672057.0,0.8639775076362963
2020-21,07,Delhi,2020-11,2020-11-01,781370.0,531886.0,145968.0,677854.0,0.8675198689481296
2020-21,07,Delhi,2020-12,2020-12-01,767321.0,564644.0,117271.0,681915.0,0.8886958652245931
2020-21,07,Delhi,2021-01,2021-01-01,376545.0,205337.0,113469.0,318806.0,0.846661089644
2020-21,07,Delhi,2021-02,2021-02-01,362039.0,229612.0,92491.0,322103.0,0.8896914420822066
2020-21,07,Delhi,2021-03,2021-03-01,717401.0,464296.0,217654.0,681950.0,0.9505841224085274
2020-21,08,Rajasthan,2020-04,2020-04-01,551496.0,40057.0,477728.0,517785.0,0.9388735367074286
2020-21,08,Rajasthan,2020-05,2020-05-01,550123.0,147042.0,371930.0,518972.0,0.9433744817068183
2020-21,08,Rajasthan,2020-06,2020-06-01,556868.0,213082.0,312461.0,525543.0,0.9437478899847002
2020-21,08,Rajasthan,2020-07,2020-07-01,565483.0,230484.0,303763.0,534247.0,0.9447622651786172
2020-21,08,Rajasthan,2020-08,2020-08-01,572250.0,330813.0,209894.0,540707.0,0.9448789864569681
2020-21,08,Rajasthan,2020-09,2020-09-01,582052.0,418470.0,129249.0,547719.0,0.9410138613044883
2020-21,08,Rajasthan,2020-10,2020-10-01,590940.0,429441.0,125627.0,555068.0,0.9392967137103597
2020-21,08,Rajasthan,2020-11,2020-11-01,594928.0,455539.0,105364.0,560903.0,0.9428082053626657
2020-21,08,Rajasthan,2020-12,2020-12-01,594970.0,474358.0,92383.0,566741.0,0.9525539102811906
2020-21,08,Rajasthan,2021-01,2021-01-01,254311.0,153353.0,80417.0,233770.0,0.9192288182579598
2020-21,08,Rajasthan,2021-02,2021-02-01,253807.0,176513.0,66013.0,242526.0,0.9555528413321933
2020-21,08,Rajasthan,2021-03,2021-03-01,590776.0,392458.0,190038.0,582496.0,0.985984535593863
2020-21,09,Uttar Pradesh,2020-04,2020-04-01,1152209.0,96701.0,955294.0,1051995.0,0.9130244599721058
2020-21,09,Uttar Pradesh,2020-05,2020-05-01,1134246.0,296243.0,754297.0,1050540.0,0.9262011944498812
2020-21,09,Uttar Pradesh,2020-06,2020-06-01,1134575.0,408655.0,647205.0,1055860.0,0.9306215983958751
2020-21,09,Uttar Pradesh,2020-07,2020-07-01,1163634.0,440961.0,637389.0,1078350.0,0.9267089136274808
2020-21,09,Uttar Pradesh,2020-08,2020-08-01,1186115.0,681257.0,412856.0,1094113.0,0.9224341653212378
2020-21,09,Uttar Pradesh,2020-09,2020-09-01,1210642.0,852568.0,256973.0,1109541.0,0.916489763282622
2020-21,09,Uttar Pradesh,2020-10,2020-10-01,1230797.0,870853.0,255657.0,1126510.0,0.9152687242494091
2020-21,09,Uttar Pradesh,2020-11,2020-11-01,1235793.0,922947.0,215672.0,1138619.0,0.921367089795783
2020-21,09,Uttar Pradesh,2020-12,2020-12-01,1231355.0,965854.0,183786.0,1149640.0,0.9336381465946051
2020-21,09,Uttar Pradesh,2021-01,2021-01-01,676084.0,422532.0,184436.0,606968.0,0.8977700995734258
2020-21,09,Uttar Pradesh,2021-02,2021-02-01,651597.0,466341.0,154163.0,620504.0,0.9522818551957728
2020-21,09,Uttar Pradesh,2021-03,2021-03-01,1203078.0,819148.0,356587.0,1175735.0,0.9772724627995857
2020-21,10,Bihar,2020-04,2020-04-01,319318.0,26977.0,264719.0,291696.0,0.9134968902473396
2020-21,10,Bihar,2020-05,2020-05-01,318723.0,74079.0,219282.0,293361.0,0.9204262008075978
2020-21,10,Bihar,2020-06,2020-06-01,326795.0,72696.0,226817.0,299513.0,0.9165164705702351
2020-21,10,Bihar,2020-07,2020-07-01,336400.0,84592.0,220412.0,305004.0,0.9066706302021403
2020-21,10,Bihar,2020-08,2020-08-01,343478.0,158518.0,151048.0,309566.0,0.9012687857737613
2020-21,10,Bihar,2020-09,2020-09-01,355383.0,221921.0,93724.0,315645.0,0.888182608622247
2020-21,10,Bihar,2020-10,2020-10-01,365633.0,212057.0,109284.0,321341.0,0.8788621377173286
2020-21,10,Bihar,2020-11,2020-11-01,370137.0,239961.0,84848.0,324809.0,0.8775372362125375
2020-21,10,Bihar,2020-12,2020-12-01,372999.0,261867.0,67753.0,329620.0,0.8837021010780189
2020-21,10,Bihar,2021-01,2021-01-01,223052.0,108992.0,71732.0,180724.0,0.8102325915033266
2020-21,10,Bihar,2021-02,2021-02-01,218640.0,129207.0,58331.0,187538.0,0.8577478960848884
2020-21,10,Bihar,2021-03,2021-03-01,376756.0,224983.0,121131.0,346114.0,0.9186688466806102
2020-21,11,Sikkim,2020-04,2020-04-01,7507.0,1112.0,5542.0,6654.0,0.8863727187957906
2020-21,11,Sikkim,2020-05,2020-05-01,7513.0,1952.0,4713.0,6665.0,0.8871289764408359
2020-21,11,Sikkim,2020-06,2020-06-01,7574.0,2307.0,4406.0,6713.0,0.8863216266173752
2020-21,11,Sikkim,2020-07,2020-07-01,7650.0,2480.0,4276.0,6756.0,0.8831372549019608
2020-21,11,Sikkim,2020-08,2020-08-01,7695.0,3248.0,3525.0,6773.0,0.8801819363222873
2020-21,11,Sikkim,2020-09,2020-09-01,7706.0,4478.0,2303.0,6781.0,0.8799636646768751
2020-21,11,Sikkim,2020-10,2020-10-01,7795.0,4312.0,2502.0,6814.0,0.8741500962155228
2020-21,11,Sikkim,2020-11,2020-11-01,7846.0,4771.0,2099.0,6870.0,0.87560540402753
2020-21,11,Sikkim,2020-12,2020-12-01,7893.0,5046.0,1866.0,6912.0,0.8757126567844926
2020-21,11,Sikkim,2021-01,2021-01-01,5264.0,2499.0,1765.0,4264.0,0.8100303951367781
2020-21,11,Sikkim,2021-02,2021-02-01,5086.0,2841.0,1541.0,4382.0,0.8615808100668502
2020-21,11,Sikkim,2021-03,2021-03-01,7885.0,4639.0,2621.0,7260.0,0.9207355738744452
2020-21,12,Arunachal Pradesh,2020-04,2020-04-01,12439.0,1318.0,8229.0,9547.0,0.7675054264812284
2020-21,12,Arunachal Pradesh,2020-05,2020-05-01,11980.0,2024.0,7503.0,9527.0,0.7952420701168614
2020-21,12,Arunachal Pradesh,2020-06,2020-06-01,12071.0,2464.0,7109.0,9573.0,0.7930577416949715
2020-21,12,Arunachal Pradesh,2020-07,2020-07-01,12276.0,2794.0,6863.0,9657.0,0.7866568914956011
2020-21,12,Arunachal Pradesh,2020-08,2020-08-01,12473.0,4103.0,5673.0,9776.0,0.7837729495710736
2020-21,12,Arunachal Pradesh,2020-09,2020-09-01,12614.0,5048.0,4748.0,9796.0,0.7765974314254004
2020-21,12,Arunachal Pradesh,2020-10,2020-10-01,12787.0,5389.0,4522.0,9911.0,0.7750840697583483
2020-21,12,Arunachal Pradesh,2020-11,2020-11-01,12973.0,5652.0,4374.0,10026.0,0.7728358899252293
2020-21,12,Arunachal Pradesh,2020-12,2020-12-01,13123.0,6296.0,3834.0,10130.0,0.771927150803932
2020-21,12,Arunachal Pradesh,2021-01,2021-01-01,9471.0,3108.0,3521.0,6629.0,0.6999260901699926
2020-21,12,Arunachal Pradesh,2021-02,2021-02-01,9338.0,3491.0,3254.0,6745.0,0.7223174127222103
2020-21,12,Arunachal Pradesh,2021-03,2021-03-01,12705.0,5283.0,5105.0,10388.0,0.8176308539944903
2020-21,13,Nagaland,2020-04,2020-04-01,6695.0,924.0,4686.0,5610.0,0.8379387602688574
2020-21,13,Nagaland,2020-05,2020-05-01,6654.0,1406.0,4203.0,5609.0,0.8429516080553051
2020-21,13,Nagaland,2020-06,2020-06-01,6636.0,1894.0,3735.0,5629.0,0.8482519590114527
2020-21,13,Nagaland,2020-07,2020-07-01,6730.0,1759.0,3929.0,5688.0,0.8451708766716196
2020-21,13,Nagaland,2020-08,2020-08-01,6785.0,2722.0,3023.0,5745.0,0.8467207074428887
2020-21,13,Nagaland,2020-09,2020-09-01,6814.0,3358.0,2429.0,5787.0,0.8492808922805988
2020-21,13,Nagaland,2020-10,2020-10-01,6964.0,3438.0,2422.0,5860.0,0.8414704192992533
2020-21,13,Nagaland,2020-11,2020-11-01,7048.0,3742.0,2208.0,5950.0,0.844211123723042
2020-21,13,Nagaland,2020-12,2020-12-01,7088.0,3958.0,2050.0,6008.0,0.8476297968397292
2020-21,13,Nagaland,2021-01,2021-01-01,5686.0,2712.0,1943.0,4655.0,0.8186774533943018
2020-21,13,Nagaland,2021-02,2021-02-01,5621.0,3025.0,1713.0,4738.0,0.8429105141433909
2020-21,13,Nagaland,2021-03,2021-03-01,6948.0,3478.0,2654.0,6132.0,0.8825561312607945
2020-21,14,Manipur,2020-04,2020-04-01,10507.0,722.0,7182.0,7904.0,0.7522603978300181
2020-21,14,Manipur,2020-05,2020-05-01,10513.0,1321.0,6556.0,7877.0,0.7492628174640921
2020-21,14,Manipur,2020-06,2020-06-01,10608.0,2268.0,5659.0,7927.0,0.7472662141779789
2020-21,14,Manipur,2020-07,2020-07-01,10870.0,1660.0,6390.0,8050.0,0.7405703771849126
2020-21,14,Manipur,2020-08,2020-08-01,11132.0,3026.0,5126.0,8152.0,0.732303269852677
2020-21,14,Manipur,2020-09,2020-09-01,11315.0,3730.0,4468.0,8198.0,0.7245249668581529
2020-21,14,Manipur,2020-10,2020-10-01,11545.0,4085.0,4260.0,8345.0,0.7228237332178432
2020-21,14,Manipur,2020-11,2020-11-01,11604.0,4654.0,3798.0,8452.0,0.7283695277490521
2020-21,14,Manipur,2020-12,2020-12-01,11593.0,5280.0,3290.0,8570.0,0.7392391960665919
2020-21,14,Manipur,2021-01,2021-01-01,9713.0,3393.0,3320.0,6713.0,0.6911355914753423
2020-21,14,Manipur,2021-02,2021-02-01,9310.0,3946.0,2882.0,6828.0,0.7334049409237379
2020-21,14,Manipur,2021-03,2021-03-01,10990.0,4656.0,4114.0,8770.0,0.7979981801637852
2020-21,15,Mizoram,2020-04,2020-04-01,6220.0,1314.0,3475.0,4789.0,0.769935691318328
2020-21,15,Mizoram,2020-05,2020-05-01,6236.0,1701.0,3105.0,4806.0,0.7706863373957665
2020-21,15,Mizoram,2020-06,2020-06-01,6293.0,2181.0,2654.0,4835.0,0.7683139996821866
2020-21,15,Mizoram,2020-07,2020-07-01,6429.0,1732.0,3179.0,4911.0,0.7638824078394774
2020-21,15,Mizoram,2020-08,2020-08-01,6586.0,2849.0,2125.0,4974.0,0.7552383844518676
2020-21,15,Mizoram,2020-09,2020-09-01,6663.0,3078.0,1895.0,4973.0,0.7463604982740507
2020-21,15,Mizoram,2020-10,2020-10-01,6801.0,3260.0,1783.0,5043.0,0.7415086016762241
2020-21,15,Mizoram,2020-11,2020-11-01,6877.0,3526.0,1620.0,5146.0,0.7482914061363967
2020-21,15,Mizoram,2020-12,2020-12-01,6826.0,3847.0,1423.0,5270.0,0.7720480515675359
2020-21,15,Mizoram,2021-01,2021-01-01,5390.0,2282.0,1651.0,3933.0,0.7296846011131726
2020-21,15,Mizoram,2021-02,2021-02-01,5128.0,2658.0,1365.0,4023.0,0.7845163806552262
2020-21,15,Mizoram,2021-03,2021-03-01,6600.0,3725.0,1737.0,5462.0,0.8275757575757576
2020-21,16,Tripura,2020-04,2020-04-01,24177.0,2820.0,18484.0,21304.0,0.8811680522810936
2020-21,16,Tripura,2020-05,2020-05-01,24098.0,6553.0,14753.0,21306.0,0.8841397626359034
2020-21,16,Tripura,2020-06,2020-06-01,24301.0,8288.0,13171.0,21459.0,0.8830500802436114
2020-21,16,Tripura,2020-07,2020-07-01,24725.0,8649.0,13121.0,21770.0,0.8804853387259859
2020-21,16,Tripura,2020-08,2020-08-01,25089.0,13197.0,8814.0,22011.0,0.8773167523615927
2020-21,16,Tripura,2020-09,2020-09-01,25352.0,16416.0,5645.0,22061.0,0.8701877563900284
2020-21,16,Tripura,2020-10,2020-10-01,25657.0,17064.0,5216.0,22280.0,0.8683789998830729
2020-21,16,Tripura,2020-11,2020-11-01,25765.0,17548.0,4889.0,22437.0,0.8708325247428682
2020-21,16,Tripura,2020-12,2020-12-01,25839.0,18150.0,4564.0,22714.0,0.8790587871047641
2020-21,16,Tripura,2021-01,2021-01-01,15838.0,8306.0,4559.0,12865.0,0.8122869049122364
2020-21,16,Tripura,2021-02,2021-02-01,15495.0,9316.0,3689.0,13005.0,0.8393030009680542
2020-21,16,Tripura,2021-03,2021-03-01,25465.0,16009.0,7136.0,23145.0,0.9088945611623798
2020-21,17,Meghalaya,2020-04,2020-04-01,26610.0,4535.0,16270.0,20805.0,0.7818489289740699
2020-21,17,Meghalaya,2020-05,2020-05-01,26470.0,8702.0,12056.0,20758.0,0.7842085379675104
2020-21,17,Meghalaya,2020-06,2020-06-01,25760.0,9083.0,11613.0,20696.0,0.8034161490683229
2020-21,17,Meghalaya,2020-07,2020-07-01,25696.0,9066.0,11885.0,20951.0,0.8153409090909091
2020-21,17,Meghalaya,2020-08,2020-08-01,25913.0,13486.0,7600.0,21086.0,0.8137228418168487
2020-21,17,Meghalaya,2020-09,2020-09-01,25659.0,14818.0,6303.0,21121.0,0.8231419774737909
2020-21,17,Meghalaya,2020-10,2020-10-01,26031.0,15157.0,6207.0,21364.0,0.820713764357881
2020-21,17,Meghalaya,2020-11,2020-11-01,26186.0,15812.0,5712.0,21524.0,0.8219659359963339
2020-21,17,Meghalaya,2020-12,2020-12-01,26317.0,16667.0,5044.0,21711.0,0.8249800509176578
2020-21,17,Meghalaya,2021-01,2021-01-01,16878.0,7596.0,4825.0,12421.0,0.7359284275388079
2020-21,17,Meghalaya,2021-02,2021-02-01,16504.0,8254.0,4227.0,12481.0,0.7562409112942317
2020-21,17,Meghalaya,2021-03,2021-03-01,25358.0,15642.0,6169.0,21811.0,0.860123038094487
2020-21,18,Assam,2020-04,2020-04-01,145681.0,14258.0,115188.0,129446.0,0.8885578764560924
2020-21,18,Assam,2020-05,2020-05-01,145010.0,31312.0,98109.0,129421.0,0.8924970691676436
2020-21,18,Assam,2020-06,2020-06-01,146684.0,32596.0,98013.0,130609.0,0.8904106787379673
2020-21,18,Assam,2020-07,2020-07-01,151002.0,37041.0,96115.0,133156.0,0.8818161348856307
2020-21,18,Assam,2020-08,2020-08-01,153079.0,61053.0,73988.0,135041.0,0.8821654178561397
2020-21,18,Assam,2020-09,2020-09-01,156081.0,82975.0,52673.0,135648.0,0.8690872047206258
2020-21,18,Assam,2020-10,2020-10-01,159400.0,87511.0,49908.0,137419.0,0.8621016311166876
2020-21,18,Assam,2020-11,2020-11-01,161009.0,92782.0,46174.0,138956.0,0.8630325012887479
2020-21,18,Assam,2020-12,2020-12-01,161396.0,98374.0,42491.0,140865.0,0.8727911472403281
2020-21,18,Assam,2021-01,2021-01-01,108346.0,47301.0,41816.0,89117.0,0.8225222897015119
2020-21,18,Assam,2021-02,2021-02-01,101792.0,54374.0,36638.0,91012.0,0.8940977679974851
2020-21,18,Assam,2021-03,2021-03-01,155251.0,80725.0,64479.0,145204.0,0.9352854409955491
2020-21,19,West Bengal,2020-04,2020-04-01,611179.0,44424.0,501097.0,545521.0,0.8925715706855111
2020-21,19,West Bengal,2020-05,2020-05-01,606429.0,144542.0,399816.0,544358.0,0.8976450664463606
2020-21,19,West Bengal,2020-06,2020-06-01,606073.0,185650.0,359407.0,545057.0,0.8993256587902777
2020-21,19,West Bengal,2020-07,2020-07-01,610188.0,189699.0,358941.0,548640.0,0.899132726307302
2020-21,19,West Bengal,2020-08,2020-08-01,613926.0,310788.0,240223.0,551011.0,0.897520222306923
2020-21,19,West Bengal,2020-09,2020-09-01,616763.0,404568.0,147646.0,552214.0,0.8953422951765914
2020-21,19,West Bengal,2020-10,2020-10-01,621241.0,419972.0,134841.0,554813.0,0.8930720927949056
2020-21,19,West Bengal,2020-11,2020-11-01,624748.0,438244.0,120278.0,558522.0,0.8939956590497289
2020-21,19,West Bengal,2020-12,2020-12-01,625592.0,455081.0,106900.0,561981.0,0.8983187125155053
2020-21,19,West Bengal,2021-01,2021-01-01,329721.0,167188.0,102393.0,269581.0,0.8176033676957185
2020-21,19,West Bengal,2021-02,2021-02-01,323065.0,190410.0,82760.0,273170.0,0.8455573955705508
2020-21,19,West Bengal,2021-03,2021-03-01,619161.0,420855.0,148330.0,569185.0,0.9192843218484369
2020-21,20,Jharkhand,2020-04,2020-04-01,143479.0,14433.0,121756.0,136189.0,0.9491911708333624
2020-21,20,Jharkhand,2020-05,2020-05-01,143225.0,37002.0,99271.0,136273.0,0.9514609879560133
2020-21,20,Jharkhand,2020-06,2020-06-01,144577.0,48201.0,89075.0,137276.0,0.9495009579670348
2020-21,20,Jharkhand,2020-07,2020-07-01,147922.0,50964.0,88486.0,139450.0,0.9427265721123295
2020-21,20,Jharkhand,2020-08,2020-08-01,150500.0,78655.0,62366.0,141021.0,0.937016611295681
2020-21,20,Jharkhand,2020-09,2020-09-01,153397.0,100945.0,41367.0,142312.0,0.9277365267899633
2020-21,20,Jharkhand,2020-10,2020-10-01,155748.0,100236.0,43500.0,143736.0,0.9228754141305185
2020-21,20,Jharkhand,2020-11,2020-11-01,156900.0,110982.0,34159.0,145141.0,0.9250541746335246
2020-21,20,Jharkhand,2020-12,2020-12-01,155521.0,117329.0,29251.0,146580.0,0.9425093717247188
2020-21,20,Jharkhand,2021-01,2021-01-01,96011.0,57497.0,30575.0,88072.0,0.91731155805064
2020-21,20,Jharkhand,2021-02,2021-02-01,92769.0,64322.0,25150.0,89472.0,0.9644601105972901
2020-21,20,Jharkhand,2021-03,2021-03-01,153057.0,98317.0,51523.0,149840.0,0.9789816865612158
2020-21,21,Odisha,2020-04,2020-04-01,222881.0,29275.0,183088.0,212363.0,0.9528088980218143
2020-21,21,Odisha,2020-05,2020-05-01,223846.0,61478.0,151617.0,213095.0,0.9519714446539138
2020-21,21,Odisha,2020-06,2020-06-01,227236.0,66911.0,148652.0,215563.0,0.9486304986885881
2020-21,21,Odisha,2020-07,2020-07-01,232779.0,72021.0,146417.0,218438.0,0.9383922089191894
2020-21,21,Odisha,2020-08,2020-08-01,236990.0,123443.0,97441.0,220884.0,0.932039326553863
2020-21,21,Odisha,2020-09,2020-09-01,242455.0,163684.0,59881.0,223565.0,0.9220886350044338
2020-21,21,Odisha,2020-10,2020-10-01,245898.0,170880.0,55594.0,226474.0,0.921007897583551
2020-21,21,Odisha,2020-11,2020-11-01,247799.0,178345.0,51256.0,229601.0,0.926561446979205
2020-21,21,Odisha,2020-12,2020-12-01,248265.0,185905.0,46749.0,232654.0,0.9371196100940528
2020-21,21,Odisha,2021-01,2021-01-01,136662.0,73090.0,48122.0,121212.0,0.8869473591781183
2020-21,21,Odisha,2021-02,2021-02-01,130439.0,85083.0,39066.0,124149.0,0.9517782258373646
2020-21,21,Odisha,2021-03,2021-03-01,245647.0,165743.0,73626.0,239369.0,0.9744430015428643
2020-21,22,Chhattisgarh,2020-04,2020-04-01,106914.0,9658.0,91676.0,101334.0,0.9478085189965767
2020-21,22,Chhattisgarh,2020-05,2020-05-01,106827.0,20125.0,81394.0,101519.0,0.9503121869939247
2020-21,22,Chhattisgarh,2020-06,2020-06-01,107995.0,34895.0,67606.0,102501.0,0.9491272744108523
2020-21,22,Chhattisgarh,2020-07,2020-07-01,110315.0,34826.0,69316.0,104142.0,0.944042061369714
2020-21,22,Chhattisgarh,2020-08,2020-08-01,111481.0,47133.0,58147.0,105280.0,0.9443761717243297
2020-21,22,Chhattisgarh,2020-09,2020-09-01,113499.0,63747.0,42486.0,106233.0,0.9359818148177517
2020-21,22,Chhattisgarh,2020-10,2020-10-01,114692.0,64171.0,42960.0,107131.0,0.9340756112021763
2020-21,22,Chhattisgarh,2020-11,2020-11-01,115249.0,70741.0,37322.0,108063.0,0.9376480490069328
2020-21,22,Chhattisgarh,2020-12,2020-12-01,115872.0,79391.0,30093.0,109484.0,0.9448702016017675
2020-21,22,Chhattisgarh,2021-01,2021-01-01,66168.0,34705.0,26438.0,61143.0,0.924056945955749
2020-21,22,Chhattisgarh,2021-02,2021-02-01,65704.0,38979.0,24450.0,63429.0,0.9653750152197735
2020-21,22,Chhattisgarh,2021-03,2021-03-01,116311.0,47068.0,67312.0,114380.0,0.9833979589204804
2020-21,23,Madhya Pradesh,2020-04,2020-04-01,351098.0,25016.0,317970.0,342986.0,0.9768953397626874
2020-21,23,Madhya Pradesh,2020-05,2020-05-01,350849.0,73096.0,270151.0,343247.0,0.9783325590211174
2020-21,23,Madhya Pradesh,2020-06,2020-06-01,353115.0,119678.0,225960.0,345638.0,0.9788255950610991
2020-21,23,Madhya Pradesh,2020-07,2020-07-01,360296.0,132558.0,217456.0,350014.0,0.9714623531762773
2020-21,23,Madhya Pradesh,2020-08,2020-08-01,365792.0,195704.0,157703.0,353407.0,0.9661419604584026
2020-21,23,Madhya Pradesh,2020-09,2020-09-01,374326.0,254856.0,102607.0,357463.0,0.95495103198816
2020-21,23,Madhya Pradesh,2020-10,2020-10-01,378033.0,254283.0,106965.0,361248.0,0.9555991143630318
2020-21,23,Madhya Pradesh,2020-11,2020-11-01,379234.0,277234.0,87002.0,364236.0,0.9604518582194634
2020-21,23,Madhya Pradesh,2020-12,2020-12-01,378853.0,300736.0,66678.0,367414.0,0.9698062309127815
2020-21,23,Madhya Pradesh,2021-01,2021-01-01,171701.0,106059.0,56837.0,162896.0,0.9487189940652646
2020-21,23,Madhya Pradesh,2021-02,2021-02-01,169194.0,116811.0,50524.0,167335.0,0.9890126127404045
2020-21,23,Madhya Pradesh,2021-03,2021-03-01,378386.0,199843.0,176862.0,376705.0,0.995557446628575
2020-21,24,Gujarat,2020-04,2020-04-01,892394.0,37821.0,808064.0,845885.0,0.9478828858105276
2020-21,24,Gujarat,2020-05,2020-05-01,888497.0,206979.0,639075.0,846054.0,0.9522305646501902
2020-21,24,Gujarat,2020-06,2020-06-01,888717.0,396063.0,454201.0,850264.0,0.956732008052057
2020-21,24,Gujarat,2020-07,2020-07-01,899174.0,433675.0,425242.0,858917.0,0.9552289100885925
2020-21,24,Gujarat,2020-08,2020-08-01,909355.0,586440.0,280853.0,867293.0,0.953745237008649
2020-21,24,Gujarat,2020-09,2020-09-01,919225.0,679924.0,196753.0,876677.0,0.9537131823003073
2020-21,24,Gujarat,2020-10,2020-10-01,928340.0,649465.0,235379.0,884844.0,0.9531464765064523
2020-21,24,Gujarat,2020-11,2020-11-01,932930.0,724876.0,167610.0,892486.0,0.9566484087766499
2020-21,24,Gujarat,2020-12,2020-12-01,933808.0,768518.0,132951.0,901469.0,0.9653686839264602
2020-21,24,Gujarat,2021-01,2021-01-01,471009.0,331834.0,112007.0,443841.0,0.9423195735113342
2020-21,24,Gujarat,2021-02,2021-02-01,469149.0,356663.0,98006.0,454669.0,0.9691356051062668
2020-21,24,Gujarat,2021-03,2021-03-01,935950.0,699616.0,222953.0,922569.0,0.9857032961162455
2020-21,25,Daman and Diu,2020-04,2020-04-01,5839.0,453.0,4986.0,5439.0,0.9314951190272307
2020-21,25,Daman and Diu,2020-05,2020-05-01,5819.0,1228.0,4200.0,5428.0,0.932806324110672
2020-21,25,Daman and Diu,2020-06,2020-06-01,5809.0,2565.0,2844.0,5409.0,0.9311413324152178
2020-21,25,Daman and Diu,2020-07,2020-07-01,5794.0,2307.0,3063.0,5370.0,0.9268208491542975
2020-21,25,Daman and Diu,2020-08,2020-08-01,,,,3.0,
2020-21,25,Daman and Diu,2020-09,2020-09-01,,,,0.0,
2020-21,25,Daman and Diu,2020-10,2020-10-01,,,,0.0,
2020-21,25,Daman and Diu,2020-11,2020-11-01,,,,0.0,
2020-21,25,Daman and Diu,2020-12,2020-12-01,,,,1.0,
2020-21,25,Daman and Diu,2021-01,2021-01-01,,,,1.0,
2020-21,25,Daman and Diu,2021-02,2021-02-01,,,,1.0,
2020-21,25,Daman and Diu,2021-03,2021-03-01,,,,1.0,
2020-21,26,Dadra and Nagar Haveli,2020-04,2020-04-01,8243.0,686.0,7004.0,7690.0,0.9329127744753124
2020-21,26,Dadra and Nagar Haveli,2020-05,2020-05-01,8217.0,1726.0,5955.0,7681.0,0.9347693805525131
2020-21,26,Dadra and Nagar Haveli,2020-06,2020-06-01,8277.0,3434.0,4321.0,7755.0,0.9369336716201522
2020-21,26,Dadra and Nagar Haveli,2020-07,2020-07-01,13062.0,3735.0,4069.0,7804.0,0.5974582759148676
2020-21,26,Dadra and Nagar Haveli,2020-08,2020-08-01,14257.0,7079.0,6117.0,13196.0,0.9255804166374413
2020-21,26,Dadra and Nagar Haveli,2020-09,2020-09-01,14364.0,8346.0,4835.0,13181.0,0.9176413255360624
2020-21,26,Dadra and Nagar Haveli,2020-10,2020-10-01,14515.0,8528.0,4752.0,13280.0,0.9149156045470204
2020-21,26,Dadra and Nagar Haveli,2020-11,2020-11-01,14537.0,9172.0,4158.0,13330.0,0.9169704890967875
2020-21,26,Dadra and Nagar Haveli,2020-12,2020-12-01,14477.0,10132.0,3229.0,13361.0,0.9229122055674518
2020-21,26,Dadra and Nagar Haveli,2021-01,2021-01-01,10236.0,6279.0,2933.0,9212.0,0.8999609222352482
2020-21,26,Dadra and Nagar Haveli,2021-02,2021-02-01,10198.0,6670.0,2644.0,9314.0,0.9133163365365758
2020-21,26,Dadra and Nagar Haveli,2021-03,2021-03-01,13967.0,8769.0,4732.0,13501.0,0.966635641154149
2020-21,27,Maharashtra,2020-04,2020-04-01,1379682.0,71615.0,1190277.0,1261892.0,0.914625254225249
2020-21,27,Maharashtra,2020-05,2020-05-01,1370063.0,206895.0,1054960.0,1261855.0,0.921019690335408
2020-21,27,Maharashtra,2020-06,2020-06-01,1376699.0,357757.0,909584.0,1267341.0,0.9205650617891057
2020-21,27,Maharashtra,2020-07,2020-07-01,1386159.0,417917.0,856791.0,1274708.0,0.919597246780492
2020-21,27,Maharashtra,2020-08,2020-08-01,1395892.0,620883.0,663030.0,1283913.0,0.9197796104569694
2020-21,27,Maharashtra,2020-09,2020-09-01,1408098.0,856100.0,434744.0,1290844.0,0.9167288072279061
2020-21,27,Maharashtra,2020-10,2020-10-01,1413160.0,878829.0,420923.0,1299752.0,0.9197486484191457
2020-21,27,Maharashtra,2020-11,2020-11-01,1410829.0,951368.0,358663.0,1310031.0,0.9285540628949362
2020-21,27,Maharashtra,2020-12,2020-12-01,1406326.0,1022123.0,299722.0,1321845.0,0.9399278687871803
2020-21,27,Maharashtra,2021-01,2021-01-01,685252.0,383642.0,251666.0,635308.0,0.9271158639449428
2020-21,27,Maharashtra,2021-02,2021-02-01,667048.0,426019.0,222469.0,648488.0,0.9721759153764047
2020-21,27,Maharashtra,2021-03,2021-03-01,1363993.0,866125.0,477173.0,1343298.0,0.9848276347459262
2020-21,29,Karnataka,2020-04,2020-04-01,733840.0,99660.0,576551.0,676211.0,0.9214692576038374
2020-21,29,Karnataka,2020-05,2020-05-01,729493.0,203693.0,474087.0,677780.0,0.9291110401333529
2020-21,29,Karnataka,2020-06,2020-06-01,737436.0,237400.0,446524.0,683924.0,0.9274350587712018
2020-21,29,Karnataka,2020-07,2020-07-01,746987.0,297116.0,392166.0,689282.0,0.9227496596326308
2020-21,29,Karnataka,2020-08,2020-08-01,758127.0,427206.0,268430.0,695636.0,0.9175718580132353
2020-21,29,Karnataka,2020-09,2020-09-01,768520.0,505482.0,196238.0,701720.0,0.9130796856295217
2020-21,29,Karnataka,2020-10,2020-10-01,770579.0,517901.0,189644.0,707545.0,0.918199172310691
2020-21,29,Karnataka,2020-11,2020-11-01,769439.0,548857.0,166234.0,715091.0,0.9293667204287799
2020-21,29,Karnataka,2020-12,2020-12-01,769503.0,585393.0,134990.0,720383.0,0.9361665906435712
2020-21,29,Karnataka,2021-01,2021-01-01,526548.0,352267.0,135676.0,487943.0,0.9266828475276708
2020-21,29,Karnataka,2021-02,2021-02-01,525083.0,378780.0,117155.0,495935.0,0.9444887760601657
2020-21,29,Karnataka,2021-03,2021-03-01,765317.0,539873.0,198981.0,738854.0,0.9654221714662029
2020-21,30,Goa,2020-04,2020-04-01,36015.0,4252.0,25864.0,30116.0,0.8362071359155907
2020-21,30,Goa,2020-05,2020-05-01,35551.0,7270.0,22893.0,30163.0,0.8484430817698517
2020-21,30,Goa,2020-06,2020-06-01,35630.0,10369.0,19957.0,30326.0,0.8511366825708673
2020-21,30,Goa,2020-07,2020-07-01,35883.0,11013.0,19437.0,30450.0,0.8485912549117967
2020-21,30,Goa,2020-08,2020-08-01,36112.0,15141.0,15476.0,30617.0,0.8478345148427116
2020-21,30,Goa,2020-09,2020-09-01,36289.0,18972.0,11715.0,30687.0,0.8456281517815316
2020-21,30,Goa,2020-10,2020-10-01,36624.0,19521.0,11377.0,30898.0,0.8436544342507645
2020-21,30,Goa,2020-11,2020-11-01,36792.0,20298.0,10820.0,31118.0,0.8457816916721026
2020-21,30,Goa,2020-12,2020-12-01,36918.0,22678.0,8674.0,31352.0,0.849233436264153
2020-21,30,Goa,2021-01,2021-01-01,23509.0,10488.0,7899.0,18387.0,0.7821259943000552
2020-21,30,Goa,2021-02,2021-02-01,22626.0,11473.0,7091.0,18564.0,0.8204720233359851
2020-21,30,Goa,2021-03,2021-03-01,35459.0,20167.0,11542.0,31709.0,0.8942440565159762
2020-21,31,Lakshadweep,2020-04,2020-04-01,261.0,27.0,174.0,201.0,0.7701149425287356
2020-21,31,Lakshadweep,2020-05,2020-05-01,261.0,44.0,156.0,200.0,0.7662835249042146
2020-21,31,Lakshadweep,2020-06,2020-06-01,266.0,67.0,138.0,205.0,0.7706766917293233
2020-21,31,Lakshadweep,2020-07,2020-07-01,273.0,67.0,142.0,209.0,0.7655677655677655
2020-21,31,Lakshadweep,2020-08,2020-08-01,282.0,90.0,128.0,218.0,0.7730496453900709
2020-21,31,Lakshadweep,2020-09,2020-09-01,289.0,112.0,110.0,222.0,0.7681660899653979
2020-21,31,Lakshadweep,2020-10,2020-10-01,289.0,120.0,99.0,219.0,0.7577854671280276
2020-21,31,Lakshadweep,2020-11,2020-11-01,287.0,129.0,92.0,221.0,0.7700348432055749
2020-21,31,Lakshadweep,2020-12,2020-12-01,275.0,-2557.0,2778.0,221.0,0.8036363636363636
2020-21,31,Lakshadweep,2021-01,2021-01-01,225.0,90.0,84.0,174.0,0.7733333333333333
2020-21,31,Lakshadweep,2021-02,2021-02-01,223.0,104.0,76.0,180.0,0.8071748878923767
2020-21,31,Lakshadweep,2021-03,2021-03-01,272.0,125.0,102.0,227.0,0.8345588235294118
2020-21,32,Kerala,2020-04,2020-04-01,303568.0,23755.0,254693.0,278448.0,0.9172508301270226
2020-21,32,Kerala,2020-05,2020-05-01,301693.0,52624.0,226110.0,278734.0,0.9238994607100596
2020-21,32,Kerala,2020-06,2020-06-01,303033.0,73185.0,207450.0,280635.0,0.9260872578234054
2020-21,32,Kerala,2020-07,2020-07-01,305881.0,81296.0,201463.0,282759.0,0.9244085118068791
2020-21,32,Kerala,2020-08,2020-08-01,309941.0,123817.0,162283.0,286100.0,0.9230789085664691
2020-21,32,Kerala,2020-09,2020-09-01,313197.0,180079.0,108205.0,288284.0,0.9204558153494447
2020-21,32,Kerala,2020-10,2020-10-01,316872.0,197900.0,93352.0,291252.0,0.9191471635234416
2020-21,32,Kerala,2020-11,2020-11-01,319591.0,209513.0,85453.0,294966.0,0.922948393415334
2020-21,32,Kerala,2020-12,2020-12-01,320883.0,228047.0,70106.0,298153.0,0.9291642125011297
2020-21,32,Kerala,2021-01,2021-01-01,237285.0,145562.0,72821.0,218383.0,0.9203405187854268
2020-21,32,Kerala,2021-02,2021-02-01,231667.0,154098.0,66783.0,220881.0,0.9534417936089301
2020-21,32,Kerala,2021-03,2021-03-01,314391.0,194949.0,110211.0,305160.0,0.9706384724753572
2020-21,33,Tamil Nadu,2020-04,2020-04-01,875836.0,90182.0,721623.0,811805.0,0.9268915641741148
2020-21,33,Tamil Nadu,2020-05,2020-05-01,872102.0,211651.0,601107.0,812758.0,0.9319529137646743
2020-21,33,Tamil Nadu,2020-06,2020-06-01,879453.0,288086.0,529760.0,817846.0,0.9299485020802704
2020-21,33,Tamil Nadu,2020-07,2020-07-01,900135.0,335465.0,493839.0,829304.0,0.9213106922850461
2020-21,33,Tamil Nadu,2020-08,2020-08-01,916182.0,504046.0,333076.0,837122.0,0.9137071018640401
2020-21,33,Tamil Nadu,2020-09,2020-09-01,928683.0,614787.0,228026.0,842813.0,0.9075357253228497
2020-21,33,Tamil Nadu,2020-10,2020-10-01,933135.0,627948.0,223105.0,851053.0,0.9120363077153896
2020-21,33,Tamil Nadu,2020-11,2020-11-01,933314.0,671883.0,186829.0,858712.0,0.9200676299723352
2020-21,33,Tamil Nadu,2020-12,2020-12-01,923873.0,699395.0,168452.0,867847.0,0.9393574657988706
2020-21,33,Tamil Nadu,2021-01,2021-01-01,726285.0,519637.0,161014.0,680651.0,0.9371679161761567
2020-21,33,Tamil Nadu,2021-02,2021-02-01,715063.0,545907.0,142425.0,688332.0,0.9626172798760388
2020-21,33,Tamil Nadu,2021-03,2021-03-01,910875.0,659309.0,228658.0,887967.0,0.9748505557842734
2020-21,34,Puducherry,2020-04,2020-04-01,19650.0,2834.0,14857.0,17691.0,0.9003053435114504
2020-21,34,Puducherry,2020-05,2020-05-01,19392.0,4800.0,12812.0,17612.0,0.9082095709570958
2020-21,34,Puducherry,2020-06,2020-06-01,19399.0,6955.0,10778.0,17733.0,0.914119284499201
2020-21,34,Puducherry,2020-07,2020-07-01,19794.0,6957.0,11009.0,17966.0,0.9076487824593311
2020-21,34,Puducherry,2020-08,2020-08-01,20052.0,10081.0,8038.0,18119.0,0.9036006383403152
2020-21,34,Puducherry,2020-09,2020-09-01,20172.0,12415.0,5683.0,18098.0,0.8971842157445965
2020-21,34,Puducherry,2020-10,2020-10-01,20319.0,12872.0,5372.0,18244.0,0.8978788326197156
2020-21,34,Puducherry,2020-11,2020-11-01,20437.0,13644.0,4715.0,18359.0,0.8983216714782013
2020-21,34,Puducherry,2020-12,2020-12-01,20149.0,14430.0,4029.0,18459.0,0.9161248697205817
2020-21,34,Puducherry,2021-01,2021-01-01,15727.0,10475.0,3951.0,14426.0,0.9172760221275513
2020-21,34,Puducherry,2021-02,2021-02-01,15666.0,10874.0,3688.0,14562.0,0.9295289161240904
2020-21,34,Puducherry,2021-03,2021-03-01,19723.0,13268.0,5372.0,18640.0,0.945089489428586
2020-21,35,Andaman and Nicobar Islands,2020-04,2020-04-01,3851.0,149.0,3376.0,3525.0,0.9153466632043625
2020-21,35,Andaman and Nicobar Islands,2020-05,2020-05-01,3844.0,651.0,2865.0,3516.0,0.9146722164412071
2020-21,35,Andaman and Nicobar Islands,2020-06,2020-06-01,3825.0,1058.0,2484.0,3542.0,0.9260130718954248
2020-21,35,Andaman and Nicobar Islands,2020-07,2020-07-01,3845.0,576.0,2978.0,3554.0,0.9243172951885565
2020-21,35,Andaman and Nicobar Islands,2020-08,2020-08-01,3856.0,1190.0,2362.0,3552.0,0.921161825726141
2020-21,35,Andaman and Nicobar Islands,2020-09,2020-09-01,3868.0,1532.0,2025.0,3557.0,0.9195966907962771
2020-21,35,Andaman and Nicobar Islands,2020-10,2020-10-01,3955.0,1685.0,1907.0,3592.0,0.9082174462705436
2020-21,35,Andaman and Nicobar Islands,2020-11,2020-11-01,3994.0,1894.0,1722.0,3616.0,0.9053580370555834
2020-21,35,Andaman and Nicobar Islands,2020-12,2020-12-01,4014.0,2235.0,1409.0,3644.0,0.9078226208271052
2020-21,35,Andaman and Nicobar Islands,2021-01,2021-01-01,3140.0,1490.0,1304.0,2794.0,0.8898089171974523
2020-21,35,Andaman and Nicobar Islands,2021-02,2021-02-01,3099.0,1547.0,1283.0,2830.0,0.9131978057437883
2020-21,35,Andaman and Nicobar Islands,2021-03,2021-03-01,3984.0,2029.0,1683.0,3712.0,0.9317269076305221
2020-21,36,Telangana,2020-04,2020-04-01,357349.0,41912.0,260725.0,302637.0,0.8468947723374068
2020-21,36,Telangana,2020-05,2020-05-01,355488.0,84632.0,218363.0,302995.0,0.8523353812224322
2020-21,36,Telangana,2020-06,2020-06-01,358237.0,116669.0,188413.0,305082.0,0.8516205752057995
2020-21,36,Telangana,2020-07,2020-07-01,364550.0,117058.0,191970.0,309028.0,0.8476971608832807
2020-21,36,Telangana,2020-08,2020-08-01,368236.0,171317.0,140612.0,311929.0,0.8470899097318024
2020-21,36,Telangana,2020-09,2020-09-01,371659.0,195649.0,118499.0,314148.0,0.8452586914348906
2020-21,36,Telangana,2020-10,2020-10-01,376783.0,203944.0,113630.0,317574.0,0.8428564983027366
2020-21,36,Telangana,2020-11,2020-11-01,379786.0,219292.0,102484.0,321776.0,0.8472560863222973
2020-21,36,Telangana,2020-12,2020-12-01,381213.0,241659.0,84195.0,325854.0,0.8547819722832117
2020-21,36,Telangana,2021-01,2021-01-01,286191.0,159471.0,80534.0,240005.0,0.8386182654241399
2020-21,36,Telangana,2021-02,2021-02-01,282649.0,170947.0,73132.0,244079.0,0.8635409996143627
2020-21,36,Telangana,2021-03,2021-03-01,372165.0,219798.0,115085.0,334883.0,0.8998240027944594
2020-21,37,Andhra Pradesh,2020-04,2020-04-01,282611.0,30367.0,221915.0,252282.0,0.8926828750473266
2020-21,37,Andhra Pradesh,2020-05,2020-05-01,279976.0,70507.0,181837.0,252344.0,0.9013058262136755
2020-21,37,Andhra Pradesh,2020-06,2020-06-01,281786.0,91865.0,162268.0,254133.0,0.901865245257039
2020-21,37,Andhra Pradesh,2020-07,2020-07-01,285895.0,94592.0,161919.0,256511.0,0.8972210077126218
2020-21,37,Andhra Pradesh,2020-08,2020-08-01,289101.0,151173.0,106876.0,258049.0,0.8925911705597698
2020-21,37,Andhra Pradesh,2020-09,2020-09-01,291802.0,176421.0,82913.0,259334.0,0.8887327708514677
2020-21,37,Andhra Pradesh,2020-10,2020-10-01,295238.0,187583.0,74364.0,261947.0,0.8872401249161693
2020-21,37,Andhra Pradesh,2020-11,2020-11-01,296582.0,195830.0,68835.0,264665.0,0.8923838938303741
2020-21,37,Andhra Pradesh,2020-12,2020-12-01,297340.0,206406.0,61444.0,267850.0,0.9008206094033766
2020-21,37,Andhra Pradesh,2021-01,2021-01-01,215259.0,135264.0,55041.0,190305.0,0.8840745334689839
2020-21,37,Andhra Pradesh,2021-02,2021-02-01,211045.0,143101.0,49613.0,192714.0,0.9131417470207775
2020-21,37,Andhra Pradesh,2021-03,2021-03-01,290704.0,183740.0,88681.0,272421.0,0.9371078485332159
2020-21,38,Ladakh,2020-04,2020-04-01,2817.0,825.0,2068.0,2893.0,1.0269790557330494
2020-21,38,Ladakh,2020-05,2020-05-01,3040.0,690.0,2225.0,2915.0,0.9588815789473685
2020-21,38,Ladakh,2020-06,2020-06-01,3108.0,1133.0,1824.0,2957.0,0.9514157014157014
2020-21,38,Ladakh,2020-07,2020-07-01,3245.0,1184.0,1897.0,3081.0,0.9494607087827427
2020-21,38,Ladakh,2020-08,2020-08-01,3370.0,1613.0,1583.0,3196.0,0.9483679525222551
2020-21,38,Ladakh,2020-09,2020-09-01,3518.0,1964.0,1376.0,3340.0,0.9494030699260944
2020-21,38,Ladakh,2020-10,2020-10-01,3623.0,2248.0,1192.0,3440.0,0.9494893734474192
2020-21,38,Ladakh,2020-11,2020-11-01,3714.0,2515.0,1014.0,3529.0,0.9501884760366182
2020-21,38,Ladakh,2020-12,2020-12-01,3842.0,2798.0,854.0,3652.0,0.950546590317543
2020-21,38,Ladakh,2021-01,2021-01-01,1986.0,1066.0,762.0,1828.0,0.9204431017119838
2020-21,38,Ladakh,2021-02,2021-02-01,2072.0,1329.0,748.0,2077.0,1.0024131274131274
2020-21,38,Ladakh,2021-03,2021-03-01,4235.0,3069.0,1195.0,4264.0,1.0068476977567886
2020-21,97,Other Territory,2020-04,2020-04-01,81.0,10.0,57.0,67.0,0.8271604938271605
2020-21,97,Other Territory,2020-05,2020-05-01,81.0,16.0,51.0,67.0,0.8271604938271605
2020-21,97,Other Territory,2020-06,2020-06-01,81.0,44.0,23.0,67.0,0.8271604938271605
2020-21,97,Other Territory,2020-07,2020-07-01,82.0,51.0,17.0,68.0,0.8292682926829268
2020-21,97,Other Territory,2020-08,2020-08-01,82.0,54.0,13.0,67.0,0.8170731707317073
2020-21,97,Other Territory,2020-09,2020-09-01,82.0,55.0,12.0,67.0,0.8170731707317073
2020-21,97,Other Territory,2020-10,2020-10-01,82.0,60.0,7.0,67.0,0.8170731707317073
2020-21,97,Other Territory,2020-11,2020-11-01,82.0,56.0,11.0,67.0,0.8170731707317073
2020-21,97,Other Territory,2020-12,2020-12-01,81.0,59.0,8.0,67.0,0.8271604938271605
2020-21,97,Other Territory,2021-01,2021-01-01,74.0,51.0,10.0,61.0,0.8243243243243243
2020-21,97,Other Territory,2021-02,2021-02-01,75.0,56.0,7.0,63.0,0.84
2020-21,97,Other Territory,2021-03,2021-03-01,81.0,54.0,15.0,69.0,0.8518518518518519
2021-22,01,Jammu and Kashmir,2021-04,2021-04-01,54507.0,9587.0,46257.0,55844.0,1.0245289595831728
2021-22,01,Jammu and Kashmir,2021-05,2021-05-01,53973.0,13356.0,42918.0,56274.0,1.0426324273247736
2021-22,01,Jammu and Kashmir,2021-06,2021-06-01,85686.0,56293.0,31900.0,88193.0,1.0292579884695283
2021-22,01,Jammu and Kashmir,2021-07,2021-07-01,56418.0,42435.0,15954.0,58389.0,1.0349356588322876
2021-22,01,Jammu and Kashmir,2021-08,2021-08-01,59030.0,44923.0,15977.0,60900.0,1.031678807386075
2021-22,01,Jammu and Kashmir,2021-09,2021-09-01,93037.0,74661.0,20033.0,94694.0,1.0178101185549835
2021-22,01,Jammu and Kashmir,2021-10,2021-10-01,60457.0,48475.0,13182.0,61657.0,1.019848818168285
2021-22,01,Jammu and Kashmir,2021-11,2021-11-01,62407.0,49219.0,14264.0,63483.0,1.0172416555835082
2021-22,01,Jammu and Kashmir,2021-12,2021-12-01,99346.0,81067.0,19212.0,100279.0,1.0093914198860547
2021-22,01,Jammu and Kashmir,2022-01,2022-01-01,63719.0,50788.0,13701.0,64489.0,1.0120843076633343
2021-22,01,Jammu and Kashmir,2022-02,2022-02-01,65133.0,52148.0,14036.0,66184.0,1.0161362135937235
2021-22,01,Jammu and Kashmir,2022-03,2022-03-01,104274.0,78639.0,26267.0,104906.0,1.0060609547921822
2021-22,02,Himachal Pradesh,2021-04,2021-04-01,44420.0,7833.0,35070.0,42903.0,0.9658487167942368
2021-22,02,Himachal Pradesh,2021-05,2021-05-01,44517.0,9674.0,33345.0,43019.0,0.9663499337331806
2021-22,02,Himachal Pradesh,2021-06,2021-06-01,92010.0,62949.0,26878.0,89827.0,0.9762743180089121
2021-22,02,Himachal Pradesh,2021-07,2021-07-01,44191.0,31396.0,10831.0,42227.0,0.9555565612907606
2021-22,02,Himachal Pradesh,2021-08,2021-08-01,44492.0,32162.0,11096.0,43258.0,0.9722646767958285
2021-22,02,Himachal Pradesh,2021-09,2021-09-01,93894.0,74259.0,17965.0,92224.0,0.982213985984195
2021-22,02,Himachal Pradesh,2021-10,2021-10-01,43295.0,32985.0,9214.0,42199.0,0.974685298533318
2021-22,02,Himachal Pradesh,2021-11,2021-11-01,43932.0,33293.0,9614.0,42907.0,0.9766684876627515
2021-22,02,Himachal Pradesh,2021-12,2021-12-01,95802.0,77048.0,16884.0,93932.0,0.9804805745182773
2021-22,02,Himachal Pradesh,2022-01,2022-01-01,43808.0,33275.0,9227.0,42502.0,0.9701880934989043
2021-22,02,Himachal Pradesh,2022-02,2022-02-01,44164.0,33834.0,9292.0,43126.0,0.9764966941400236
2021-22,02,Himachal Pradesh,2022-03,2022-03-01,97423.0,73400.0,21908.0,95308.0,0.9782905474066699
2021-22,03,Punjab,2021-04,2021-04-01,160461.0,35591.0,115332.0,150923.0,0.9405587650581761
2021-22,03,Punjab,2021-05,2021-05-01,161190.0,36496.0,115784.0,152280.0,0.9447236180904522
2021-22,03,Punjab,2021-06,2021-06-01,320319.0,238436.0,71876.0,310312.0,0.9687592681046082
2021-22,03,Punjab,2021-07,2021-07-01,159828.0,123198.0,27544.0,150742.0,0.9431513877418225
2021-22,03,Punjab,2021-08,2021-08-01,162180.0,123165.0,30530.0,153695.0,0.9476815883586139
2021-22,03,Punjab,2021-09,2021-09-01,327297.0,263554.0,52036.0,315590.0,0.9642312639590341
2021-22,03,Punjab,2021-10,2021-10-01,160729.0,126171.0,25208.0,151379.0,0.9418275482333618
2021-22,03,Punjab,2021-11,2021-11-01,162572.0,127019.0,26347.0,153366.0,0.9433727825209753
2021-22,03,Punjab,2021-12,2021-12-01,333129.0,270140.0,49577.0,319717.0,0.9597393202032846
2021-22,03,Punjab,2022-01,2022-01-01,161987.0,125305.0,27155.0,152460.0,0.9411866384339485
2021-22,03,Punjab,2022-02,2022-02-01,163270.0,127021.0,27497.0,154518.0,0.9463955411281926
2021-22,03,Punjab,2022-03,2022-03-01,336608.0,260201.0,63223.0,323424.0,0.960832778781253
2021-22,04,Chandigarh,2021-04,2021-04-01,15343.0,4007.0,11235.0,15242.0,0.9934171935084404
2021-22,04,Chandigarh,2021-05,2021-05-01,15350.0,4403.0,10864.0,15267.0,0.9945928338762215
2021-22,04,Chandigarh,2021-06,2021-06-01,26465.0,18827.0,7512.0,26339.0,0.9952389948989231
2021-22,04,Chandigarh,2021-07,2021-07-01,15442.0,12336.0,2932.0,15268.0,0.9887320295298536
2021-22,04,Chandigarh,2021-08,2021-08-01,15635.0,12275.0,3194.0,15469.0,0.9893827950111929
2021-22,04,Chandigarh,2021-09,2021-09-01,26938.0,21781.0,4868.0,26649.0,0.9892716608508427
2021-22,04,Chandigarh,2021-10,2021-10-01,15617.0,12703.0,2663.0,15366.0,0.9839277710187616
2021-22,04,Chandigarh,2021-11,2021-11-01,15676.0,12795.0,2664.0,15459.0,0.9861571829548355
2021-22,04,Chandigarh,2021-12,2021-12-01,27141.0,22398.0,4444.0,26842.0,0.9889834567628312
2021-22,04,Chandigarh,2022-01,2022-01-01,15761.0,12920.0,2629.0,15549.0,0.9865490768352262
2021-22,04,Chandigarh,2022-02,2022-02-01,15831.0,12904.0,2773.0,15677.0,0.9902722506474638
2021-22,04,Chandigarh,2022-03,2022-03-01,27469.0,21873.0,5159.0,27032.0,0.984091157304598
2021-22,05,Uttarakhand,2021-04,2021-04-01,78917.0,12881.0,62140.0,75021.0,0.950631676318157
2021-22,05,Uttarakhand,2021-05,2021-05-01,78856.0,17527.0,57277.0,74804.0,0.9486151973217003
2021-22,05,Uttarakhand,2021-06,2021-06-01,139510.0,87652.0,47171.0,134823.0,0.9664038420184933
2021-22,05,Uttarakhand,2021-07,2021-07-01,78838.0,52549.0,22053.0,74602.0,0.9462695654379868
2021-22,05,Uttarakhand,2021-08,2021-08-01,80553.0,54241.0,22357.0,76598.0,0.9509018906806699
2021-22,05,Uttarakhand,2021-09,2021-09-01,144082.0,105555.0,33622.0,139177.0,0.9659568856623312
2021-22,05,Uttarakhand,2021-10,2021-10-01,79635.0,56321.0,19172.0,75493.0,0.9479876938532052
2021-22,05,Uttarakhand,2021-11,2021-11-01,81274.0,57925.0,19067.0,76992.0,0.9473140241651696
2021-22,05,Uttarakhand,2021-12,2021-12-01,148266.0,112495.0,30163.0,142658.0,0.9621760889212632
2021-22,05,Uttarakhand,2022-01,2022-01-01,81291.0,58292.0,18861.0,77153.0,0.9490964559422322
2021-22,05,Uttarakhand,2022-02,2022-02-01,82359.0,57689.0,20687.0,78376.0,0.9516385580203742
2021-22,05,Uttarakhand,2022-03,2022-03-01,151377.0,108550.0,36681.0,145231.0,0.9593993803550077
2021-22,06,Haryana,2021-04,2021-04-01,255914.0,41806.0,197603.0,239409.0,0.9355056776885985
2021-22,06,Haryana,2021-05,2021-05-01,256165.0,58042.0,180987.0,239029.0,0.933105615521246
2021-22,06,Haryana,2021-06,2021-06-01,440788.0,289078.0,131522.0,420600.0,0.9542002050872528
2021-22,06,Haryana,2021-07,2021-07-01,256617.0,181427.0,60320.0,241747.0,0.9420537220838837
2021-22,06,Haryana,2021-08,2021-08-01,263426.0,184322.0,62613.0,246935.0,0.9373979789390569
2021-22,06,Haryana,2021-09,2021-09-01,454446.0,344585.0,88363.0,432948.0,0.9526940494580214
2021-22,06,Haryana,2021-10,2021-10-01,261808.0,191536.0,53549.0,245085.0,0.9361249465256982
2021-22,06,Haryana,2021-11,2021-11-01,265773.0,195152.0,53421.0,248573.0,0.9352831175476817
2021-22,06,Haryana,2021-12,2021-12-01,464263.0,361115.0,80951.0,442066.0,0.9521887378490209
2021-22,06,Haryana,2022-01,2022-01-01,264802.0,197663.0,52834.0,250497.0,0.9459785046940733
2021-22,06,Haryana,2022-02,2022-02-01,267720.0,198828.0,56297.0,255125.0,0.9529545794113252
2021-22,06,Haryana,2022-03,2022-03-01,469904.0,352171.0,98643.0,450814.0,0.9593746807858626
2021-22,07,Delhi,2021-04,2021-04-01,406536.0,59365.0,313662.0,373027.0,0.9175743353602142
2021-22,07,Delhi,2021-05,2021-05-01,404491.0,84001.0,285983.0,369984.0,0.9146903144940184
2021-22,07,Delhi,2021-06,2021-06-01,718779.0,479679.0,196833.0,676512.0,0.9411961117394916
2021-22,07,Delhi,2021-07,2021-07-01,403668.0,282597.0,91175.0,373772.0,0.9259391381035901
2021-22,07,Delhi,2021-08,2021-08-01,406853.0,293612.0,87579.0,381191.0,0.9369256217847723
2021-22,07,Delhi,2021-09,2021-09-01,722282.0,569629.0,123984.0,693613.0,0.9603077468357234
2021-22,07,Delhi,2021-10,2021-10-01,397671.0,302402.0,76326.0,378728.0,0.9523651460629515
2021-22,07,Delhi,2021-11,2021-11-01,400740.0,306325.0,77325.0,383650.0,0.9573538952937066
2021-22,07,Delhi,2021-12,2021-12-01,730568.0,586576.0,116460.0,703036.0,0.9623142541146067
2021-22,07,Delhi,2022-01,2022-01-01,402711.0,307643.0,74830.0,382473.0,0.9497455992014124
2021-22,07,Delhi,2022-02,2022-02-01,402569.0,306448.0,80930.0,387378.0,0.9622648539753433
2021-22,07,Delhi,2022-03,2022-03-01,736680.0,572346.0,137176.0,709522.0,0.963134603898572
2021-22,08,Rajasthan,2021-04,2021-04-01,263923.0,38538.0,221389.0,259927.0,0.9848592203028914
2021-22,08,Rajasthan,2021-05,2021-05-01,264168.0,59761.0,201001.0,260762.0,0.9871066896823234
2021-22,08,Rajasthan,2021-06,2021-06-01,591219.0,412388.0,171684.0,584072.0,0.9879114169199569
2021-22,08,Rajasthan,2021-07,2021-07-01,261213.0,187758.0,69616.0,257374.0,0.9853031816946324
2021-22,08,Rajasthan,2021-08,2021-08-01,269820.0,194565.0,72458.0,267023.0,0.9896338299607146
2021-22,08,Rajasthan,2021-09,2021-09-01,613565.0,480460.0,123882.0,604342.0,0.9849681777806752
2021-22,08,Rajasthan,2021-10,2021-10-01,263808.0,197186.0,62435.0,259621.0,0.9841286086851043
2021-22,08,Rajasthan,2021-11,2021-11-01,270212.0,204012.0,62606.0,266618.0,0.9866993323760603
2021-22,08,Rajasthan,2021-12,2021-12-01,633137.0,495489.0,124213.0,619702.0,0.9787802639870992
2021-22,08,Rajasthan,2022-01,2022-01-01,270996.0,203750.0,61980.0,265730.0,0.9805679788631566
2021-22,08,Rajasthan,2022-02,2022-02-01,277009.0,209030.0,65551.0,274581.0,0.9912349418249948
2021-22,08,Rajasthan,2022-03,2022-03-01,651560.0,475405.0,160468.0,635873.0,0.9759239363987967
2021-22,09,Uttar Pradesh,2021-04,2021-04-01,768494.0,115025.0,625822.0,740847.0,0.964024442611133
2021-22,09,Uttar Pradesh,2021-05,2021-05-01,766983.0,175262.0,564989.0,740251.0,0.965146554747628
2021-22,09,Uttar Pradesh,2021-06,2021-06-01,1193073.0,764750.0,410723.0,1175473.0,0.9852481784433978
2021-22,09,Uttar Pradesh,2021-07,2021-07-01,775495.0,572029.0,184163.0,756192.0,0.9751088014751869
2021-22,09,Uttar Pradesh,2021-08,2021-08-01,789854.0,594361.0,178814.0,773175.0,0.9788834392178808
2021-22,09,Uttar Pradesh,2021-09,2021-09-01,1245422.0,972790.0,240969.0,1213759.0,0.9745764889330685
2021-22,09,Uttar Pradesh,2021-10,2021-10-01,794310.0,615038.0,158870.0,773908.0,0.9743148141153958
2021-22,09,Uttar Pradesh,2021-11,2021-11-01,807429.0,630811.0,156219.0,787030.0,0.9747358591281711
2021-22,09,Uttar Pradesh,2021-12,2021-12-01,1285494.0,1014620.0,230858.0,1245478.0,0.968871111028134
2021-22,09,Uttar Pradesh,2022-01,2022-01-01,820095.0,632027.0,161725.0,793752.0,0.9678781116821832
2021-22,09,Uttar Pradesh,2022-02,2022-02-01,829968.0,608301.0,198176.0,806477.0,0.9716964991421356
2021-22,09,Uttar Pradesh,2022-03,2022-03-01,1319511.0,980778.0,292020.0,1272798.0,0.9645982488967504
2021-22,10,Bihar,2021-04,2021-04-01,245454.0,33894.0,181875.0,215769.0,0.8790608423574274
2021-22,10,Bihar,2021-05,2021-05-01,247965.0,46090.0,170656.0,216746.0,0.8740991672211804
2021-22,10,Bihar,2021-06,2021-06-01,387570.0,217398.0,139735.0,357133.0,0.9214670898160332
2021-22,10,Bihar,2021-07,2021-07-01,254467.0,160711.0,69076.0,229787.0,0.9030129643529416
2021-22,10,Bihar,2021-08,2021-08-01,263449.0,178009.0,66514.0,244523.0,0.9281606686683191
2021-22,10,Bihar,2021-09,2021-09-01,418128.0,308574.0,85779.0,394353.0,0.9431394214211916
2021-22,10,Bihar,2021-10,2021-10-01,259213.0,175124.0,59053.0,234177.0,0.9034153379653027
2021-22,10,Bihar,2021-11,2021-11-01,262802.0,181335.0,55768.0,237103.0,0.9022115509014391
2021-22,10,Bihar,2021-12,2021-12-01,437396.0,318863.0,82221.0,401084.0,0.9169814081518807
2021-22,10,Bihar,2022-01,2022-01-01,265429.0,181607.0,56293.0,237900.0,0.896284882209555
2021-22,10,Bihar,2022-02,2022-02-01,272122.0,178858.0,65953.0,244811.0,0.8996369275545527
2021-22,10,Bihar,2022-03,2022-03-01,456786.0,300322.0,115385.0,415707.0,0.9100694854921123
2021-22,11,Sikkim,2021-04,2021-04-01,5479.0,1124.0,3729.0,4853.0,0.8857455740098558
2021-22,11,Sikkim,2021-05,2021-05-01,5462.0,1118.0,3683.0,4801.0,0.8789820578542659
2021-22,11,Sikkim,2021-06,2021-06-01,8047.0,4175.0,3096.0,7271.0,0.9035665465390829
2021-22,11,Sikkim,2021-07,2021-07-01,5619.0,3218.0,1612.0,4830.0,0.8595835557928457
2021-22,11,Sikkim,2021-08,2021-08-01,5711.0,3351.0,1562.0,4913.0,0.8602696550516546
2021-22,11,Sikkim,2021-09,2021-09-01,8314.0,5305.0,2184.0,7489.0,0.9007697859032956
2021-22,11,Sikkim,2021-10,2021-10-01,5709.0,3389.0,1513.0,4902.0,0.8586442459274829
2021-22,11,Sikkim,2021-11,2021-11-01,5805.0,3512.0,1488.0,5000.0,0.8613264427217916
2021-22,11,Sikkim,2021-12,2021-12-01,8632.0,5851.0,1919.0,7770.0,0.9001390176088971
2021-22,11,Sikkim,2022-01,2022-01-01,5837.0,3451.0,1504.0,4955.0,0.8488949802980983
2021-22,11,Sikkim,2022-02,2022-02-01,5912.0,3508.0,1552.0,5060.0,0.8558863328822733
2021-22,11,Sikkim,2022-03,2022-03-01,8941.0,5756.0,2246.0,8002.0,0.8949781903590203
2021-22,12,Arunachal Pradesh,2021-04,2021-04-01,10109.0,1385.0,6393.0,7778.0,0.7694133940053418
2021-22,12,Arunachal Pradesh,2021-05,2021-05-01,10163.0,1421.0,6391.0,7812.0,0.7686706681098101
2021-22,12,Arunachal Pradesh,2021-06,2021-06-01,12994.0,4851.0,5671.0,10522.0,0.8097583500076959
2021-22,12,Arunachal Pradesh,2021-07,2021-07-01,10237.0,4286.0,3581.0,7867.0,0.7684868613851714
2021-22,12,Arunachal Pradesh,2021-08,2021-08-01,10162.0,4420.0,3549.0,7969.0,0.7841960244046448
2021-22,12,Arunachal Pradesh,2021-09,2021-09-01,13196.0,6552.0,4242.0,10794.0,0.8179751439830252
2021-22,12,Arunachal Pradesh,2021-10,2021-10-01,10295.0,5006.0,3023.0,8029.0,0.7798931520155415
2021-22,12,Arunachal Pradesh,2021-11,2021-11-01,10459.0,5163.0,2974.0,8137.0,0.777990247633617
2021-22,12,Arunachal Pradesh,2021-12,2021-12-01,13595.0,7233.0,3825.0,11058.0,0.8133872747333578
2021-22,12,Arunachal Pradesh,2022-01,2022-01-01,10391.0,5226.0,3010.0,8236.0,0.7926089885477817
2021-22,12,Arunachal Pradesh,2022-02,2022-02-01,10525.0,5269.0,3116.0,8385.0,0.7966745843230404
2021-22,12,Arunachal Pradesh,2022-03,2022-03-01,13618.0,6300.0,5145.0,11445.0,0.8404317814657072
2021-22,13,Nagaland,2021-04,2021-04-01,5921.0,1313.0,3844.0,5157.0,0.8709677419354839
2021-22,13,Nagaland,2021-05,2021-05-01,5940.0,1049.0,4124.0,5173.0,0.8708754208754209
2021-22,13,Nagaland,2021-06,2021-06-01,7004.0,3042.0,3145.0,6187.0,0.8833523700742433
2021-22,13,Nagaland,2021-07,2021-07-01,5966.0,3273.0,1862.0,5135.0,0.8607106939322829
2021-22,13,Nagaland,2021-08,2021-08-01,5920.0,3386.0,1813.0,5199.0,0.8782094594594595
2021-22,13,Nagaland,2021-09,2021-09-01,7073.0,4344.0,2013.0,6357.0,0.8987699703096281
2021-22,13,Nagaland,2021-10,2021-10-01,5998.0,3710.0,1587.0,5297.0,0.8831277092364122
2021-22,13,Nagaland,2021-11,2021-11-01,5988.0,3796.0,1588.0,5384.0,0.8991315965263861
2021-22,13,Nagaland,2021-12,2021-12-01,7036.0,4554.0,1943.0,6497.0,0.9233939738487777
2021-22,13,Nagaland,2022-01,2022-01-01,5943.0,3758.0,1651.0,5409.0,0.9101463907117617
2021-22,13,Nagaland,2022-02,2022-02-01,5997.0,3866.0,1607.0,5473.0,0.9126229781557446
2021-22,13,Nagaland,2022-03,2022-03-01,7214.0,4283.0,2396.0,6679.0,0.9258386470751316
2021-22,14,Manipur,2021-04,2021-04-01,9480.0,1147.0,6139.0,7286.0,0.7685654008438818
2021-22,14,Manipur,2021-05,2021-05-01,9486.0,1373.0,5884.0,7257.0,0.765022137887413
2021-22,14,Manipur,2021-06,2021-06-01,11077.0,3317.0,5404.0,8721.0,0.7873070325900514
2021-22,14,Manipur,2021-07,2021-07-01,9575.0,4031.0,3281.0,7312.0,0.7636553524804177
2021-22,14,Manipur,2021-08,2021-08-01,9750.0,4211.0,3172.0,7383.0,0.7572307692307693
2021-22,14,Manipur,2021-09,2021-09-01,11436.0,5373.0,3624.0,8997.0,0.7867261280167891
2021-22,14,Manipur,2021-10,2021-10-01,9837.0,4608.0,2843.0,7451.0,0.7574463759276202
2021-22,14,Manipur,2021-11,2021-11-01,9887.0,4642.0,2895.0,7537.0,0.7623141498938
2021-22,14,Manipur,2021-12,2021-12-01,10570.0,5830.0,3377.0,9207.0,0.8710501419110691
2021-22,14,Manipur,2022-01,2022-01-01,8848.0,4317.0,3200.0,7517.0,0.8495705244122965
2021-22,14,Manipur,2022-02,2022-02-01,8869.0,4348.0,3262.0,7610.0,0.858044875408727
2021-22,14,Manipur,2022-03,2022-03-01,10711.0,5362.0,4034.0,9396.0,0.8772290168985155
2021-22,15,Mizoram,2021-04,2021-04-01,5899.0,1641.0,3079.0,4720.0,0.8001356162061366
2021-22,15,Mizoram,2021-05,2021-05-01,5806.0,1586.0,3124.0,4710.0,0.8112297623148467
2021-22,15,Mizoram,2021-06,2021-06-01,6586.0,3056.0,2387.0,5443.0,0.8264500455511692
2021-22,15,Mizoram,2021-07,2021-07-01,5878.0,3216.0,1476.0,4692.0,0.7982306907111262
2021-22,15,Mizoram,2021-08,2021-08-01,5897.0,3348.0,1368.0,4716.0,0.7997286755977616
2021-22,15,Mizoram,2021-09,2021-09-01,6699.0,4224.0,1291.0,5515.0,0.8232572025675474
2021-22,15,Mizoram,2021-10,2021-10-01,5948.0,3660.0,1118.0,4778.0,0.8032952252858103
2021-22,15,Mizoram,2021-11,2021-11-01,5965.0,3668.0,1214.0,4882.0,0.8184409052808047
2021-22,15,Mizoram,2021-12,2021-12-01,6810.0,4323.0,1408.0,5731.0,0.8415565345080763
2021-22,15,Mizoram,2022-01,2022-01-01,6017.0,3707.0,1252.0,4959.0,0.8241648662123982
2021-22,15,Mizoram,2022-02,2022-02-01,6141.0,3732.0,1302.0,5034.0,0.8197361993160723
2021-22,15,Mizoram,2022-03,2022-03-01,7097.0,4446.0,1475.0,5921.0,0.8342961814851345
2021-22,16,Tripura,2021-04,2021-04-01,18100.0,3372.0,12801.0,16173.0,0.8935359116022099
2021-22,16,Tripura,2021-05,2021-05-01,17996.0,2677.0,13568.0,16245.0,0.902700600133363
2021-22,16,Tripura,2021-06,2021-06-01,25145.0,13700.0,9471.0,23171.0,0.9214953271028037
2021-22,16,Tripura,2021-07,2021-07-01,18343.0,12473.0,3984.0,16457.0,0.8971814861254974
2021-22,16,Tripura,2021-08,2021-08-01,18513.0,12524.0,4127.0,16651.0,0.8994220277642737
2021-22,16,Tripura,2021-09,2021-09-01,25418.0,18159.0,5449.0,23608.0,0.9287906208198914
2021-22,16,Tripura,2021-10,2021-10-01,18377.0,13415.0,3247.0,16662.0,0.9066768242912336
2021-22,16,Tripura,2021-11,2021-11-01,18561.0,13513.0,3304.0,16817.0,0.9060395452831205
2021-22,16,Tripura,2021-12,2021-12-01,25768.0,19589.0,4296.0,23885.0,0.9269248680533996
2021-22,16,Tripura,2022-01,2022-01-01,18472.0,13689.0,3333.0,17022.0,0.9215028150714595
2021-22,16,Tripura,2022-02,2022-02-01,18607.0,13755.0,3558.0,17313.0,0.9304562798946633
2021-22,16,Tripura,2022-03,2022-03-01,26131.0,18121.0,6376.0,24497.0,0.9374689066625846
2021-22,17,Meghalaya,2021-04,2021-04-01,16562.0,3476.0,9672.0,13148.0,0.7938654751841565
2021-22,17,Meghalaya,2021-05,2021-05-01,16580.0,3605.0,9476.0,13081.0,0.788962605548854
2021-22,17,Meghalaya,2021-06,2021-06-01,25396.0,13243.0,8461.0,21704.0,0.8546227752401953
2021-22,17,Meghalaya,2021-07,2021-07-01,16475.0,8583.0,4394.0,12977.0,0.7876783004552352
2021-22,17,Meghalaya,2021-08,2021-08-01,16675.0,9279.0,3963.0,13242.0,0.7941229385307347
2021-22,17,Meghalaya,2021-09,2021-09-01,25656.0,17111.0,5325.0,22436.0,0.8744932959151855
2021-22,17,Meghalaya,2021-10,2021-10-01,15844.0,9217.0,3553.0,12770.0,0.805983337541025
2021-22,17,Meghalaya,2021-11,2021-11-01,16081.0,9486.0,3491.0,12977.0,0.8069771780361917
2021-22,17,Meghalaya,2021-12,2021-12-01,26317.0,17360.0,5519.0,22879.0,0.86936200934757
2021-22,17,Meghalaya,2022-01,2022-01-01,15987.0,9123.0,3713.0,12836.0,0.8029023581660099
2021-22,17,Meghalaya,2022-02,2022-02-01,16133.0,9240.0,3784.0,13024.0,0.8072894068059258
2021-22,17,Meghalaya,2022-03,2022-03-01,26642.0,16906.0,6316.0,23222.0,0.8716312589144959
2021-22,18,Assam,2021-04,2021-04-01,112837.0,17404.0,84761.0,102165.0,0.9054210941446511
2021-22,18,Assam,2021-05,2021-05-01,111842.0,17552.0,84467.0,102019.0,0.9121707408665797
2021-22,18,Assam,2021-06,2021-06-01,156288.0,71253.0,74486.0,145739.0,0.9325028153153153
2021-22,18,Assam,2021-07,2021-07-01,113087.0,65128.0,39361.0,104489.0,0.9239700407650747
2021-22,18,Assam,2021-08,2021-08-01,116164.0,69610.0,38407.0,108017.0,0.9298663957852691
2021-22,18,Assam,2021-09,2021-09-01,165468.0,107539.0,48086.0,155625.0,0.9405141779679455
2021-22,18,Assam,2021-10,2021-10-01,116084.0,74377.0,32752.0,107129.0,0.9228575858860825
2021-22,18,Assam,2021-11,2021-11-01,117992.0,75824.0,33335.0,109159.0,0.9251389924740661
2021-22,18,Assam,2021-12,2021-12-01,170879.0,115350.0,45145.0,160495.0,0.9392318541189965
2021-22,18,Assam,2022-01,2022-01-01,116485.0,75357.0,34146.0,109503.0,0.9400609520539125
2021-22,18,Assam,2022-02,2022-02-01,117017.0,73302.0,38094.0,111396.0,0.9519642445114812
2021-22,18,Assam,2022-03,2022-03-01,172738.0,101545.0,63087.0,164632.0,0.9530734407021038
2021-22,19,West Bengal,2021-04,2021-04-01,376743.0,79035.0,248060.0,327095.0,0.868217856735228
2021-22,19,West Bengal,2021-05,2021-05-01,377506.0,71058.0,256656.0,327714.0,0.8681027586316509
2021-22,19,West Bengal,2021-06,2021-06-01,622937.0,385050.0,184089.0,569139.0,0.9136381367618234
2021-22,19,West Bengal,2021-07,2021-07-01,379798.0,246539.0,82837.0,329376.0,0.8672399538702152
2021-22,19,West Bengal,2021-08,2021-08-01,378910.0,251099.0,83063.0,334162.0,0.8819033543585548
2021-22,19,West Bengal,2021-09,2021-09-01,628364.0,459363.0,120941.0,580304.0,0.9235156692617654
2021-22,19,West Bengal,2021-10,2021-10-01,375124.0,266384.0,67353.0,333737.0,0.88967114874015
2021-22,19,West Bengal,2021-11,2021-11-01,368781.0,269956.0,68516.0,338472.0,0.9178130109739927
2021-22,19,West Bengal,2021-12,2021-12-01,617418.0,491762.0,98504.0,590266.0,0.9560233099780052
2021-22,19,West Bengal,2022-01,2022-01-01,357852.0,272672.0,67572.0,340244.0,0.950795300850631
2021-22,19,West Bengal,2022-02,2022-02-01,359943.0,271828.0,73124.0,344952.0,0.9583517390253457
2021-22,19,West Bengal,2022-03,2022-03-01,622234.0,475792.0,124727.0,600519.0,0.9651015534348815
2021-22,20,Jharkhand,2021-04,2021-04-01,108412.0,19011.0,85754.0,104765.0,0.9663598125668745
2021-22,20,Jharkhand,2021-05,2021-05-01,108534.0,22968.0,81762.0,104730.0,0.9649510752390956
2021-22,20,Jharkhand,2021-06,2021-06-01,155259.0,91481.0,58703.0,150184.0,0.9673126839667909
2021-22,20,Jharkhand,2021-07,2021-07-01,111838.0,77822.0,29092.0,106914.0,0.9559720309733722
2021-22,20,Jharkhand,2021-08,2021-08-01,113722.0,81058.0,27481.0,108539.0,0.9544239461142083
2021-22,20,Jharkhand,2021-09,2021-09-01,160157.0,120630.0,33489.0,154119.0,0.9622994936218835
2021-22,20,Jharkhand,2021-10,2021-10-01,115309.0,84561.0,25252.0,109813.0,0.9523367646931289
2021-22,20,Jharkhand,2021-11,2021-11-01,116530.0,86931.0,23998.0,110929.0,0.9519351240024028
2021-22,20,Jharkhand,2021-12,2021-12-01,164389.0,127564.0,29546.0,157110.0,0.9557208815675015
2021-22,20,Jharkhand,2022-01,2022-01-01,118862.0,88940.0,23779.0,112719.0,0.9483182177651394
2021-22,20,Jharkhand,2022-02,2022-02-01,119046.0,84381.0,29754.0,114135.0,0.9587470389597299
2021-22,20,Jharkhand,2022-03,2022-03-01,167253.0,119004.0,41679.0,160683.0,0.9607181933956341
2021-22,21,Odisha,2021-04,2021-04-01,149317.0,26484.0,116744.0,143228.0,0.9592209862239397
2021-22,21,Odisha,2021-05,2021-05-01,149659.0,27929.0,116055.0,143984.0,0.9620804629190359
2021-22,21,Odisha,2021-06,2021-06-01,249952.0,142507.0,99031.0,241538.0,0.9663375368070669
2021-22,21,Odisha,2021-07,2021-07-01,151431.0,99495.0,43780.0,143275.0,0.9461404864261611
2021-22,21,Odisha,2021-08,2021-08-01,154416.0,103700.0,43100.0,146800.0,0.9506786861465133
2021-22,21,Odisha,2021-09,2021-09-01,259264.0,188167.0,60267.0,248434.0,0.9582279066897063
2021-22,21,Odisha,2021-10,2021-10-01,153178.0,108804.0,35787.0,144591.0,0.9439410359189963
2021-22,21,Odisha,2021-11,2021-11-01,156106.0,110696.0,37167.0,147863.0,0.9471961359588997
2021-22,21,Odisha,2021-12,2021-12-01,266513.0,198120.0,56613.0,254733.0,0.9557995294788622
2021-22,21,Odisha,2022-01,2022-01-01,155103.0,109017.0,39197.0,148214.0,0.9555843536230763
2021-22,21,Odisha,2022-02,2022-02-01,156855.0,108930.0,41858.0,150788.0,0.9613209652226579
2021-22,21,Odisha,2022-03,2022-03-01,270589.0,186215.0,73582.0,259797.0,0.9601166344529896
2021-22,22,Chhattisgarh,2021-04,2021-04-01,71837.0,11893.0,57271.0,69164.0,0.9627907624204797
2021-22,22,Chhattisgarh,2021-05,2021-05-01,72505.0,16369.0,52859.0,69228.0,0.954803117026412
2021-22,22,Chhattisgarh,2021-06,2021-06-01,118891.0,63999.0,51370.0,115369.0,0.9703762269641941
2021-22,22,Chhattisgarh,2021-07,2021-07-01,72813.0,42853.0,26572.0,69425.0,0.9534698474173567
2021-22,22,Chhattisgarh,2021-08,2021-08-01,74776.0,44857.0,26360.0,71217.0,0.9524045148175885
2021-22,22,Chhattisgarh,2021-09,2021-09-01,124489.0,84185.0,35713.0,119898.0,0.9631212396275977
2021-22,22,Chhattisgarh,2021-10,2021-10-01,73552.0,46942.0,22347.0,69289.0,0.942041005003263
2021-22,22,Chhattisgarh,2021-11,2021-11-01,74464.0,47097.0,23177.0,70274.0,0.9437311989686291
2021-22,22,Chhattisgarh,2021-12,2021-12-01,126646.0,87889.0,34478.0,122367.0,0.9662129084219004
2021-22,22,Chhattisgarh,2022-01,2022-01-01,72827.0,47034.0,22805.0,69839.0,0.9589712606588215
2021-22,22,Chhattisgarh,2022-02,2022-02-01,73978.0,46293.0,25488.0,71781.0,0.9703019816702263
2021-22,22,Chhattisgarh,2022-03,2022-03-01,129555.0,76761.0,48854.0,125615.0,0.9695882057813284
2021-22,23,Madhya Pradesh,2021-04,2021-04-01,185661.0,30209.0,153245.0,183454.0,0.988112743117833
2021-22,23,Madhya Pradesh,2021-05,2021-05-01,186389.0,45637.0,138217.0,183854.0,0.9863994119824667
2021-22,23,Madhya Pradesh,2021-06,2021-06-01,382231.0,250560.0,127451.0,378011.0,0.9889595558706646
2021-22,23,Madhya Pradesh,2021-07,2021-07-01,184231.0,126062.0,54044.0,180106.0,0.977609631386683
2021-22,23,Madhya Pradesh,2021-08,2021-08-01,187639.0,130913.0,54035.0,184948.0,0.985658631734341
2021-22,23,Madhya Pradesh,2021-09,2021-09-01,392348.0,299565.0,88203.0,387768.0,0.9883266895715028
2021-22,23,Madhya Pradesh,2021-10,2021-10-01,183147.0,135538.0,45244.0,180782.0,0.9870868755698974
2021-22,23,Madhya Pradesh,2021-11,2021-11-01,187303.0,139226.0,45270.0,184496.0,0.9850135876093816
2021-22,23,Madhya Pradesh,2021-12,2021-12-01,402574.0,313468.0,82533.0,396001.0,0.9836725670311545
2021-22,23,Madhya Pradesh,2022-01,2022-01-01,187080.0,139372.0,44446.0,183818.0,0.9825636091511653
2021-22,23,Madhya Pradesh,2022-02,2022-02-01,189893.0,138724.0,49710.0,188434.0,0.9923167257350192
2021-22,23,Madhya Pradesh,2022-03,2022-03-01,410654.0,279657.0,124577.0,404234.0,0.9843664009117165
2021-22,24,Gujarat,2021-04,2021-04-01,554520.0,126315.0,412434.0,538749.0,0.9715591863233066
2021-22,24,Gujarat,2021-05,2021-05-01,558618.0,153200.0,390447.0,543647.0,0.973199932691034
2021-22,24,Gujarat,2021-06,2021-06-01,943614.0,708019.0,222018.0,930037.0,0.98561170139485
2021-22,24,Gujarat,2021-07,2021-07-01,563773.0,448580.0,103842.0,552422.0,0.9798660099011481
2021-22,24,Gujarat,2021-08,2021-08-01,571583.0,447744.0,110952.0,558696.0,0.9774538430989025
2021-22,24,Gujarat,2021-09,2021-09-01,961057.0,795689.0,149475.0,945164.0,0.9834629995931563
2021-22,24,Gujarat,2021-10,2021-10-01,565645.0,456780.0,97879.0,554659.0,0.9805779243164883
2021-22,24,Gujarat,2021-11,2021-11-01,569536.0,465895.0,93728.0,559623.0,0.9825946033262164
2021-22,24,Gujarat,2021-12,2021-12-01,971221.0,801500.0,154791.0,956291.0,0.9846275976322588
2021-22,24,Gujarat,2022-01,2022-01-01,571074.0,471193.0,92995.0,564188.0,0.9879420180221827
2021-22,24,Gujarat,2022-02,2022-02-01,575700.0,476906.0,96946.0,573852.0,0.9967899947889526
2021-22,24,Gujarat,2022-03,2022-03-01,986775.0,804764.0,171028.0,975792.0,0.988869803146614
2021-22,25,Daman and Diu,2021-04,2021-04-01,,,,1.0,
2021-22,25,Daman and Diu,2021-05,2021-05-01,,,,1.0,
2021-22,25,Daman and Diu,2021-06,2021-06-01,,,,1.0,
2021-22,25,Daman and Diu,2021-07,2021-07-01,,,,1.0,
2021-22,25,Daman and Diu,2021-08,2021-08-01,,,,1.0,
2021-22,25,Daman and Diu,2021-09,2021-09-01,,,,0.0,
2021-22,25,Daman and Diu,2021-10,2021-10-01,,,,0.0,
2021-22,25,Daman and Diu,2021-11,2021-11-01,,,,0.0,
2021-22,25,Daman and Diu,2021-12,2021-12-01,,,,0.0,
2021-22,25,Daman and Diu,2022-01,2022-01-01,,,,0.0,
2021-22,25,Daman and Diu,2022-02,2022-02-01,,,,0.0,
2021-22,25,Daman and Diu,2022-03,2022-03-01,,,,0.0,
2021-22,26,Dadra and Nagar Haveli,2021-04,2021-04-01,11035.0,3169.0,7352.0,10521.0,0.9534209333937471
2021-22,26,Dadra and Nagar Haveli,2021-05,2021-05-01,10929.0,3452.0,7056.0,10508.0,0.9614786348247781
2021-22,26,Dadra and Nagar Haveli,2021-06,2021-06-01,13837.0,8518.0,4916.0,13434.0,0.9708751897087519
2021-22,26,Dadra and Nagar Haveli,2021-07,2021-07-01,11094.0,7766.0,2866.0,10632.0,0.9583558680367766
2021-22,26,Dadra and Nagar Haveli,2021-08,2021-08-01,11128.0,7575.0,3103.0,10678.0,0.9595614665708123
2021-22,26,Dadra and Nagar Haveli,2021-09,2021-09-01,14078.0,10079.0,3500.0,13579.0,0.9645546242363973
2021-22,26,Dadra and Nagar Haveli,2021-10,2021-10-01,11277.0,8103.0,2668.0,10771.0,0.955129910437173
2021-22,26,Dadra and Nagar Haveli,2021-11,2021-11-01,11345.0,8182.0,2669.0,10851.0,0.9564565888056412
2021-22,26,Dadra and Nagar Haveli,2021-12,2021-12-01,14313.0,10611.0,3210.0,13821.0,0.965625654998952
2021-22,26,Dadra and Nagar Haveli,2022-01,2022-01-01,11396.0,8375.0,2587.0,10962.0,0.961916461916462
2021-22,26,Dadra and Nagar Haveli,2022-02,2022-02-01,11511.0,8549.0,2551.0,11100.0,0.9642950221527234
2021-22,26,Dadra and Nagar Haveli,2022-03,2022-03-01,14581.0,10675.0,3369.0,14044.0,0.963171250257184
2021-22,27,Maharashtra,2021-04,2021-04-01,747626.0,175007.0,551038.0,726045.0,0.9711339627032768
2021-22,27,Maharashtra,2021-05,2021-05-01,754952.0,186350.0,545523.0,731873.0,0.9694298445464082
2021-22,27,Maharashtra,2021-06,2021-06-01,1378095.0,853111.0,493424.0,1346535.0,0.9770988211988288
2021-22,27,Maharashtra,2021-07,2021-07-01,758000.0,501172.0,231285.0,732457.0,0.9663021108179419
2021-22,27,Maharashtra,2021-08,2021-08-01,766789.0,502998.0,245525.0,748523.0,0.9761785836781696
2021-22,27,Maharashtra,2021-09,2021-09-01,1410553.0,1033677.0,344773.0,1378450.0,0.977240841003493
2021-22,27,Maharashtra,2021-10,2021-10-01,767229.0,541818.0,202686.0,744504.0,0.970380420969489
2021-22,27,Maharashtra,2021-11,2021-11-01,779513.0,550598.0,205093.0,755691.0,0.9694398938824625
2021-22,27,Maharashtra,2021-12,2021-12-01,1443943.0,1078746.0,324121.0,1402867.0,0.9715528937084081
2021-22,27,Maharashtra,2022-01,2022-01-01,783108.0,550597.0,207930.0,758527.0,0.9686109706451729
2021-22,27,Maharashtra,2022-02,2022-02-01,793830.0,565863.0,206306.0,772169.0,0.9727133013365582
2021-22,27,Maharashtra,2022-03,2022-03-01,1468416.0,1042666.0,383719.0,1426385.0,0.9713766398622734
2021-22,29,Karnataka,2021-04,2021-04-01,592417.0,88083.0,478350.0,566433.0,0.9561390034384564
2021-22,29,Karnataka,2021-05,2021-05-01,593173.0,106801.0,459855.0,566656.0,0.9552963469341996
2021-22,29,Karnataka,2021-06,2021-06-01,768378.0,470743.0,267453.0,738196.0,0.9607198540301779
2021-22,29,Karnataka,2021-07,2021-07-01,601605.0,429186.0,144747.0,573933.0,0.9540030418630164
2021-22,29,Karnataka,2021-08,2021-08-01,609453.0,440736.0,142430.0,583166.0,0.9568678798857336
2021-22,29,Karnataka,2021-09,2021-09-01,790568.0,586932.0,172680.0,759612.0,0.9608433430141367
2021-22,29,Karnataka,2021-10,2021-10-01,617773.0,471802.0,117959.0,589761.0,0.9546564838541017
2021-22,29,Karnataka,2021-11,2021-11-01,624724.0,474089.0,122514.0,596603.0,0.9549865220481365
2021-22,29,Karnataka,2021-12,2021-12-01,810789.0,620608.0,156896.0,777504.0,0.9589473956849439
2021-22,29,Karnataka,2022-01,2022-01-01,633338.0,474986.0,130832.0,605818.0,0.9565476885959787
2021-22,29,Karnataka,2022-02,2022-02-01,640933.0,483677.0,131355.0,615032.0,0.9595885997444351
2021-22,29,Karnataka,2022-03,2022-03-01,830528.0,611508.0,185589.0,797097.0,0.9597472932881251
2021-22,30,Goa,2021-04,2021-04-01,24272.0,3744.0,16656.0,20400.0,0.8404746209624259
2021-22,30,Goa,2021-05,2021-05-01,24257.0,4714.0,15702.0,20416.0,0.8416539555592201
2021-22,30,Goa,2021-06,2021-06-01,35597.0,18516.0,13097.0,31613.0,0.8880804562182206
2021-22,30,Goa,2021-07,2021-07-01,24050.0,13291.0,7107.0,20398.0,0.8481496881496882
2021-22,30,Goa,2021-08,2021-08-01,24263.0,12869.0,7760.0,20629.0,0.8502246218522029
2021-22,30,Goa,2021-09,2021-09-01,36018.0,22905.0,9145.0,32050.0,0.8898328613471043
2021-22,30,Goa,2021-10,2021-10-01,24216.0,14182.0,6186.0,20368.0,0.8410967955071027
2021-22,30,Goa,2021-11,2021-11-01,24425.0,14212.0,6443.0,20655.0,0.8456499488229273
2021-22,30,Goa,2021-12,2021-12-01,36434.0,23443.0,9138.0,32581.0,0.8942471317999671
2021-22,30,Goa,2022-01,2022-01-01,24471.0,14149.0,6585.0,20734.0,0.8472886273548281
2021-22,30,Goa,2022-02,2022-02-01,24769.0,14279.0,6724.0,21003.0,0.8479551051717873
2021-22,30,Goa,2022-03,2022-03-01,37269.0,22757.0,10390.0,33147.0,0.8893986959671577
2021-22,31,Lakshadweep,2021-04,2021-04-01,196.0,52.0,126.0,178.0,0.9081632653061225
2021-22,31,Lakshadweep,2021-05,2021-05-01,195.0,46.0,127.0,173.0,0.8871794871794871
2021-22,31,Lakshadweep,2021-06,2021-06-01,238.0,121.0,93.0,214.0,0.8991596638655462
2021-22,31,Lakshadweep,2021-07,2021-07-01,197.0,113.0,58.0,171.0,0.868020304568528
2021-22,31,Lakshadweep,2021-08,2021-08-01,196.0,114.0,58.0,172.0,0.8775510204081632
2021-22,31,Lakshadweep,2021-09,2021-09-01,243.0,158.0,57.0,215.0,0.8847736625514403
2021-22,31,Lakshadweep,2021-10,2021-10-01,192.0,123.0,45.0,168.0,0.875
2021-22,31,Lakshadweep,2021-11,2021-11-01,170.0,112.0,57.0,169.0,0.9941176470588236
2021-22,31,Lakshadweep,2021-12,2021-12-01,218.0,156.0,58.0,214.0,0.981651376146789
2021-22,31,Lakshadweep,2022-01,2022-01-01,174.0,111.0,60.0,171.0,0.9827586206896551
2021-22,31,Lakshadweep,2022-02,2022-02-01,172.0,127.0,46.0,173.0,1.005813953488372
2021-22,31,Lakshadweep,2022-03,2022-03-01,228.0,148.0,67.0,215.0,0.9429824561403509
2021-22,32,Kerala,2021-04,2021-04-01,255053.0,15285.0,228454.0,243739.0,0.9556405923474729
2021-22,32,Kerala,2021-05,2021-05-01,254802.0,22338.0,221633.0,243971.0,0.9574924843604053
2021-22,32,Kerala,2021-06,2021-06-01,315837.0,140525.0,162865.0,303390.0,0.9605904311401134
2021-22,32,Kerala,2021-07,2021-07-01,257348.0,168699.0,76820.0,245519.0,0.9540350031863469
2021-22,32,Kerala,2021-08,2021-08-01,259512.0,178522.0,69278.0,247800.0,0.9548691389993527
2021-22,32,Kerala,2021-09,2021-09-01,322067.0,234066.0,74962.0,309028.0,0.959514635153555
2021-22,32,Kerala,2021-10,2021-10-01,262041.0,198353.0,51910.0,250263.0,0.9550528352433398
2021-22,32,Kerala,2021-11,2021-11-01,264607.0,195769.0,57102.0,252871.0,0.955647431851765
2021-22,32,Kerala,2021-12,2021-12-01,328683.0,248292.0,67743.0,316035.0,0.9615191537134564
2021-22,32,Kerala,2022-01,2022-01-01,267796.0,199637.0,56483.0,256120.0,0.9563996474928677
2021-22,32,Kerala,2022-02,2022-02-01,270158.0,201183.0,57695.0,258878.0,0.9582466556607615
2021-22,32,Kerala,2022-03,2022-03-01,335514.0,237188.0,84602.0,321790.0,0.9590955966069971
2021-22,33,Tamil Nadu,2021-04,2021-04-01,803124.0,136119.0,641232.0,777351.0,0.9679090651007815
2021-22,33,Tamil Nadu,2021-05,2021-05-01,805681.0,129228.0,648961.0,778189.0,0.9658773137259039
2021-22,33,Tamil Nadu,2021-06,2021-06-01,924274.0,576762.0,314055.0,890817.0,0.9638018596217139
2021-22,33,Tamil Nadu,2021-07,2021-07-01,822173.0,619559.0,171583.0,791142.0,0.9622573351350628
2021-22,33,Tamil Nadu,2021-08,2021-08-01,833879.0,620339.0,179552.0,799891.0,0.9592410889349654
2021-22,33,Tamil Nadu,2021-09,2021-09-01,956956.0,732727.0,182716.0,915443.0,0.9566197400925435
2021-22,33,Tamil Nadu,2021-10,2021-10-01,851169.0,660609.0,150920.0,811529.0,0.9534287550415957
2021-22,33,Tamil Nadu,2021-11,2021-11-01,859964.0,665716.0,152814.0,818530.0,0.9518189133498611
2021-22,33,Tamil Nadu,2021-12,2021-12-01,982238.0,749425.0,184909.0,934334.0,0.9512297426896537
2021-22,33,Tamil Nadu,2022-01,2022-01-01,867973.0,657564.0,169770.0,827334.0,0.9531794191754812
2021-22,33,Tamil Nadu,2022-02,2022-02-01,869274.0,679334.0,154168.0,833502.0,0.9588484183353005
2021-22,33,Tamil Nadu,2022-03,2022-03-01,986817.0,753606.0,196665.0,950271.0,0.9629657778493885
2021-22,34,Puducherry,2021-04,2021-04-01,17297.0,2951.0,13184.0,16135.0,0.9328207203561312
2021-22,34,Puducherry,2021-05,2021-05-01,17324.0,3442.0,12715.0,16157.0,0.9326368044331563
2021-22,34,Puducherry,2021-06,2021-06-01,19854.0,10914.0,7626.0,18540.0,0.9338168631006346
2021-22,34,Puducherry,2021-07,2021-07-01,17743.0,12264.0,4207.0,16471.0,0.9283097559600969
2021-22,34,Puducherry,2021-08,2021-08-01,17812.0,12195.0,4426.0,16621.0,0.9331349651920053
2021-22,34,Puducherry,2021-09,2021-09-01,20088.0,14312.0,4533.0,18845.0,0.9381222620469932
2021-22,34,Puducherry,2021-10,2021-10-01,17790.0,13011.0,3747.0,16758.0,0.9419898819561552
2021-22,34,Puducherry,2021-11,2021-11-01,17888.0,13125.0,3775.0,16900.0,0.9447674418604651
2021-22,34,Puducherry,2021-12,2021-12-01,20224.0,14627.0,4467.0,19094.0,0.9441257911392406
2021-22,34,Puducherry,2022-01,2022-01-01,17809.0,13146.0,3847.0,16993.0,0.954180470548599
2021-22,34,Puducherry,2022-02,2022-02-01,17859.0,13348.0,3738.0,17086.0,0.9567165014838457
2021-22,34,Puducherry,2022-03,2022-03-01,20264.0,14678.0,4732.0,19410.0,0.9578562968811686
2021-22,35,Andaman and Nicobar Islands,2021-04,2021-04-01,3346.0,499.0,2548.0,3047.0,0.9106395696353855
2021-22,35,Andaman and Nicobar Islands,2021-05,2021-05-01,3343.0,457.0,2573.0,3030.0,0.9063715225845049
2021-22,35,Andaman and Nicobar Islands,2021-06,2021-06-01,4020.0,1696.0,1994.0,3690.0,0.917910447761194
2021-22,35,Andaman and Nicobar Islands,2021-07,2021-07-01,3295.0,1697.0,1302.0,2999.0,0.9101669195751139
2021-22,35,Andaman and Nicobar Islands,2021-08,2021-08-01,3265.0,1781.0,1233.0,3014.0,0.92312404287902
2021-22,35,Andaman and Nicobar Islands,2021-09,2021-09-01,4071.0,2383.0,1409.0,3792.0,0.9314664701547531
2021-22,35,Andaman and Nicobar Islands,2021-10,2021-10-01,3330.0,2015.0,1034.0,3049.0,0.9156156156156157
2021-22,35,Andaman and Nicobar Islands,2021-11,2021-11-01,3339.0,1948.0,1121.0,3069.0,0.9191374663072777
2021-22,35,Andaman and Nicobar Islands,2021-12,2021-12-01,4111.0,2470.0,1385.0,3855.0,0.9377280467039649
2021-22,35,Andaman and Nicobar Islands,2022-01,2022-01-01,3256.0,2035.0,1069.0,3104.0,0.9533169533169533
2021-22,35,Andaman and Nicobar Islands,2022-02,2022-02-01,3286.0,2033.0,1092.0,3125.0,0.951004260499087
2021-22,35,Andaman and Nicobar Islands,2022-03,2022-03-01,4091.0,2382.0,1548.0,3930.0,0.9606453189929113
2021-22,36,Telangana,2021-04,2021-04-01,313567.0,64367.0,211698.0,276065.0,0.880401955562926
2021-22,36,Telangana,2021-05,2021-05-01,315037.0,68092.0,208637.0,276729.0,0.87840158457578
2021-22,36,Telangana,2021-06,2021-06-01,378050.0,201487.0,137099.0,338586.0,0.8956116915751885
2021-22,36,Telangana,2021-07,2021-07-01,322476.0,197550.0,85417.0,282967.0,0.8774823552760516
2021-22,36,Telangana,2021-08,2021-08-01,327345.0,199892.0,86936.0,286828.0,0.8762253891154592
2021-22,36,Telangana,2021-09,2021-09-01,393681.0,255724.0,94080.0,349804.0,0.8885468183630909
2021-22,36,Telangana,2021-10,2021-10-01,333199.0,216189.0,74153.0,290342.0,0.871377164997494
2021-22,36,Telangana,2021-11,2021-11-01,336893.0,216835.0,77989.0,294824.0,0.8751265238517868
2021-22,36,Telangana,2021-12,2021-12-01,406157.0,269419.0,90439.0,359858.0,0.886007135171867
2021-22,36,Telangana,2022-01,2022-01-01,341214.0,218445.0,79988.0,298433.0,0.8746212054605028
2021-22,36,Telangana,2022-02,2022-02-01,343859.0,222878.0,79450.0,302328.0,0.8792208434271024
2021-22,36,Telangana,2022-03,2022-03-01,410714.0,264278.0,103147.0,367425.0,0.8946006223308677
2021-22,37,Andhra Pradesh,2021-04,2021-04-01,237775.0,45740.0,173665.0,219405.0,0.9227420881085059
2021-22,37,Andhra Pradesh,2021-05,2021-05-01,238690.0,48794.0,171219.0,220013.0,0.9217520633457623
2021-22,37,Andhra Pradesh,2021-06,2021-06-01,292586.0,172338.0,100443.0,272781.0,0.9323105001606365
2021-22,37,Andhra Pradesh,2021-07,2021-07-01,242899.0,164575.0,58706.0,223281.0,0.9192339202713885
2021-22,37,Andhra Pradesh,2021-08,2021-08-01,244806.0,167109.0,58454.0,225563.0,0.9213949004517863
2021-22,37,Andhra Pradesh,2021-09,2021-09-01,299772.0,213755.0,63869.0,277624.0,0.9261171823919512
2021-22,37,Andhra Pradesh,2021-10,2021-10-01,246243.0,179194.0,48108.0,227302.0,0.923080046945497
2021-22,37,Andhra Pradesh,2021-11,2021-11-01,247584.0,178038.0,51413.0,229451.0,0.9267602106759726
2021-22,37,Andhra Pradesh,2021-12,2021-12-01,303759.0,214751.0,67559.0,282310.0,0.9293881004348842
2021-22,37,Andhra Pradesh,2022-01,2022-01-01,248547.0,175653.0,55323.0,230976.0,0.9293051213653756
2021-22,37,Andhra Pradesh,2022-02,2022-02-01,248925.0,181226.0,51914.0,233140.0,0.9365873254996485
2021-22,37,Andhra Pradesh,2022-03,2022-03-01,305535.0,207501.0,79692.0,287193.0,0.939967597820217
2021-22,38,Ladakh,2021-04,2021-04-01,2070.0,396.0,1656.0,2052.0,0.991304347826087
2021-22,38,Ladakh,2021-05,2021-05-01,2134.0,530.0,1585.0,2115.0,0.9910965323336457
2021-22,38,Ladakh,2021-06,2021-06-01,4565.0,2966.0,1558.0,4524.0,0.9910186199342825
2021-22,38,Ladakh,2021-07,2021-07-01,2092.0,1143.0,869.0,2012.0,0.9617590822179732
2021-22,38,Ladakh,2021-08,2021-08-01,2205.0,1269.0,869.0,2138.0,0.9696145124716553
2021-22,38,Ladakh,2021-09,2021-09-01,4967.0,3433.0,1452.0,4885.0,0.9834910408697403
2021-22,38,Ladakh,2021-10,2021-10-01,2151.0,1290.0,741.0,2031.0,0.9442119944211994
2021-22,38,Ladakh,2021-11,2021-11-01,2221.0,1388.0,747.0,2135.0,0.9612787032868078
2021-22,38,Ladakh,2021-12,2021-12-01,5242.0,3673.0,1467.0,5140.0,0.9805417779473483
2021-22,38,Ladakh,2022-01,2022-01-01,2226.0,1453.0,687.0,2140.0,0.9613656783468104
2021-22,38,Ladakh,2022-02,2022-02-01,2322.0,1525.0,734.0,2259.0,0.9728682170542635
2021-22,38,Ladakh,2022-03,2022-03-01,5417.0,3823.0,1667.0,5490.0,1.0134760937788443
2021-22,97,Other Territory,2021-04,2021-04-01,76.0,52.0,12.0,64.0,0.8421052631578947
2021-22,97,Other Territory,2021-05,2021-05-01,77.0,43.0,22.0,65.0,0.8441558441558441
2021-22,97,Other Territory,2021-06,2021-06-01,82.0,55.0,16.0,71.0,0.8658536585365854
2021-22,97,Other Territory,2021-07,2021-07-01,77.0,60.0,5.0,65.0,0.8441558441558441
2021-22,97,Other Territory,2021-08,2021-08-01,77.0,56.0,9.0,65.0,0.8441558441558441
2021-22,97,Other Territory,2021-09,2021-09-01,86.0,63.0,8.0,71.0,0.8255813953488372
2021-22,97,Other Territory,2021-10,2021-10-01,80.0,58.0,7.0,65.0,0.8125
2021-22,97,Other Territory,2021-11,2021-11-01,81.0,61.0,5.0,66.0,0.8148148148148148
2021-22,97,Other Territory,2021-12,2021-12-01,86.0,61.0,11.0,72.0,0.8372093023255814
2021-22,97,Other Territory,2022-01,2022-01-01,81.0,59.0,7.0,66.0,0.8148148148148148
2021-22,97,Other Territory,2022-02,2022-02-01,81.0,59.0,7.0,66.0,0.8148148148148148
2021-22,97,Other Territory,2022-03,2022-03-01,89.0,62.0,10.0,72.0,0.8089887640449438
2022-23,01,Jammu and Kashmir,2022-04,2022-04-01,66338.0,54305.0,12630.0,66935.0,1.008999366878712
2022-23,01,Jammu and Kashmir,2022-05,2022-05-01,68361.0,53607.0,15192.0,68799.0,1.006407161978321
2022-23,01,Jammu and Kashmir,2022-06,2022-06-01,109205.0,87635.0,21279.0,108914.0,0.9973352868458404
2022-23,01,Jammu and Kashmir,2022-07,2022-07-01,68216.0,54634.0,13778.0,68412.0,1.002873226222587
2022-23,01,Jammu and Kashmir,2022-08,2022-08-01,69437.0,55049.0,14717.0,69766.0,1.0047381079251696
2022-23,01,Jammu and Kashmir,2022-09,2022-09-01,112849.0,88786.0,23742.0,112528.0,0.9971554909658039
2022-23,01,Jammu and Kashmir,2022-10,2022-10-01,69494.0,54934.0,14413.0,69347.0,0.9978847094713212
2022-23,01,Jammu and Kashmir,2022-11,2022-11-01,70757.0,57506.0,12823.0,70329.0,0.9939511285102534
2022-23,01,Jammu and Kashmir,2022-12,2022-12-01,115882.0,94174.0,20527.0,114701.0,0.9898085984018226
2022-23,01,Jammu and Kashmir,2023-01,2023-01-01,70382.0,55856.0,13584.0,69440.0,0.9866158961098008
2022-23,01,Jammu and Kashmir,2023-02,2023-02-01,70494.0,56771.0,13844.0,70615.0,1.0017164581382814
2022-23,01,Jammu and Kashmir,2023-03,2023-03-01,117563.0,85276.0,32201.0,117477.0,0.9992684773270502
2022-23,02,Himachal Pradesh,2022-04,2022-04-01,44324.0,35712.0,7530.0,43242.0,0.9755888457720422
2022-23,02,Himachal Pradesh,2022-05,2022-05-01,45199.0,34480.0,9555.0,44035.0,0.9742472178588022
2022-23,02,Himachal Pradesh,2022-06,2022-06-01,98966.0,78528.0,17697.0,96225.0,0.972303619424853
2022-23,02,Himachal Pradesh,2022-07,2022-07-01,44504.0,34689.0,8458.0,43147.0,0.969508358799209
2022-23,02,Himachal Pradesh,2022-08,2022-08-01,45023.0,34380.0,9426.0,43806.0,0.9729693712102703
2022-23,02,Himachal Pradesh,2022-09,2022-09-01,99888.0,77122.0,20290.0,97412.0,0.975212237706231
2022-23,02,Himachal Pradesh,2022-10,2022-10-01,44744.0,34504.0,8864.0,43368.0,0.9692472733774361
2022-23,02,Himachal Pradesh,2022-11,2022-11-01,45303.0,36186.0,7702.0,43888.0,0.9687658653952277
2022-23,02,Himachal Pradesh,2022-12,2022-12-01,100769.0,83582.0,14772.0,98354.0,0.9760342962617472
2022-23,02,Himachal Pradesh,2023-01,2023-01-01,46153.0,36055.0,7690.0,43745.0,0.9478257101380192
2022-23,02,Himachal Pradesh,2023-02,2023-02-01,44735.0,36965.0,7800.0,44765.0,1.0006706158488878
2022-23,02,Himachal Pradesh,2023-03,2023-03-01,99991.0,79093.0,21621.0,100714.0,1.0072306507585682
2022-23,03,Punjab,2022-04,2022-04-01,164856.0,135790.0,19984.0,155774.0,0.9449094967729412
2022-23,03,Punjab,2022-05,2022-05-01,167213.0,134055.0,24933.0,158988.0,0.9508112407528123
2022-23,03,Punjab,2022-06,2022-06-01,342449.0,275507.0,51790.0,327297.0,0.9557539954854591
2022-23,03,Punjab,2022-07,2022-07-01,167538.0,134168.0,23860.0,158028.0,0.9432367582279841
2022-23,03,Punjab,2022-08,2022-08-01,169859.0,133523.0,27063.0,160586.0,0.9454076616487793
2022-23,03,Punjab,2022-09,2022-09-01,346997.0,267467.0,64279.0,331746.0,0.9560486113712798
2022-23,03,Punjab,2022-10,2022-10-01,170493.0,133468.0,26911.0,160379.0,0.9406779163953946
2022-23,03,Punjab,2022-11,2022-11-01,172338.0,139439.0,23341.0,162780.0,0.9445392194408662
2022-23,03,Punjab,2022-12,2022-12-01,350104.0,291494.0,43752.0,335246.0,0.9575611818202592
2022-23,03,Punjab,2023-01,2023-01-01,177002.0,139410.0,22977.0,162387.0,0.9174303115219037
2022-23,03,Punjab,2023-02,2023-02-01,166689.0,136357.0,28215.0,164572.0,0.9872997018399534
2022-23,03,Punjab,2023-03,2023-03-01,341156.0,270534.0,69380.0,339914.0,0.9963594367386182
2022-23,04,Chandigarh,2022-04,2022-04-01,16166.0,13748.0,1983.0,15731.0,0.9730916738834591
2022-23,04,Chandigarh,2022-05,2022-05-01,16130.0,13339.0,2482.0,15821.0,0.9808431494110353
2022-23,04,Chandigarh,2022-06,2022-06-01,27634.0,22592.0,4429.0,27021.0,0.9778171817326482
2022-23,04,Chandigarh,2022-07,2022-07-01,16335.0,13515.0,2399.0,15914.0,0.9742271196816651
2022-23,04,Chandigarh,2022-08,2022-08-01,16429.0,13415.0,2647.0,16062.0,0.9776614523099397
2022-23,04,Chandigarh,2022-09,2022-09-01,27947.0,21927.0,5403.0,27330.0,0.9779224961534333
2022-23,04,Chandigarh,2022-10,2022-10-01,16563.0,13600.0,2669.0,16269.0,0.9822495924651331
2022-23,04,Chandigarh,2022-11,2022-11-01,16674.0,14084.0,2222.0,16306.0,0.977929710927192
2022-23,04,Chandigarh,2022-12,2022-12-01,28095.0,23765.0,3756.0,27521.0,0.9795693183840541
2022-23,04,Chandigarh,2023-01,2023-01-01,16929.0,14131.0,2223.0,16354.0,0.9660346151574222
2022-23,04,Chandigarh,2023-02,2023-02-01,16442.0,13922.0,2531.0,16453.0,1.0006690183675953
2022-23,04,Chandigarh,2023-03,2023-03-01,27637.0,22468.0,5281.0,27749.0,1.0040525382639216
2022-23,05,Uttarakhand,2022-04,2022-04-01,82800.0,63216.0,15671.0,78887.0,0.9527415458937198
2022-23,05,Uttarakhand,2022-05,2022-05-01,84757.0,61757.0,18863.0,80620.0,0.9511898722229433
2022-23,05,Uttarakhand,2022-06,2022-06-01,154914.0,116234.0,31302.0,147536.0,0.9523735750158152
2022-23,05,Uttarakhand,2022-07,2022-07-01,85475.0,62339.0,18030.0,80369.0,0.9402632348639953
2022-23,05,Uttarakhand,2022-08,2022-08-01,86445.0,62443.0,19186.0,81629.0,0.9442882757822894
2022-23,05,Uttarakhand,2022-09,2022-09-01,156524.0,111683.0,37385.0,149068.0,0.9523651325036416
2022-23,05,Uttarakhand,2022-10,2022-10-01,86459.0,62077.0,19481.0,81558.0,0.9433141720353
2022-23,05,Uttarakhand,2022-11,2022-11-01,87786.0,66101.0,16937.0,83038.0,0.9459139270498713
2022-23,05,Uttarakhand,2022-12,2022-12-01,158597.0,123154.0,28213.0,151367.0,0.9544127568617313
2022-23,05,Uttarakhand,2023-01,2023-01-01,90863.0,66574.0,17152.0,83726.0,0.9214531767606177
2022-23,05,Uttarakhand,2023-02,2023-02-01,86219.0,67669.0,17691.0,85360.0,0.9900369988053678
2022-23,05,Uttarakhand,2023-03,2023-03-01,155639.0,114687.0,40033.0,154720.0,0.9940953103014026
2022-23,06,Haryana,2022-04,2022-04-01,272326.0,216540.0,42563.0,259103.0,0.9514442249362896
2022-23,06,Haryana,2022-05,2022-05-01,273855.0,212405.0,51656.0,264061.0,0.9642365485384601
2022-23,06,Haryana,2022-06,2022-06-01,476752.0,375255.0,82640.0,457895.0,0.9604469409672115
2022-23,06,Haryana,2022-07,2022-07-01,276623.0,215870.0,48254.0,264124.0,0.9548157600777955
2022-23,06,Haryana,2022-08,2022-08-01,279410.0,216779.0,51087.0,267866.0,0.9586843706381304
2022-23,06,Haryana,2022-09,2022-09-01,484645.0,365604.0,99580.0,465184.0,0.9598448348791383
2022-23,06,Haryana,2022-10,2022-10-01,282622.0,216387.0,52762.0,269149.0,0.9523285519174021
2022-23,06,Haryana,2022-11,2022-11-01,285773.0,226955.0,46183.0,273138.0,0.9557865858566065
2022-23,06,Haryana,2022-12,2022-12-01,491220.0,402097.0,69964.0,472061.0,0.9609971092382232
2022-23,06,Haryana,2023-01,2023-01-01,292625.0,230692.0,44925.0,275617.0,0.941877829987185
2022-23,06,Haryana,2023-02,2023-02-01,283148.0,233430.0,46794.0,280224.0,0.9896732450873748
2022-23,06,Haryana,2023-03,2023-03-01,485122.0,380863.0,100954.0,481817.0,0.9931872807252609
2022-23,07,Delhi,2022-04,2022-04-01,410282.0,332213.0,61328.0,393541.0,0.959196357627193
2022-23,07,Delhi,2022-05,2022-05-01,416018.0,326640.0,74113.0,400753.0,0.9633068761447822
2022-23,07,Delhi,2022-06,2022-06-01,750813.0,598466.0,121065.0,719531.0,0.9583358306262678
2022-23,07,Delhi,2022-07,2022-07-01,419109.0,328883.0,73002.0,401885.0,0.9589032924609111
2022-23,07,Delhi,2022-08,2022-08-01,423539.0,333955.0,73334.0,407289.0,0.9616328130349271
2022-23,07,Delhi,2022-09,2022-09-01,762171.0,580492.0,150551.0,731043.0,0.9591587714567991
2022-23,07,Delhi,2022-10,2022-10-01,429452.0,331544.0,79973.0,411517.0,0.958237474735244
2022-23,07,Delhi,2022-11,2022-11-01,434676.0,346099.0,70930.0,417029.0,0.9594019453570015
2022-23,07,Delhi,2022-12,2022-12-01,772632.0,631305.0,110147.0,741452.0,0.9596444361610702
2022-23,07,Delhi,2023-01,2023-01-01,448203.0,350456.0,69522.0,419978.0,0.9370263028136804
2022-23,07,Delhi,2023-02,2023-02-01,429555.0,353872.0,70915.0,424787.0,0.988900140843431
2022-23,07,Delhi,2023-03,2023-03-01,753579.0,603202.0,147942.0,751144.0,0.9967687528447582
2022-23,08,Rajasthan,2022-04,2022-04-01,282871.0,226052.0,51271.0,277323.0,0.9803868194335934
2022-23,08,Rajasthan,2022-05,2022-05-01,290053.0,225287.0,59533.0,284820.0,0.9819584696589934
2022-23,08,Rajasthan,2022-06,2022-06-01,666005.0,517864.0,128101.0,645965.0,0.9699101358097912
2022-23,08,Rajasthan,2022-07,2022-07-01,287981.0,225545.0,55267.0,280812.0,0.975105996576163
2022-23,08,Rajasthan,2022-08,2022-08-01,293004.0,226187.0,60464.0,286651.0,0.978317702147411
2022-23,08,Rajasthan,2022-09,2022-09-01,677720.0,513261.0,145657.0,658918.0,0.9722569792834799
2022-23,08,Rajasthan,2022-10,2022-10-01,295677.0,228444.0,59661.0,288105.0,0.9743909739343947
2022-23,08,Rajasthan,2022-11,2022-11-01,303084.0,244508.0,51536.0,296044.0,0.9767721159810482
2022-23,08,Rajasthan,2022-12,2022-12-01,690105.0,567145.0,105773.0,672918.0,0.9750950942247919
2022-23,08,Rajasthan,2023-01,2023-01-01,311697.0,245843.0,48998.0,294841.0,0.9459218407620221
2022-23,08,Rajasthan,2023-02,2023-02-01,307540.0,252773.0,49201.0,301974.0,0.9819015412629252
2022-23,08,Rajasthan,2023-03,2023-03-01,689646.0,534020.0,153164.0,687184.0,0.9964300525196985
2022-23,09,Uttar Pradesh,2022-04,2022-04-01,840499.0,680513.0,141557.0,822070.0,0.9780737395285419
2022-23,09,Uttar Pradesh,2022-05,2022-05-01,861805.0,675234.0,162031.0,837265.0,0.9715248809185373
2022-23,09,Uttar Pradesh,2022-06,2022-06-01,1358945.0,1058233.0,245587.0,1303820.0,0.9594354444072424
2022-23,09,Uttar Pradesh,2022-07,2022-07-01,869959.0,681015.0,158461.0,839476.0,0.964960417674856
2022-23,09,Uttar Pradesh,2022-08,2022-08-01,883450.0,690579.0,163341.0,853920.0,0.9665742260456166
2022-23,09,Uttar Pradesh,2022-09,2022-09-01,1397129.0,1050129.0,289631.0,1339760.0,0.9589379362965051
2022-23,09,Uttar Pradesh,2022-10,2022-10-01,899515.0,696377.0,168535.0,864912.0,0.9615314919706731
2022-23,09,Uttar Pradesh,2022-11,2022-11-01,914748.0,734326.0,146468.0,880794.0,0.9628815805008593
2022-23,09,Uttar Pradesh,2022-12,2022-12-01,1436617.0,1155422.0,219809.0,1375231.0,0.9572704485607507
2022-23,09,Uttar Pradesh,2023-01,2023-01-01,954168.0,741787.0,153008.0,894795.0,0.9377751087858742
2022-23,09,Uttar Pradesh,2023-02,2023-02-01,922519.0,753044.0,158389.0,911433.0,0.9879829033331563
2022-23,09,Uttar Pradesh,2023-03,2023-03-01,1428140.0,1085654.0,327714.0,1413368.0,0.9896564762558293
2022-23,10,Bihar,2022-04,2022-04-01,276452.0,190870.0,54810.0,245680.0,0.8886895374242183
2022-23,10,Bihar,2022-05,2022-05-01,280982.0,160814.0,89968.0,250782.0,0.8925198055391449
2022-23,10,Bihar,2022-06,2022-06-01,470659.0,332491.0,92072.0,424563.0,0.9020607276180844
2022-23,10,Bihar,2022-07,2022-07-01,282327.0,194090.0,55602.0,249692.0,0.8844070882345649
2022-23,10,Bihar,2022-08,2022-08-01,286093.0,195913.0,58849.0,254762.0,0.8904866599322598
2022-23,10,Bihar,2022-09,2022-09-01,481143.0,328154.0,107371.0,435525.0,0.9051882704310361
2022-23,10,Bihar,2022-10,2022-10-01,287213.0,196786.0,57866.0,254652.0,0.8866311761654243
2022-23,10,Bihar,2022-11,2022-11-01,292666.0,207194.0,53083.0,260277.0,0.8893311829867494
2022-23,10,Bihar,2022-12,2022-12-01,495564.0,363400.0,83361.0,446761.0,0.9015202879950924
2022-23,10,Bihar,2023-01,2023-01-01,310298.0,212014.0,52445.0,264459.0,0.852274265383599
2022-23,10,Bihar,2023-02,2023-02-01,280202.0,216907.0,55896.0,272803.0,0.9735940500067808
2022-23,10,Bihar,2023-03,2023-03-01,473091.0,337326.0,125818.0,463144.0,0.9789744467766244
2022-23,11,Sikkim,2022-04,2022-04-01,6036.0,3825.0,1349.0,5174.0,0.8571901921802518
2022-23,11,Sikkim,2022-05,2022-05-01,6124.0,3777.0,1455.0,5232.0,0.8543435662965382
2022-23,11,Sikkim,2022-06,2022-06-01,9262.0,6258.0,1950.0,8208.0,0.8862016843014467
2022-23,11,Sikkim,2022-07,2022-07-01,6202.0,3845.0,1440.0,5285.0,0.8521444695259593
2022-23,11,Sikkim,2022-08,2022-08-01,6226.0,3891.0,1480.0,5371.0,0.86267266302602
2022-23,11,Sikkim,2022-09,2022-09-01,9386.0,6015.0,2418.0,8433.0,0.8984658001278499
2022-23,11,Sikkim,2022-10,2022-10-01,6315.0,3768.0,1688.0,5456.0,0.8639746634996042
2022-23,11,Sikkim,2022-11,2022-11-01,6446.0,3994.0,1576.0,5570.0,0.8641017685386286
2022-23,11,Sikkim,2022-12,2022-12-01,9604.0,6476.0,2138.0,8614.0,0.8969179508538109
2022-23,11,Sikkim,2023-01,2023-01-01,6642.0,4164.0,1453.0,5617.0,0.845679012345679
2022-23,11,Sikkim,2023-02,2023-02-01,5628.0,4263.0,1461.0,5724.0,1.0170575692963753
2022-23,11,Sikkim,2023-03,2023-03-01,8802.0,6268.0,2687.0,8955.0,1.0173824130879345
2022-23,12,Arunachal Pradesh,2022-04,2022-04-01,10617.0,5278.0,3316.0,8594.0,0.809456531977018
2022-23,12,Arunachal Pradesh,2022-05,2022-05-01,10811.0,5520.0,3216.0,8736.0,0.8080658588474702
2022-23,12,Arunachal Pradesh,2022-06,2022-06-01,14133.0,7970.0,3833.0,11803.0,0.8351376211703107
2022-23,12,Arunachal Pradesh,2022-07,2022-07-01,11019.0,5813.0,3077.0,8890.0,0.806788274798076
2022-23,12,Arunachal Pradesh,2022-08,2022-08-01,11175.0,5899.0,3189.0,9088.0,0.8132438478747204
2022-23,12,Arunachal Pradesh,2022-09,2022-09-01,14571.0,7734.0,4480.0,12214.0,0.8382403404021687
2022-23,12,Arunachal Pradesh,2022-10,2022-10-01,11345.0,5990.0,3230.0,9220.0,0.8126928162185985
2022-23,12,Arunachal Pradesh,2022-11,2022-11-01,11441.0,6248.0,3094.0,9342.0,0.8165370159951053
2022-23,12,Arunachal Pradesh,2022-12,2022-12-01,14790.0,8485.0,4009.0,12494.0,0.8447599729546991
2022-23,12,Arunachal Pradesh,2023-01,2023-01-01,11740.0,6260.0,3221.0,9481.0,0.8075809199318569
2022-23,12,Arunachal Pradesh,2023-02,2023-02-01,9242.0,6453.0,3127.0,9580.0,1.0365721705258601
2022-23,12,Arunachal Pradesh,2023-03,2023-03-01,12544.0,7222.0,5678.0,12900.0,1.0283801020408163
2022-23,13,Nagaland,2022-04,2022-04-01,6106.0,4016.0,1580.0,5596.0,0.9164755977726826
2022-23,13,Nagaland,2022-05,2022-05-01,6184.0,4054.0,1611.0,5665.0,0.9160737386804657
2022-23,13,Nagaland,2022-06,2022-06-01,7446.0,4961.0,1912.0,6873.0,0.9230459307010476
2022-23,13,Nagaland,2022-07,2022-07-01,6325.0,4199.0,1599.0,5798.0,0.9166798418972332
2022-23,13,Nagaland,2022-08,2022-08-01,6418.0,4299.0,1576.0,5875.0,0.9153942038018075
2022-23,13,Nagaland,2022-09,2022-09-01,7662.0,5004.0,2089.0,7093.0,0.9257374053771861
2022-23,13,Nagaland,2022-10,2022-10-01,6546.0,4240.0,1766.0,6006.0,0.9175068744271311
2022-23,13,Nagaland,2022-11,2022-11-01,6648.0,4473.0,1592.0,6065.0,0.9123044524669074
2022-23,13,Nagaland,2022-12,2022-12-01,7880.0,5237.0,2017.0,7254.0,0.9205583756345178
2022-23,13,Nagaland,2023-01,2023-01-01,6715.0,4420.0,1669.0,6089.0,0.9067758749069248
2022-23,13,Nagaland,2023-02,2023-02-01,6117.0,4458.0,1680.0,6138.0,1.0034330554193231
2022-23,13,Nagaland,2023-03,2023-03-01,7349.0,4846.0,2550.0,7396.0,1.006395427949381
2022-23,14,Manipur,2022-04,2022-04-01,9012.0,4941.0,2765.0,7706.0,0.8550821127385708
2022-23,14,Manipur,2022-05,2022-05-01,9118.0,4850.0,2979.0,7829.0,0.8586312787892082
2022-23,14,Manipur,2022-06,2022-06-01,11079.0,6320.0,3335.0,9655.0,0.8714685440924271
2022-23,14,Manipur,2022-07,2022-07-01,9156.0,5135.0,2804.0,7939.0,0.8670816950633464
2022-23,14,Manipur,2022-08,2022-08-01,9166.0,4932.0,3178.0,8110.0,0.8847916212088152
2022-23,14,Manipur,2022-09,2022-09-01,11322.0,6266.0,3785.0,10051.0,0.8877406818583289
2022-23,14,Manipur,2022-10,2022-10-01,9569.0,5108.0,3118.0,8226.0,0.8596509562127704
2022-23,14,Manipur,2022-11,2022-11-01,9502.0,5491.0,2849.0,8340.0,0.8777099557987792
2022-23,14,Manipur,2022-12,2022-12-01,11767.0,7126.0,3218.0,10344.0,0.8790685816265829
2022-23,14,Manipur,2023-01,2023-01-01,9805.0,5588.0,2846.0,8434.0,0.8601733809280979
2022-23,14,Manipur,2023-02,2023-02-01,8694.0,5682.0,2851.0,8533.0,0.9814814814814815
2022-23,14,Manipur,2023-03,2023-03-01,11229.0,5986.0,4616.0,10602.0,0.9441624365482234
2022-23,15,Mizoram,2022-04,2022-04-01,6298.0,3975.0,1132.0,5107.0,0.8108923467767545
2022-23,15,Mizoram,2022-05,2022-05-01,6340.0,3877.0,1298.0,5175.0,0.8162460567823344
2022-23,15,Mizoram,2022-06,2022-06-01,7252.0,4700.0,1355.0,6055.0,0.834942084942085
2022-23,15,Mizoram,2022-07,2022-07-01,6353.0,4040.0,1166.0,5206.0,0.8194553754131906
2022-23,15,Mizoram,2022-08,2022-08-01,6421.0,4122.0,1154.0,5276.0,0.8216788662202149
2022-23,15,Mizoram,2022-09,2022-09-01,7434.0,4668.0,1553.0,6221.0,0.8368307775087436
2022-23,15,Mizoram,2022-10,2022-10-01,6545.0,3921.0,1414.0,5335.0,0.8151260504201681
2022-23,15,Mizoram,2022-11,2022-11-01,6623.0,4123.0,1304.0,5427.0,0.8194171825456742
2022-23,15,Mizoram,2022-12,2022-12-01,7610.0,4969.0,1412.0,6381.0,0.8385019710906702
2022-23,15,Mizoram,2023-01,2023-01-01,6365.0,4143.0,1298.0,5441.0,0.8548311076197957
2022-23,15,Mizoram,2023-02,2023-02-01,5683.0,4189.0,1297.0,5486.0,0.9653352102762626
2022-23,15,Mizoram,2023-03,2023-03-01,6688.0,4889.0,1603.0,6492.0,0.9706937799043063
2022-23,16,Tripura,2022-04,2022-04-01,18977.0,14262.0,3222.0,17484.0,0.921325815460821
2022-23,16,Tripura,2022-05,2022-05-01,19277.0,14036.0,3666.0,17702.0,0.9182964154173368
2022-23,16,Tripura,2022-06,2022-06-01,26614.0,20405.0,4368.0,24773.0,0.9308258811152025
2022-23,16,Tripura,2022-07,2022-07-01,19402.0,14660.0,3188.0,17848.0,0.9199051644160395
2022-23,16,Tripura,2022-08,2022-08-01,19474.0,14471.0,3575.0,18046.0,0.9266714593817398
2022-23,16,Tripura,2022-09,2022-09-01,27081.0,19652.0,5527.0,25179.0,0.9297662567852
2022-23,16,Tripura,2022-10,2022-10-01,19543.0,14504.0,3606.0,18110.0,0.9266745126132119
2022-23,16,Tripura,2022-11,2022-11-01,19594.0,14994.0,3307.0,18301.0,0.9340104113504134
2022-23,16,Tripura,2022-12,2022-12-01,26830.0,20966.0,4452.0,25418.0,0.9473723443906076
2022-23,16,Tripura,2023-01,2023-01-01,19719.0,14900.0,3485.0,18385.0,0.932349510624271
2022-23,16,Tripura,2023-02,2023-02-01,18241.0,14921.0,3477.0,18398.0,1.0086069842662135
2022-23,16,Tripura,2023-03,2023-03-01,25358.0,18273.0,7378.0,25651.0,1.0115545390014986
2022-23,17,Meghalaya,2022-04,2022-04-01,16008.0,9574.0,3348.0,12922.0,0.8072213893053474
2022-23,17,Meghalaya,2022-05,2022-05-01,16365.0,9807.0,3589.0,13396.0,0.8185762297586312
2022-23,17,Meghalaya,2022-06,2022-06-01,27510.0,19113.0,5023.0,24136.0,0.87735368956743
2022-23,17,Meghalaya,2022-07,2022-07-01,16566.0,9954.0,3645.0,13599.0,0.8208982252806954
2022-23,17,Meghalaya,2022-08,2022-08-01,16728.0,10181.0,3629.0,13810.0,0.8255619320899091
2022-23,17,Meghalaya,2022-09,2022-09-01,28240.0,18973.0,5968.0,24941.0,0.8831798866855524
2022-23,17,Meghalaya,2022-10,2022-10-01,16538.0,9953.0,3545.0,13498.0,0.8161809166767444
2022-23,17,Meghalaya,2022-11,2022-11-01,16671.0,10197.0,3414.0,13611.0,0.8164477235918661
2022-23,17,Meghalaya,2022-12,2022-12-01,28406.0,19544.0,5529.0,25073.0,0.8826656340209815
2022-23,17,Meghalaya,2023-01,2023-01-01,16717.0,9971.0,3333.0,13304.0,0.7958365735478854
2022-23,17,Meghalaya,2023-02,2023-02-01,13719.0,10138.0,3274.0,13412.0,0.9776222756760696
2022-23,17,Meghalaya,2023-03,2023-03-01,25779.0,18498.0,6613.0,25111.0,0.9740874355095233
2022-23,18,Assam,2022-04,2022-04-01,118506.0,80202.0,32539.0,112741.0,0.9513526741262046
2022-23,18,Assam,2022-05,2022-05-01,121212.0,79882.0,34879.0,114761.0,0.9467791967791968
2022-23,18,Assam,2022-06,2022-06-01,178312.0,122088.0,46469.0,168557.0,0.9452925209744717
2022-23,18,Assam,2022-07,2022-07-01,121489.0,82934.0,32047.0,114981.0,0.9464313641564257
2022-23,18,Assam,2022-08,2022-08-01,123451.0,81485.0,35397.0,116882.0,0.9467886043855457
2022-23,18,Assam,2022-09,2022-09-01,182601.0,119697.0,53444.0,173141.0,0.9481930548025477
2022-23,18,Assam,2022-10,2022-10-01,124689.0,83564.0,33807.0,117371.0,0.94130997922832
2022-23,18,Assam,2022-11,2022-11-01,127177.0,88210.0,31097.0,119307.0,0.9381177414155075
2022-23,18,Assam,2022-12,2022-12-01,185152.0,132360.0,44003.0,176363.0,0.9525308935361216
2022-23,18,Assam,2023-01,2023-01-01,127611.0,88800.0,30383.0,119183.0,0.9339555367483995
2022-23,18,Assam,2023-02,2023-02-01,122070.0,89591.0,31259.0,120850.0,0.9900057344146801
2022-23,18,Assam,2023-03,2023-03-01,180737.0,113403.0,65887.0,179290.0,0.9919938916768565
2022-23,19,West Bengal,2022-04,2022-04-01,364360.0,294655.0,55190.0,349845.0,0.9601630255790976
2022-23,19,West Bengal,2022-05,2022-05-01,368904.0,291461.0,63520.0,354981.0,0.9622584737492681
2022-23,19,West Bengal,2022-06,2022-06-01,633580.0,509259.0,99949.0,609208.0,0.9615328766690868
2022-23,19,West Bengal,2022-07,2022-07-01,370844.0,295247.0,61803.0,357050.0,0.9628037665433443
2022-23,19,West Bengal,2022-08,2022-08-01,375522.0,295194.0,66526.0,361720.0,0.9632458284734317
2022-23,19,West Bengal,2022-09,2022-09-01,643156.0,504527.0,116191.0,620718.0,0.9651126631796951
2022-23,19,West Bengal,2022-10,2022-10-01,378725.0,297944.0,65127.0,363071.0,0.9586665786520563
2022-23,19,West Bengal,2022-11,2022-11-01,382864.0,310470.0,58054.0,368524.0,0.9625454469472189
2022-23,19,West Bengal,2022-12,2022-12-01,653033.0,540561.0,88390.0,628951.0,0.9631228437154018
2022-23,19,West Bengal,2023-01,2023-01-01,393378.0,316664.0,54863.0,371527.0,0.9444529180584578
2022-23,19,West Bengal,2023-02,2023-02-01,381893.0,318657.0,57989.0,376646.0,0.9862605494209111
2022-23,19,West Bengal,2023-03,2023-03-01,643514.0,505875.0,133737.0,639612.0,0.993936417855711
2022-23,20,Jharkhand,2022-04,2022-04-01,120558.0,93649.0,22288.0,115937.0,0.9616699016241146
2022-23,20,Jharkhand,2022-05,2022-05-01,121339.0,91708.0,25247.0,116955.0,0.9638698192666826
2022-23,20,Jharkhand,2022-06,2022-06-01,168897.0,131764.0,30925.0,162689.0,0.9632438705246392
2022-23,20,Jharkhand,2022-07,2022-07-01,122532.0,94590.0,23588.0,118178.0,0.9644664250971174
2022-23,20,Jharkhand,2022-08,2022-08-01,124179.0,94879.0,24603.0,119482.0,0.962175569138099
2022-23,20,Jharkhand,2022-09,2022-09-01,172673.0,128664.0,37470.0,166134.0,0.9621307326565242
2022-23,20,Jharkhand,2022-10,2022-10-01,125793.0,96079.0,24705.0,120784.0,0.9601806141836191
2022-23,20,Jharkhand,2022-11,2022-11-01,126934.0,100460.0,21695.0,122155.0,0.9623505128649534
2022-23,20,Jharkhand,2022-12,2022-12-01,175834.0,140756.0,28293.0,169049.0,0.9614124685783182
2022-23,20,Jharkhand,2023-01,2023-01-01,130198.0,101727.0,22058.0,123785.0,0.9507442510637644
2022-23,20,Jharkhand,2023-02,2023-02-01,127545.0,102787.0,22788.0,125575.0,0.9845544709710299
2022-23,20,Jharkhand,2023-03,2023-03-01,174166.0,130006.0,42581.0,172587.0,0.990933936589231
2022-23,21,Odisha,2022-04,2022-04-01,158626.0,118469.0,33465.0,151934.0,0.9578127167047016
2022-23,21,Odisha,2022-05,2022-05-01,160653.0,115438.0,39616.0,155054.0,0.9651484877344338
2022-23,21,Odisha,2022-06,2022-06-01,275749.0,205599.0,59330.0,264929.0,0.9607614170858281
2022-23,21,Odisha,2022-07,2022-07-01,161454.0,119173.0,35697.0,154870.0,0.9592205829524199
2022-23,21,Odisha,2022-08,2022-08-01,163696.0,119526.0,38329.0,157855.0,0.9643180041051705
2022-23,21,Odisha,2022-09,2022-09-01,281667.0,202799.0,68176.0,270975.0,0.9620402816091342
2022-23,21,Odisha,2022-10,2022-10-01,165324.0,119712.0,38745.0,158457.0,0.9584633809973143
2022-23,21,Odisha,2022-11,2022-11-01,168552.0,127492.0,34428.0,161920.0,0.9606530922207983
2022-23,21,Odisha,2022-12,2022-12-01,288456.0,221373.0,55831.0,277204.0,0.9609923177191668
2022-23,21,Odisha,2023-01,2023-01-01,173481.0,127682.0,35281.0,162963.0,0.9393708821138914
2022-23,21,Odisha,2023-02,2023-02-01,168414.0,130520.0,35310.0,165830.0,0.984656857505908
2022-23,21,Odisha,2023-03,2023-03-01,284492.0,204680.0,78341.0,283021.0,0.9948293800880166
2022-23,22,Chhattisgarh,2022-04,2022-04-01,74350.0,50760.0,20666.0,71426.0,0.9606724949562878
2022-23,22,Chhattisgarh,2022-05,2022-05-01,75353.0,49970.0,22529.0,72499.0,0.9621249319867822
2022-23,22,Chhattisgarh,2022-06,2022-06-01,132153.0,90084.0,36841.0,126925.0,0.960439793269922
2022-23,22,Chhattisgarh,2022-07,2022-07-01,74474.0,51186.0,20038.0,71224.0,0.9563606090716223
2022-23,22,Chhattisgarh,2022-08,2022-08-01,75697.0,49893.0,22603.0,72496.0,0.9577129873046488
2022-23,22,Chhattisgarh,2022-09,2022-09-01,133809.0,90391.0,38780.0,129171.0,0.9653386543506042
2022-23,22,Chhattisgarh,2022-10,2022-10-01,75434.0,50766.0,21523.0,72289.0,0.9583079248084418
2022-23,22,Chhattisgarh,2022-11,2022-11-01,76990.0,54599.0,18792.0,73391.0,0.9532536693077023
2022-23,22,Chhattisgarh,2022-12,2022-12-01,135546.0,98417.0,32606.0,131023.0,0.966631254334322
2022-23,22,Chhattisgarh,2023-01,2023-01-01,78435.0,54969.0,18412.0,73381.0,0.9355644801427934
2022-23,22,Chhattisgarh,2023-02,2023-02-01,76166.0,55063.0,19437.0,74500.0,0.9781267232098312
2022-23,22,Chhattisgarh,2023-03,2023-03-01,132970.0,83422.0,49518.0,132940.0,0.9997743851996691
2022-23,23,Madhya Pradesh,2022-04,2022-04-01,191998.0,150214.0,38780.0,188994.0,0.9843540036875384
2022-23,23,Madhya Pradesh,2022-05,2022-05-01,196288.0,146000.0,46871.0,192871.0,0.9825919057711119
2022-23,23,Madhya Pradesh,2022-06,2022-06-01,418497.0,314630.0,94437.0,409067.0,0.9774669830369155
2022-23,23,Madhya Pradesh,2022-07,2022-07-01,194320.0,147506.0,42837.0,190343.0,0.9795337587484562
2022-23,23,Madhya Pradesh,2022-08,2022-08-01,198209.0,146923.0,47428.0,194351.0,0.9805356971681407
2022-23,23,Madhya Pradesh,2022-09,2022-09-01,426405.0,319714.0,98659.0,418373.0,0.9811634478957798
2022-23,23,Madhya Pradesh,2022-10,2022-10-01,199136.0,150613.0,44762.0,195375.0,0.9811134099309015
2022-23,23,Madhya Pradesh,2022-11,2022-11-01,204506.0,161605.0,38338.0,199943.0,0.9776876962045123
2022-23,23,Madhya Pradesh,2022-12,2022-12-01,435626.0,344046.0,82512.0,426558.0,0.9791839789176955
2022-23,23,Madhya Pradesh,2023-01,2023-01-01,208760.0,161014.0,38562.0,199576.0,0.9560068978731557
2022-23,23,Madhya Pradesh,2023-02,2023-02-01,206539.0,163321.0,40472.0,203793.0,0.9867046901553702
2022-23,23,Madhya Pradesh,2023-03,2023-03-01,435831.0,306532.0,128630.0,435162.0,0.9984650013422633
2022-23,24,Gujarat,2022-04,2022-04-01,586507.0,509368.0,71712.0,581080.0,0.9907469135065736
2022-23,24,Gujarat,2022-05,2022-05-01,594451.0,507033.0,83844.0,590877.0,0.9939877298549418
2022-23,24,Gujarat,2022-06,2022-06-01,1006436.0,852249.0,139349.0,991598.0,0.9852568866773446
2022-23,24,Gujarat,2022-07,2022-07-01,599279.0,506864.0,86660.0,593524.0,0.9903967934801653
2022-23,24,Gujarat,2022-08,2022-08-01,608923.0,515988.0,85225.0,601213.0,0.9873383005733073
2022-23,24,Gujarat,2022-09,2022-09-01,1019860.0,870461.0,135709.0,1006170.0,0.9865765889435805
2022-23,24,Gujarat,2022-10,2022-10-01,610453.0,516091.0,86826.0,602917.0,0.987655069268232
2022-23,24,Gujarat,2022-11,2022-11-01,617988.0,537926.0,70934.0,608860.0,0.9852294866566988
2022-23,24,Gujarat,2022-12,2022-12-01,1027609.0,892505.0,122606.0,1015111.0,0.9878377865511104
2022-23,24,Gujarat,2023-01,2023-01-01,625585.0,540547.0,71270.0,611817.0,0.9779917996755038
2022-23,24,Gujarat,2023-02,2023-02-01,617039.0,546304.0,71303.0,617607.0,1.0009205252828428
2022-23,24,Gujarat,2023-03,2023-03-01,1025594.0,857040.0,171332.0,1028372.0,1.0027086741927118
2022-23,25,Daman and Diu,2022-04,2022-04-01,,,,0.0,
2022-23,25,Daman and Diu,2022-05,2022-05-01,,,,0.0,
2022-23,25,Daman and Diu,2022-06,2022-06-01,,,,0.0,
2022-23,25,Daman and Diu,2022-07,2022-07-01,,,,0.0,
2022-23,25,Daman and Diu,2022-08,2022-08-01,,,,0.0,
2022-23,25,Daman and Diu,2022-09,2022-09-01,,,,0.0,
2022-23,25,Daman and Diu,2022-10,2022-10-01,,,,0.0,
2022-23,25,Daman and Diu,2022-11,2022-11-01,,,,0.0,
2022-23,25,Daman and Diu,2022-12,2022-12-01,,,,0.0,
2022-23,25,Daman and Diu,2023-01,2023-01-01,,0.0,,0.0,
2022-23,25,Daman and Diu,2023-02,2023-02-01,,,,0.0,
2022-23,25,Daman and Diu,2023-03,2023-03-01,,,,0.0,
2022-23,26,Dadra and Nagar Haveli,2022-04,2022-04-01,11569.0,9131.0,1999.0,11130.0,0.9620537643703
2022-23,26,Dadra and Nagar Haveli,2022-05,2022-05-01,11640.0,8731.0,2419.0,11150.0,0.9579037800687286
2022-23,26,Dadra and Nagar Haveli,2022-06,2022-06-01,14678.0,11095.0,2988.0,14083.0,0.9594631421174546
2022-23,26,Dadra and Nagar Haveli,2022-07,2022-07-01,11636.0,8919.0,2235.0,11154.0,0.9585768305259539
2022-23,26,Dadra and Nagar Haveli,2022-08,2022-08-01,11721.0,9027.0,2178.0,11205.0,0.955976452521116
2022-23,26,Dadra and Nagar Haveli,2022-09,2022-09-01,14756.0,11120.0,3087.0,14207.0,0.9627947953374898
2022-23,26,Dadra and Nagar Haveli,2022-10,2022-10-01,11790.0,8867.0,2452.0,11319.0,0.9600508905852417
2022-23,26,Dadra and Nagar Haveli,2022-11,2022-11-01,11873.0,9312.0,2068.0,11380.0,0.958477217215531
2022-23,26,Dadra and Nagar Haveli,2022-12,2022-12-01,14870.0,11717.0,2629.0,14346.0,0.9647612642905178
2022-23,26,Dadra and Nagar Haveli,2023-01,2023-01-01,11999.0,9344.0,2145.0,11489.0,0.9574964580381699
2022-23,26,Dadra and Nagar Haveli,2023-02,2023-02-01,11707.0,9431.0,2099.0,11530.0,0.9848808405227641
2022-23,26,Dadra and Nagar Haveli,2023-03,2023-03-01,14459.0,11027.0,3420.0,14447.0,0.9991700670862439
2022-23,27,Maharashtra,2022-04,2022-04-01,804151.0,607091.0,170273.0,777364.0,0.9666890919740198
2022-23,27,Maharashtra,2022-05,2022-05-01,814447.0,597130.0,192010.0,789140.0,0.9689273826289495
2022-23,27,Maharashtra,2022-06,2022-06-01,1485608.0,1109942.0,325412.0,1435354.0,0.9661727723598689
2022-23,27,Maharashtra,2022-07,2022-07-01,815623.0,609262.0,178477.0,787739.0,0.9658126364754305
2022-23,27,Maharashtra,2022-08,2022-08-01,826349.0,604988.0,192793.0,797781.0,0.9654286506064629
2022-23,27,Maharashtra,2022-09,2022-09-01,1500292.0,1103472.0,350402.0,1453874.0,0.969060689519107
2022-23,27,Maharashtra,2022-10,2022-10-01,833041.0,605596.0,198216.0,803812.0,0.964912891442318
2022-23,27,Maharashtra,2022-11,2022-11-01,845911.0,646809.0,169622.0,816431.0,0.9651499980494402
2022-23,27,Maharashtra,2022-12,2022-12-01,1519147.0,1186626.0,287886.0,1474512.0,0.970618379919784
2022-23,27,Maharashtra,2023-01,2023-01-01,864672.0,658554.0,160463.0,819017.0,0.9471996317678842
2022-23,27,Maharashtra,2023-02,2023-02-01,838532.0,669542.0,161085.0,830627.0,0.9905728105784871
2022-23,27,Maharashtra,2023-03,2023-03-01,1502094.0,1106719.0,388446.0,1495165.0,0.9953871062663189
2022-23,29,Karnataka,2022-04,2022-04-01,650637.0,509848.0,111274.0,621122.0,0.954636763663917
2022-23,29,Karnataka,2022-05,2022-05-01,656039.0,500494.0,125851.0,626345.0,0.9547374470115344
2022-23,29,Karnataka,2022-06,2022-06-01,844882.0,648078.0,156034.0,804112.0,0.9517447406856816
2022-23,29,Karnataka,2022-07,2022-07-01,664863.0,511998.0,120144.0,632142.0,0.9507853497637859
2022-23,29,Karnataka,2022-08,2022-08-01,670009.0,510770.0,127238.0,638008.0,0.9522379550125446
2022-23,29,Karnataka,2022-09,2022-09-01,858143.0,635617.0,183034.0,818651.0,0.9539796980223576
2022-23,29,Karnataka,2022-10,2022-10-01,675943.0,514707.0,129751.0,644458.0,0.953420628662476
2022-23,29,Karnataka,2022-11,2022-11-01,678429.0,538714.0,111949.0,650663.0,0.9590730938683341
2022-23,29,Karnataka,2022-12,2022-12-01,865622.0,691741.0,140827.0,832568.0,0.9618147413074067
2022-23,29,Karnataka,2023-01,2023-01-01,690116.0,543288.0,115266.0,658554.0,0.9542656596861977
2022-23,29,Karnataka,2023-02,2023-02-01,673244.0,550019.0,114846.0,664865.0,0.9875542893809673
2022-23,29,Karnataka,2023-03,2023-03-01,856336.0,643815.0,202696.0,846511.0,0.9885266998000785
2022-23,30,Goa,2022-04,2022-04-01,25038.0,15458.0,5676.0,21134.0,0.8440770029555076
2022-23,30,Goa,2022-05,2022-05-01,25302.0,15172.0,6213.0,21385.0,0.8451901035491266
2022-23,30,Goa,2022-06,2022-06-01,37823.0,24356.0,9112.0,33468.0,0.8848584194802105
2022-23,30,Goa,2022-07,2022-07-01,25469.0,15622.0,5837.0,21459.0,0.8425536927244885
2022-23,30,Goa,2022-08,2022-08-01,25404.0,15420.0,6248.0,21668.0,0.8529365454259171
2022-23,30,Goa,2022-09,2022-09-01,37238.0,24354.0,9660.0,34014.0,0.9134217734572211
2022-23,30,Goa,2022-10,2022-10-01,24904.0,15774.0,6179.0,21953.0,0.8815049791198201
2022-23,30,Goa,2022-11,2022-11-01,25338.0,16225.0,6176.0,22401.0,0.8840871418422922
2022-23,30,Goa,2022-12,2022-12-01,38074.0,26398.0,8480.0,34878.0,0.9160582024478647
2022-23,30,Goa,2023-01,2023-01-01,25812.0,16932.0,5569.0,22501.0,0.8717263288392996
2022-23,30,Goa,2023-02,2023-02-01,22633.0,17198.0,5555.0,22753.0,1.0053019926655768
2022-23,30,Goa,2023-03,2023-03-01,35534.0,24640.0,10843.0,35483.0,0.9985647548826476
2022-23,31,Lakshadweep,2022-04,2022-04-01,178.0,122.0,49.0,171.0,0.9606741573033708
2022-23,31,Lakshadweep,2022-05,2022-05-01,176.0,119.0,51.0,170.0,0.9659090909090909
2022-23,31,Lakshadweep,2022-06,2022-06-01,221.0,154.0,61.0,215.0,0.9728506787330317
2022-23,31,Lakshadweep,2022-07,2022-07-01,178.0,120.0,55.0,175.0,0.9831460674157303
2022-23,31,Lakshadweep,2022-08,2022-08-01,175.0,127.0,48.0,175.0,1.0
2022-23,31,Lakshadweep,2022-09,2022-09-01,221.0,157.0,62.0,219.0,0.9909502262443439
2022-23,31,Lakshadweep,2022-10,2022-10-01,186.0,125.0,52.0,177.0,0.9516129032258065
2022-23,31,Lakshadweep,2022-11,2022-11-01,171.0,132.0,43.0,175.0,1.023391812865497
2022-23,31,Lakshadweep,2022-12,2022-12-01,218.0,171.0,48.0,219.0,1.0045871559633028
2022-23,31,Lakshadweep,2023-01,2023-01-01,181.0,125.0,53.0,178.0,0.9834254143646409
2022-23,31,Lakshadweep,2023-02,2023-02-01,184.0,131.0,54.0,185.0,1.0054347826086956
2022-23,31,Lakshadweep,2023-03,2023-03-01,224.0,154.0,73.0,227.0,1.0133928571428572
2022-23,32,Kerala,2022-04,2022-04-01,273479.0,210168.0,50298.0,260466.0,0.9524168217669364
2022-23,32,Kerala,2022-05,2022-05-01,275367.0,205112.0,57008.0,262120.0,0.9518932914982551
2022-23,32,Kerala,2022-06,2022-06-01,339208.0,253600.0,69714.0,323314.0,0.9531437937784486
2022-23,32,Kerala,2022-07,2022-07-01,277547.0,210262.0,54025.0,264287.0,0.9522243079550491
2022-23,32,Kerala,2022-08,2022-08-01,278758.0,204045.0,62686.0,266731.0,0.9568550498999132
2022-23,32,Kerala,2022-09,2022-09-01,343140.0,246257.0,81788.0,328045.0,0.9560092090691846
2022-23,32,Kerala,2022-10,2022-10-01,282101.0,206198.0,62405.0,268603.0,0.9521518888624996
2022-23,32,Kerala,2022-11,2022-11-01,282756.0,215115.0,55714.0,270829.0,0.9578187553933427
2022-23,32,Kerala,2022-12,2022-12-01,343988.0,265481.0,66665.0,332146.0,0.9655743805016455
2022-23,32,Kerala,2023-01,2023-01-01,285285.0,216852.0,56491.0,273343.0,0.9581401055085266
2022-23,32,Kerala,2023-02,2023-02-01,276279.0,219953.0,55316.0,275269.0,0.9963442751711132
2022-23,32,Kerala,2023-03,2023-03-01,339189.0,241774.0,95103.0,336877.0,0.993183741218023
2022-23,33,Tamil Nadu,2022-04,2022-04-01,872690.0,721448.0,119469.0,840917.0,0.9635918825699847
2022-23,33,Tamil Nadu,2022-05,2022-05-01,878008.0,698524.0,149459.0,847983.0,0.9658032728631174
2022-23,33,Tamil Nadu,2022-06,2022-06-01,999035.0,799487.0,161241.0,960728.0,0.9616559980381068
2022-23,33,Tamil Nadu,2022-07,2022-07-01,889467.0,710694.0,146270.0,856964.0,0.9634578910740926
2022-23,33,Tamil Nadu,2022-08,2022-08-01,894020.0,709376.0,152995.0,862371.0,0.9645992259680991
2022-23,33,Tamil Nadu,2022-09,2022-09-01,1012178.0,787204.0,189442.0,976646.0,0.9648955025697061
2022-23,33,Tamil Nadu,2022-10,2022-10-01,904846.0,719755.0,152668.0,872423.0,0.9641673831790161
2022-23,33,Tamil Nadu,2022-11,2022-11-01,910192.0,744406.0,133923.0,878329.0,0.9649931003568478
2022-23,33,Tamil Nadu,2022-12,2022-12-01,1025826.0,827964.0,163875.0,991839.0,0.9668686502389294
2022-23,33,Tamil Nadu,2023-01,2023-01-01,923071.0,752539.0,137780.0,890319.0,0.9645184389933169
2022-23,33,Tamil Nadu,2023-02,2023-02-01,907892.0,761687.0,135468.0,897155.0,0.9881737034801497
2022-23,33,Tamil Nadu,2023-03,2023-03-01,1023930.0,795715.0,214716.0,1010431.0,0.9868164815954216
2022-23,34,Puducherry,2022-04,2022-04-01,17959.0,14133.0,3071.0,17204.0,0.9579597973161089
2022-23,34,Puducherry,2022-05,2022-05-01,18024.0,13562.0,3795.0,17357.0,0.9629937860630271
2022-23,34,Puducherry,2022-06,2022-06-01,20468.0,15286.0,4296.0,19582.0,0.9567129177252296
2022-23,34,Puducherry,2022-07,2022-07-01,18235.0,13741.0,3775.0,17516.0,0.9605703317795449
2022-23,34,Puducherry,2022-08,2022-08-01,18317.0,13713.0,3861.0,17574.0,0.9594365889610744
2022-23,34,Puducherry,2022-09,2022-09-01,20712.0,14847.0,4968.0,19815.0,0.9566917728852838
2022-23,34,Puducherry,2022-10,2022-10-01,18585.0,13952.0,3796.0,17748.0,0.9549636803874092
2022-23,34,Puducherry,2022-11,2022-11-01,18498.0,14356.0,3450.0,17806.0,0.9625905503297654
2022-23,34,Puducherry,2022-12,2022-12-01,20775.0,15945.0,4077.0,20022.0,0.963754512635379
2022-23,34,Puducherry,2023-01,2023-01-01,18672.0,14396.0,3582.0,17978.0,0.9628320479862896
2022-23,34,Puducherry,2023-02,2023-02-01,18422.0,14642.0,3450.0,18092.0,0.9820866355444577
2022-23,34,Puducherry,2023-03,2023-03-01,20562.0,15388.0,5002.0,20390.0,0.9916350549557436
2022-23,35,Andaman and Nicobar Islands,2022-04,2022-04-01,3356.0,2179.0,1002.0,3181.0,0.9478545887961859
2022-23,35,Andaman and Nicobar Islands,2022-05,2022-05-01,3369.0,2098.0,1129.0,3227.0,0.9578509943603443
2022-23,35,Andaman and Nicobar Islands,2022-06,2022-06-01,4189.0,2651.0,1387.0,4038.0,0.9639532107901647
2022-23,35,Andaman and Nicobar Islands,2022-07,2022-07-01,3398.0,2175.0,1107.0,3282.0,0.9658622719246616
2022-23,35,Andaman and Nicobar Islands,2022-08,2022-08-01,3433.0,2179.0,1159.0,3338.0,0.9723274104281969
2022-23,35,Andaman and Nicobar Islands,2022-09,2022-09-01,4306.0,2755.0,1426.0,4181.0,0.9709707385044124
2022-23,35,Andaman and Nicobar Islands,2022-10,2022-10-01,3505.0,2170.0,1168.0,3338.0,0.9523537803138373
2022-23,35,Andaman and Nicobar Islands,2022-11,2022-11-01,3511.0,2330.0,1039.0,3369.0,0.95955568214184
2022-23,35,Andaman and Nicobar Islands,2022-12,2022-12-01,4405.0,2987.0,1274.0,4261.0,0.9673098751418843
2022-23,35,Andaman and Nicobar Islands,2023-01,2023-01-01,3534.0,2376.0,1021.0,3397.0,0.9612337294850029
2022-23,35,Andaman and Nicobar Islands,2023-02,2023-02-01,3464.0,2407.0,1045.0,3452.0,0.9965357967667436
2022-23,35,Andaman and Nicobar Islands,2023-03,2023-03-01,4361.0,2650.0,1683.0,4333.0,0.9935794542536116
2022-23,36,Telangana,2022-04,2022-04-01,340147.0,237158.0,67398.0,304556.0,0.895365827127683
2022-23,36,Telangana,2022-05,2022-05-01,343940.0,229566.0,78202.0,307768.0,0.8948304936907601
2022-23,36,Telangana,2022-06,2022-06-01,415294.0,284707.0,88830.0,373537.0,0.8994519545189673
2022-23,36,Telangana,2022-07,2022-07-01,349377.0,235401.0,76581.0,311982.0,0.8929666234468783
2022-23,36,Telangana,2022-08,2022-08-01,352323.0,237661.0,77405.0,315066.0,0.894253284628026
2022-23,36,Telangana,2022-09,2022-09-01,424236.0,282882.0,99647.0,382529.0,0.9016891541500486
2022-23,36,Telangana,2022-10,2022-10-01,358309.0,239340.0,80220.0,319560.0,0.8918559120758898
2022-23,36,Telangana,2022-11,2022-11-01,359722.0,252182.0,71137.0,323319.0,0.8988024085265844
2022-23,36,Telangana,2022-12,2022-12-01,432157.0,308232.0,82567.0,390799.0,0.904298669233635
2022-23,36,Telangana,2023-01,2023-01-01,367733.0,256213.0,71238.0,327451.0,0.890458566405517
2022-23,36,Telangana,2023-02,2023-02-01,337773.0,259602.0,71551.0,331153.0,0.9804010385673219
2022-23,36,Telangana,2023-03,2023-03-01,408499.0,287350.0,111923.0,399273.0,0.9774148773926007
2022-23,37,Andhra Pradesh,2022-04,2022-04-01,250172.0,189770.0,45800.0,235570.0,0.9416321570759317
2022-23,37,Andhra Pradesh,2022-05,2022-05-01,249985.0,187946.0,49306.0,237252.0,0.9490649438966338
2022-23,37,Andhra Pradesh,2022-06,2022-06-01,300587.0,229546.0,59167.0,288713.0,0.9604972936287997
2022-23,37,Andhra Pradesh,2022-07,2022-07-01,247712.0,188634.0,49695.0,238329.0,0.962121334452913
2022-23,37,Andhra Pradesh,2022-08,2022-08-01,250023.0,187112.0,53048.0,240160.0,0.960551629250109
2022-23,37,Andhra Pradesh,2022-09,2022-09-01,306096.0,224314.0,69229.0,293543.0,0.9589899900684753
2022-23,37,Andhra Pradesh,2022-10,2022-10-01,252706.0,191838.0,51712.0,243550.0,0.9637681732922844
2022-23,37,Andhra Pradesh,2022-11,2022-11-01,254538.0,201213.0,44670.0,245883.0,0.9659972184899701
2022-23,37,Andhra Pradesh,2022-12,2022-12-01,310997.0,242012.0,57323.0,299335.0,0.9625012459927266
2022-23,37,Andhra Pradesh,2023-01,2023-01-01,259359.0,200680.0,47780.0,248460.0,0.9579771667842643
2022-23,37,Andhra Pradesh,2023-02,2023-02-01,254394.0,203982.0,46284.0,250266.0,0.983773202198165
2022-23,37,Andhra Pradesh,2023-03,2023-03-01,309142.0,223894.0,80304.0,304198.0,0.9840073493734272
2022-23,38,Ladakh,2022-04,2022-04-01,2272.0,1547.0,819.0,2366.0,1.0413732394366197
2022-23,38,Ladakh,2022-05,2022-05-01,2410.0,1630.0,910.0,2540.0,1.053941908713693
2022-23,38,Ladakh,2022-06,2022-06-01,5863.0,4171.0,1731.0,5902.0,1.0066518847006651
2022-23,38,Ladakh,2022-07,2022-07-01,2354.0,1604.0,802.0,2406.0,1.022090059473237
2022-23,38,Ladakh,2022-08,2022-08-01,2487.0,1632.0,876.0,2508.0,1.008443908323281
2022-23,38,Ladakh,2022-09,2022-09-01,6137.0,4409.0,1761.0,6170.0,1.0053772201401336
2022-23,38,Ladakh,2022-10,2022-10-01,2383.0,1541.0,852.0,2393.0,1.0041963911036509
2022-23,38,Ladakh,2022-11,2022-11-01,2468.0,1678.0,801.0,2479.0,1.0044570502431118
2022-23,38,Ladakh,2022-12,2022-12-01,6357.0,4971.0,1416.0,6387.0,1.004719207173195
2022-23,38,Ladakh,2023-01,2023-01-01,2401.0,1657.0,669.0,2326.0,0.9687630154102457
2022-23,38,Ladakh,2023-02,2023-02-01,2316.0,1767.0,631.0,2398.0,1.035405872193437
2022-23,38,Ladakh,2023-03,2023-03-01,6380.0,4629.0,1960.0,6589.0,1.032758620689655
2022-23,97,Other Territory,2022-04,2022-04-01,82.0,62.0,4.0,66.0,0.8048780487804879
2022-23,97,Other Territory,2022-05,2022-05-01,81.0,18.0,47.0,65.0,0.8024691358024691
2022-23,97,Other Territory,2022-06,2022-06-01,87.0,59.0,11.0,70.0,0.8045977011494253
2022-23,97,Other Territory,2022-07,2022-07-01,80.0,59.0,5.0,64.0,0.8
2022-23,97,Other Territory,2022-08,2022-08-01,83.0,61.0,4.0,65.0,0.7831325301204819
2022-23,97,Other Territory,2022-09,2022-09-01,87.0,58.0,12.0,70.0,0.8045977011494253
2022-23,97,Other Territory,2022-10,2022-10-01,80.0,55.0,9.0,64.0,0.8
2022-23,97,Other Territory,2022-11,2022-11-01,81.0,61.0,4.0,65.0,0.8024691358024691
2022-23,97,Other Territory,2022-12,2022-12-01,87.0,65.0,5.0,70.0,0.8045977011494253
2022-23,97,Other Territory,2023-01,2023-01-01,83.0,61.0,4.0,65.0,0.7831325301204819
2022-23,97,Other Territory,2023-02,2023-02-01,79.0,62.0,5.0,67.0,0.8481012658227848
2022-23,97,Other Territory,2023-03,2023-03-01,86.0,70.0,5.0,75.0,0.872093023255814
2023-24,01,Jammu and Kashmir,2023-04,2023-04-01,70249.0,55211.0,15393.0,70604.0,1.0050534527181882
2023-24,01,Jammu and Kashmir,2023-05,2023-05-01,72254.0,57600.0,14611.0,72211.0,0.9994048772386304
2023-24,01,Jammu and Kashmir,2023-06,2023-06-01,120466.0,96353.0,23845.0,120198.0,0.9977753058954394
2023-24,01,Jammu and Kashmir,2023-07,2023-07-01,70979.0,55987.0,15286.0,71273.0,1.0041420701897745
2023-24,01,Jammu and Kashmir,2023-08,2023-08-01,73348.0,58028.0,14957.0,72985.0,0.9950509898020395
2023-24,01,Jammu and Kashmir,2023-09,2023-09-01,123554.0,98004.0,25335.0,123339.0,0.9982598701782217
2023-24,01,Jammu and Kashmir,2023-10,2023-10-01,71950.0,56948.0,15060.0,72008.0,1.0008061153578873
2023-24,01,Jammu and Kashmir,2023-11,2023-11-01,73532.0,58535.0,14445.0,72980.0,0.9924930642441386
2023-24,01,Jammu and Kashmir,2023-12,2023-12-01,125499.0,103639.0,22091.0,125730.0,1.00184065211675
2023-24,01,Jammu and Kashmir,2024-01,2024-01-01,72481.0,58372.0,13998.0,72370.0,0.998468564175439
2023-24,01,Jammu and Kashmir,2024-02,2024-02-01,73790.0,60154.0,13136.0,73290.0,0.9932240140940507
2023-24,01,Jammu and Kashmir,2024-03,2024-03-01,128129.0,97200.0,30679.0,127879.0,0.9980488414020245
2023-24,02,Himachal Pradesh,2023-04,2023-04-01,44514.0,36718.0,8351.0,45069.0,1.012467987599407
2023-24,02,Himachal Pradesh,2023-05,2023-05-01,46110.0,37682.0,8437.0,46119.0,1.0001951854261548
2023-24,02,Himachal Pradesh,2023-06,2023-06-01,102242.0,84466.0,17893.0,102359.0,1.0011443438117407
2023-24,02,Himachal Pradesh,2023-07,2023-07-01,44890.0,36437.0,8654.0,45091.0,1.0044776119402985
2023-24,02,Himachal Pradesh,2023-08,2023-08-01,46425.0,37204.0,8811.0,46015.0,0.9911685514270329
2023-24,02,Himachal Pradesh,2023-09,2023-09-01,103964.0,86885.0,17237.0,104122.0,1.0015197568389058
2023-24,02,Himachal Pradesh,2023-10,2023-10-01,45569.0,36989.0,8674.0,45663.0,1.0020628058548575
2023-24,02,Himachal Pradesh,2023-11,2023-11-01,46951.0,38585.0,7773.0,46358.0,0.9873698110796362
2023-24,02,Himachal Pradesh,2023-12,2023-12-01,105644.0,90714.0,15115.0,105829.0,1.0017511642876074
2023-24,02,Himachal Pradesh,2024-01,2024-01-01,46072.0,38650.0,7540.0,46190.0,1.00256120854315
2023-24,02,Himachal Pradesh,2024-02,2024-02-01,47252.0,39815.0,7175.0,46990.0,0.9944552611529671
2023-24,02,Himachal Pradesh,2024-03,2024-03-01,107665.0,87890.0,19603.0,107493.0,0.9984024520503413
2023-24,03,Punjab,2023-04,2023-04-01,165970.0,141211.0,24305.0,165516.0,0.997264565885401
2023-24,03,Punjab,2023-05,2023-05-01,170538.0,143825.0,24742.0,168567.0,0.988442458572283
2023-24,03,Punjab,2023-06,2023-06-01,344875.0,289002.0,54189.0,343191.0,0.9951170714026821
2023-24,03,Punjab,2023-07,2023-07-01,167705.0,140142.0,27001.0,167143.0,0.9966488774932173
2023-24,03,Punjab,2023-08,2023-08-01,171864.0,142458.0,27600.0,170058.0,0.9894916911045943
2023-24,03,Punjab,2023-09,2023-09-01,349048.0,289469.0,58533.0,348002.0,0.997003277486191
2023-24,03,Punjab,2023-10,2023-10-01,170526.0,142444.0,27727.0,170171.0,0.9979182060213692
2023-24,03,Punjab,2023-11,2023-11-01,174892.0,147326.0,25062.0,172388.0,0.9856825926857717
2023-24,03,Punjab,2023-12,2023-12-01,353589.0,301910.0,50857.0,352767.0,0.9976752670473347
2023-24,03,Punjab,2024-01,2024-01-01,172980.0,147717.0,24610.0,172327.0,0.9962249971094924
2023-24,03,Punjab,2024-02,2024-02-01,177212.0,150751.0,24016.0,174767.0,0.9862029659391012
2023-24,03,Punjab,2024-03,2024-03-01,359260.0,291706.0,65655.0,357361.0,0.9947141346100318
2023-24,04,Chandigarh,2023-04,2023-04-01,16508.0,14192.0,2406.0,16598.0,1.0054519021080688
2023-24,04,Chandigarh,2023-05,2023-05-01,16836.0,14405.0,2388.0,16793.0,0.9974459491565693
2023-24,04,Chandigarh,2023-06,2023-06-01,27790.0,23287.0,4527.0,27814.0,1.0008636200071968
2023-24,04,Chandigarh,2023-07,2023-07-01,16731.0,14066.0,2682.0,16748.0,1.0010160779391548
2023-24,04,Chandigarh,2023-08,2023-08-01,16980.0,14392.0,2583.0,16975.0,0.9997055359246172
2023-24,04,Chandigarh,2023-09,2023-09-01,28086.0,23262.0,4831.0,28093.0,1.000249234494054
2023-24,04,Chandigarh,2023-10,2023-10-01,17018.0,14472.0,2732.0,17204.0,1.01092960394876
2023-24,04,Chandigarh,2023-11,2023-11-01,17260.0,14856.0,2429.0,17285.0,1.0014484356894553
2023-24,04,Chandigarh,2023-12,2023-12-01,28368.0,24427.0,4018.0,28445.0,1.002714326001128
2023-24,04,Chandigarh,2024-01,2024-01-01,17209.0,14995.0,2316.0,17311.0,1.005927131152304
2023-24,04,Chandigarh,2024-02,2024-02-01,17487.0,15092.0,2343.0,17435.0,0.9970263624406702
2023-24,04,Chandigarh,2024-03,2024-03-01,28574.0,23743.0,4903.0,28646.0,1.00251977322041
2023-24,05,Uttarakhand,2023-04,2023-04-01,85383.0,67159.0,18146.0,85305.0,0.9990864692034714
2023-24,05,Uttarakhand,2023-05,2023-05-01,88261.0,68869.0,18257.0,87126.0,0.9871404130929856
2023-24,05,Uttarakhand,2023-06,2023-06-01,157146.0,123401.0,32083.0,155484.0,0.9894238478866786
2023-24,05,Uttarakhand,2023-07,2023-07-01,86469.0,67065.0,18327.0,85392.0,0.9875446691878014
2023-24,05,Uttarakhand,2023-08,2023-08-01,88169.0,68708.0,17838.0,86546.0,0.9815921695834137
2023-24,05,Uttarakhand,2023-09,2023-09-01,157930.0,123425.0,33720.0,157145.0,0.9950294434243019
2023-24,05,Uttarakhand,2023-10,2023-10-01,87312.0,67332.0,19573.0,86905.0,0.9953385559831409
2023-24,05,Uttarakhand,2023-11,2023-11-01,89337.0,70940.0,16967.0,87907.0,0.9839931943091889
2023-24,05,Uttarakhand,2023-12,2023-12-01,160173.0,130441.0,29813.0,160254.0,1.000505703208406
2023-24,05,Uttarakhand,2024-01,2024-01-01,88523.0,71360.0,17201.0,88561.0,1.000429266970166
2023-24,05,Uttarakhand,2024-02,2024-02-01,90782.0,73581.0,16163.0,89744.0,0.9885660152893746
2023-24,05,Uttarakhand,2024-03,2024-03-01,163900.0,123360.0,39428.0,162788.0,0.9932153752287981
2023-24,06,Haryana,2023-04,2023-04-01,284262.0,234795.0,48199.0,282994.0,0.9955393263960712
2023-24,06,Haryana,2023-05,2023-05-01,290906.0,239596.0,47674.0,287270.0,0.9875011171993703
2023-24,06,Haryana,2023-06,2023-06-01,490131.0,404254.0,81155.0,485409.0,0.990365840969047
2023-24,06,Haryana,2023-07,2023-07-01,287010.0,232157.0,51979.0,284136.0,0.9899864116232884
2023-24,06,Haryana,2023-08,2023-08-01,292338.0,238270.0,49399.0,287669.0,0.9840287612284411
2023-24,06,Haryana,2023-09,2023-09-01,495688.0,404292.0,86714.0,491006.0,0.9905545423734284
2023-24,06,Haryana,2023-10,2023-10-01,292071.0,234918.0,54933.0,289851.0,0.9923991084359625
2023-24,06,Haryana,2023-11,2023-11-01,298411.0,246094.0,47355.0,293449.0,0.9833719266380931
2023-24,06,Haryana,2023-12,2023-12-01,502913.0,423559.0,75279.0,498838.0,0.9918972068727593
2023-24,06,Haryana,2024-01,2024-01-01,298012.0,247267.0,47941.0,295208.0,0.9905909829134397
2023-24,06,Haryana,2024-02,2024-02-01,303376.0,253578.0,45499.0,299077.0,0.9858294657454776
2023-24,06,Haryana,2024-03,2024-03-01,511329.0,414266.0,92268.0,506534.0,0.9906224759401481
2023-24,07,Delhi,2023-04,2023-04-01,430635.0,354767.0,73082.0,427849.0,0.99353048405262
2023-24,07,Delhi,2023-05,2023-05-01,441093.0,358385.0,74271.0,432656.0,0.9808725144130603
2023-24,07,Delhi,2023-06,2023-06-01,754668.0,623970.0,125309.0,749279.0,0.99285911155634
2023-24,07,Delhi,2023-07,2023-07-01,429537.0,346250.0,78623.0,424873.0,0.9891417968649965
2023-24,07,Delhi,2023-08,2023-08-01,433887.0,351126.0,75965.0,427091.0,0.9843369356537531
2023-24,07,Delhi,2023-09,2023-09-01,753330.0,614205.0,135792.0,749997.0,0.9955756441400183
2023-24,07,Delhi,2023-10,2023-10-01,431686.0,344178.0,82714.0,426892.0,0.988894705874177
2023-24,07,Delhi,2023-11,2023-11-01,438911.0,356581.0,73950.0,430531.0,0.9809072909997699
2023-24,07,Delhi,2023-12,2023-12-01,759875.0,636895.0,119845.0,756740.0,0.9958743214344464
2023-24,07,Delhi,2024-01,2024-01-01,437477.0,362477.0,69787.0,432264.0,0.9880839449845363
2023-24,07,Delhi,2024-02,2024-02-01,445887.0,366665.0,70416.0,437081.0,0.9802506016098249
2023-24,07,Delhi,2024-03,2024-03-01,770088.0,623555.0,139183.0,762738.0,0.9904556362389753
2023-24,08,Rajasthan,2023-04,2023-04-01,302574.0,251018.0,52674.0,303692.0,1.0036949638766053
2023-24,08,Rajasthan,2023-05,2023-05-01,314962.0,258627.0,52663.0,311290.0,0.9883414507146894
2023-24,08,Rajasthan,2023-06,2023-06-01,695415.0,570661.0,119246.0,689907.0,0.9920795496214491
2023-24,08,Rajasthan,2023-07,2023-07-01,305324.0,248668.0,55791.0,304459.0,0.9971669439677195
2023-24,08,Rajasthan,2023-08,2023-08-01,316716.0,254712.0,55774.0,310486.0,0.9803293802649693
2023-24,08,Rajasthan,2023-09,2023-09-01,703511.0,567284.0,130700.0,697984.0,0.9921436907169895
2023-24,08,Rajasthan,2023-10,2023-10-01,311084.0,247679.0,62993.0,310672.0,0.9986755988736161
2023-24,08,Rajasthan,2023-11,2023-11-01,323550.0,265071.0,52053.0,317124.0,0.9801390820584145
2023-24,08,Rajasthan,2023-12,2023-12-01,714257.0,599948.0,112751.0,712699.0,0.997818712312235
2023-24,08,Rajasthan,2024-01,2024-01-01,316308.0,265332.0,51051.0,316383.0,1.0002371106642893
2023-24,08,Rajasthan,2024-02,2024-02-01,328067.0,275554.0,47093.0,322647.0,0.9834789844757321
2023-24,08,Rajasthan,2024-03,2024-03-01,726752.0,580052.0,143693.0,723745.0,0.995862412487341
2023-24,09,Uttar Pradesh,2023-04,2023-04-01,921236.0,752631.0,166603.0,919234.0,0.9978268326465748
2023-24,09,Uttar Pradesh,2023-05,2023-05-01,943261.0,769428.0,163796.0,933224.0,0.9893592547555766
2023-24,09,Uttar Pradesh,2023-06,2023-06-01,1440086.0,1175058.0,251661.0,1426719.0,0.9907179154578268
2023-24,09,Uttar Pradesh,2023-07,2023-07-01,938677.0,758668.0,170610.0,929278.0,0.9899869710241116
2023-24,09,Uttar Pradesh,2023-08,2023-08-01,958009.0,774571.0,169000.0,943571.0,0.9849291603732324
2023-24,09,Uttar Pradesh,2023-09,2023-09-01,1463397.0,1176992.0,274053.0,1451045.0,0.9915593649570144
2023-24,09,Uttar Pradesh,2023-10,2023-10-01,959088.0,756853.0,195010.0,951863.0,0.9924668017950387
2023-24,09,Uttar Pradesh,2023-11,2023-11-01,980581.0,797542.0,166693.0,964235.0,0.9833302909193631
2023-24,09,Uttar Pradesh,2023-12,2023-12-01,1490329.0,1236476.0,245896.0,1482372.0,0.9946609104432645
2023-24,09,Uttar Pradesh,2024-01,2024-01-01,983291.0,805756.0,169992.0,975748.0,0.9923288222916715
2023-24,09,Uttar Pradesh,2024-02,2024-02-01,1002255.0,827601.0,160485.0,988086.0,0.9858628792073874
2023-24,09,Uttar Pradesh,2024-03,2024-03-01,1522890.0,1179741.0,329000.0,1508741.0,0.9907091122799414
2023-24,10,Bihar,2023-04,2023-04-01,275195.0,207743.0,63713.0,271456.0,0.9864132705899453
2023-24,10,Bihar,2023-05,2023-05-01,285702.0,216762.0,60423.0,277185.0,0.9701892181363798
2023-24,10,Bihar,2023-06,2023-06-01,479092.0,374905.0,93724.0,468629.0,0.9781607707914137
2023-24,10,Bihar,2023-07,2023-07-01,279649.0,215044.0,57702.0,272746.0,0.9753154847684061
2023-24,10,Bihar,2023-08,2023-08-01,287758.0,217420.0,59171.0,276591.0,0.9611930858568658
2023-24,10,Bihar,2023-09,2023-09-01,485015.0,373186.0,101685.0,474871.0,0.9790851829324866
2023-24,10,Bihar,2023-10,2023-10-01,283525.0,202103.0,74539.0,276642.0,0.9757234811744996
2023-24,10,Bihar,2023-11,2023-11-01,295027.0,224078.0,58000.0,282078.0,0.956109101878811
2023-24,10,Bihar,2023-12,2023-12-01,494059.0,394788.0,91447.0,486235.0,0.9841638346837118
2023-24,10,Bihar,2024-01,2024-01-01,287237.0,226750.0,56558.0,283308.0,0.9863214000981768
2023-24,10,Bihar,2024-02,2024-02-01,298081.0,232511.0,54904.0,287415.0,0.9642177797310127
2023-24,10,Bihar,2024-03,2024-03-01,503654.0,360396.0,132127.0,492523.0,0.9778995103781565
2023-24,11,Sikkim,2023-04,2023-04-01,5644.0,4293.0,1506.0,5799.0,1.027462792345854
2023-24,11,Sikkim,2023-05,2023-05-01,5914.0,4424.0,1533.0,5957.0,1.007270882651336
2023-24,11,Sikkim,2023-06,2023-06-01,9037.0,7070.0,2199.0,9269.0,1.0256722363616244
2023-24,11,Sikkim,2023-07,2023-07-01,5910.0,4525.0,1506.0,6031.0,1.0204737732656515
2023-24,11,Sikkim,2023-08,2023-08-01,6115.0,4655.0,1487.0,6142.0,1.0044153720359772
2023-24,11,Sikkim,2023-09,2023-09-01,9431.0,7221.0,2317.0,9538.0,1.011345562506627
2023-24,11,Sikkim,2023-10,2023-10-01,6099.0,4397.0,1753.0,6150.0,1.0083620265617315
2023-24,11,Sikkim,2023-11,2023-11-01,6250.0,4737.0,1502.0,6239.0,0.99824
2023-24,11,Sikkim,2023-12,2023-12-01,9632.0,7372.0,2349.0,9721.0,1.0092400332225913
2023-24,11,Sikkim,2024-01,2024-01-01,6297.0,4603.0,1658.0,6261.0,0.9942829919009052
2023-24,11,Sikkim,2024-02,2024-02-01,6366.0,4608.0,1683.0,6291.0,0.9882186616399623
2023-24,11,Sikkim,2024-03,2024-03-01,9853.0,6635.0,3235.0,9870.0,1.0017253628336547
2023-24,12,Arunachal Pradesh,2023-04,2023-04-01,9571.0,6134.0,3690.0,9824.0,1.026434019433706
2023-24,12,Arunachal Pradesh,2023-05,2023-05-01,10057.0,6479.0,3488.0,9967.0,0.9910510092472904
2023-24,12,Arunachal Pradesh,2023-06,2023-06-01,12982.0,8941.0,4284.0,13225.0,1.0187182252349407
2023-24,12,Arunachal Pradesh,2023-07,2023-07-01,9811.0,6561.0,3465.0,10026.0,1.0219141779635104
2023-24,12,Arunachal Pradesh,2023-08,2023-08-01,10152.0,6886.0,3282.0,10168.0,1.0015760441292356
2023-24,12,Arunachal Pradesh,2023-09,2023-09-01,13231.0,9210.0,4336.0,13546.0,1.0238077242838788
2023-24,12,Arunachal Pradesh,2023-10,2023-10-01,10040.0,6428.0,3810.0,10238.0,1.0197211155378485
2023-24,12,Arunachal Pradesh,2023-11,2023-11-01,10211.0,6947.0,3442.0,10389.0,1.0174321809812947
2023-24,12,Arunachal Pradesh,2023-12,2023-12-01,13473.0,9603.0,4267.0,13870.0,1.0294663400875825
2023-24,12,Arunachal Pradesh,2024-01,2024-01-01,10213.0,6983.0,3510.0,10493.0,1.0274160383824538
2023-24,12,Arunachal Pradesh,2024-02,2024-02-01,10449.0,7298.0,3317.0,10615.0,1.015886687721313
2023-24,12,Arunachal Pradesh,2024-03,2024-03-01,13925.0,7827.0,6460.0,14287.0,1.025996409335727
2023-24,13,Nagaland,2023-04,2023-04-01,6159.0,4395.0,1826.0,6221.0,1.0100665692482547
2023-24,13,Nagaland,2023-05,2023-05-01,6265.0,4532.0,1770.0,6302.0,1.005905826017558
2023-24,13,Nagaland,2023-06,2023-06-01,7537.0,5554.0,2035.0,7589.0,1.0068992968024413
2023-24,13,Nagaland,2023-07,2023-07-01,6306.0,4587.0,1768.0,6355.0,1.0077703774183318
2023-24,13,Nagaland,2023-08,2023-08-01,6435.0,4670.0,1757.0,6427.0,0.9987567987567988
2023-24,13,Nagaland,2023-09,2023-09-01,7668.0,5664.0,2036.0,7700.0,1.0041731872717787
2023-24,13,Nagaland,2023-10,2023-10-01,6422.0,4625.0,1818.0,6443.0,1.003270009342884
2023-24,13,Nagaland,2023-11,2023-11-01,6508.0,4869.0,1622.0,6491.0,0.9973878303626306
2023-24,13,Nagaland,2023-12,2023-12-01,7781.0,5712.0,2083.0,7795.0,1.0017992545945251
2023-24,13,Nagaland,2024-01,2024-01-01,6603.0,4869.0,1635.0,6504.0,0.9850068150840527
2023-24,13,Nagaland,2024-02,2024-02-01,6608.0,4948.0,1597.0,6545.0,0.9904661016949152
2023-24,13,Nagaland,2024-03,2024-03-01,7906.0,5498.0,2436.0,7934.0,1.0035416139640778
2023-24,14,Manipur,2023-04,2023-04-01,8800.0,2487.0,5976.0,8463.0,0.9617045454545454
2023-24,14,Manipur,2023-05,2023-05-01,8763.0,3352.0,5139.0,8491.0,0.9689604016889193
2023-24,14,Manipur,2023-06,2023-06-01,10654.0,4932.0,5534.0,10466.0,0.9823540454289469
2023-24,14,Manipur,2023-07,2023-07-01,8621.0,4644.0,3741.0,8385.0,0.972624985500522
2023-24,14,Manipur,2023-08,2023-08-01,8774.0,4731.0,3688.0,8419.0,0.9595395486665147
2023-24,14,Manipur,2023-09,2023-09-01,10734.0,6888.0,3654.0,10542.0,0.9821129122414757
2023-24,14,Manipur,2023-10,2023-10-01,8589.0,5342.0,3089.0,8431.0,0.9816043776923973
2023-24,14,Manipur,2023-11,2023-11-01,8660.0,5602.0,2889.0,8491.0,0.9804849884526559
2023-24,14,Manipur,2023-12,2023-12-01,10698.0,7219.0,3501.0,10720.0,1.0020564591512433
2023-24,14,Manipur,2024-01,2024-01-01,8445.0,5698.0,2784.0,8482.0,1.0043812907045588
2023-24,14,Manipur,2024-02,2024-02-01,8623.0,5823.0,2706.0,8529.0,0.9890989214890409
2023-24,14,Manipur,2024-03,2024-03-01,11023.0,6671.0,4216.0,10887.0,0.9876621609362243
2023-24,15,Mizoram,2023-04,2023-04-01,5637.0,4232.0,1323.0,5555.0,0.98545325527763
2023-24,15,Mizoram,2023-05,2023-05-01,5804.0,4383.0,1245.0,5628.0,0.9696760854583046
2023-24,15,Mizoram,2023-06,2023-06-01,6771.0,5256.0,1361.0,6617.0,0.9772559444690592
2023-24,15,Mizoram,2023-07,2023-07-01,5821.0,4316.0,1416.0,5732.0,0.984710530836626
2023-24,15,Mizoram,2023-08,2023-08-01,5925.0,4667.0,1138.0,5805.0,0.979746835443038
2023-24,15,Mizoram,2023-09,2023-09-01,6940.0,5348.0,1451.0,6799.0,0.9796829971181557
2023-24,15,Mizoram,2023-10,2023-10-01,6076.0,4619.0,1328.0,5947.0,0.9787689269256089
2023-24,15,Mizoram,2023-11,2023-11-01,6181.0,4732.0,1275.0,6007.0,0.971849215337324
2023-24,15,Mizoram,2023-12,2023-12-01,6974.0,5406.0,1489.0,6895.0,0.9886722110696874
2023-24,15,Mizoram,2024-01,2024-01-01,6124.0,4685.0,1354.0,6039.0,0.986120182887002
2023-24,15,Mizoram,2024-02,2024-02-01,6202.0,4800.0,1329.0,6129.0,0.9882296033537569
2023-24,15,Mizoram,2024-03,2024-03-01,7084.0,5276.0,1744.0,7020.0,0.9909655561829475
2023-24,16,Tripura,2023-04,2023-04-01,18284.0,14822.0,3661.0,18483.0,1.0108838328593306
2023-24,16,Tripura,2023-05,2023-05-01,18682.0,15210.0,3634.0,18844.0,1.0086714484530563
2023-24,16,Tripura,2023-06,2023-06-01,25970.0,21501.0,4721.0,26222.0,1.0097035040431266
2023-24,16,Tripura,2023-07,2023-07-01,18895.0,15323.0,3728.0,19051.0,1.0082561524212754
2023-24,16,Tripura,2023-08,2023-08-01,19436.0,15553.0,3758.0,19311.0,0.9935686355217123
2023-24,16,Tripura,2023-09,2023-09-01,26661.0,21597.0,5234.0,26831.0,1.0063763549754323
2023-24,16,Tripura,2023-10,2023-10-01,19440.0,15278.0,4228.0,19506.0,1.003395061728395
2023-24,16,Tripura,2023-11,2023-11-01,19709.0,15980.0,3689.0,19669.0,0.9979704703434978
2023-24,16,Tripura,2023-12,2023-12-01,27081.0,22194.0,5068.0,27262.0,1.0066836527454672
2023-24,16,Tripura,2024-01,2024-01-01,19795.0,15943.0,3973.0,19916.0,1.0061126547107855
2023-24,16,Tripura,2024-02,2024-02-01,20139.0,16274.0,3839.0,20113.0,0.9987089726401509
2023-24,16,Tripura,2024-03,2024-03-01,27639.0,20238.0,7504.0,27742.0,1.0037266181844495
2023-24,17,Meghalaya,2023-04,2023-04-01,13535.0,9900.0,3459.0,13359.0,0.9869966752862948
2023-24,17,Meghalaya,2023-05,2023-05-01,13884.0,10628.0,3303.0,13931.0,1.0033851915874388
2023-24,17,Meghalaya,2023-06,2023-06-01,25920.0,21161.0,5128.0,26289.0,1.0142361111111111
2023-24,17,Meghalaya,2023-07,2023-07-01,13869.0,10461.0,3697.0,14158.0,1.0208378397865743
2023-24,17,Meghalaya,2023-08,2023-08-01,14474.0,11045.0,3377.0,14422.0,0.9964073511123394
2023-24,17,Meghalaya,2023-09,2023-09-01,27035.0,21338.0,5617.0,26955.0,0.997040872942482
2023-24,17,Meghalaya,2023-10,2023-10-01,14053.0,10721.0,3362.0,14083.0,1.0021347754927774
2023-24,17,Meghalaya,2023-11,2023-11-01,14372.0,11084.0,3126.0,14210.0,0.9887280823824103
2023-24,17,Meghalaya,2023-12,2023-12-01,27267.0,21693.0,5362.0,27055.0,0.9922250339237907
2023-24,17,Meghalaya,2024-01,2024-01-01,14007.0,10884.0,3120.0,14004.0,0.9997858213750268
2023-24,17,Meghalaya,2024-02,2024-02-01,14398.0,11052.0,3032.0,14084.0,0.9781914154743715
2023-24,17,Meghalaya,2024-03,2024-03-01,27339.0,20476.0,6592.0,27068.0,0.990087420900545
2023-24,18,Assam,2023-04,2023-04-01,120482.0,86077.0,34596.0,120673.0,1.0015852990488205
2023-24,18,Assam,2023-05,2023-05-01,123649.0,90102.0,32413.0,122515.0,0.9908288785190337
2023-24,18,Assam,2023-06,2023-06-01,182121.0,133491.0,47412.0,180903.0,0.9933121386331065
2023-24,18,Assam,2023-07,2023-07-01,122848.0,88229.0,33787.0,122016.0,0.9932274029695233
2023-24,18,Assam,2023-08,2023-08-01,125846.0,88448.0,34846.0,123294.0,0.979721246602991
2023-24,18,Assam,2023-09,2023-09-01,184102.0,132582.0,50023.0,182605.0,0.9918686380376096
2023-24,18,Assam,2023-10,2023-10-01,124176.0,88617.0,34528.0,123145.0,0.9916972683932483
2023-24,18,Assam,2023-11,2023-11-01,126536.0,92194.0,31789.0,123983.0,0.9798239236264779
2023-24,18,Assam,2023-12,2023-12-01,184835.0,136839.0,47335.0,184174.0,0.9964238374766684
2023-24,18,Assam,2024-01,2024-01-01,124975.0,92540.0,31718.0,124258.0,0.994262852570514
2023-24,18,Assam,2024-02,2024-02-01,127493.0,94281.0,31020.0,125301.0,0.9828068992023091
2023-24,18,Assam,2024-03,2024-03-01,187636.0,122553.0,62965.0,185518.0,0.9887121874267198
2023-24,19,West Bengal,2023-04,2023-04-01,382208.0,315442.0,64575.0,380017.0,0.9942675192565305
2023-24,19,West Bengal,2023-05,2023-05-01,389922.0,321793.0,63247.0,385040.0,0.9874795471914896
2023-24,19,West Bengal,2023-06,2023-06-01,650891.0,541073.0,104659.0,645732.0,0.9920739417198886
2023-24,19,West Bengal,2023-07,2023-07-01,389073.0,319004.0,67501.0,386505.0,0.99339969620097
2023-24,19,West Bengal,2023-08,2023-08-01,397763.0,324685.0,67006.0,391691.0,0.9847346284093794
2023-24,19,West Bengal,2023-09,2023-09-01,660941.0,552565.0,103823.0,656388.0,0.99311133671538
2023-24,19,West Bengal,2023-10,2023-10-01,397417.0,326204.0,68349.0,394553.0,0.9927934637924397
2023-24,19,West Bengal,2023-11,2023-11-01,405895.0,337795.0,61061.0,398856.0,0.982658076596164
2023-24,19,West Bengal,2023-12,2023-12-01,670091.0,570072.0,95979.0,666051.0,0.9939709681222401
2023-24,19,West Bengal,2024-01,2024-01-01,405395.0,341800.0,60923.0,402723.0,0.9934088974950357
2023-24,19,West Bengal,2024-02,2024-02-01,412255.0,347485.0,59334.0,406819.0,0.9868139864889449
2023-24,19,West Bengal,2024-03,2024-03-01,680839.0,548909.0,127257.0,676166.0,0.9931364096357582
2023-24,20,Jharkhand,2023-04,2023-04-01,127557.0,102140.0,24818.0,126958.0,0.9953040601456604
2023-24,20,Jharkhand,2023-05,2023-05-01,129829.0,104511.0,23849.0,128360.0,0.9886851165764198
2023-24,20,Jharkhand,2023-06,2023-06-01,176637.0,143265.0,30935.0,174200.0,0.9862033435803371
2023-24,20,Jharkhand,2023-07,2023-07-01,129740.0,104295.0,24231.0,128526.0,0.990642824109758
2023-24,20,Jharkhand,2023-08,2023-08-01,131766.0,105762.0,23798.0,129560.0,0.9832582001426772
2023-24,20,Jharkhand,2023-09,2023-09-01,178083.0,143554.0,32775.0,176329.0,0.9901506600854658
2023-24,20,Jharkhand,2023-10,2023-10-01,131984.0,101819.0,28843.0,130662.0,0.9899836343799249
2023-24,20,Jharkhand,2023-11,2023-11-01,133676.0,108792.0,23019.0,131811.0,0.9860483557257848
2023-24,20,Jharkhand,2023-12,2023-12-01,179800.0,149130.0,29809.0,178939.0,0.9952113459399332
2023-24,20,Jharkhand,2024-01,2024-01-01,134089.0,110492.0,22645.0,133137.0,0.9929002379016921
2023-24,20,Jharkhand,2024-02,2024-02-01,136058.0,111463.0,22986.0,134449.0,0.9881741610195652
2023-24,20,Jharkhand,2024-03,2024-03-01,182623.0,139477.0,41902.0,181379.0,0.9931881526423287
2023-24,21,Odisha,2023-04,2023-04-01,166894.0,127127.0,39270.0,166397.0,0.997022061907558
2023-24,21,Odisha,2023-05,2023-05-01,172134.0,127881.0,41641.0,169522.0,0.9848257752681051
2023-24,21,Odisha,2023-06,2023-06-01,289249.0,226373.0,59640.0,286013.0,0.9888124073030503
2023-24,21,Odisha,2023-07,2023-07-01,169142.0,130297.0,37540.0,167837.0,0.9922845892800133
2023-24,21,Odisha,2023-08,2023-08-01,174259.0,129624.0,41346.0,170970.0,0.9811257955112792
2023-24,21,Odisha,2023-09,2023-09-01,293307.0,227638.0,62811.0,290449.0,0.9902559434312853
2023-24,21,Odisha,2023-10,2023-10-01,172053.0,133185.0,37762.0,170947.0,0.9935717482403678
2023-24,21,Odisha,2023-11,2023-11-01,176835.0,137544.0,36079.0,173623.0,0.9818361749653632
2023-24,21,Odisha,2023-12,2023-12-01,297651.0,238591.0,57580.0,296171.0,0.9950277338224968
2023-24,21,Odisha,2024-01,2024-01-01,175428.0,138146.0,36179.0,174325.0,0.9937125202362223
2023-24,21,Odisha,2024-02,2024-02-01,179593.0,140228.0,35961.0,176189.0,0.98104603186093
2023-24,21,Odisha,2024-03,2024-03-01,302258.0,226619.0,72727.0,299346.0,0.9903658463961251
2023-24,22,Chhattisgarh,2023-04,2023-04-01,74510.0,53380.0,21211.0,74591.0,1.0010871024023622
2023-24,22,Chhattisgarh,2023-05,2023-05-01,76671.0,55646.0,20121.0,75767.0,0.9882093620795346
2023-24,22,Chhattisgarh,2023-06,2023-06-01,133745.0,97867.0,35660.0,133527.0,0.9983700325245803
2023-24,22,Chhattisgarh,2023-07,2023-07-01,74974.0,54415.0,20611.0,75026.0,1.000693573772241
2023-24,22,Chhattisgarh,2023-08,2023-08-01,77586.0,55009.0,21071.0,76080.0,0.9805892815714176
2023-24,22,Chhattisgarh,2023-09,2023-09-01,135116.0,97955.0,37176.0,135131.0,1.0001110157198259
2023-24,22,Chhattisgarh,2023-10,2023-10-01,76230.0,53599.0,22380.0,75979.0,0.9967073330709695
2023-24,22,Chhattisgarh,2023-11,2023-11-01,77611.0,58314.0,18511.0,76825.0,0.9898725696099779
2023-24,22,Chhattisgarh,2023-12,2023-12-01,136879.0,102752.0,34695.0,137447.0,1.0041496504211749
2023-24,22,Chhattisgarh,2024-01,2024-01-01,76719.0,58861.0,18029.0,76890.0,1.0022289133070035
2023-24,22,Chhattisgarh,2024-02,2024-02-01,78720.0,59824.0,18488.0,78312.0,0.9948170731707318
2023-24,22,Chhattisgarh,2024-03,2024-03-01,140181.0,91989.0,48173.0,140162.0,0.9998644609469186
2023-24,23,Madhya Pradesh,2023-04,2023-04-01,203718.0,157993.0,45710.0,203703.0,0.9999263688039348
2023-24,23,Madhya Pradesh,2023-05,2023-05-01,210874.0,165372.0,42708.0,208080.0,0.9867503817445489
2023-24,23,Madhya Pradesh,2023-06,2023-06-01,441035.0,344918.0,93369.0,438287.0,0.9937692019907717
2023-24,23,Madhya Pradesh,2023-07,2023-07-01,206418.0,161041.0,44042.0,205083.0,0.9935325407667936
2023-24,23,Madhya Pradesh,2023-08,2023-08-01,212709.0,163187.0,45940.0,209127.0,0.9831600919566168
2023-24,23,Madhya Pradesh,2023-09,2023-09-01,446806.0,347424.0,97480.0,444904.0,0.9957431189375254
2023-24,23,Madhya Pradesh,2023-10,2023-10-01,210129.0,160354.0,49118.0,209472.0,0.9968733492283312
2023-24,23,Madhya Pradesh,2023-11,2023-11-01,217332.0,172532.0,40319.0,212851.0,0.979381775348315
2023-24,23,Madhya Pradesh,2023-12,2023-12-01,453805.0,359519.0,93229.0,452748.0,0.9976708057425546
2023-24,23,Madhya Pradesh,2024-01,2024-01-01,213428.0,173225.0,40147.0,213372.0,0.999737616432708
2023-24,23,Madhya Pradesh,2024-02,2024-02-01,220509.0,178242.0,39325.0,217567.0,0.9866581409375581
2023-24,23,Madhya Pradesh,2024-03,2024-03-01,463937.0,333202.0,127730.0,460932.0,0.9935228274528654
2023-24,24,Gujarat,2023-04,2023-04-01,620995.0,549172.0,74078.0,623250.0,1.0036312691728597
2023-24,24,Gujarat,2023-05,2023-05-01,630476.0,552312.0,78129.0,630441.0,0.9999444863880623
2023-24,24,Gujarat,2023-06,2023-06-01,1032030.0,901361.0,130764.0,1032125.0,1.0000920515876477
2023-24,24,Gujarat,2023-07,2023-07-01,629419.0,550494.0,79455.0,629949.0,1.0008420463951677
2023-24,24,Gujarat,2023-08,2023-08-01,637378.0,555109.0,80041.0,635150.0,0.996504429082899
2023-24,24,Gujarat,2023-09,2023-09-01,1041984.0,899855.0,142369.0,1042224.0,1.0002303298323199
2023-24,24,Gujarat,2023-10,2023-10-01,638215.0,522882.0,115953.0,638835.0,1.0009714594611534
2023-24,24,Gujarat,2023-11,2023-11-01,645318.0,567153.0,75248.0,642401.0,0.9954797479692182
2023-24,24,Gujarat,2023-12,2023-12-01,1053133.0,918586.0,135405.0,1053991.0,1.0008147119119808
2023-24,24,Gujarat,2024-01,2024-01-01,647979.0,580247.0,69676.0,649923.0,1.003000097225373
2023-24,24,Gujarat,2024-02,2024-02-01,657743.0,592067.0,65926.0,657993.0,1.0003800876634188
2023-24,24,Gujarat,2024-03,2024-03-01,1071541.0,917244.0,153801.0,1071045.0,0.9995371152387076
2023-24,25,Daman and Diu,2023-04,2023-04-01,0.0,0.0,,0.0,
2023-24,25,Daman and Diu,2023-05,2023-05-01,0.0,0.0,,0.0,
2023-24,25,Daman and Diu,2023-06,2023-06-01,0.0,0.0,,0.0,
2023-24,25,Daman and Diu,2023-07,2023-07-01,0.0,0.0,,0.0,
2023-24,25,Daman and Diu,2023-08,2023-08-01,0.0,0.0,,0.0,
2023-24,25,Daman and Diu,2023-09,2023-09-01,0.0,0.0,,0.0,
2023-24,25,Daman and Diu,2023-10,2023-10-01,0.0,0.0,,0.0,
2023-24,25,Daman and Diu,2023-11,2023-11-01,0.0,0.0,,1.0,
2023-24,25,Daman and Diu,2023-12,2023-12-01,1.0,0.0,,0.0,
2023-24,25,Daman and Diu,2024-01,2024-01-01,1.0,0.0,,0.0,
2023-24,25,Daman and Diu,2024-02,2024-02-01,1.0,0.0,,0.0,
2023-24,25,Daman and Diu,2024-03,2024-03-01,1.0,0.0,,0.0,
2023-24,26,Dadra and Nagar Haveli,2023-04,2023-04-01,11569.0,9463.0,2118.0,11581.0,1.0010372547324746
2023-24,26,Dadra and Nagar Haveli,2023-05,2023-05-01,11660.0,9469.0,2137.0,11606.0,0.995368782161235
2023-24,26,Dadra and Nagar Haveli,2023-06,2023-06-01,14448.0,11691.0,2722.0,14413.0,0.997577519379845
2023-24,26,Dadra and Nagar Haveli,2023-07,2023-07-01,11629.0,9289.0,2334.0,11623.0,0.9994840484994411
2023-24,26,Dadra and Nagar Haveli,2023-08,2023-08-01,11769.0,9270.0,2389.0,11659.0,0.9906534115048008
2023-24,26,Dadra and Nagar Haveli,2023-09,2023-09-01,14510.0,11613.0,2877.0,14490.0,0.9986216402481047
2023-24,26,Dadra and Nagar Haveli,2023-10,2023-10-01,11749.0,9182.0,2546.0,11728.0,0.9982126138394757
2023-24,26,Dadra and Nagar Haveli,2023-11,2023-11-01,11839.0,9646.0,2112.0,11758.0,0.9931582059295548
2023-24,26,Dadra and Nagar Haveli,2023-12,2023-12-01,14639.0,11898.0,2696.0,14594.0,0.9969260195368536
2023-24,26,Dadra and Nagar Haveli,2024-01,2024-01-01,11843.0,9730.0,2100.0,11830.0,0.9989023051591658
2023-24,26,Dadra and Nagar Haveli,2024-02,2024-02-01,11921.0,9883.0,1972.0,11855.0,0.9944635517154601
2023-24,26,Dadra and Nagar Haveli,2024-03,2024-03-01,14735.0,11744.0,2950.0,14694.0,0.9972175093315235
2023-24,27,Maharashtra,2023-04,2023-04-01,836037.0,659178.0,175027.0,834205.0,0.9978087094231476
2023-24,27,Maharashtra,2023-05,2023-05-01,854298.0,674005.0,170013.0,844018.0,0.9879667282376875
2023-24,27,Maharashtra,2023-06,2023-06-01,1510524.0,1186998.0,313901.0,1500899.0,0.9936280390116278
2023-24,27,Maharashtra,2023-07,2023-07-01,845008.0,662065.0,178562.0,840627.0,0.994815433700036
2023-24,27,Maharashtra,2023-08,2023-08-01,865288.0,662910.0,186810.0,849720.0,0.9820083024380322
2023-24,27,Maharashtra,2023-09,2023-09-01,1522408.0,1187346.0,327630.0,1514976.0,0.9951182600196531
2023-24,27,Maharashtra,2023-10,2023-10-01,860909.0,660435.0,196401.0,856836.0,0.9952689540938705
2023-24,27,Maharashtra,2023-11,2023-11-01,879793.0,704595.0,161964.0,866559.0,0.9849578253066347
2023-24,27,Maharashtra,2023-12,2023-12-01,1539776.0,1236611.0,299932.0,1536543.0,0.9979003439461325
2023-24,27,Maharashtra,2024-01,2024-01-01,875330.0,712837.0,160907.0,873744.0,0.9981881119120789
2023-24,27,Maharashtra,2024-02,2024-02-01,893595.0,732267.0,151714.0,883981.0,0.9892412110631774
2023-24,27,Maharashtra,2024-03,2024-03-01,1566403.0,1191797.0,365100.0,1556897.0,0.9939313190794451
2023-24,29,Karnataka,2023-04,2023-04-01,675549.0,536439.0,131166.0,667605.0,0.9882406753618168
2023-24,29,Karnataka,2023-05,2023-05-01,681828.0,548665.0,121616.0,670281.0,0.9830646438691283
2023-24,29,Karnataka,2023-06,2023-06-01,856106.0,692206.0,152329.0,844535.0,0.9864841503271791
2023-24,29,Karnataka,2023-07,2023-07-01,679636.0,541963.0,129320.0,671283.0,0.9877095974904213
2023-24,29,Karnataka,2023-08,2023-08-01,687189.0,545134.0,130938.0,676072.0,0.9838225000691222
2023-24,29,Karnataka,2023-09,2023-09-01,863912.0,690123.0,163567.0,853690.0,0.988167776347591
2023-24,29,Karnataka,2023-10,2023-10-01,690763.0,550567.0,131941.0,682508.0,0.9880494467711791
2023-24,29,Karnataka,2023-11,2023-11-01,697437.0,571971.0,116137.0,688108.0,0.9866238814401874
2023-24,29,Karnataka,2023-12,2023-12-01,873380.0,717289.0,149934.0,867223.0,0.9929503766974284
2023-24,29,Karnataka,2024-01,2024-01-01,700086.0,577412.0,117037.0,694449.0,0.9919481320866294
2023-24,29,Karnataka,2024-02,2024-02-01,708485.0,585872.0,113088.0,698960.0,0.9865558198126989
2023-24,29,Karnataka,2024-03,2024-03-01,887779.0,689835.0,186499.0,876334.0,0.9871082780737098
2023-24,30,Goa,2023-04,2023-04-01,22737.0,16834.0,6078.0,22912.0,1.0076967058099133
2023-24,30,Goa,2023-05,2023-05-01,23122.0,17364.0,5823.0,23187.0,1.0028111755038491
2023-24,30,Goa,2023-06,2023-06-01,35582.0,26622.0,9156.0,35778.0,1.0055084031251758
2023-24,30,Goa,2023-07,2023-07-01,22911.0,17030.0,6107.0,23137.0,1.009864257343634
2023-24,30,Goa,2023-08,2023-08-01,23450.0,17022.0,6340.0,23362.0,0.9962473347547974
2023-24,30,Goa,2023-09,2023-09-01,35915.0,27137.0,9126.0,36263.0,1.0096895447584575
2023-24,30,Goa,2023-10,2023-10-01,23414.0,17672.0,5989.0,23661.0,1.010549244042026
2023-24,30,Goa,2023-11,2023-11-01,23927.0,18045.0,5871.0,23916.0,0.9995402683161282
2023-24,30,Goa,2023-12,2023-12-01,36551.0,28314.0,8716.0,37030.0,1.0131049766080271
2023-24,30,Goa,2024-01,2024-01-01,23833.0,18593.0,5572.0,24165.0,1.0139302647589477
2023-24,30,Goa,2024-02,2024-02-01,24292.0,19106.0,5298.0,24404.0,1.0046105713815248
2023-24,30,Goa,2024-03,2024-03-01,37393.0,27236.0,10290.0,37526.0,1.0035568154467414
2023-24,31,Lakshadweep,2023-04,2023-04-01,184.0,127.0,59.0,186.0,1.0108695652173914
2023-24,31,Lakshadweep,2023-05,2023-05-01,185.0,131.0,57.0,188.0,1.0162162162162163
2023-24,31,Lakshadweep,2023-06,2023-06-01,225.0,171.0,57.0,228.0,1.0133333333333334
2023-24,31,Lakshadweep,2023-07,2023-07-01,185.0,139.0,50.0,189.0,1.0216216216216216
2023-24,31,Lakshadweep,2023-08,2023-08-01,190.0,139.0,53.0,192.0,1.0105263157894737
2023-24,31,Lakshadweep,2023-09,2023-09-01,229.0,176.0,55.0,231.0,1.0087336244541485
2023-24,31,Lakshadweep,2023-10,2023-10-01,192.0,136.0,52.0,188.0,0.9791666666666666
2023-24,31,Lakshadweep,2023-11,2023-11-01,193.0,148.0,46.0,194.0,1.005181347150259
2023-24,31,Lakshadweep,2023-12,2023-12-01,241.0,183.0,58.0,241.0,1.0
2023-24,31,Lakshadweep,2024-01,2024-01-01,200.0,160.0,39.0,199.0,0.995
2023-24,31,Lakshadweep,2024-02,2024-02-01,207.0,165.0,38.0,203.0,0.9806763285024155
2023-24,31,Lakshadweep,2024-03,2024-03-01,257.0,188.0,63.0,251.0,0.9766536964980544
2023-24,32,Kerala,2023-04,2023-04-01,277722.0,217117.0,58556.0,275673.0,0.9926221185213991
2023-24,32,Kerala,2023-05,2023-05-01,279588.0,220747.0,56589.0,277336.0,0.9919452909280799
2023-24,32,Kerala,2023-06,2023-06-01,339205.0,264859.0,71930.0,336789.0,0.992877463480786
2023-24,32,Kerala,2023-07,2023-07-01,280405.0,216873.0,61809.0,278682.0,0.9938553164173249
2023-24,32,Kerala,2023-08,2023-08-01,283529.0,223158.0,57423.0,280581.0,0.9896024745264153
2023-24,32,Kerala,2023-09,2023-09-01,342699.0,267439.0,73599.0,341038.0,0.9951531810714359
2023-24,32,Kerala,2023-10,2023-10-01,284836.0,222092.0,61197.0,283289.0,0.9945688045050485
2023-24,32,Kerala,2023-11,2023-11-01,287465.0,227867.0,57506.0,285373.0,0.9927225923155862
2023-24,32,Kerala,2023-12,2023-12-01,346543.0,276490.0,69282.0,345772.0,0.9977751678723853
2023-24,32,Kerala,2024-01,2024-01-01,288959.0,227306.0,60291.0,287597.0,0.9952865285386508
2023-24,32,Kerala,2024-02,2024-02-01,291465.0,232847.0,55893.0,288740.0,0.9906506784691129
2023-24,32,Kerala,2024-03,2024-03-01,351557.0,263592.0,85054.0,348646.0,0.9917196926814144
2023-24,33,Tamil Nadu,2023-04,2023-04-01,912114.0,761287.0,143317.0,904604.0,0.991766380079683
2023-24,33,Tamil Nadu,2023-05,2023-05-01,920596.0,770694.0,138928.0,909622.0,0.9880794615662027
2023-24,33,Tamil Nadu,2023-06,2023-06-01,1028922.0,860137.0,156479.0,1016616.0,0.9880399097307667
2023-24,33,Tamil Nadu,2023-07,2023-07-01,924082.0,756869.0,157412.0,914281.0,0.9893937983858575
2023-24,33,Tamil Nadu,2023-08,2023-08-01,929406.0,771903.0,146153.0,918056.0,0.987787898937601
2023-24,33,Tamil Nadu,2023-09,2023-09-01,1036539.0,859358.0,166382.0,1025740.0,0.9895816751709294
2023-24,33,Tamil Nadu,2023-10,2023-10-01,935526.0,774463.0,150377.0,924840.0,0.9885775488869364
2023-24,33,Tamil Nadu,2023-11,2023-11-01,940174.0,786206.0,143098.0,929304.0,0.9884383103553173
2023-24,33,Tamil Nadu,2023-12,2023-12-01,1046219.0,871887.0,165470.0,1037357.0,0.9915294981261094
2023-24,33,Tamil Nadu,2024-01,2024-01-01,945246.0,797710.0,138608.0,936318.0,0.9905548396925244
2023-24,33,Tamil Nadu,2024-02,2024-02-01,950318.0,805805.0,134107.0,939912.0,0.9890499811641997
2023-24,33,Tamil Nadu,2024-03,2024-03-01,1056723.0,847976.0,199273.0,1047249.0,0.9910345473695567
2023-24,34,Puducherry,2023-04,2023-04-01,18445.0,14555.0,3672.0,18227.0,0.9881810788831662
2023-24,34,Puducherry,2023-05,2023-05-01,18615.0,14675.0,3659.0,18334.0,0.9849046467902229
2023-24,34,Puducherry,2023-06,2023-06-01,20702.0,16283.0,4075.0,20358.0,0.9833832479953628
2023-24,34,Puducherry,2023-07,2023-07-01,18543.0,14217.0,4113.0,18330.0,0.9885131855686782
2023-24,34,Puducherry,2023-08,2023-08-01,18720.0,14496.0,3881.0,18377.0,0.9816773504273504
2023-24,34,Puducherry,2023-09,2023-09-01,20718.0,15953.0,4358.0,20311.0,0.9803552466454291
2023-24,34,Puducherry,2023-10,2023-10-01,18665.0,14564.0,3825.0,18389.0,0.9852129654433431
2023-24,34,Puducherry,2023-11,2023-11-01,18792.0,15082.0,3428.0,18510.0,0.9849936143039592
2023-24,34,Puducherry,2023-12,2023-12-01,20796.0,16318.0,4231.0,20549.0,0.9881227159069051
2023-24,34,Puducherry,2024-01,2024-01-01,18829.0,14915.0,3671.0,18586.0,0.987094375697063
2023-24,34,Puducherry,2024-02,2024-02-01,18938.0,15182.0,3509.0,18691.0,0.986957440067589
2023-24,34,Puducherry,2024-03,2024-03-01,21042.0,15930.0,4844.0,20774.0,0.9872635681018914
2023-24,35,Andaman and Nicobar Islands,2023-04,2023-04-01,3455.0,2297.0,1155.0,3452.0,0.9991316931982633
2023-24,35,Andaman and Nicobar Islands,2023-05,2023-05-01,3541.0,2331.0,1145.0,3476.0,0.9816436035018357
2023-24,35,Andaman and Nicobar Islands,2023-06,2023-06-01,4395.0,2954.0,1385.0,4339.0,0.9872582480091012
2023-24,35,Andaman and Nicobar Islands,2023-07,2023-07-01,3498.0,2296.0,1190.0,3486.0,0.9965694682675815
2023-24,35,Andaman and Nicobar Islands,2023-08,2023-08-01,3551.0,2355.0,1158.0,3513.0,0.9892987890735004
2023-24,35,Andaman and Nicobar Islands,2023-09,2023-09-01,4429.0,2983.0,1397.0,4380.0,0.9889365545269813
2023-24,35,Andaman and Nicobar Islands,2023-10,2023-10-01,3560.0,2373.0,1173.0,3546.0,0.9960674157303371
2023-24,35,Andaman and Nicobar Islands,2023-11,2023-11-01,3588.0,2490.0,1093.0,3583.0,0.9986064659977704
2023-24,35,Andaman and Nicobar Islands,2023-12,2023-12-01,4449.0,3117.0,1346.0,4463.0,1.00314677455608
2023-24,35,Andaman and Nicobar Islands,2024-01,2024-01-01,3616.0,2581.0,1054.0,3635.0,1.0052544247787611
2023-24,35,Andaman and Nicobar Islands,2024-02,2024-02-01,3655.0,2613.0,1036.0,3649.0,0.9983584131326949
2023-24,35,Andaman and Nicobar Islands,2024-03,2024-03-01,4544.0,2851.0,1688.0,4539.0,0.998899647887324
2023-24,36,Telangana,2023-04,2023-04-01,336228.0,256701.0,76600.0,333301.0,0.9912945977134563
2023-24,36,Telangana,2023-05,2023-05-01,340996.0,261613.0,75646.0,337259.0,0.9890409271663011
2023-24,36,Telangana,2023-06,2023-06-01,408512.0,316711.0,87256.0,403967.0,0.9888742558358139
2023-24,36,Telangana,2023-07,2023-07-01,342556.0,259088.0,80278.0,339366.0,0.9906876539894207
2023-24,36,Telangana,2023-08,2023-08-01,347597.0,264143.0,78988.0,343131.0,0.9871517878462702
2023-24,36,Telangana,2023-09,2023-09-01,416340.0,320300.0,92021.0,412321.0,0.9903468319162223
2023-24,36,Telangana,2023-10,2023-10-01,350469.0,267772.0,79536.0,347308.0,0.9909806573477254
2023-24,36,Telangana,2023-11,2023-11-01,355186.0,278281.0,72493.0,350774.0,0.9875783392363437
2023-24,36,Telangana,2023-12,2023-12-01,424208.0,335236.0,85670.0,420906.0,0.9922160826764229
2023-24,36,Telangana,2024-01,2024-01-01,358114.0,282115.0,72265.0,354380.0,0.9895731526832238
2023-24,36,Telangana,2024-02,2024-02-01,361984.0,286188.0,71152.0,357340.0,0.9871707036775106
2023-24,36,Telangana,2024-03,2024-03-01,432310.0,320177.0,106788.0,426965.0,0.9876361869954431
2023-24,37,Andhra Pradesh,2023-04,2023-04-01,255558.0,198994.0,52292.0,251286.0,0.9832836381565045
2023-24,37,Andhra Pradesh,2023-05,2023-05-01,257610.0,203383.0,49775.0,253158.0,0.982718062187027
2023-24,37,Andhra Pradesh,2023-06,2023-06-01,310366.0,245272.0,59518.0,304790.0,0.9820341145615177
2023-24,37,Andhra Pradesh,2023-07,2023-07-01,257356.0,200421.0,53280.0,253701.0,0.9857978830880182
2023-24,37,Andhra Pradesh,2023-08,2023-08-01,260553.0,200344.0,55315.0,255659.0,0.9812168733424678
2023-24,37,Andhra Pradesh,2023-09,2023-09-01,313911.0,243407.0,64995.0,308402.0,0.9824504397743309
2023-24,37,Andhra Pradesh,2023-10,2023-10-01,261210.0,203330.0,53712.0,257042.0,0.984043489912331
2023-24,37,Andhra Pradesh,2023-11,2023-11-01,264020.0,210409.0,48948.0,259357.0,0.9823384592076357
2023-24,37,Andhra Pradesh,2023-12,2023-12-01,317407.0,248190.0,63247.0,311437.0,0.9811913410857354
2023-24,37,Andhra Pradesh,2024-01,2024-01-01,263886.0,208426.0,51075.0,259501.0,0.9833829759820528
2023-24,37,Andhra Pradesh,2024-02,2024-02-01,265781.0,211688.0,49527.0,261215.0,0.9828204423943021
2023-24,37,Andhra Pradesh,2024-03,2024-03-01,319799.0,234809.0,79686.0,314495.0,0.9834145822844974
2023-24,38,Ladakh,2023-04,2023-04-01,2214.0,1599.0,773.0,2372.0,1.071364046973803
2023-24,38,Ladakh,2023-05,2023-05-01,2377.0,1693.0,824.0,2517.0,1.058897770298696
2023-24,38,Ladakh,2023-06,2023-06-01,6689.0,4965.0,1903.0,6868.0,1.0267603528180596
2023-24,38,Ladakh,2023-07,2023-07-01,2186.0,1465.0,878.0,2343.0,1.0718206770356815
2023-24,38,Ladakh,2023-08,2023-08-01,2396.0,1588.0,868.0,2456.0,1.025041736227045
2023-24,38,Ladakh,2023-09,2023-09-01,6920.0,5103.0,2052.0,7155.0,1.0339595375722543
2023-24,38,Ladakh,2023-10,2023-10-01,2260.0,1548.0,822.0,2370.0,1.0486725663716814
2023-24,38,Ladakh,2023-11,2023-11-01,2436.0,1693.0,768.0,2461.0,1.0102627257799672
2023-24,38,Ladakh,2023-12,2023-12-01,7143.0,5632.0,1724.0,7356.0,1.0298194036119277
2023-24,38,Ladakh,2024-01,2024-01-01,2225.0,1717.0,648.0,2365.0,1.0629213483146067
2023-24,38,Ladakh,2024-02,2024-02-01,2388.0,1804.0,626.0,2430.0,1.0175879396984924
2023-24,38,Ladakh,2024-03,2024-03-01,7407.0,5758.0,1789.0,7547.0,1.0189010395571756
2023-24,97,Other Territory,2023-04,2023-04-01,84.0,65.0,3.0,68.0,0.8095238095238095
2023-24,97,Other Territory,2023-05,2023-05-01,81.0,61.0,7.0,68.0,0.8395061728395061
2023-24,97,Other Territory,2023-06,2023-06-01,86.0,68.0,6.0,74.0,0.8604651162790697
2023-24,97,Other Territory,2023-07,2023-07-01,80.0,61.0,6.0,67.0,0.8375
2023-24,97,Other Territory,2023-08,2023-08-01,81.0,62.0,5.0,67.0,0.8271604938271605
2023-24,97,Other Territory,2023-09,2023-09-01,87.0,66.0,7.0,73.0,0.8390804597701149
2023-24,97,Other Territory,2023-10,2023-10-01,81.0,58.0,8.0,66.0,0.8148148148148148
2023-24,97,Other Territory,2023-11,2023-11-01,81.0,63.0,3.0,66.0,0.8148148148148148
2023-24,97,Other Territory,2023-12,2023-12-01,87.0,67.0,3.0,70.0,0.8045977011494253
2023-24,97,Other Territory,2024-01,2024-01-01,81.0,61.0,5.0,66.0,0.8148148148148148
2023-24,97,Other Territory,2024-02,2024-02-01,80.0,63.0,2.0,65.0,0.8125
2023-24,97,Other Territory,2024-03,2024-03-01,85.0,65.0,4.0,69.0,0.8117647058823529
2024-25,01,Jammu and Kashmir,2024-04,2024-04-01,72910.0,57390.0,15628.0,73018.0,1.0014812782883007
2024-25,01,Jammu and Kashmir,2024-05,2024-05-01,74548.0,58556.0,15533.0,74089.0,0.9938428931695016
2024-25,01,Jammu and Kashmir,2024-06,2024-06-01,129395.0,103977.0,25045.0,129022.0,0.99711735383902
2024-25,01,Jammu and Kashmir,2024-07,2024-07-01,72583.0,58828.0,14213.0,73041.0,1.0063100174972102
2024-25,01,Jammu and Kashmir,2024-08,2024-08-01,74384.0,57957.0,15672.0,73629.0,0.9898499677349968
2024-25,01,Jammu and Kashmir,2024-09,2024-09-01,130621.0,103553.0,26301.0,129854.0,0.9941280498541583
2024-25,01,Jammu and Kashmir,2024-10,2024-10-01,72721.0,58214.0,14451.0,72665.0,0.9992299335817715
2024-25,01,Jammu and Kashmir,2024-11,2024-11-01,74187.0,60685.0,13027.0,73712.0,0.9935972609756426
2024-25,01,Jammu and Kashmir,2024-12,2024-12-01,132270.0,110480.0,21450.0,131930.0,0.9974295002646103
2024-25,01,Jammu and Kashmir,2025-01,2025-01-01,73561.0,60749.0,12782.0,73531.0,0.9995921752015334
2024-25,01,Jammu and Kashmir,2025-02,2025-02-01,75582.0,61965.0,12446.0,74411.0,0.9845068931756238
2024-25,01,Jammu and Kashmir,2025-03,2025-03-01,134150.0,100467.0,32879.0,133346.0,0.9940067089079389
2024-25,02,Himachal Pradesh,2024-04,2024-04-01,46541.0,38238.0,8226.0,46464.0,0.998345544788466
2024-25,02,Himachal Pradesh,2024-05,2024-05-01,47616.0,38997.0,8123.0,47120.0,0.9895833333333334
2024-25,02,Himachal Pradesh,2024-06,2024-06-01,108402.0,90958.0,16770.0,107728.0,0.9937824025386985
2024-25,02,Himachal Pradesh,2024-07,2024-07-01,46539.0,38268.0,8170.0,46438.0,0.9978297771761319
2024-25,02,Himachal Pradesh,2024-08,2024-08-01,48300.0,38705.0,8344.0,47049.0,0.9740993788819876
2024-25,02,Himachal Pradesh,2024-09,2024-09-01,109219.0,90282.0,18070.0,108352.0,0.9920618207454747
2024-25,02,Himachal Pradesh,2024-10,2024-10-01,46763.0,38369.0,8283.0,46652.0,0.9976263285075808
2024-25,02,Himachal Pradesh,2024-11,2024-11-01,48206.0,39689.0,7491.0,47180.0,0.978716342364021
2024-25,02,Himachal Pradesh,2024-12,2024-12-01,110196.0,94553.0,15014.0,109567.0,0.9942919888199209
2024-25,02,Himachal Pradesh,2025-01,2025-01-01,47206.0,39456.0,7527.0,46983.0,0.9952760242342075
2024-25,02,Himachal Pradesh,2025-02,2025-02-01,48813.0,40123.0,7380.0,47503.0,0.9731628869358573
2024-25,02,Himachal Pradesh,2025-03,2025-03-01,111276.0,89549.0,20924.0,110473.0,0.9927837089758798
2024-25,03,Punjab,2024-04,2024-04-01,177091.0,148325.0,27422.0,175747.0,0.9924106815140239
2024-25,03,Punjab,2024-05,2024-05-01,181172.0,152826.0,25281.0,178107.0,0.9830823747598967
2024-25,03,Punjab,2024-06,2024-06-01,363483.0,304234.0,56125.0,360359.0,0.9914053752169978
2024-25,03,Punjab,2024-07,2024-07-01,177513.0,150120.0,27008.0,177128.0,0.9978311447612288
2024-25,03,Punjab,2024-08,2024-08-01,182324.0,150072.0,28672.0,178744.0,0.9803646256115487
2024-25,03,Punjab,2024-09,2024-09-01,365690.0,301563.0,60724.0,362287.0,0.9906943039186196
2024-25,03,Punjab,2024-10,2024-10-01,180670.0,148377.0,29969.0,178346.0,0.9871367686943046
2024-25,03,Punjab,2024-11,2024-11-01,181581.0,152863.0,25631.0,178494.0,0.982999322616353
2024-25,03,Punjab,2024-12,2024-12-01,363376.0,307880.0,53997.0,361877.0,0.9958747963541896
2024-25,03,Punjab,2025-01,2025-01-01,179534.0,152720.0,25999.0,178719.0,0.995460469883142
2024-25,03,Punjab,2025-02,2025-02-01,184469.0,155577.0,26182.0,181759.0,0.9853091847410677
2024-25,03,Punjab,2025-03,2025-03-01,368393.0,289963.0,76778.0,366741.0,0.9955156585494296
2024-25,04,Chandigarh,2024-04,2024-04-01,17545.0,14992.0,2591.0,17583.0,1.0021658592191507
2024-25,04,Chandigarh,2024-05,2024-05-01,181172.0,15271.0,2405.0,17676.0,0.09756474510409997
2024-25,04,Chandigarh,2024-06,2024-06-01,28677.0,24289.0,4346.0,28635.0,0.9985354116539387
2024-25,04,Chandigarh,2024-07,2024-07-01,17606.0,15100.0,2518.0,17618.0,1.000681585823015
2024-25,04,Chandigarh,2024-08,2024-08-01,17849.0,15162.0,2585.0,17747.0,0.9942853941397277
2024-25,04,Chandigarh,2024-09,2024-09-01,28890.0,24153.0,4664.0,28817.0,0.9974731741086881
2024-25,04,Chandigarh,2024-10,2024-10-01,17747.0,15087.0,2750.0,17837.0,1.005071279652899
2024-25,04,Chandigarh,2024-11,2024-11-01,17937.0,15307.0,2557.0,17864.0,0.9959302001449518
2024-25,04,Chandigarh,2024-12,2024-12-01,28933.0,24647.0,4301.0,28948.0,1.0005184391525248
2024-25,04,Chandigarh,2025-01,2025-01-01,17858.0,15509.0,2395.0,17904.0,1.0025758763579349
2024-25,04,Chandigarh,2025-02,2025-02-01,18026.0,15462.0,2457.0,17919.0,0.9940641295905913
2024-25,04,Chandigarh,2025-03,2025-03-01,29023.0,23421.0,5631.0,29052.0,1.0009992075250664
2024-25,05,Uttarakhand,2024-04,2024-04-01,90468.0,71310.0,18589.0,89899.0,0.9937104832648008
2024-25,05,Uttarakhand,2024-05,2024-05-01,94129.0,73619.0,17728.0,91347.0,0.9704448150941792
2024-25,05,Uttarakhand,2024-06,2024-06-01,164995.0,131965.0,31625.0,163590.0,0.9914845904421347
2024-25,05,Uttarakhand,2024-07,2024-07-01,91074.0,71938.0,18878.0,90816.0,0.9971671388101983
2024-25,05,Uttarakhand,2024-08,2024-08-01,93800.0,72783.0,18527.0,91310.0,0.973454157782516
2024-25,05,Uttarakhand,2024-09,2024-09-01,166352.0,129443.0,34869.0,164312.0,0.9877368471674521
2024-25,05,Uttarakhand,2024-10,2024-10-01,92175.0,72447.0,19078.0,91525.0,0.9929481963656089
2024-25,05,Uttarakhand,2024-11,2024-11-01,94655.0,75583.0,17359.0,92942.0,0.9819026992763192
2024-25,05,Uttarakhand,2024-12,2024-12-01,168400.0,136042.0,31211.0,167253.0,0.993188836104513
2024-25,05,Uttarakhand,2025-01,2025-01-01,94024.0,76588.0,16881.0,93469.0,0.9940972517655067
2024-25,05,Uttarakhand,2025-02,2025-02-01,96514.0,78228.0,16622.0,94850.0,0.9827589779721077
2024-25,05,Uttarakhand,2025-03,2025-03-01,171502.0,130801.0,39570.0,170371.0,0.9934053247192453
2024-25,06,Haryana,2024-04,2024-04-01,304551.0,251146.0,50754.0,301900.0,0.9912953823825894
2024-25,06,Haryana,2024-05,2024-05-01,309950.0,258633.0,47809.0,306442.0,0.9886820454912083
2024-25,06,Haryana,2024-06,2024-06-01,517862.0,431749.0,81156.0,512905.0,0.9904279518481758
2024-25,06,Haryana,2024-07,2024-07-01,307768.0,253852.0,52532.0,306384.0,0.995503106235866
2024-25,06,Haryana,2024-08,2024-08-01,314114.0,257561.0,50962.0,308523.0,0.9822007296713932
2024-25,06,Haryana,2024-09,2024-09-01,523203.0,427777.0,91335.0,519112.0,0.9921808552320992
2024-25,06,Haryana,2024-10,2024-10-01,312916.0,256540.0,54234.0,310774.0,0.9931547124467909
2024-25,06,Haryana,2024-11,2024-11-01,318942.0,265313.0,48539.0,313852.0,0.984040985508337
2024-25,06,Haryana,2024-12,2024-12-01,530087.0,449039.0,77377.0,526416.0,0.9930747216966271
2024-25,06,Haryana,2025-01,2025-01-01,317508.0,267011.0,49691.0,316702.0,0.9974614812855109
2024-25,06,Haryana,2025-02,2025-02-01,324414.0,271376.0,49158.0,320534.0,0.9880399736139625
2024-25,06,Haryana,2025-03,2025-03-01,538701.0,428283.0,107531.0,535814.0,0.9946408118789458
2024-25,07,Delhi,2024-04,2024-04-01,445678.0,364915.0,75447.0,440362.0,0.9880721058701574
2024-25,07,Delhi,2024-05,2024-05-01,453561.0,372223.0,72191.0,444414.0,0.9798329221427768
2024-25,07,Delhi,2024-06,2024-06-01,776551.0,641984.0,126303.0,768287.0,0.9893580717815057
2024-25,07,Delhi,2024-07,2024-07-01,446959.0,364485.0,79064.0,443549.0,0.992370664870827
2024-25,07,Delhi,2024-08,2024-08-01,453618.0,369347.0,73555.0,442902.0,0.9763765988122165
2024-25,07,Delhi,2024-09,2024-09-01,775718.0,631688.0,135252.0,766940.0,0.9886840320838243
2024-25,07,Delhi,2024-10,2024-10-01,444751.0,360038.0,79243.0,439281.0,0.9877009832468056
2024-25,07,Delhi,2024-11,2024-11-01,448369.0,369407.0,70393.0,439800.0,0.9808885092412722
2024-25,07,Delhi,2024-12,2024-12-01,770483.0,650339.0,116014.0,766353.0,0.9946397259900608
2024-25,07,Delhi,2025-01,2025-01-01,444563.0,372062.0,71878.0,443940.0,0.9985986238170967
2024-25,07,Delhi,2025-02,2025-02-01,453397.0,376457.0,71065.0,447522.0,0.9870422609765834
2024-25,07,Delhi,2025-03,2025-03-01,780218.0,625978.0,150043.0,776021.0,0.9946207342050555
2024-25,08,Rajasthan,2024-04,2024-04-01,323965.0,268354.0,54434.0,322788.0,0.9963668914851913
2024-25,08,Rajasthan,2024-05,2024-05-01,333085.0,279229.0,50141.0,329370.0,0.9888466907846346
2024-25,08,Rajasthan,2024-06,2024-06-01,731481.0,605681.0,121010.0,726691.0,0.9934516412593082
2024-25,08,Rajasthan,2024-07,2024-07-01,324758.0,267111.0,57728.0,324839.0,1.0002494164885853
2024-25,08,Rajasthan,2024-08,2024-08-01,336053.0,270886.0,56953.0,327839.0,0.9755574269534865
2024-25,08,Rajasthan,2024-09,2024-09-01,736224.0,597783.0,130574.0,728357.0,0.9893143934454731
2024-25,08,Rajasthan,2024-10,2024-10-01,328692.0,269746.0,57596.0,327342.0,0.9958928115074295
2024-25,08,Rajasthan,2024-11,2024-11-01,339621.0,281606.0,51445.0,333051.0,0.9806549064987148
2024-25,08,Rajasthan,2024-12,2024-12-01,745574.0,625795.0,113809.0,739604.0,0.9919927465281783
2024-25,08,Rajasthan,2025-01,2025-01-01,334329.0,280090.0,53466.0,333556.0,0.9976879062241086
2024-25,08,Rajasthan,2025-02,2025-02-01,348862.0,287985.0,52313.0,340298.0,0.975451611238828
2024-25,08,Rajasthan,2025-03,2025-03-01,757181.0,596414.0,156399.0,752813.0,0.9942312340114187
2024-25,09,Uttar Pradesh,2024-04,2024-04-01,998452.0,805411.0,183953.0,989364.0,0.9908979099646252
2024-25,09,Uttar Pradesh,2024-05,2024-05-01,1018686.0,829977.0,172212.0,1002189.0,0.9838056084014112
2024-25,09,Uttar Pradesh,2024-06,2024-06-01,1536859.0,1258969.0,261696.0,1520665.0,0.9894629240548417
2024-25,09,Uttar Pradesh,2024-07,2024-07-01,1011292.0,818342.0,185562.0,1003904.0,0.9926944937762783
2024-25,09,Uttar Pradesh,2024-08,2024-08-01,1030498.0,826318.0,182638.0,1008956.0,0.9790955440961554
2024-25,09,Uttar Pradesh,2024-09,2024-09-01,1557879.0,1252430.0,284584.0,1537014.0,0.9866067903861596
2024-25,09,Uttar Pradesh,2024-10,2024-10-01,1025067.0,823654.0,194899.0,1018553.0,0.9936452934296002
2024-25,09,Uttar Pradesh,2024-11,2024-11-01,1045736.0,863431.0,168256.0,1031687.0,0.9865654429033714
2024-25,09,Uttar Pradesh,2024-12,2024-12-01,1584961.0,1330409.0,239658.0,1570067.0,0.9906029233526882
2024-25,09,Uttar Pradesh,2025-01,2025-01-01,1051416.0,869530.0,176410.0,1045940.0,0.9947917855539578
2024-25,09,Uttar Pradesh,2025-02,2025-02-01,1075670.0,881276.0,178755.0,1060031.0,0.9854611544432772
2024-25,09,Uttar Pradesh,2025-03,2025-03-01,1620029.0,1255528.0,347847.0,1603375.0,0.9897199371122368
2024-25,10,Bihar,2024-04,2024-04-01,291365.0,221574.0,63330.0,284904.0,0.9778250647812881
2024-25,10,Bihar,2024-05,2024-05-01,301141.0,235005.0,54029.0,289034.0,0.9597962416276761
2024-25,10,Bihar,2024-06,2024-06-01,505864.0,407821.0,88192.0,496013.0,0.9805263865386744
2024-25,10,Bihar,2024-07,2024-07-01,293000.0,232732.0,53933.0,286665.0,0.9783788395904437
2024-25,10,Bihar,2024-08,2024-08-01,302979.0,228060.0,59482.0,287542.0,0.9490492740420954
2024-25,10,Bihar,2024-09,2024-09-01,514622.0,393633.0,103175.0,496808.0,0.9653843014873053
2024-25,10,Bihar,2024-10,2024-10-01,295766.0,225844.0,61428.0,287272.0,0.97128135079759
2024-25,10,Bihar,2024-11,2024-11-01,302797.0,236575.0,54325.0,290900.0,0.960709650359812
2024-25,10,Bihar,2024-12,2024-12-01,519490.0,417672.0,87796.0,505468.0,0.9730081426013976
2024-25,10,Bihar,2025-01,2025-01-01,299668.0,238950.0,55520.0,294470.0,0.982654137245218
2024-25,10,Bihar,2025-02,2025-02-01,313772.0,241656.0,57364.0,299020.0,0.9529849699782007
2024-25,10,Bihar,2025-03,2025-03-01,528004.0,383407.0,132163.0,515570.0,0.9764509359777578
2024-25,11,Sikkim,2024-04,2024-04-01,6462.0,4587.0,1824.0,6411.0,0.9921077065923862
2024-25,11,Sikkim,2024-05,2024-05-01,6957.0,4814.0,1645.0,6459.0,0.9284174213022854
2024-25,11,Sikkim,2024-06,2024-06-01,9947.0,7543.0,2276.0,9819.0,0.9871317985322208
2024-25,11,Sikkim,2024-07,2024-07-01,6587.0,4901.0,1603.0,6504.0,0.9873994231061181
2024-25,11,Sikkim,2024-08,2024-08-01,6643.0,4793.0,1705.0,6498.0,0.9781725124190878
2024-25,11,Sikkim,2024-09,2024-09-01,9927.0,7183.0,2669.0,9852.0,0.9924448473859172
2024-25,11,Sikkim,2024-10,2024-10-01,6546.0,4685.0,1781.0,6466.0,0.9877787962114268
2024-25,11,Sikkim,2024-11,2024-11-01,6627.0,4922.0,1611.0,6533.0,0.9858156028368794
2024-25,11,Sikkim,2024-12,2024-12-01,9949.0,7600.0,2338.0,9938.0,0.9988943612423359
2024-25,11,Sikkim,2025-01,2025-01-01,6437.0,4871.0,1545.0,6416.0,0.9967376106882088
2024-25,11,Sikkim,2025-02,2025-02-01,6564.0,4913.0,1575.0,6488.0,0.9884216940889702
2024-25,11,Sikkim,2025-03,2025-03-01,10109.0,7024.0,2986.0,10010.0,0.9902067464635473
2024-25,12,Arunachal Pradesh,2024-04,2024-04-01,10987.0,6713.0,4173.0,10886.0,0.9908073177391462
2024-25,12,Arunachal Pradesh,2024-05,2024-05-01,10970.0,7477.0,3454.0,10931.0,0.9964448495897903
2024-25,12,Arunachal Pradesh,2024-06,2024-06-01,14288.0,9882.0,4614.0,14496.0,1.0145576707726764
2024-25,12,Arunachal Pradesh,2024-07,2024-07-01,10910.0,7498.0,3662.0,11160.0,1.0229147571035746
2024-25,12,Arunachal Pradesh,2024-08,2024-08-01,11256.0,7639.0,3640.0,11279.0,1.002043354655295
2024-25,12,Arunachal Pradesh,2024-09,2024-09-01,14831.0,10089.0,4842.0,14931.0,1.0067426336727126
2024-25,12,Arunachal Pradesh,2024-10,2024-10-01,11222.0,7643.0,3671.0,11314.0,1.0081981821422206
2024-25,12,Arunachal Pradesh,2024-11,2024-11-01,11337.0,8025.0,3443.0,11468.0,1.01155508511952
2024-25,12,Arunachal Pradesh,2024-12,2024-12-01,15149.0,10814.0,4501.0,15315.0,1.0109578189979536
2024-25,12,Arunachal Pradesh,2025-01,2025-01-01,11422.0,8074.0,3557.0,11631.0,1.0182980213622834
2024-25,12,Arunachal Pradesh,2025-02,2025-02-01,11689.0,8322.0,3422.0,11744.0,1.0047052784669348
2024-25,12,Arunachal Pradesh,2025-03,2025-03-01,15725.0,9445.0,6193.0,15638.0,0.9944674085850557
2024-25,13,Nagaland,2024-04,2024-04-01,6756.0,4871.0,1793.0,6664.0,0.9863824748371818
2024-25,13,Nagaland,2024-05,2024-05-01,6770.0,5092.0,1656.0,6748.0,0.9967503692762186
2024-25,13,Nagaland,2024-06,2024-06-01,8074.0,6087.0,1970.0,8057.0,0.9978944760961109
2024-25,13,Nagaland,2024-07,2024-07-01,6748.0,5035.0,1735.0,6770.0,1.0032602252519265
2024-25,13,Nagaland,2024-08,2024-08-01,6876.0,5166.0,1665.0,6831.0,0.993455497382199
2024-25,13,Nagaland,2024-09,2024-09-01,8219.0,5985.0,2224.0,8209.0,0.9987833069716511
2024-25,13,Nagaland,2024-10,2024-10-01,6901.0,5182.0,1702.0,6884.0,0.9975365889001594
2024-25,13,Nagaland,2024-11,2024-11-01,6948.0,5229.0,1685.0,6914.0,0.9951065054691998
2024-25,13,Nagaland,2024-12,2024-12-01,8297.0,6175.0,2093.0,8268.0,0.9965047607569001
2024-25,13,Nagaland,2025-01,2025-01-01,6958.0,5126.0,1829.0,6955.0,0.9995688416211556
2024-25,13,Nagaland,2025-02,2025-02-01,7049.0,5306.0,1704.0,7010.0,0.9944673003262874
2024-25,13,Nagaland,2025-03,2025-03-01,8436.0,5739.0,2622.0,8361.0,0.9911095305832148
2024-25,14,Manipur,2024-04,2024-04-01,8808.0,5625.0,3035.0,8660.0,0.983197093551317
2024-25,14,Manipur,2024-05,2024-05-01,8878.0,5907.0,2864.0,8771.0,0.9879477359765713
2024-25,14,Manipur,2024-06,2024-06-01,11255.0,7806.0,3380.0,11186.0,0.9938693913816081
2024-25,14,Manipur,2024-07,2024-07-01,8944.0,6258.0,2633.0,8891.0,0.9940742397137746
2024-25,14,Manipur,2024-08,2024-08-01,10422.0,6077.0,2917.0,8994.0,0.8629821531375935
2024-25,14,Manipur,2024-09,2024-09-01,11673.0,7672.0,3687.0,11359.0,0.9731003169707872
2024-25,14,Manipur,2024-10,2024-10-01,9370.0,4586.0,4379.0,8965.0,0.9567769477054429
2024-25,14,Manipur,2024-11,2024-11-01,9238.0,6403.0,2599.0,9002.0,0.9744533448798441
2024-25,14,Manipur,2024-12,2024-12-01,11727.0,8412.0,3069.0,11481.0,0.9790227679713481
2024-25,14,Manipur,2025-01,2025-01-01,9359.0,6383.0,2733.0,9116.0,0.9740356875734587
2024-25,14,Manipur,2025-02,2025-02-01,9570.0,6309.0,2858.0,9167.0,0.9578892371995821
2024-25,14,Manipur,2025-03,2025-03-01,11968.0,7400.0,4248.0,11648.0,0.9732620320855615
2024-25,15,Mizoram,2024-04,2024-04-01,6250.0,4894.0,1281.0,6175.0,0.988
2024-25,15,Mizoram,2024-05,2024-05-01,6322.0,5028.0,1198.0,6226.0,0.9848149319835495
2024-25,15,Mizoram,2024-06,2024-06-01,7266.0,5730.0,1415.0,7145.0,0.9833470960638591
2024-25,15,Mizoram,2024-07,2024-07-01,6403.0,5044.0,1246.0,6290.0,0.9823520224894581
2024-25,15,Mizoram,2024-08,2024-08-01,6540.0,5107.0,1286.0,6393.0,0.9775229357798165
2024-25,15,Mizoram,2024-09,2024-09-01,7473.0,5644.0,1715.0,7359.0,0.9847450822962666
2024-25,15,Mizoram,2024-10,2024-10-01,6660.0,5154.0,1420.0,6574.0,0.987087087087087
2024-25,15,Mizoram,2024-11,2024-11-01,6723.0,5263.0,1357.0,6620.0,0.9846794585750409
2024-25,15,Mizoram,2024-12,2024-12-01,7657.0,5983.0,1554.0,7537.0,0.9843280658221235
2024-25,15,Mizoram,2025-01,2025-01-01,6786.0,5303.0,1422.0,6725.0,0.9910109048040082
2024-25,15,Mizoram,2025-02,2025-02-01,7025.0,5510.0,1273.0,6783.0,0.9655516014234875
2024-25,15,Mizoram,2025-03,2025-03-01,7878.0,5770.0,1952.0,7722.0,0.9801980198019802
2024-25,16,Tripura,2024-04,2024-04-01,20928.0,15944.0,4270.0,20214.0,0.9658830275229358
2024-25,16,Tripura,2024-05,2024-05-01,20519.0,16487.0,3822.0,20309.0,0.9897655831180857
2024-25,16,Tripura,2024-06,2024-06-01,27924.0,22332.0,5518.0,27850.0,0.9973499498639163
2024-25,16,Tripura,2024-07,2024-07-01,20481.0,16021.0,4471.0,20492.0,1.0005370831502367
2024-25,16,Tripura,2024-08,2024-08-01,20934.0,16399.0,4197.0,20596.0,0.9838540173879813
2024-25,16,Tripura,2024-09,2024-09-01,28211.0,21959.0,6189.0,28148.0,0.9977668285420581
2024-25,16,Tripura,2024-10,2024-10-01,20778.0,16565.0,4127.0,20692.0,0.9958610068341515
2024-25,16,Tripura,2024-11,2024-11-01,21081.0,16795.0,4069.0,20864.0,0.9897063706655282
2024-25,16,Tripura,2024-12,2024-12-01,28478.0,23325.0,5069.0,28394.0,0.9970503546597373
2024-25,16,Tripura,2025-01,2025-01-01,21086.0,16732.0,4283.0,21015.0,0.9966328369534289
2024-25,16,Tripura,2025-02,2025-02-01,21405.0,16832.0,4349.0,21181.0,0.989535155337538
2024-25,16,Tripura,2025-03,2025-03-01,28924.0,20814.0,7907.0,28721.0,0.9929816069699903
2024-25,17,Meghalaya,2024-04,2024-04-01,14082.0,10716.0,3345.0,14061.0,0.9985087345547508
2024-25,17,Meghalaya,2024-05,2024-05-01,14494.0,11267.0,3054.0,14321.0,0.9880640264937215
2024-25,17,Meghalaya,2024-06,2024-06-01,27473.0,22115.0,5242.0,27357.0,0.9957776726240308
2024-25,17,Meghalaya,2024-07,2024-07-01,14274.0,10902.0,3374.0,14276.0,1.0001401148942133
2024-25,17,Meghalaya,2024-08,2024-08-01,14651.0,11313.0,3113.0,14426.0,0.9846426865060406
2024-25,17,Meghalaya,2024-09,2024-09-01,28023.0,21889.0,5716.0,27605.0,0.9850836812618207
2024-25,17,Meghalaya,2024-10,2024-10-01,14346.0,11231.0,3056.0,14287.0,0.9958873553603792
2024-25,17,Meghalaya,2024-11,2024-11-01,14687.0,11443.0,2969.0,14412.0,0.9812759583304964
2024-25,17,Meghalaya,2024-12,2024-12-01,27948.0,22473.0,5253.0,27726.0,0.9920566766852726
2024-25,17,Meghalaya,2025-01,2025-01-01,14478.0,11257.0,3150.0,14407.0,0.9950960077358751
2024-25,17,Meghalaya,2025-02,2025-02-01,14902.0,11466.0,3046.0,14512.0,0.973829016239431
2024-25,17,Meghalaya,2025-03,2025-03-01,28105.0,21339.0,6467.0,27806.0,0.989361323607899
2024-25,18,Assam,2024-04,2024-04-01,129137.0,88534.0,36608.0,125142.0,0.9690638624096889
2024-25,18,Assam,2024-05,2024-05-01,129298.0,93665.0,32317.0,125982.0,0.9743538183111881
2024-25,18,Assam,2024-06,2024-06-01,186733.0,137548.0,47547.0,185095.0,0.9912281171512266
2024-25,18,Assam,2024-07,2024-07-01,126872.0,93223.0,32393.0,125616.0,0.9901002585282804
2024-25,18,Assam,2024-08,2024-08-01,129739.0,92861.0,33624.0,126485.0,0.9749188755886818
2024-25,18,Assam,2024-09,2024-09-01,188270.0,134331.0,52150.0,186481.0,0.9904976894885006
2024-25,18,Assam,2024-10,2024-10-01,127800.0,92686.0,33970.0,126656.0,0.9910485133020345
2024-25,18,Assam,2024-11,2024-11-01,130262.0,96834.0,30716.0,127550.0,0.9791804209976815
2024-25,18,Assam,2024-12,2024-12-01,189830.0,143814.0,44593.0,188407.0,0.9925038192066586
2024-25,18,Assam,2025-01,2025-01-01,128733.0,97741.0,30559.0,128300.0,0.9966364490845393
2024-25,18,Assam,2025-02,2025-02-01,132099.0,98676.0,30992.0,129668.0,0.981597135481722
2024-25,18,Assam,2025-03,2025-03-01,192460.0,126406.0,64237.0,190643.0,0.990559077210849
2024-25,19,West Bengal,2024-04,2024-04-01,413342.0,339845.0,69779.0,409624.0,0.9910050273139435
2024-25,19,West Bengal,2024-05,2024-05-01,423216.0,350053.0,63800.0,413853.0,0.9778765453101962
2024-25,19,West Bengal,2024-06,2024-06-01,688530.0,578163.0,102569.0,680732.0,0.9886744223200151
2024-25,19,West Bengal,2024-07,2024-07-01,417505.0,348829.0,65363.0,414192.0,0.9920647656914289
2024-25,19,West Bengal,2024-08,2024-08-01,426115.0,348665.0,67467.0,416132.0,0.9765720521455475
2024-25,19,West Bengal,2024-09,2024-09-01,693825.0,568065.0,117826.0,685891.0,0.9885648398371347
2024-25,19,West Bengal,2024-10,2024-10-01,421441.0,343840.0,72972.0,416812.0,0.9890162561307514
2024-25,19,West Bengal,2024-11,2024-11-01,428935.0,359231.0,61793.0,421024.0,0.9815566461118818
2024-25,19,West Bengal,2024-12,2024-12-01,700018.0,599936.0,94738.0,694674.0,0.9923659105908705
2024-25,19,West Bengal,2025-01,2025-01-01,428584.0,363417.0,63007.0,426424.0,0.9949601478356634
2024-25,19,West Bengal,2025-02,2025-02-01,438333.0,368451.0,62885.0,431336.0,0.9840372502184412
2024-25,19,West Bengal,2025-03,2025-03-01,711748.0,567009.0,138233.0,705242.0,0.9908591242968017
2024-25,20,Jharkhand,2024-04,2024-04-01,136794.0,109513.0,25993.0,135506.0,0.9905843823559513
2024-25,20,Jharkhand,2024-05,2024-05-01,138439.0,112379.0,24257.0,136636.0,0.9869762133502843
2024-25,20,Jharkhand,2024-06,2024-06-01,184711.0,150102.0,32632.0,182734.0,0.9892967933691009
2024-25,20,Jharkhand,2024-07,2024-07-01,138323.0,109962.0,26871.0,136833.0,0.9892281110155217
2024-25,20,Jharkhand,2024-08,2024-08-01,139858.0,111552.0,25694.0,137246.0,0.9813239142558882
2024-25,20,Jharkhand,2024-09,2024-09-01,187429.0,148100.0,35997.0,184097.0,0.9822226016251487
2024-25,20,Jharkhand,2024-10,2024-10-01,139419.0,99995.0,37956.0,137951.0,0.9894705886572132
2024-25,20,Jharkhand,2024-11,2024-11-01,141276.0,115506.0,23601.0,139107.0,0.9846470738129619
2024-25,20,Jharkhand,2024-12,2024-12-01,188424.0,157009.0,29693.0,186702.0,0.9908610368105973
2024-25,20,Jharkhand,2025-01,2025-01-01,141887.0,115589.0,24883.0,140472.0,0.9900272752260602
2024-25,20,Jharkhand,2025-02,2025-02-01,143795.0,116136.0,25405.0,141541.0,0.9843249069856392
2024-25,20,Jharkhand,2025-03,2025-03-01,191754.0,145310.0,43685.0,188995.0,0.9856117734180252
2024-25,21,Odisha,2024-04,2024-04-01,178246.0,134673.0,41514.0,176187.0,0.9884485486350325
2024-25,21,Odisha,2024-05,2024-05-01,181910.0,139269.0,39053.0,178322.0,0.9802759606398769
2024-25,21,Odisha,2024-06,2024-06-01,304709.0,239271.0,61523.0,300794.0,0.9871516758612315
2024-25,21,Odisha,2024-07,2024-07-01,179361.0,140387.0,37604.0,177991.0,0.992361773183691
2024-25,21,Odisha,2024-08,2024-08-01,184404.0,140533.0,38611.0,179144.0,0.9714756729788941
2024-25,21,Odisha,2024-09,2024-09-01,307610.0,237196.0,66463.0,303659.0,0.9871558141802932
2024-25,21,Odisha,2024-10,2024-10-01,180656.0,140326.0,38603.0,178929.0,0.9904403950048711
2024-25,21,Odisha,2024-11,2024-11-01,185185.0,147221.0,34453.0,181674.0,0.981040581040581
2024-25,21,Odisha,2024-12,2024-12-01,311830.0,252935.0,55681.0,308616.0,0.9896931020107109
2024-25,21,Odisha,2025-01,2025-01-01,184055.0,145943.0,36667.0,182610.0,0.9921490858710712
2024-25,21,Odisha,2025-02,2025-02-01,188792.0,147880.0,37002.0,184882.0,0.9792893766685029
2024-25,21,Odisha,2025-03,2025-03-01,315967.0,233707.0,79116.0,312823.0,0.9900495937866929
2024-25,22,Chhattisgarh,2024-04,2024-04-01,78665.0,57385.0,21566.0,78951.0,1.003635670247251
2024-25,22,Chhattisgarh,2024-05,2024-05-01,80911.0,61692.0,18831.0,80523.0,0.9952046075317323
2024-25,22,Chhattisgarh,2024-06,2024-06-01,142260.0,104537.0,37854.0,142391.0,1.0009208491494446
2024-25,22,Chhattisgarh,2024-07,2024-07-01,79665.0,59346.0,20814.0,80160.0,1.0062135191112784
2024-25,22,Chhattisgarh,2024-08,2024-08-01,81657.0,60017.0,20851.0,80868.0,0.9903376318013153
2024-25,22,Chhattisgarh,2024-09,2024-09-01,144167.0,104637.0,39605.0,144242.0,1.000520230011029
2024-25,22,Chhattisgarh,2024-10,2024-10-01,80917.0,60680.0,20986.0,81666.0,1.0092563985318288
2024-25,22,Chhattisgarh,2024-11,2024-11-01,83546.0,64690.0,18131.0,82821.0,0.9913221458837048
2024-25,22,Chhattisgarh,2024-12,2024-12-01,147023.0,113955.0,32951.0,146906.0,0.9992042061446168
2024-25,22,Chhattisgarh,2025-01,2025-01-01,81694.0,63975.0,18561.0,82536.0,1.0103067544740127
2024-25,22,Chhattisgarh,2025-02,2025-02-01,83957.0,65148.0,18386.0,83534.0,0.9949617065878962
2024-25,22,Chhattisgarh,2025-03,2025-03-01,148810.0,98790.0,50046.0,148836.0,1.0001747194408979
2024-25,23,Madhya Pradesh,2024-04,2024-04-01,219593.0,171064.0,47045.0,218109.0,0.9932420432345294
2024-25,23,Madhya Pradesh,2024-05,2024-05-01,225984.0,180221.0,42364.0,222585.0,0.9849591121495327
2024-25,23,Madhya Pradesh,2024-06,2024-06-01,469379.0,365727.0,100052.0,465779.0,0.9923302917258761
2024-25,23,Madhya Pradesh,2024-07,2024-07-01,220673.0,172249.0,47692.0,219941.0,0.996682874660697
2024-25,23,Madhya Pradesh,2024-08,2024-08-01,228851.0,174950.0,48027.0,222977.0,0.9743326443843374
2024-25,23,Madhya Pradesh,2024-09,2024-09-01,476427.0,365134.0,106478.0,471612.0,0.9898935198886712
2024-25,23,Madhya Pradesh,2024-10,2024-10-01,224544.0,177084.0,46626.0,223710.0,0.9962858058999573
2024-25,23,Madhya Pradesh,2024-11,2024-11-01,231787.0,187726.0,39711.0,227437.0,0.9812327697411848
2024-25,23,Madhya Pradesh,2024-12,2024-12-01,484390.0,399400.0,80856.0,480256.0,0.9914655546150829
2024-25,23,Madhya Pradesh,2025-01,2025-01-01,227629.0,186682.0,40839.0,227521.0,0.9995255437576056
2024-25,23,Madhya Pradesh,2025-02,2025-02-01,234918.0,188179.0,43681.0,231860.0,0.9869826918328949
2024-25,23,Madhya Pradesh,2025-03,2025-03-01,492680.0,356936.0,132310.0,489246.0,0.9930299585938134
2024-25,24,Gujarat,2024-04,2024-04-01,663412.0,588449.0,75755.0,664204.0,1.0011938282696122
2024-25,24,Gujarat,2024-05,2024-05-01,674602.0,603223.0,68668.0,671891.0,0.9959813341792643
2024-25,24,Gujarat,2024-06,2024-06-01,1077651.0,947389.0,129383.0,1076772.0,0.9991843370441822
2024-25,24,Gujarat,2024-07,2024-07-01,670885.0,592882.0,79558.0,672440.0,1.00231783390596
2024-25,24,Gujarat,2024-08,2024-08-01,679851.0,602785.0,75660.0,678445.0,0.9979318997839233
2024-25,24,Gujarat,2024-09,2024-09-01,1091619.0,952994.0,137503.0,1090497.0,0.9989721688611136
2024-25,24,Gujarat,2024-10,2024-10-01,681949.0,598311.0,85501.0,683812.0,1.002731875844088
2024-25,24,Gujarat,2024-11,2024-11-01,691548.0,622925.0,66432.0,689357.0,0.9968317455910508
2024-25,24,Gujarat,2024-12,2024-12-01,1107071.0,996643.0,112057.0,1108700.0,1.0014714503405835
2024-25,24,Gujarat,2025-01,2025-01-01,697202.0,630348.0,69828.0,700176.0,1.0042656217279928
2024-25,24,Gujarat,2025-02,2025-02-01,707985.0,640129.0,69482.0,709611.0,1.0022966588275175
2024-25,24,Gujarat,2025-03,2025-03-01,1132408.0,958450.0,174446.0,1132896.0,1.000430940085199
2024-25,25,Daman and Diu,2024-04,2024-04-01,1.0,0.0,,0.0,
2024-25,25,Daman and Diu,2024-05,2024-05-01,0.0,0.0,,0.0,
2024-25,25,Daman and Diu,2024-06,2024-06-01,0.0,0.0,,0.0,
2024-25,25,Daman and Diu,2024-07,2024-07-01,0.0,0.0,,0.0,
2024-25,25,Daman and Diu,2024-08,2024-08-01,0.0,0.0,,0.0,
2024-25,25,Daman and Diu,2024-09,2024-09-01,0.0,0.0,,0.0,
2024-25,25,Daman and Diu,2024-10,2024-10-01,0.0,0.0,,0.0,
2024-25,25,Daman and Diu,2024-11,2024-11-01,0.0,0.0,,0.0,
2024-25,25,Daman and Diu,2024-12,2024-12-01,0.0,0.0,,0.0,
2024-25,25,Daman and Diu,2025-01,2025-01-01,0.0,0.0,,0.0,
2024-25,25,Daman and Diu,2025-02,2025-02-01,0.0,0.0,,0.0,
2024-25,25,Daman and Diu,2025-03,2025-03-01,1.0,0.0,,0.0,
2024-25,26,Dadra and Nagar Haveli,2024-04,2024-04-01,11992.0,9690.0,2220.0,11910.0,0.9931621080720481
2024-25,26,Dadra and Nagar Haveli,2024-05,2024-05-01,12014.0,9890.0,2051.0,11941.0,0.9939237556184451
2024-25,26,Dadra and Nagar Haveli,2024-06,2024-06-01,14733.0,12007.0,2657.0,14664.0,0.9953166361229893
2024-25,26,Dadra and Nagar Haveli,2024-07,2024-07-01,12053.0,9721.0,2253.0,11974.0,0.9934456151995353
2024-25,26,Dadra and Nagar Haveli,2024-08,2024-08-01,12107.0,9861.0,2122.0,11983.0,0.9897579912447344
2024-25,26,Dadra and Nagar Haveli,2024-09,2024-09-01,14785.0,11798.0,2890.0,14688.0,0.993439296584376
2024-25,26,Dadra and Nagar Haveli,2024-10,2024-10-01,12076.0,9709.0,2326.0,12035.0,0.9966048360384233
2024-25,26,Dadra and Nagar Haveli,2024-11,2024-11-01,12179.0,10117.0,1974.0,12091.0,0.9927744478200181
2024-25,26,Dadra and Nagar Haveli,2024-12,2024-12-01,14849.0,12479.0,2353.0,14832.0,0.9988551417603879
2024-25,26,Dadra and Nagar Haveli,2025-01,2025-01-01,12178.0,10119.0,2076.0,12195.0,1.0013959599277384
2024-25,26,Dadra and Nagar Haveli,2025-02,2025-02-01,12308.0,10234.0,2011.0,12245.0,0.9948813779655509
2024-25,26,Dadra and Nagar Haveli,2025-03,2025-03-01,15013.0,11640.0,3310.0,14950.0,0.995803636848065
2024-25,27,Maharashtra,2024-04,2024-04-01,894870.0,701684.0,186663.0,888347.0,0.9927106730586566
2024-25,27,Maharashtra,2024-05,2024-05-01,910737.0,736797.0,161818.0,898615.0,0.986689900596989
2024-25,27,Maharashtra,2024-06,2024-06-01,1579599.0,1248826.0,319275.0,1568101.0,0.9927209374024674
2024-25,27,Maharashtra,2024-07,2024-07-01,901122.0,724296.0,174308.0,898604.0,0.9972057057756886
2024-25,27,Maharashtra,2024-08,2024-08-01,923866.0,729229.0,178304.0,907533.0,0.9823210292401712
2024-25,27,Maharashtra,2024-09,2024-09-01,1592928.0,1248289.0,336799.0,1585088.0,0.9950782458466422
2024-25,27,Maharashtra,2024-10,2024-10-01,914936.0,607226.0,305467.0,912693.0,0.9975484624061136
2024-25,27,Maharashtra,2024-11,2024-11-01,934551.0,760144.0,162627.0,922771.0,0.98739501643035
2024-25,27,Maharashtra,2024-12,2024-12-01,1610673.0,1335220.0,274262.0,1609482.0,0.9992605575433374
2024-25,27,Maharashtra,2025-01,2025-01-01,933166.0,771326.0,163089.0,934415.0,1.0013384542514407
2024-25,27,Maharashtra,2025-02,2025-02-01,952259.0,784971.0,160141.0,945112.0,0.9924946889449194
2024-25,27,Maharashtra,2025-03,2025-03-01,1640364.0,1244155.0,392911.0,1637066.0,0.9979894706296895
2024-25,29,Karnataka,2024-04,2024-04-01,709794.0,566137.0,134606.0,700743.0,0.9872484129198049
2024-25,29,Karnataka,2024-05,2024-05-01,717455.0,585595.0,120827.0,706422.0,0.9846220320438216
2024-25,29,Karnataka,2024-06,2024-06-01,885615.0,720699.0,156850.0,877549.0,0.9908922048519955
2024-25,29,Karnataka,2024-07,2024-07-01,713906.0,582308.0,125177.0,707485.0,0.9910058186932174
2024-25,29,Karnataka,2024-08,2024-08-01,721933.0,580623.0,128458.0,709081.0,0.9821977939781116
2024-25,29,Karnataka,2024-09,2024-09-01,896229.0,702788.0,180114.0,882902.0,0.9851299165726617
2024-25,29,Karnataka,2024-10,2024-10-01,721282.0,575556.0,136120.0,711676.0,0.9866820466890897
2024-25,29,Karnataka,2024-11,2024-11-01,727480.0,595747.0,121576.0,717323.0,0.98603810414032
2024-25,29,Karnataka,2024-12,2024-12-01,903787.0,750419.0,144712.0,895131.0,0.9904225221208094
2024-25,29,Karnataka,2025-01,2025-01-01,732294.0,600210.0,125518.0,725728.0,0.9910336558813809
2024-25,29,Karnataka,2025-02,2025-02-01,740889.0,608159.0,122286.0,730445.0,0.9859034214302007
2024-25,29,Karnataka,2025-03,2025-03-01,918028.0,691026.0,216139.0,907165.0,0.9881670275852152
2024-25,30,Goa,2024-04,2024-04-01,24355.0,18356.0,6136.0,24492.0,1.0056251283104085
2024-25,30,Goa,2024-05,2024-05-01,24747.0,19097.0,5617.0,24714.0,0.9986665050309128
2024-25,30,Goa,2024-06,2024-06-01,37604.0,28789.0,8970.0,37759.0,1.0041219019253271
2024-25,30,Goa,2024-07,2024-07-01,24596.0,18978.0,5829.0,24807.0,1.008578630671654
2024-25,30,Goa,2024-08,2024-08-01,25148.0,18952.0,6040.0,24992.0,0.9937967233974869
2024-25,30,Goa,2024-09,2024-09-01,38035.0,28588.0,9577.0,38165.0,1.003417904561588
2024-25,30,Goa,2024-10,2024-10-01,24962.0,18913.0,6291.0,25204.0,1.009694735998718
2024-25,30,Goa,2024-11,2024-11-01,25436.0,19580.0,5883.0,25463.0,1.0010614876552917
2024-25,30,Goa,2024-12,2024-12-01,38569.0,30736.0,8125.0,38861.0,1.0075708470533329
2024-25,30,Goa,2025-01,2025-01-01,25488.0,20055.0,5609.0,25664.0,1.0069052102950409
2024-25,30,Goa,2025-02,2025-02-01,25933.0,20348.0,5575.0,25923.0,0.9996143909304747
2024-25,30,Goa,2025-03,2025-03-01,39379.0,27903.0,11541.0,39444.0,1.0016506259681557
2024-25,31,Lakshadweep,2024-04,2024-04-01,209.0,151.0,55.0,206.0,0.9856459330143541
2024-25,31,Lakshadweep,2024-05,2024-05-01,211.0,153.0,52.0,205.0,0.9715639810426541
2024-25,31,Lakshadweep,2024-06,2024-06-01,253.0,192.0,59.0,251.0,0.9920948616600791
2024-25,31,Lakshadweep,2024-07,2024-07-01,206.0,164.0,48.0,212.0,1.029126213592233
2024-25,31,Lakshadweep,2024-08,2024-08-01,216.0,163.0,53.0,216.0,1.0
2024-25,31,Lakshadweep,2024-09,2024-09-01,266.0,186.0,80.0,266.0,1.0
2024-25,31,Lakshadweep,2024-10,2024-10-01,219.0,159.0,64.0,223.0,1.0182648401826484
2024-25,31,Lakshadweep,2024-11,2024-11-01,219.0,166.0,60.0,226.0,1.0319634703196348
2024-25,31,Lakshadweep,2024-12,2024-12-01,282.0,216.0,66.0,282.0,1.0
2024-25,31,Lakshadweep,2025-01,2025-01-01,235.0,180.0,63.0,243.0,1.0340425531914894
2024-25,31,Lakshadweep,2025-02,2025-02-01,242.0,191.0,58.0,249.0,1.0289256198347108
2024-25,31,Lakshadweep,2025-03,2025-03-01,297.0,208.0,99.0,307.0,1.0336700336700337
2024-25,32,Kerala,2024-04,2024-04-01,291948.0,224729.0,64375.0,289104.0,0.9902585391919109
2024-25,32,Kerala,2024-05,2024-05-01,293812.0,231033.0,59672.0,290705.0,0.9894252106789375
2024-25,32,Kerala,2024-06,2024-06-01,351809.0,277038.0,72060.0,349098.0,0.9922941141357953
2024-25,32,Kerala,2024-07,2024-07-01,293831.0,229608.0,63136.0,292744.0,0.9963005945594576
2024-25,32,Kerala,2024-08,2024-08-01,297227.0,227545.0,66587.0,294132.0,0.9895870832730539
2024-25,32,Kerala,2024-09,2024-09-01,355500.0,270551.0,82103.0,352654.0,0.9919943741209564
2024-25,32,Kerala,2024-10,2024-10-01,298328.0,216472.0,79354.0,295826.0,0.9916132578906438
2024-25,32,Kerala,2024-11,2024-11-01,299711.0,227631.0,69374.0,297005.0,0.9909713023546016
2024-25,32,Kerala,2024-12,2024-12-01,357015.0,278197.0,76716.0,354913.0,0.9941122922006078
2024-25,32,Kerala,2025-01,2025-01-01,300800.0,232700.0,66420.0,299120.0,0.9944148936170213
2024-25,32,Kerala,2025-02,2025-02-01,303731.0,235237.0,65194.0,300431.0,0.9891351228554214
2024-25,32,Kerala,2025-03,2025-03-01,361393.0,247807.0,110206.0,358013.0,0.9906473008608357
2024-25,33,Tamil Nadu,2024-04,2024-04-01,952408.0,791325.0,152851.0,944176.0,0.9913566454712686
2024-25,33,Tamil Nadu,2024-05,2024-05-01,959446.0,806534.0,141305.0,947839.0,0.9879023936730155
2024-25,33,Tamil Nadu,2024-06,2024-06-01,1062442.0,893481.0,158208.0,1051689.0,0.9898789769229756
2024-25,33,Tamil Nadu,2024-07,2024-07-01,959218.0,806890.0,144426.0,951316.0,0.9917620394946717
2024-25,33,Tamil Nadu,2024-08,2024-08-01,961845.0,799607.0,150641.0,950248.0,0.9879429637831459
2024-25,33,Tamil Nadu,2024-09,2024-09-01,1065577.0,871295.0,183521.0,1054816.0,0.9899012459916083
2024-25,33,Tamil Nadu,2024-10,2024-10-01,963364.0,785343.0,170856.0,956199.0,0.9925625205010775
2024-25,33,Tamil Nadu,2024-11,2024-11-01,968650.0,809233.0,149408.0,958641.0,0.989667062406442
2024-25,33,Tamil Nadu,2024-12,2024-12-01,1071657.0,906405.0,156560.0,1062965.0,0.9918891958901029
2024-25,33,Tamil Nadu,2025-01,2025-01-01,970535.0,819609.0,144532.0,964141.0,0.9934118810759014
2024-25,33,Tamil Nadu,2025-02,2025-02-01,973311.0,828572.0,140170.0,968742.0,0.9953057142064561
2024-25,33,Tamil Nadu,2025-03,2025-03-01,1078355.0,850827.0,222559.0,1073386.0,0.9953920554919299
2024-25,34,Puducherry,2024-04,2024-04-01,19014.0,14806.0,3955.0,18761.0,0.9866940149363627
2024-25,34,Puducherry,2024-05,2024-05-01,19101.0,15172.0,3741.0,18913.0,0.9901575833725983
2024-25,34,Puducherry,2024-06,2024-06-01,21195.0,16877.0,4112.0,20989.0,0.990280726586459
2024-25,34,Puducherry,2024-07,2024-07-01,19210.0,15183.0,3882.0,19065.0,0.9924518479958355
2024-25,34,Puducherry,2024-08,2024-08-01,19384.0,15025.0,4047.0,19072.0,0.9839042509286009
2024-25,34,Puducherry,2024-09,2024-09-01,21463.0,16467.0,4681.0,21148.0,0.9853235801146158
2024-25,34,Puducherry,2024-10,2024-10-01,19423.0,14614.0,4563.0,19177.0,0.9873346033053596
2024-25,34,Puducherry,2024-11,2024-11-01,19535.0,15152.0,4082.0,19234.0,0.9845917583823905
2024-25,34,Puducherry,2024-12,2024-12-01,21570.0,17198.0,4085.0,21283.0,0.9866944830783495
2024-25,34,Puducherry,2025-01,2025-01-01,19570.0,15632.0,3681.0,19313.0,0.9868676545733265
2024-25,34,Puducherry,2025-02,2025-02-01,19671.0,15836.0,3577.0,19413.0,0.986884245844136
2024-25,34,Puducherry,2025-03,2025-03-01,21792.0,16297.0,5278.0,21575.0,0.9900422173274597
2024-25,35,Andaman and Nicobar Islands,2024-04,2024-04-01,3669.0,2447.0,1223.0,3670.0,1.0002725538293813
2024-25,35,Andaman and Nicobar Islands,2024-05,2024-05-01,3731.0,2547.0,1156.0,3703.0,0.9924953095684803
2024-25,35,Andaman and Nicobar Islands,2024-06,2024-06-01,4602.0,3164.0,1424.0,4588.0,0.9969578444154715
2024-25,35,Andaman and Nicobar Islands,2024-07,2024-07-01,3744.0,2583.0,1151.0,3734.0,0.9973290598290598
2024-25,35,Andaman and Nicobar Islands,2024-08,2024-08-01,3795.0,2635.0,1122.0,3757.0,0.9899868247694334
2024-25,35,Andaman and Nicobar Islands,2024-09,2024-09-01,4656.0,3193.0,1433.0,4626.0,0.9935567010309279
2024-25,35,Andaman and Nicobar Islands,2024-10,2024-10-01,3765.0,2590.0,1179.0,3769.0,1.001062416998672
2024-25,35,Andaman and Nicobar Islands,2024-11,2024-11-01,3815.0,2657.0,1150.0,3807.0,0.9979030144167759
2024-25,35,Andaman and Nicobar Islands,2024-12,2024-12-01,4752.0,3462.0,1291.0,4753.0,1.0002104377104377
2024-25,35,Andaman and Nicobar Islands,2025-01,2025-01-01,3858.0,2757.0,1071.0,3828.0,0.9922239502332815
2024-25,35,Andaman and Nicobar Islands,2025-02,2025-02-01,3902.0,2752.0,1103.0,3855.0,0.9879548949256791
2024-25,35,Andaman and Nicobar Islands,2025-03,2025-03-01,4852.0,2929.0,1864.0,4793.0,0.9878400659521847
2024-25,36,Telangana,2024-04,2024-04-01,363720.0,277487.0,81920.0,359407.0,0.9881419773452106
2024-25,36,Telangana,2024-05,2024-05-01,368428.0,289719.0,72425.0,362144.0,0.9829437502035676
2024-25,36,Telangana,2024-06,2024-06-01,437654.0,343466.0,87002.0,430468.0,0.9835806367587181
2024-25,36,Telangana,2024-07,2024-07-01,368991.0,283750.0,80816.0,364566.0,0.9880078375895347
2024-25,36,Telangana,2024-08,2024-08-01,375659.0,285499.0,79080.0,364579.0,0.9705051655890049
2024-25,36,Telangana,2024-09,2024-09-01,443838.0,333759.0,99699.0,433458.0,0.9766130885593393
2024-25,36,Telangana,2024-10,2024-10-01,373881.0,283462.0,83208.0,366670.0,0.9807131146006349
2024-25,36,Telangana,2024-11,2024-11-01,377474.0,295468.0,74382.0,369850.0,0.9798025824295183
2024-25,36,Telangana,2024-12,2024-12-01,447335.0,360611.0,79580.0,440191.0,0.9840298657605597
2024-25,36,Telangana,2025-01,2025-01-01,379419.0,299838.0,74299.0,374137.0,0.9860787150880689
2024-25,36,Telangana,2025-02,2025-02-01,384239.0,303910.0,72913.0,376823.0,0.9806995125429746
2024-25,36,Telangana,2025-03,2025-03-01,454173.0,329463.0,117922.0,447385.0,0.9850541533732741
2024-25,37,Andhra Pradesh,2024-04,2024-04-01,266622.0,205819.0,56552.0,262371.0,0.9840560793932984
2024-25,37,Andhra Pradesh,2024-05,2024-05-01,269495.0,213566.0,50136.0,263702.0,0.9785042394107497
2024-25,37,Andhra Pradesh,2024-06,2024-06-01,320759.0,253922.0,60766.0,314688.0,0.9810730174367671
2024-25,37,Andhra Pradesh,2024-07,2024-07-01,267358.0,212052.0,51862.0,263914.0,0.987118395559512
2024-25,37,Andhra Pradesh,2024-08,2024-08-01,269851.0,207004.0,56847.0,263851.0,0.9777655076319895
2024-25,37,Andhra Pradesh,2024-09,2024-09-01,321990.0,244407.0,71864.0,316271.0,0.9822385788378521
2024-25,37,Andhra Pradesh,2024-10,2024-10-01,270238.0,209261.0,57328.0,266589.0,0.9864970877522776
2024-25,37,Andhra Pradesh,2024-11,2024-11-01,273027.0,216957.0,52369.0,269326.0,0.986444564090731
2024-25,37,Andhra Pradesh,2024-12,2024-12-01,326184.0,262137.0,60692.0,322829.0,0.9897143943295809
2024-25,37,Andhra Pradesh,2025-01,2025-01-01,274208.0,219938.0,52373.0,272311.0,0.9930818940366437
2024-25,37,Andhra Pradesh,2025-02,2025-02-01,277741.0,224395.0,50224.0,274619.0,0.9887593117328735
2024-25,37,Andhra Pradesh,2025-03,2025-03-01,331328.0,241879.0,86973.0,328852.0,0.9925270426888159
2024-25,38,Ladakh,2024-04,2024-04-01,2422.0,1734.0,743.0,2477.0,1.022708505367465
2024-25,38,Ladakh,2024-05,2024-05-01,2553.0,1843.0,711.0,2554.0,1.00039169604387
2024-25,38,Ladakh,2024-06,2024-06-01,7561.0,5868.0,1806.0,7674.0,1.0149451130802805
2024-25,38,Ladakh,2024-07,2024-07-01,2328.0,1674.0,716.0,2390.0,1.0266323024054982
2024-25,38,Ladakh,2024-08,2024-08-01,2515.0,1710.0,763.0,2473.0,0.983300198807157
2024-25,38,Ladakh,2024-09,2024-09-01,7764.0,5878.0,2015.0,7893.0,1.01661514683153
2024-25,38,Ladakh,2024-10,2024-10-01,2401.0,1674.0,793.0,2467.0,1.0274885464389838
2024-25,38,Ladakh,2024-11,2024-11-01,2561.0,1875.0,684.0,2559.0,0.9992190550566185
2024-25,38,Ladakh,2024-12,2024-12-01,7981.0,6265.0,1869.0,8134.0,1.0191705300087708
2024-25,38,Ladakh,2025-01,2025-01-01,2437.0,1878.0,628.0,2506.0,1.0283135002051702
2024-25,38,Ladakh,2025-02,2025-02-01,2592.0,1965.0,603.0,2568.0,0.9907407407407407
2024-25,38,Ladakh,2025-03,2025-03-01,8179.0,6449.0,1844.0,8293.0,1.0139381342462404
2024-25,97,Other Territory,2024-04,2024-04-01,80.0,60.0,5.0,65.0,0.8125
2024-25,97,Other Territory,2024-05,2024-05-01,80.0,63.0,2.0,65.0,0.8125
2024-25,97,Other Territory,2024-06,2024-06-01,83.0,66.0,3.0,69.0,0.8313253012048193
2024-25,97,Other Territory,2024-07,2024-07-01,65.0,61.0,10.0,71.0,1.0923076923076922
2024-25,97,Other Territory,2024-08,2024-08-01,65.0,66.0,10.0,76.0,1.1692307692307693
2024-25,97,Other Territory,2024-09,2024-09-01,85.0,78.0,33.0,111.0,1.3058823529411765
2024-25,97,Other Territory,2024-10,2024-10-01,89.0,75.0,41.0,116.0,1.303370786516854
2024-25,97,Other Territory,2024-11,2024-11-01,101.0,87.0,52.0,139.0,1.3762376237623761
2024-25,97,Other Territory,2024-12,2024-12-01,117.0,119.0,44.0,163.0,1.393162393162393
2024-25,97,Other Territory,2025-01,2025-01-01,148.0,123.0,35.0,158.0,1.0675675675675675
2024-25,97,Other Territory,2025-02,2025-02-01,170.0,122.0,11.0,133.0,0.7823529411764706
2024-25,97,Other Territory,2025-03,2025-03-01,87.0,85.0,20.0,105.0,1.206896551724138
2025-26,01,Jammu and Kashmir,2025-04,2025-04-01,74189.0,59232.0,14937.0,74169.0,0.9997304182560757
2025-26,01,Jammu and Kashmir,2025-05,2025-05-01,75899.0,60084.0,14763.0,74847.0,0.9861394748283904
2025-26,01,Jammu and Kashmir,2025-06,2025-06-01,134494.0,107836.0,25884.0,133720.0,0.9942450964355287
2025-26,01,Jammu and Kashmir,2025-07,2025-07-01,73914.0,59856.0,13674.0,73530.0,0.9948047731147008
2025-26,01,Jammu and Kashmir,2025-08,2025-08-01,75592.0,60683.0,13656.0,74339.0,0.9834241718700392
2025-26,01,Jammu and Kashmir,2025-09,2025-09-01,136558.0,111852.0,23071.0,134923.0,0.9880270654227508
2025-26,01,Jammu and Kashmir,2025-10,2025-10-01,73704.0,59412.0,13341.0,72753.0,0.9870970367958319
2025-26,01,Jammu and Kashmir,2025-11,2025-11-01,75897.0,63195.0,11711.0,74906.0,0.9869428304149044
2025-26,01,Jammu and Kashmir,2025-12,2025-12-01,140117.0,114958.0,20846.0,135804.0,0.9692185816139369
2025-26,01,Jammu and Kashmir,2026-01,2026-01-01,75508.0,62396.0,7978.0,70374.0,0.9320072045346188
2025-26,02,Himachal Pradesh,2025-04,2025-04-01,47835.0,39146.0,8523.0,47669.0,0.9965297376398035
2025-26,02,Himachal Pradesh,2025-05,2025-05-01,49123.0,39986.0,8176.0,48162.0,0.9804368625694685
2025-26,02,Himachal Pradesh,2025-06,2025-06-01,111861.0,92189.0,18640.0,110829.0,0.990774264488964
2025-26,02,Himachal Pradesh,2025-07,2025-07-01,47958.0,39594.0,7887.0,47481.0,0.9900537970724383
2025-26,02,Himachal Pradesh,2025-08,2025-08-01,49731.0,40202.0,7820.0,48022.0,0.9656351169290784
2025-26,02,Himachal Pradesh,2025-09,2025-09-01,113134.0,92380.0,18639.0,111019.0,0.9813053547121113
2025-26,02,Himachal Pradesh,2025-10,2025-10-01,48119.0,39872.0,7283.0,47155.0,0.9799663334649514
2025-26,02,Himachal Pradesh,2025-11,2025-11-01,49938.0,41686.0,6506.0,48192.0,0.9650366454403461
2025-26,02,Himachal Pradesh,2025-12,2025-12-01,114343.0,97739.0,12366.0,110105.0,0.9629360782907568
2025-26,02,Himachal Pradesh,2026-01,2026-01-01,49251.0,41763.0,3505.0,45268.0,0.919128545613287
2025-26,03,Punjab,2025-04,2025-04-01,182748.0,152973.0,29056.0,182029.0,0.9960656204171865
2025-26,03,Punjab,2025-05,2025-05-01,186824.0,158115.0,26294.0,184409.0,0.9870733952811201
2025-26,03,Punjab,2025-06,2025-06-01,372375.0,309614.0,60238.0,369852.0,0.9932245720040282
2025-26,03,Punjab,2025-07,2025-07-01,184659.0,155344.0,27867.0,183211.0,0.9921585192165018
2025-26,03,Punjab,2025-08,2025-08-01,189081.0,155917.0,29034.0,184951.0,0.9781575092156272
2025-26,03,Punjab,2025-09,2025-09-01,377441.0,308621.0,62797.0,371418.0,0.984042539098826
2025-26,03,Punjab,2025-10,2025-10-01,186148.0,156441.0,26839.0,183280.0,0.9845929045705568
2025-26,03,Punjab,2025-11,2025-11-01,192239.0,164253.0,24241.0,188494.0,0.9805190414015886
2025-26,03,Punjab,2025-12,2025-12-01,384779.0,322202.0,49031.0,371233.0,0.9647953760470296
2025-26,03,Punjab,2026-01,2026-01-01,191743.0,165505.0,14228.0,179733.0,0.9373640758723917
2025-26,04,Chandigarh,2025-04,2025-04-01,18035.0,15177.0,2872.0,18049.0,1.000776268367064
2025-26,04,Chandigarh,2025-05,2025-05-01,18257.0,15478.0,2601.0,18079.0,0.9902503149476913
2025-26,04,Chandigarh,2025-06,2025-06-01,29011.0,23994.0,4934.0,28928.0,0.9971390162352212
2025-26,04,Chandigarh,2025-07,2025-07-01,18140.0,15367.0,2749.0,18116.0,0.9986769570011025
2025-26,04,Chandigarh,2025-08,2025-08-01,18401.0,15431.0,2718.0,18149.0,0.986305092114559
2025-26,04,Chandigarh,2025-09,2025-09-01,29242.0,24363.0,4578.0,28941.0,0.9897065864167978
2025-26,04,Chandigarh,2025-10,2025-10-01,18261.0,15707.0,2503.0,18210.0,0.99720716280598
2025-26,04,Chandigarh,2025-11,2025-11-01,18637.0,16162.0,2264.0,18426.0,0.9886784353704996
2025-26,04,Chandigarh,2025-12,2025-12-01,29668.0,25476.0,3271.0,28747.0,0.968956451395443
2025-26,04,Chandigarh,2026-01,2026-01-01,18676.0,16371.0,1227.0,17598.0,0.9422788605697151
2025-26,05,Uttarakhand,2025-04,2025-04-01,94613.0,76148.0,19156.0,95304.0,1.0073034361028612
2025-26,05,Uttarakhand,2025-05,2025-05-01,97351.0,78426.0,18663.0,97089.0,0.9973087076660743
2025-26,05,Uttarakhand,2025-06,2025-06-01,172809.0,136763.0,35147.0,171910.0,0.9947977246555446
2025-26,05,Uttarakhand,2025-07,2025-07-01,97326.0,78853.0,17586.0,96439.0,0.9908862996527136
2025-26,05,Uttarakhand,2025-08,2025-08-01,98912.0,80279.0,17076.0,97355.0,0.9842587350372047
2025-26,05,Uttarakhand,2025-09,2025-09-01,175426.0,140708.0,32698.0,173406.0,0.9884851732354383
2025-26,05,Uttarakhand,2025-10,2025-10-01,98057.0,79598.0,17351.0,96949.0,0.9887004497384174
2025-26,05,Uttarakhand,2025-11,2025-11-01,101581.0,84679.0,15944.0,100623.0,0.9905691024896388
2025-26,05,Uttarakhand,2025-12,2025-12-01,182247.0,150894.0,24241.0,175135.0,0.9609760380143432
2025-26,05,Uttarakhand,2026-01,2026-01-01,102257.0,85508.0,9628.0,95136.0,0.9303617356269008
2025-26,06,Haryana,2025-04,2025-04-01,324796.0,269173.0,54934.0,324107.0,0.9978786684565081
2025-26,06,Haryana,2025-05,2025-05-01,331968.0,277363.0,51838.0,329201.0,0.9916648592635434
2025-26,06,Haryana,2025-06,2025-06-01,549212.0,453936.0,92544.0,546480.0,0.9950256003146326
2025-26,06,Haryana,2025-07,2025-07-01,333160.0,278332.0,53148.0,331480.0,0.994957377836475
2025-26,06,Haryana,2025-08,2025-08-01,340519.0,281895.0,53461.0,335356.0,0.9848378504576837
2025-26,06,Haryana,2025-09,2025-09-01,562036.0,463414.0,90988.0,554402.0,0.9864172401767858
2025-26,06,Haryana,2025-10,2025-10-01,340264.0,283134.0,52398.0,335532.0,0.9860931512002445
2025-26,06,Haryana,2025-11,2025-11-01,350627.0,297883.0,48796.0,346679.0,0.9887401711790592
2025-26,06,Haryana,2025-12,2025-12-01,580651.0,497925.0,63812.0,561737.0,0.9674262164363792
2025-26,06,Haryana,2026-01,2026-01-01,355536.0,305020.0,25069.0,330089.0,0.9284263759506773
2025-26,07,Delhi,2025-04,2025-04-01,453518.0,374739.0,76429.0,451168.0,0.9948182872565147
2025-26,07,Delhi,2025-05,2025-05-01,461360.0,383819.0,73996.0,457815.0,0.9923161955956303
2025-26,07,Delhi,2025-06,2025-06-01,788355.0,652999.0,132451.0,785450.0,0.9963151118468203
2025-26,07,Delhi,2025-07,2025-07-01,462019.0,384148.0,76738.0,460886.0,0.9975477198989652
2025-26,07,Delhi,2025-08,2025-08-01,472236.0,388079.0,76628.0,464707.0,0.9840567004633276
2025-26,07,Delhi,2025-09,2025-09-01,804216.0,666061.0,127527.0,793588.0,0.9867846449212649
2025-26,07,Delhi,2025-10,2025-10-01,471201.0,390389.0,73843.0,464232.0,0.985210133255235
2025-26,07,Delhi,2025-11,2025-11-01,484445.0,410144.0,70920.0,481064.0,0.9930208795632115
2025-26,07,Delhi,2025-12,2025-12-01,831010.0,702182.0,101767.0,803949.0,0.9674360116003418
2025-26,07,Delhi,2026-01,2026-01-01,496237.0,422868.0,38099.0,460967.0,0.9289250902290639
2025-26,08,Rajasthan,2025-04,2025-04-01,342259.0,282768.0,58102.0,340870.0,0.995941669904955
2025-26,08,Rajasthan,2025-05,2025-05-01,352243.0,293219.0,54542.0,347761.0,0.9872758294699966
2025-26,08,Rajasthan,2025-06,2025-06-01,765449.0,630754.0,131010.0,761764.0,0.9951858321063847
2025-26,08,Rajasthan,2025-07,2025-07-01,346814.0,291467.0,55902.0,347369.0,1.0016002814188585
2025-26,08,Rajasthan,2025-08,2025-08-01,360071.0,297205.0,57613.0,354818.0,0.9854112105668049
2025-26,08,Rajasthan,2025-09,2025-09-01,784641.0,636878.0,138810.0,775688.0,0.9885896862386747
2025-26,08,Rajasthan,2025-10,2025-10-01,355351.0,296567.0,56426.0,352993.0,0.9933643074031029
2025-26,08,Rajasthan,2025-11,2025-11-01,371770.0,316957.0,49975.0,366932.0,0.9869865777227856
2025-26,08,Rajasthan,2025-12,2025-12-01,810773.0,686655.0,97449.0,784104.0,0.9671066994090824
2025-26,08,Rajasthan,2026-01,2026-01-01,369648.0,317431.0,30952.0,348383.0,0.9424722979699606
2025-26,09,Uttar Pradesh,2025-04,2025-04-01,1070856.0,873536.0,188949.0,1062485.0,0.9921828892026565
2025-26,09,Uttar Pradesh,2025-05,2025-05-01,1089051.0,884558.0,193041.0,1077599.0,0.9894844226762567
2025-26,09,Uttar Pradesh,2025-06,2025-06-01,1637429.0,1324037.0,295800.0,1619837.0,0.9892563280606366
2025-26,09,Uttar Pradesh,2025-07,2025-07-01,1090030.0,888726.0,186960.0,1075686.0,0.9868407291542435
2025-26,09,Uttar Pradesh,2025-08,2025-08-01,1107435.0,896262.0,187617.0,1083879.0,0.97872922564304
2025-26,09,Uttar Pradesh,2025-09,2025-09-01,1665905.0,1345645.0,287400.0,1633045.0,0.9802749856684505
2025-26,09,Uttar Pradesh,2025-10,2025-10-01,1104366.0,892354.0,189388.0,1081742.0,0.9795140379185886
2025-26,09,Uttar Pradesh,2025-11,2025-11-01,1131950.0,942776.0,170888.0,1113664.0,0.9838455762180308
2025-26,09,Uttar Pradesh,2025-12,2025-12-01,1717059.0,1445798.0,208765.0,1654563.0,0.9636028814385528
2025-26,09,Uttar Pradesh,2026-01,2026-01-01,1151692.0,965517.0,104173.0,1069690.0,0.9287986718671312
2025-26,10,Bihar,2025-04,2025-04-01,305619.0,233841.0,64985.0,298826.0,0.9777729787742254
2025-26,10,Bihar,2025-05,2025-05-01,314567.0,237989.0,67251.0,305240.0,0.9703497188198381
2025-26,10,Bihar,2025-06,2025-06-01,534704.0,411123.0,112302.0,523425.0,0.9789060863580598
2025-26,10,Bihar,2025-07,2025-07-01,310887.0,241303.0,62344.0,303647.0,0.9767117956041906
2025-26,10,Bihar,2025-08,2025-08-01,321022.0,242319.0,65149.0,307468.0,0.9577785946134533
2025-26,10,Bihar,2025-09,2025-09-01,548160.0,422235.0,105921.0,528156.0,0.9635070052539405
2025-26,10,Bihar,2025-10,2025-10-01,315587.0,241954.0,61515.0,303469.0,0.961601713632057
2025-26,10,Bihar,2025-11,2025-11-01,327315.0,260068.0,53561.0,313629.0,0.9581870675037808
2025-26,10,Bihar,2025-12,2025-12-01,564697.0,451043.0,82053.0,533096.0,0.9440390156136831
2025-26,10,Bihar,2026-01,2026-01-01,330794.0,268125.0,30848.0,298973.0,0.9038041802451072
2025-26,11,Sikkim,2025-04,2025-04-01,6537.0,4734.0,1718.0,6452.0,0.9869970934679516
2025-26,11,Sikkim,2025-05,2025-05-01,6601.0,4849.0,1614.0,6463.0,0.9790940766550522
2025-26,11,Sikkim,2025-06,2025-06-01,10050.0,7443.0,2485.0,9928.0,0.9878606965174129
2025-26,11,Sikkim,2025-07,2025-07-01,6485.0,4803.0,1558.0,6361.0,0.9808789514263685
2025-26,11,Sikkim,2025-08,2025-08-01,6573.0,4906.0,1425.0,6331.0,0.9631827171763274
2025-26,11,Sikkim,2025-09,2025-09-01,10123.0,7388.0,2390.0,9778.0,0.9659191939148474
2025-26,11,Sikkim,2025-10,2025-10-01,6547.0,4896.0,1347.0,6243.0,0.9535665190163434
2025-26,11,Sikkim,2025-11,2025-11-01,6649.0,4989.0,1245.0,6234.0,0.9375845991878478
2025-26,11,Sikkim,2025-12,2025-12-01,10228.0,7694.0,1465.0,9159.0,0.8954829878764177
2025-26,11,Sikkim,2026-01,2026-01-01,6568.0,5084.0,494.0,5578.0,0.8492691839220463
2025-26,12,Arunachal Pradesh,2025-04,2025-04-01,12010.0,7878.0,4029.0,11907.0,0.9914238134887594
2025-26,12,Arunachal Pradesh,2025-05,2025-05-01,12254.0,8454.0,3640.0,12094.0,0.986943039007671
2025-26,12,Arunachal Pradesh,2025-06,2025-06-01,16207.0,11256.0,4817.0,16073.0,0.9917319676682915
2025-26,12,Arunachal Pradesh,2025-07,2025-07-01,12383.0,8645.0,3660.0,12305.0,0.9937010417507873
2025-26,12,Arunachal Pradesh,2025-08,2025-08-01,12782.0,8791.0,3619.0,12410.0,0.9708965733062118
2025-26,12,Arunachal Pradesh,2025-09,2025-09-01,16816.0,12153.0,4065.0,16218.0,0.9644386298763082
2025-26,12,Arunachal Pradesh,2025-10,2025-10-01,12696.0,8835.0,3264.0,12099.0,0.9529773156899811
2025-26,12,Arunachal Pradesh,2025-11,2025-11-01,13072.0,9129.0,2991.0,12120.0,0.927172582619339
2025-26,12,Arunachal Pradesh,2025-12,2025-12-01,17310.0,12626.0,2878.0,15504.0,0.8956672443674176
2025-26,12,Arunachal Pradesh,2026-01,2026-01-01,13094.0,9489.0,1127.0,10616.0,0.8107530166488468
2025-26,13,Nagaland,2025-04,2025-04-01,6996.0,5094.0,1834.0,6928.0,0.9902801600914809
2025-26,13,Nagaland,2025-05,2025-05-01,7077.0,5092.0,1882.0,6974.0,0.9854458103716264
2025-26,13,Nagaland,2025-06,2025-06-01,8504.0,6118.0,2310.0,8428.0,0.9910630291627469
2025-26,13,Nagaland,2025-07,2025-07-01,7111.0,5241.0,1750.0,6991.0,0.9831247363240051
2025-26,13,Nagaland,2025-08,2025-08-01,7191.0,5391.0,1601.0,6992.0,0.9723265192601863
2025-26,13,Nagaland,2025-09,2025-09-01,8707.0,6629.0,1784.0,8413.0,0.9662340645457678
2025-26,13,Nagaland,2025-10,2025-10-01,7162.0,5297.0,1579.0,6876.0,0.9600670203853672
2025-26,13,Nagaland,2025-11,2025-11-01,7226.0,5512.0,1290.0,6802.0,0.9413230002767783
2025-26,13,Nagaland,2025-12,2025-12-01,8754.0,6346.0,1643.0,7989.0,0.9126113776559287
2025-26,13,Nagaland,2026-01,2026-01-01,7182.0,5386.0,623.0,6009.0,0.8366750208855472
2025-26,14,Manipur,2025-04,2025-04-01,9407.0,6233.0,2894.0,9127.0,0.9702349314340385
2025-26,14,Manipur,2025-05,2025-05-01,9786.0,6074.0,3165.0,9239.0,0.9441038217862252
2025-26,14,Manipur,2025-06,2025-06-01,12056.0,7853.0,3880.0,11733.0,0.9732083609820836
2025-26,14,Manipur,2025-07,2025-07-01,9480.0,6427.0,2843.0,9270.0,0.9778481012658228
2025-26,14,Manipur,2025-08,2025-08-01,9764.0,6419.0,2865.0,9284.0,0.9508398197460057
2025-26,14,Manipur,2025-09,2025-09-01,12327.0,8541.0,3206.0,11747.0,0.9529488115518779
2025-26,14,Manipur,2025-10,2025-10-01,9618.0,6336.0,2676.0,9012.0,0.9369931378665003
2025-26,14,Manipur,2025-11,2025-11-01,9741.0,6636.0,2378.0,9014.0,0.9253670054409199
2025-26,14,Manipur,2025-12,2025-12-01,12556.0,8626.0,2593.0,11219.0,0.8935170436444727
2025-26,14,Manipur,2026-01,2026-01-01,9718.0,6864.0,1143.0,8007.0,0.8239349660423956
2025-26,15,Mizoram,2025-04,2025-04-01,6942.0,5607.0,1253.0,6860.0,0.9881878421204264
2025-26,15,Mizoram,2025-05,2025-05-01,7059.0,5355.0,1547.0,6902.0,0.9777588893610993
2025-26,15,Mizoram,2025-06,2025-06-01,8056.0,6163.0,1704.0,7867.0,0.9765392254220456
2025-26,15,Mizoram,2025-07,2025-07-01,7134.0,5622.0,1323.0,6945.0,0.9735071488645921
2025-26,15,Mizoram,2025-08,2025-08-01,7208.0,5619.0,1360.0,6979.0,0.9682297447280799
2025-26,15,Mizoram,2025-09,2025-09-01,8228.0,6814.0,1119.0,7933.0,0.9641468157510938
2025-26,15,Mizoram,2025-10,2025-10-01,7344.0,5745.0,1266.0,7011.0,0.9546568627450981
2025-26,15,Mizoram,2025-11,2025-11-01,7506.0,5942.0,1112.0,7054.0,0.9397815081268319
2025-26,15,Mizoram,2025-12,2025-12-01,8509.0,6694.0,1182.0,7876.0,0.9256081795745681
2025-26,15,Mizoram,2026-01,2026-01-01,7570.0,6043.0,606.0,6649.0,0.878335535006605
2025-26,16,Tripura,2025-04,2025-04-01,21473.0,16660.0,4609.0,21269.0,0.9904996972942766
2025-26,16,Tripura,2025-05,2025-05-01,21813.0,17022.0,4425.0,21447.0,0.9832210149910604
2025-26,16,Tripura,2025-06,2025-06-01,29215.0,22791.0,6061.0,28852.0,0.9875748759199041
2025-26,16,Tripura,2025-07,2025-07-01,21767.0,17091.0,4399.0,21490.0,0.9872743143290302
2025-26,16,Tripura,2025-08,2025-08-01,22114.0,17526.0,4061.0,21587.0,0.9761689427511984
2025-26,16,Tripura,2025-09,2025-09-01,29630.0,23886.0,5124.0,29010.0,0.9790752615592305
2025-26,16,Tripura,2025-10,2025-10-01,22174.0,17515.0,4054.0,21569.0,0.9727157932713989
2025-26,16,Tripura,2025-11,2025-11-01,22503.0,17962.0,3838.0,21800.0,0.9687597209260987
2025-26,16,Tripura,2025-12,2025-12-01,30294.0,24332.0,4497.0,28829.0,0.9516405888954909
2025-26,16,Tripura,2026-01,2026-01-01,22740.0,18263.0,2318.0,20581.0,0.9050571679859278
2025-26,17,Meghalaya,2025-04,2025-04-01,14552.0,11146.0,3240.0,14386.0,0.9885926333150082
2025-26,17,Meghalaya,2025-05,2025-05-01,14990.0,11479.0,3203.0,14682.0,0.9794529686457638
2025-26,17,Meghalaya,2025-06,2025-06-01,28508.0,22439.0,5723.0,28162.0,0.9878630559842851
2025-26,17,Meghalaya,2025-07,2025-07-01,14719.0,11247.0,3244.0,14491.0,0.9845098172430192
2025-26,17,Meghalaya,2025-08,2025-08-01,15123.0,11371.0,3235.0,14606.0,0.9658136613105865
2025-26,17,Meghalaya,2025-09,2025-09-01,29054.0,23578.0,4597.0,28175.0,0.9697459902250981
2025-26,17,Meghalaya,2025-10,2025-10-01,14835.0,11361.0,2876.0,14237.0,0.9596899224806201
2025-26,17,Meghalaya,2025-11,2025-11-01,15316.0,11686.0,2657.0,14343.0,0.9364716636197441
2025-26,17,Meghalaya,2025-12,2025-12-01,29312.0,23528.0,3663.0,27191.0,0.9276405567685589
2025-26,17,Meghalaya,2026-01,2026-01-01,15164.0,11996.0,1227.0,13223.0,0.8719994724347138
2025-26,18,Assam,2025-04,2025-04-01,131128.0,94995.0,34042.0,129037.0,0.9840537490086023
2025-26,18,Assam,2025-05,2025-05-01,134384.0,96804.0,33052.0,129856.0,0.9663055125610192
2025-26,18,Assam,2025-06,2025-06-01,190911.0,139789.0,49375.0,189164.0,0.9908491391276564
2025-26,18,Assam,2025-07,2025-07-01,131264.0,97558.0,31682.0,129240.0,0.9845806923451975
2025-26,18,Assam,2025-08,2025-08-01,134144.0,94271.0,35707.0,129978.0,0.9689438215648855
2025-26,18,Assam,2025-09,2025-09-01,194609.0,144584.0,44326.0,188910.0,0.9707156400783109
2025-26,18,Assam,2025-10,2025-10-01,134089.0,98349.0,30225.0,128574.0,0.9588706008695717
2025-26,18,Assam,2025-11,2025-11-01,137688.0,104122.0,26931.0,131053.0,0.9518113415838708
2025-26,18,Assam,2025-12,2025-12-01,200322.0,150289.0,35289.0,185578.0,0.9263984984175477
2025-26,18,Assam,2026-01,2026-01-01,139481.0,107242.0,13454.0,120696.0,0.8653221585735692
2025-26,19,West Bengal,2025-04,2025-04-01,437513.0,364855.0,69511.0,434366.0,0.9928070708756083
2025-26,19,West Bengal,2025-05,2025-05-01,447363.0,372097.0,69517.0,441614.0,0.9871491383954417
2025-26,19,West Bengal,2025-06,2025-06-01,722935.0,599439.0,116087.0,715526.0,0.9897514990974292
2025-26,19,West Bengal,2025-07,2025-07-01,448339.0,375900.0,68156.0,444056.0,0.9904469608934311
2025-26,19,West Bengal,2025-08,2025-08-01,458076.0,376941.0,71041.0,447982.0,0.9779643552598258
2025-26,19,West Bengal,2025-09,2025-09-01,737235.0,615522.0,107241.0,722763.0,0.9803698956235122
2025-26,19,West Bengal,2025-10,2025-10-01,456666.0,380204.0,65226.0,445430.0,0.9753955845191015
2025-26,19,West Bengal,2025-11,2025-11-01,468801.0,395237.0,60341.0,455578.0,0.9717940021458998
2025-26,19,West Bengal,2025-12,2025-12-01,756132.0,643574.0,80624.0,724198.0,0.9577666333391525
2025-26,19,West Bengal,2026-01,2026-01-01,474991.0,405035.0,31595.0,436630.0,0.9192384697815327
2025-26,20,Jharkhand,2025-04,2025-04-01,143752.0,114507.0,27912.0,142419.0,0.9907270855362013
2025-26,20,Jharkhand,2025-05,2025-05-01,146310.0,116595.0,27214.0,143809.0,0.9829061581573372
2025-26,20,Jharkhand,2025-06,2025-06-01,194093.0,153852.0,37121.0,190973.0,0.9839252317188152
2025-26,20,Jharkhand,2025-07,2025-07-01,146918.0,118549.0,25988.0,144537.0,0.9837936808287616
2025-26,20,Jharkhand,2025-08,2025-08-01,149105.0,119418.0,26024.0,145442.0,0.9754334194024346
2025-26,20,Jharkhand,2025-09,2025-09-01,197403.0,161534.0,30812.0,192346.0,0.974382354878092
2025-26,20,Jharkhand,2025-10,2025-10-01,149309.0,119671.0,25319.0,144990.0,0.9710734115157157
2025-26,20,Jharkhand,2025-11,2025-11-01,152026.0,126013.0,22544.0,148557.0,0.9771815347374792
2025-26,20,Jharkhand,2025-12,2025-12-01,203571.0,168214.0,26257.0,194471.0,0.9552981515048804
2025-26,20,Jharkhand,2026-01,2026-01-01,155780.0,129349.0,12494.0,141843.0,0.9105340865322892
2025-26,21,Odisha,2025-04,2025-04-01,186272.0,144364.0,40822.0,185186.0,0.9941698161827864
2025-26,21,Odisha,2025-05,2025-05-01,190966.0,146812.0,41142.0,187954.0,0.9842275588324623
2025-26,21,Odisha,2025-06,2025-06-01,320227.0,250002.0,66686.0,316688.0,0.9889484646828656
2025-26,21,Odisha,2025-07,2025-07-01,189502.0,150515.0,37108.0,187623.0,0.9900845373663603
2025-26,21,Odisha,2025-08,2025-08-01,194334.0,152878.0,36550.0,189428.0,0.9747548035855794
2025-26,21,Odisha,2025-09,2025-09-01,325942.0,261942.0,56932.0,318874.0,0.9783151603659547
2025-26,21,Odisha,2025-10,2025-10-01,192789.0,151479.0,36791.0,188270.0,0.9765598659674567
2025-26,21,Odisha,2025-11,2025-11-01,197994.0,158774.0,32543.0,191317.0,0.9662767558612887
2025-26,21,Odisha,2025-12,2025-12-01,333633.0,270143.0,45963.0,316106.0,0.9474662278611529
2025-26,21,Odisha,2026-01,2026-01-01,198460.0,160295.0,18314.0,178609.0,0.8999748060062481
2025-26,22,Chhattisgarh,2025-04,2025-04-01,82883.0,64340.0,19105.0,83445.0,1.0067806425925703
2025-26,22,Chhattisgarh,2025-05,2025-05-01,85478.0,67087.0,17841.0,84928.0,0.9935655958258265
2025-26,22,Chhattisgarh,2025-06,2025-06-01,149930.0,111852.0,38337.0,150189.0,1.0017274728206496
2025-26,22,Chhattisgarh,2025-07,2025-07-01,83981.0,65809.0,18242.0,84051.0,1.0008335218680415
2025-26,22,Chhattisgarh,2025-08,2025-08-01,85994.0,66564.0,18513.0,85077.0,0.9893364653347908
2025-26,22,Chhattisgarh,2025-09,2025-09-01,153633.0,113241.0,38715.0,151956.0,0.9890843764035071
2025-26,22,Chhattisgarh,2025-10,2025-10-01,85109.0,65518.0,19267.0,84785.0,0.9961931170616504
2025-26,22,Chhattisgarh,2025-11,2025-11-01,88549.0,70171.0,16622.0,86793.0,0.9801691718709415
2025-26,22,Chhattisgarh,2025-12,2025-12-01,156407.0,123123.0,27641.0,150764.0,0.963921052126823
2025-26,22,Chhattisgarh,2026-01,2026-01-01,87916.0,71426.0,9434.0,80860.0,0.9197415715000683
2025-26,23,Madhya Pradesh,2025-04,2025-04-01,232014.0,183213.0,48155.0,231368.0,0.9972156852603722
2025-26,23,Madhya Pradesh,2025-05,2025-05-01,238678.0,189272.0,46217.0,235489.0,0.9866389026219425
2025-26,23,Madhya Pradesh,2025-06,2025-06-01,498323.0,386676.0,106895.0,493571.0,0.9904640163107061
2025-26,23,Madhya Pradesh,2025-07,2025-07-01,234167.0,189787.0,43267.0,233054.0,0.9952469818548301
2025-26,23,Madhya Pradesh,2025-08,2025-08-01,242821.0,191962.0,45067.0,237029.0,0.9761470383533549
2025-26,23,Madhya Pradesh,2025-09,2025-09-01,507064.0,392508.0,106940.0,499448.0,0.9849801997381001
2025-26,23,Madhya Pradesh,2025-10,2025-10-01,238186.0,190133.0,45057.0,235190.0,0.9874215948880287
2025-26,23,Madhya Pradesh,2025-11,2025-11-01,247675.0,203613.0,39307.0,242920.0,0.9808014535177147
2025-26,23,Madhya Pradesh,2025-12,2025-12-01,518099.0,416826.0,81774.0,498600.0,0.9623643357736649
2025-26,23,Madhya Pradesh,2026-01,2026-01-01,246693.0,204836.0,23756.0,228592.0,0.9266254008018063
2025-26,24,Gujarat,2025-04,2025-04-01,715793.0,637216.0,81206.0,718422.0,1.0036728495528735
2025-26,24,Gujarat,2025-05,2025-05-01,726544.0,656733.0,72912.0,729645.0,1.0042681516879914
2025-26,24,Gujarat,2025-06,2025-06-01,1152516.0,1013927.0,139511.0,1153438.0,1.0007999888938635
2025-26,24,Gujarat,2025-07,2025-07-01,733468.0,654125.0,82436.0,736561.0,1.0042169528868334
2025-26,24,Gujarat,2025-08,2025-08-01,745690.0,665552.0,79889.0,745441.0,0.9996660810792689
2025-26,24,Gujarat,2025-09,2025-09-01,1180887.0,1039885.0,137584.0,1177469.0,0.9971055655621579
2025-26,24,Gujarat,2025-10,2025-10-01,749948.0,670486.0,78142.0,748628.0,0.9982398779648722
2025-26,24,Gujarat,2025-11,2025-11-01,765123.0,698471.0,70469.0,768940.0,1.0049887403724629
2025-26,24,Gujarat,2025-12,2025-12-01,1217820.0,1083826.0,118427.0,1202253.0,0.9872173227570576
2025-26,24,Gujarat,2026-01,2026-01-01,779865.0,712529.0,40733.0,753262.0,0.9658876856891898
2025-26,25,Daman and Diu,2025-04,2025-04-01,0.0,0.0,,0.0,
2025-26,25,Daman and Diu,2025-05,2025-05-01,0.0,0.0,,0.0,
2025-26,25,Daman and Diu,2025-06,2025-06-01,0.0,0.0,,0.0,
2025-26,25,Daman and Diu,2025-07,2025-07-01,0.0,0.0,,0.0,
2025-26,25,Daman and Diu,2025-08,2025-08-01,0.0,0.0,,0.0,
2025-26,25,Daman and Diu,2025-09,2025-09-01,0.0,0.0,,0.0,
2025-26,25,Daman and Diu,2025-10,2025-10-01,0.0,0.0,,0.0,
2025-26,25,Daman and Diu,2025-11,2025-11-01,0.0,0.0,,0.0,
2025-26,25,Daman and Diu,2025-12,2025-12-01,0.0,0.0,,0.0,
2025-26,25,Daman and Diu,2026-01,2026-01-01,0.0,0.0,,0.0,
2025-26,26,Dadra and Nagar Haveli,2025-04,2025-04-01,12258.0,9978.0,2253.0,12231.0,0.9977973568281938
2025-26,26,Dadra and Nagar Haveli,2025-05,2025-05-01,12343.0,10149.0,2166.0,12315.0,0.997731507737179
2025-26,26,Dadra and Nagar Haveli,2025-06,2025-06-01,15097.0,12214.0,2825.0,15039.0,0.9961581771212824
2025-26,26,Dadra and Nagar Haveli,2025-07,2025-07-01,12455.0,10110.0,2264.0,12374.0,0.9934965877157768
2025-26,26,Dadra and Nagar Haveli,2025-08,2025-08-01,12547.0,10356.0,2033.0,12389.0,0.9874073483701283
2025-26,26,Dadra and Nagar Haveli,2025-09,2025-09-01,15257.0,12475.0,2575.0,15050.0,0.9864324572327456
2025-26,26,Dadra and Nagar Haveli,2025-10,2025-10-01,12574.0,10323.0,2031.0,12354.0,0.9825035788134245
2025-26,26,Dadra and Nagar Haveli,2025-11,2025-11-01,12702.0,10524.0,1846.0,12370.0,0.9738623838765549
2025-26,26,Dadra and Nagar Haveli,2025-12,2025-12-01,15458.0,12718.0,2042.0,14760.0,0.9548453875016173
2025-26,26,Dadra and Nagar Haveli,2026-01,2026-01-01,12806.0,10688.0,864.0,11552.0,0.9020771513353115
2025-26,27,Maharashtra,2025-04,2025-04-01,952810.0,770178.0,184777.0,954955.0,1.0022512358182638
2025-26,27,Maharashtra,2025-05,2025-05-01,975466.0,795220.0,174787.0,970007.0,0.9944037003852517
2025-26,27,Maharashtra,2025-06,2025-06-01,1668278.0,1322073.0,342230.0,1664303.0,0.9976173035908883
2025-26,27,Maharashtra,2025-07,2025-07-01,976879.0,792042.0,182530.0,974572.0,0.9976383973859608
2025-26,27,Maharashtra,2025-08,2025-08-01,1000117.0,807823.0,176725.0,984548.0,0.9844328213599008
2025-26,27,Maharashtra,2025-09,2025-09-01,1701420.0,1360894.0,322064.0,1682958.0,0.989149063723243
2025-26,27,Maharashtra,2025-10,2025-10-01,996655.0,810626.0,174273.0,984899.0,0.9882045442003502
2025-26,27,Maharashtra,2025-11,2025-11-01,1027093.0,854719.0,158259.0,1012978.0,0.9862573301541341
2025-26,27,Maharashtra,2025-12,2025-12-01,1750886.0,1441378.0,251458.0,1692836.0,0.9668453571506084
2025-26,27,Maharashtra,2026-01,2026-01-01,1041088.0,882000.0,82430.0,964430.0,0.926367415626729
2025-26,29,Karnataka,2025-04,2025-04-01,741468.0,588070.0,145292.0,733362.0,0.9890676333975303
2025-26,29,Karnataka,2025-05,2025-05-01,747767.0,599022.0,138695.0,737717.0,0.9865599845941316
2025-26,29,Karnataka,2025-06,2025-06-01,922163.0,725538.0,185643.0,911181.0,0.9880910424729684
2025-26,29,Karnataka,2025-07,2025-07-01,751356.0,604444.0,137091.0,741535.0,0.9869289657632334
2025-26,29,Karnataka,2025-08,2025-08-01,760191.0,611552.0,133806.0,745358.0,0.9804877984611762
2025-26,29,Karnataka,2025-09,2025-09-01,938023.0,767374.0,151425.0,918799.0,0.9795058330126234
2025-26,29,Karnataka,2025-10,2025-10-01,763648.0,613209.0,131736.0,744945.0,0.9755083493965806
2025-26,29,Karnataka,2025-11,2025-11-01,773685.0,635264.0,116930.0,752194.0,0.9722225453511442
2025-26,29,Karnataka,2025-12,2025-12-01,957323.0,783463.0,130515.0,913978.0,0.9547227006976746
2025-26,29,Karnataka,2026-01,2026-01-01,783693.0,650792.0,62480.0,713272.0,0.9101421092187885
2025-26,30,Goa,2025-04,2025-04-01,26062.0,19588.0,6519.0,26107.0,1.001726651830251
2025-26,30,Goa,2025-05,2025-05-01,26657.0,20239.0,6155.0,26394.0,0.9901339235472859
2025-26,30,Goa,2025-06,2025-06-01,40003.0,30131.0,9699.0,39830.0,0.9956753243506737
2025-26,30,Goa,2025-07,2025-07-01,26603.0,20495.0,5964.0,26459.0,0.9945870766454911
2025-26,30,Goa,2025-08,2025-08-01,27177.0,20685.0,5906.0,26591.0,0.9784376494830187
2025-26,30,Goa,2025-09,2025-09-01,40627.0,31829.0,8119.0,39948.0,0.98328697664115
2025-26,30,Goa,2025-10,2025-10-01,26952.0,20902.0,5395.0,26297.0,0.9756975363609379
2025-26,30,Goa,2025-11,2025-11-01,27600.0,21153.0,5357.0,26510.0,0.9605072463768116
2025-26,30,Goa,2025-12,2025-12-01,41434.0,32574.0,6415.0,38989.0,0.9409904909011922
2025-26,30,Goa,2026-01,2026-01-01,27593.0,22356.0,2146.0,24502.0,0.8879788352118291
2025-26,31,Lakshadweep,2025-04,2025-04-01,256.0,198.0,55.0,253.0,0.98828125
2025-26,31,Lakshadweep,2025-05,2025-05-01,262.0,192.0,62.0,254.0,0.9694656488549618
2025-26,31,Lakshadweep,2025-06,2025-06-01,313.0,237.0,69.0,306.0,0.9776357827476039
2025-26,31,Lakshadweep,2025-07,2025-07-01,264.0,192.0,57.0,249.0,0.9431818181818182
2025-26,31,Lakshadweep,2025-08,2025-08-01,265.0,190.0,59.0,249.0,0.939622641509434
2025-26,31,Lakshadweep,2025-09,2025-09-01,322.0,241.0,59.0,300.0,0.9316770186335404
2025-26,31,Lakshadweep,2025-10,2025-10-01,267.0,196.0,47.0,243.0,0.9101123595505618
2025-26,31,Lakshadweep,2025-11,2025-11-01,276.0,202.0,46.0,248.0,0.8985507246376812
2025-26,31,Lakshadweep,2025-12,2025-12-01,338.0,252.0,48.0,300.0,0.8875739644970414
2025-26,31,Lakshadweep,2026-01,2026-01-01,279.0,216.0,22.0,238.0,0.8530465949820788
2025-26,32,Kerala,2025-04,2025-04-01,303894.0,227915.0,72827.0,300742.0,0.9896279623816199
2025-26,32,Kerala,2025-05,2025-05-01,306465.0,231460.0,70461.0,301921.0,0.985172858238298
2025-26,32,Kerala,2025-06,2025-06-01,361770.0,267814.0,89383.0,357197.0,0.9873593719766702
2025-26,32,Kerala,2025-07,2025-07-01,306479.0,234439.0,68558.0,302997.0,0.9886386995520084
2025-26,32,Kerala,2025-08,2025-08-01,309858.0,235614.0,67907.0,303521.0,0.9795486964996869
2025-26,32,Kerala,2025-09,2025-09-01,365821.0,296785.0,60617.0,357402.0,0.9769860122846966
2025-26,32,Kerala,2025-10,2025-10-01,311342.0,235940.0,66169.0,302109.0,0.9703445086111093
2025-26,32,Kerala,2025-11,2025-11-01,314792.0,241859.0,60870.0,302729.0,0.9616794581819106
2025-26,32,Kerala,2025-12,2025-12-01,372144.0,294142.0,56774.0,350916.0,0.9429575648136206
2025-26,32,Kerala,2026-01,2026-01-01,317868.0,249816.0,32170.0,281986.0,0.8871166647790907
2025-26,33,Tamil Nadu,2025-04,2025-04-01,977433.0,812212.0,162325.0,974537.0,0.9970371370723108
2025-26,33,Tamil Nadu,2025-05,2025-05-01,983280.0,816694.0,161915.0,978609.0,0.9952495728581889
2025-26,33,Tamil Nadu,2025-06,2025-06-01,1084276.0,891207.0,188644.0,1079851.0,0.9959189357691215
2025-26,33,Tamil Nadu,2025-07,2025-07-01,988018.0,824291.0,161428.0,985719.0,0.99767311931564
2025-26,33,Tamil Nadu,2025-08,2025-08-01,994033.0,831459.0,158079.0,989538.0,0.9954780173294046
2025-26,33,Tamil Nadu,2025-09,2025-09-01,1097882.0,956599.0,133917.0,1090516.0,0.9932907179460088
2025-26,33,Tamil Nadu,2025-10,2025-10-01,1002140.0,844704.0,149014.0,993718.0,0.991595984592971
2025-26,33,Tamil Nadu,2025-11,2025-11-01,1011306.0,863109.0,139167.0,1002276.0,0.9910709518187374
2025-26,33,Tamil Nadu,2025-12,2025-12-01,1119532.0,935550.0,161551.0,1097101.0,0.9799639492216391
2025-26,33,Tamil Nadu,2026-01,2026-01-01,1028062.0,879708.0,85108.0,964816.0,0.9384803640247378
2025-26,34,Puducherry,2025-04,2025-04-01,19676.0,15291.0,4257.0,19548.0,0.9934946127261639
2025-26,34,Puducherry,2025-05,2025-05-01,19882.0,15358.0,4279.0,19637.0,0.9876772960466754
2025-26,34,Puducherry,2025-06,2025-06-01,21930.0,16537.0,5161.0,21698.0,0.9894208846329229
2025-26,34,Puducherry,2025-07,2025-07-01,20021.0,15436.0,4305.0,19741.0,0.9860146845811898
2025-26,34,Puducherry,2025-08,2025-08-01,20153.0,15663.0,4111.0,19774.0,0.9811938669180768
2025-26,34,Puducherry,2025-09,2025-09-01,22238.0,18157.0,3666.0,21823.0,0.9813382498426118
2025-26,34,Puducherry,2025-10,2025-10-01,20276.0,15808.0,4012.0,19820.0,0.9775103570724009
2025-26,34,Puducherry,2025-11,2025-11-01,20453.0,16418.0,3367.0,19785.0,0.9673397545592334
2025-26,34,Puducherry,2025-12,2025-12-01,22621.0,17730.0,3854.0,21584.0,0.9541576411299235
2025-26,34,Puducherry,2026-01,2026-01-01,20714.0,16696.0,1910.0,18606.0,0.8982330790769528
2025-26,35,Andaman and Nicobar Islands,2025-04,2025-04-01,3914.0,2718.0,1148.0,3866.0,0.9877363311190598
2025-26,35,Andaman and Nicobar Islands,2025-05,2025-05-01,3941.0,2597.0,1302.0,3899.0,0.9893428063943162
2025-26,35,Andaman and Nicobar Islands,2025-06,2025-06-01,4896.0,3189.0,1631.0,4820.0,0.9844771241830066
2025-26,35,Andaman and Nicobar Islands,2025-07,2025-07-01,3969.0,2703.0,1190.0,3893.0,0.980851599899219
2025-26,35,Andaman and Nicobar Islands,2025-08,2025-08-01,4009.0,2726.0,1181.0,3907.0,0.9745572461960589
2025-26,35,Andaman and Nicobar Islands,2025-09,2025-09-01,4962.0,3609.0,1182.0,4791.0,0.9655380894800484
2025-26,35,Andaman and Nicobar Islands,2025-10,2025-10-01,4018.0,2785.0,1046.0,3831.0,0.9534594325535092
2025-26,35,Andaman and Nicobar Islands,2025-11,2025-11-01,4086.0,2872.0,967.0,3839.0,0.9395496818404308
2025-26,35,Andaman and Nicobar Islands,2025-12,2025-12-01,5072.0,3513.0,1062.0,4575.0,0.9020110410094637
2025-26,35,Andaman and Nicobar Islands,2026-01,2026-01-01,4151.0,2841.0,501.0,3342.0,0.8051072030835943
2025-26,36,Telangana,2025-04,2025-04-01,383538.0,295419.0,83550.0,378969.0,0.9880872299485318
2025-26,36,Telangana,2025-05,2025-05-01,388149.0,300418.0,81698.0,382116.0,0.9844569997604012
2025-26,36,Telangana,2025-06,2025-06-01,456953.0,349612.0,102197.0,451809.0,0.9887428247544058
2025-26,36,Telangana,2025-07,2025-07-01,388846.0,301787.0,82125.0,383912.0,0.9873111720321155
2025-26,36,Telangana,2025-08,2025-08-01,393146.0,305708.0,80158.0,385866.0,0.9814827061702268
2025-26,36,Telangana,2025-09,2025-09-01,465292.0,378392.0,78152.0,456544.0,0.981198903054426
2025-26,36,Telangana,2025-10,2025-10-01,393778.0,311206.0,75827.0,387033.0,0.9828710593278446
2025-26,36,Telangana,2025-11,2025-11-01,398873.0,323525.0,70193.0,393718.0,0.9870760868747697
2025-26,36,Telangana,2025-12,2025-12-01,476819.0,391434.0,69676.0,461110.0,0.9670545846537155
2025-26,36,Telangana,2026-01,2026-01-01,408878.0,335378.0,41366.0,376744.0,0.9214093201395037
2025-26,37,Andhra Pradesh,2025-04,2025-04-01,277496.0,220958.0,55701.0,276659.0,0.9969837403061665
2025-26,37,Andhra Pradesh,2025-05,2025-05-01,280269.0,223137.0,55154.0,278291.0,0.9929424945320389
2025-26,37,Andhra Pradesh,2025-06,2025-06-01,334005.0,261510.0,69484.0,330994.0,0.9909851648927411
2025-26,37,Andhra Pradesh,2025-07,2025-07-01,281510.0,226061.0,52977.0,279038.0,0.9912187844126319
2025-26,37,Andhra Pradesh,2025-08,2025-08-01,284325.0,226325.0,53297.0,279622.0,0.9834590697265453
2025-26,37,Andhra Pradesh,2025-09,2025-09-01,338696.0,273192.0,58884.0,332076.0,0.980454448827267
2025-26,37,Andhra Pradesh,2025-10,2025-10-01,285325.0,225955.0,53730.0,279685.0,0.9802330675545431
2025-26,37,Andhra Pradesh,2025-11,2025-11-01,289428.0,236121.0,48393.0,284514.0,0.9830216841494258
2025-26,37,Andhra Pradesh,2025-12,2025-12-01,348161.0,280294.0,54802.0,335096.0,0.9624742575992141
2025-26,37,Andhra Pradesh,2026-01,2026-01-01,296165.0,242033.0,28596.0,270629.0,0.9137777927844276
2025-26,38,Ladakh,2025-04,2025-04-01,2430.0,1866.0,628.0,2494.0,1.0263374485596708
2025-26,38,Ladakh,2025-05,2025-05-01,2594.0,1913.0,719.0,2632.0,1.0146491904394757
2025-26,38,Ladakh,2025-06,2025-06-01,8454.0,6596.0,1931.0,8527.0,1.0086349656967115
2025-26,38,Ladakh,2025-07,2025-07-01,2484.0,1814.0,754.0,2568.0,1.0338164251207729
2025-26,38,Ladakh,2025-08,2025-08-01,2748.0,1922.0,728.0,2650.0,0.9643377001455604
2025-26,38,Ladakh,2025-09,2025-09-01,8770.0,6743.0,1897.0,8640.0,0.9851767388825542
2025-26,38,Ladakh,2025-10,2025-10-01,2523.0,1887.0,594.0,2481.0,0.9833531510107015
2025-26,38,Ladakh,2025-11,2025-11-01,2722.0,1987.0,577.0,2564.0,0.9419544452608376
2025-26,38,Ladakh,2025-12,2025-12-01,8967.0,7230.0,1084.0,8314.0,0.9271774283483886
2025-26,38,Ladakh,2026-01,2026-01-01,2626.0,2130.0,196.0,2326.0,0.8857578065498858
2025-26,97,Other Territory,2025-04,2025-04-01,109.0,81.0,23.0,104.0,0.9541284403669725
2025-26,97,Other Territory,2025-05,2025-05-01,98.0,85.0,24.0,109.0,1.1122448979591837
2025-26,97,Other Territory,2025-06,2025-06-01,123.0,94.0,21.0,115.0,0.9349593495934959
2025-26,97,Other Territory,2025-07,2025-07-01,133.0,78.0,6.0,84.0,0.631578947368421
2025-26,97,Other Territory,2025-08,2025-08-01,85.0,69.0,4.0,73.0,0.8588235294117647
2025-26,97,Other Territory,2025-09,2025-09-01,83.0,71.0,5.0,76.0,0.9156626506024096
2025-26,97,Other Territory,2025-10,2025-10-01,76.0,65.0,7.0,72.0,0.9473684210526315
2025-26,97,Other Territory,2025-11,2025-11-01,76.0,67.0,4.0,71.0,0.9342105263157895
2025-26,97,Other Territory,2025-12,2025-12-01,79.0,70.0,4.0,74.0,0.9367088607594937
2025-26,97,Other Territory,2026-01,2026-01-01,75.0,67.0,1.0,68.0,0.9066666666666666
