financial_year,state_code,state,month,month_date,regular,adhoc,total
2017-18,01,Jammu and Kashmir,2017-08,2017-08-01,83.416209933,0.0,83.416209933
2017-18,01,Jammu and Kashmir,2017-09,2017-09-01,142.5625083,0.0,142.5625083
2017-18,01,Jammu and Kashmir,2017-10,2017-10-01,195.822291023,0.0,195.822291023
2017-18,01,Jammu and Kashmir,2017-11,2017-11-01,209.2640667,0.0,209.2640667
2017-18,01,Jammu and Kashmir,2017-12,2017-12-01,186.7083431,0.0,186.7083431
2017-18,01,Jammu and Kashmir,2018-01,2018-01-01,224.5296727,0.0,224.5296727
2017-18,01,Jammu and Kashmir,2018-02,2018-02-01,180.3924607,209.0,389.3924607
2017-18,01,Jammu and Kashmir,2018-03,2018-03-01,178.8209721,0.0,178.8209721
2017-18,02,Himachal Pradesh,2017-08,2017-08-01,63.515337667999994,0.0,63.515337667999994
2017-18,02,Himachal Pradesh,2017-09,2017-09-01,68.5992304,0.0,68.5992304
2017-18,02,Himachal Pradesh,2017-10,2017-10-01,75.951647506,0.0,75.951647506
2017-18,02,Himachal Pradesh,2017-11,2017-11-01,107.9755191,0.0,107.9755191
2017-18,02,Himachal Pradesh,2017-12,2017-12-01,91.6474698,0.0,91.6474698
2017-18,02,Himachal Pradesh,2018-01,2018-01-01,105.6253327,0.0,105.6253327
2017-18,02,Himachal Pradesh,2018-02,2018-02-01,89.3946239,159.0,248.3946239
2017-18,02,Himachal Pradesh,2018-03,2018-03-01,89.8820517,0.0,89.8820517
2017-18,03,Punjab,2017-08,2017-08-01,277.15933738,0.0,277.15933738
2017-18,03,Punjab,2017-09,2017-09-01,449.5899493,0.0,449.5899493
2017-18,03,Punjab,2017-10,2017-10-01,478.661802838,0.0,478.661802838
2017-18,03,Punjab,2017-11,2017-11-01,488.6274136,0.0,488.6274136
2017-18,03,Punjab,2017-12,2017-12-01,466.5992976,0.0,466.5992976
2017-18,03,Punjab,2018-01,2018-01-01,525.9906628,0.0,525.9906628
2017-18,03,Punjab,2018-02,2018-02-01,498.9236344,633.0,1131.9236344
2017-18,03,Punjab,2018-03,2018-03-01,478.4475321,0.0,478.4475321
2017-18,04,Chandigarh,2017-08,2017-08-01,34.907894399,0.0,34.907894399
2017-18,04,Chandigarh,2017-09,2017-09-01,56.4019194,0.0,56.4019194
2017-18,04,Chandigarh,2017-10,2017-10-01,64.695050165,0.0,64.695050165
2017-18,04,Chandigarh,2017-11,2017-11-01,57.516165,0.0,57.516165
2017-18,04,Chandigarh,2017-12,2017-12-01,60.3601771,0.0,60.3601771
2017-18,04,Chandigarh,2018-01,2018-01-01,63.5817111,0.0,63.5817111
2017-18,04,Chandigarh,2018-02,2018-02-01,56.8274966,64.0,120.8274966
2017-18,04,Chandigarh,2018-03,2018-03-01,59.4119343,0.0,59.4119343
2017-18,05,Uttarakhand,2017-08,2017-08-01,-40.988784233,0.0,-40.988784233
2017-18,05,Uttarakhand,2017-09,2017-09-01,-21.5711008,0.0,-21.5711008
2017-18,05,Uttarakhand,2017-10,2017-10-01,-9.868357559,0.0,-9.868357559
2017-18,05,Uttarakhand,2017-11,2017-11-01,27.9778129,0.0,27.9778129
2017-18,05,Uttarakhand,2017-12,2017-12-01,38.1013922,0.0,38.1013922
2017-18,05,Uttarakhand,2018-01,2018-01-01,80.0718263,0.0,80.0718263
2017-18,05,Uttarakhand,2018-02,2018-02-01,23.0583717,217.0,240.0583717
2017-18,05,Uttarakhand,2018-03,2018-03-01,8.125983,0.0,8.125983
2017-18,06,Haryana,2017-08,2017-08-01,-286.673182849,0.0,-286.673182849
2017-18,06,Haryana,2017-09,2017-09-01,113.7607823,0.0,113.7607823
2017-18,06,Haryana,2017-10,2017-10-01,232.71287438599995,0.0,232.71287438599995
2017-18,06,Haryana,2017-11,2017-11-01,152.6402818,0.0,152.6402818
2017-18,06,Haryana,2017-12,2017-12-01,380.4468636,0.0,380.4468636
2017-18,06,Haryana,2018-01,2018-01-01,351.9916294,0.0,351.9916294
2017-18,06,Haryana,2018-02,2018-02-01,402.4962071,667.0,1069.4962071
2017-18,06,Haryana,2018-03,2018-03-01,294.2518196,0.0,294.2518196
2017-18,07,Delhi,2017-08,2017-08-01,448.411678126,0.0,448.411678126
2017-18,07,Delhi,2017-09,2017-09-01,641.0952109,0.0,641.0952109
2017-18,07,Delhi,2017-10,2017-10-01,752.272137476,0.0,752.272137476
2017-18,07,Delhi,2017-11,2017-11-01,750.6795871,0.0,750.6795871
2017-18,07,Delhi,2017-12,2017-12-01,695.9459706,0.0,695.9459706
2017-18,07,Delhi,2018-01,2018-01-01,616.194482,0.0,616.194482
2017-18,07,Delhi,2018-02,2018-02-01,509.6861896,735.0,1244.6861896
2017-18,07,Delhi,2018-03,2018-03-01,510.6561364,0.0,510.6561364
2017-18,08,Rajasthan,2017-08,2017-08-01,403.370320584,0.0,403.370320584
2017-18,08,Rajasthan,2017-09,2017-09-01,573.7301801,0.0,573.7301801
2017-18,08,Rajasthan,2017-10,2017-10-01,641.200370076,0.0,641.200370076
2017-18,08,Rajasthan,2017-11,2017-11-01,684.0857072,0.0,684.0857072
2017-18,08,Rajasthan,2017-12,2017-12-01,758.1343006,0.0,758.1343006
2017-18,08,Rajasthan,2018-01,2018-01-01,679.0114866,0.0,679.0114866
2017-18,08,Rajasthan,2018-02,2018-02-01,672.8339427,751.0,1423.8339427
2017-18,08,Rajasthan,2018-03,2018-03-01,713.4454286,0.0,713.4454286
2017-18,09,Uttar Pradesh,2017-08,2017-08-01,1553.760259468,0.0,1553.760259468
2017-18,09,Uttar Pradesh,2017-09,2017-09-01,1195.1561722,0.0,1195.1561722
2017-18,09,Uttar Pradesh,2017-10,2017-10-01,1513.418243806,0.0,1513.418243806
2017-18,09,Uttar Pradesh,2017-11,2017-11-01,1689.8046624,0.0,1689.8046624
2017-18,09,Uttar Pradesh,2017-12,2017-12-01,1637.8167242,0.0,1637.8167242
2017-18,09,Uttar Pradesh,2018-01,2018-01-01,1686.5370237,0.0,1686.5370237
2017-18,09,Uttar Pradesh,2018-02,2018-02-01,1581.4593474,1460.0,3041.4593474000003
2017-18,09,Uttar Pradesh,2018-03,2018-03-01,1637.9542435,0.0,1637.9542435
2017-18,10,Bihar,2017-08,2017-08-01,275.49749987800004,0.0,275.49749987800004
2017-18,10,Bihar,2017-09,2017-09-01,346.1348191,0.0,346.1348191
2017-18,10,Bihar,2017-10,2017-10-01,491.63324092399995,0.0,491.63324092399995
2017-18,10,Bihar,2017-11,2017-11-01,528.4421554,0.0,528.4421554
2017-18,10,Bihar,2017-12,2017-12-01,565.2158053,0.0,565.2158053
2017-18,10,Bihar,2018-01,2018-01-01,537.1072582,0.0,537.1072582
2017-18,10,Bihar,2018-02,2018-02-01,549.8922631,552.0,1101.8922631
2017-18,10,Bihar,2018-03,2018-03-01,538.0330477,0.0,538.0330477
2017-18,11,Sikkim,2017-08,2017-08-01,5.263705756,0.0,5.263705756
2017-18,11,Sikkim,2017-09,2017-09-01,6.7459503,0.0,6.7459503
2017-18,11,Sikkim,2017-10,2017-10-01,6.138237103,0.0,6.138237103
2017-18,11,Sikkim,2017-11,2017-11-01,10.4368823,0.0,10.4368823
2017-18,11,Sikkim,2017-12,2017-12-01,10.7436212,0.0,10.7436212
2017-18,11,Sikkim,2018-01,2018-01-01,10.7411793,0.0,10.7411793
2017-18,11,Sikkim,2018-02,2018-02-01,10.2224175,11.0,21.2224175
2017-18,11,Sikkim,2018-03,2018-03-01,16.2146242,0.0,16.2146242
2017-18,12,Arunachal Pradesh,2017-08,2017-08-01,9.742984068,0.0,9.742984068
2017-18,12,Arunachal Pradesh,2017-09,2017-09-01,10.3357294,0.0,10.3357294
2017-18,12,Arunachal Pradesh,2017-10,2017-10-01,13.96429066,0.0,13.96429066
2017-18,12,Arunachal Pradesh,2017-11,2017-11-01,17.8050581,0.0,17.8050581
2017-18,12,Arunachal Pradesh,2017-12,2017-12-01,21.69439,0.0,21.69439
2017-18,12,Arunachal Pradesh,2018-01,2018-01-01,34.8623447,0.0,34.8623447
2017-18,12,Arunachal Pradesh,2018-02,2018-02-01,22.9144016,11.0,33.914401600000005
2017-18,12,Arunachal Pradesh,2018-03,2018-03-01,21.2078715,0.0,21.2078715
2017-18,13,Nagaland,2017-08,2017-08-01,8.150066566,0.0,8.150066566
2017-18,13,Nagaland,2017-09,2017-09-01,9.9493219,0.0,9.9493219
2017-18,13,Nagaland,2017-10,2017-10-01,12.214177109,0.0,12.214177109
2017-18,13,Nagaland,2017-11,2017-11-01,16.5077745,0.0,16.5077745
2017-18,13,Nagaland,2017-12,2017-12-01,19.3845375,0.0,19.3845375
2017-18,13,Nagaland,2018-01,2018-01-01,25.5734601,0.0,25.5734601
2017-18,13,Nagaland,2018-02,2018-02-01,23.126357,11.0,34.126357
2017-18,13,Nagaland,2018-03,2018-03-01,18.3622908,0.0,18.3622908
2017-18,14,Manipur,2017-08,2017-08-01,11.099198551,0.0,11.099198551
2017-18,14,Manipur,2017-09,2017-09-01,17.1885536,0.0,17.1885536
2017-18,14,Manipur,2017-10,2017-10-01,19.469384612,0.0,19.469384612
2017-18,14,Manipur,2017-11,2017-11-01,24.7376419,0.0,24.7376419
2017-18,14,Manipur,2017-12,2017-12-01,28.7596799,0.0,28.7596799
2017-18,14,Manipur,2018-01,2018-01-01,29.2038965,0.0,29.2038965
2017-18,14,Manipur,2018-02,2018-02-01,41.1742725,15.0,56.1742725
2017-18,14,Manipur,2018-03,2018-03-01,39.2839478,0.0,39.2839478
2017-18,15,Mizoram,2017-08,2017-08-01,6.538387603,0.0,6.538387603
2017-18,15,Mizoram,2017-09,2017-09-01,9.244128,0.0,9.244128
2017-18,15,Mizoram,2017-10,2017-10-01,9.930500304999999,0.0,9.930500304999999
2017-18,15,Mizoram,2017-11,2017-11-01,13.9832878,0.0,13.9832878
2017-18,15,Mizoram,2017-12,2017-12-01,20.481412,0.0,20.481412
2017-18,15,Mizoram,2018-01,2018-01-01,17.3329133,0.0,17.3329133
2017-18,15,Mizoram,2018-02,2018-02-01,26.2002929,8.0,34.2002929
2017-18,15,Mizoram,2018-03,2018-03-01,19.7974246,0.0,19.7974246
2017-18,16,Tripura,2017-08,2017-08-01,15.950627469,0.0,15.950627469
2017-18,16,Tripura,2017-09,2017-09-01,23.5547817,0.0,23.5547817
2017-18,16,Tripura,2017-10,2017-10-01,35.995233285,0.0,35.995233285
2017-18,16,Tripura,2017-11,2017-11-01,34.1639998,0.0,34.1639998
2017-18,16,Tripura,2017-12,2017-12-01,44.3228879,0.0,44.3228879
2017-18,16,Tripura,2018-01,2018-01-01,43.9051765,0.0,43.9051765
2017-18,16,Tripura,2018-02,2018-02-01,45.5128238,35.0,80.5128238
2017-18,16,Tripura,2018-03,2018-03-01,38.0336464,0.0,38.0336464
2017-18,17,Meghalaya,2017-08,2017-08-01,12.332035659999999,0.0,12.332035659999999
2017-18,17,Meghalaya,2017-09,2017-09-01,22.0538805,0.0,22.0538805
2017-18,17,Meghalaya,2017-10,2017-10-01,24.890691734,0.0,24.890691734
2017-18,17,Meghalaya,2017-11,2017-11-01,25.3175235,0.0,25.3175235
2017-18,17,Meghalaya,2017-12,2017-12-01,26.2695814,0.0,26.2695814
2017-18,17,Meghalaya,2018-01,2018-01-01,34.6984196,0.0,34.6984196
2017-18,17,Meghalaya,2018-02,2018-02-01,32.4356094,28.0,60.4356094
2017-18,17,Meghalaya,2018-03,2018-03-01,28.5944671,0.0,28.5944671
2017-18,18,Assam,2017-08,2017-08-01,121.12894488699999,0.0,121.12894488699999
2017-18,18,Assam,2017-09,2017-09-01,166.1934243,0.0,166.1934243
2017-18,18,Assam,2017-10,2017-10-01,236.57492206700002,0.0,236.57492206700002
2017-18,18,Assam,2017-11,2017-11-01,255.5112174,0.0,255.5112174
2017-18,18,Assam,2017-12,2017-12-01,285.7306332,0.0,285.7306332
2017-18,18,Assam,2018-01,2018-01-01,309.8890836,0.0,309.8890836
2017-18,18,Assam,2018-02,2018-02-01,311.6080085,262.0,573.6080085
2017-18,18,Assam,2018-03,2018-03-01,291.2671554,0.0,291.2671554
2017-18,19,West Bengal,2017-08,2017-08-01,329.732899296,0.0,329.732899296
2017-18,19,West Bengal,2017-09,2017-09-01,566.610223,0.0,566.610223
2017-18,19,West Bengal,2017-10,2017-10-01,734.761652593,0.0,734.761652593
2017-18,19,West Bengal,2017-11,2017-11-01,737.191482,0.0,737.191482
2017-18,19,West Bengal,2017-12,2017-12-01,734.7670865,0.0,734.7670865
2017-18,19,West Bengal,2018-01,2018-01-01,826.744435,0.0,826.744435
2017-18,19,West Bengal,2018-02,2018-02-01,648.2685339,879.0,1527.2685339
2017-18,19,West Bengal,2018-03,2018-03-01,745.8531767,0.0,745.8531767
2017-18,20,Jharkhand,2017-08,2017-08-01,127.04108541,0.0,127.04108541
2017-18,20,Jharkhand,2017-09,2017-09-01,69.6643136,0.0,69.6643136
2017-18,20,Jharkhand,2017-10,2017-10-01,125.768509918,0.0,125.768509918
2017-18,20,Jharkhand,2017-11,2017-11-01,156.3578321,0.0,156.3578321
2017-18,20,Jharkhand,2017-12,2017-12-01,166.170047,0.0,166.170047
2017-18,20,Jharkhand,2018-01,2018-01-01,135.4184163,0.0,135.4184163
2017-18,20,Jharkhand,2018-02,2018-02-01,168.4492922,281.0,449.4492922
2017-18,20,Jharkhand,2018-03,2018-03-01,145.0262313,0.0,145.0262313
2017-18,21,Odisha,2017-08,2017-08-01,182.26005890599998,0.0,182.26005890599998
2017-18,21,Odisha,2017-09,2017-09-01,251.7972436,0.0,251.7972436
2017-18,21,Odisha,2017-10,2017-10-01,331.197252548,0.0,331.197252548
2017-18,21,Odisha,2017-11,2017-11-01,282.8928678,0.0,282.8928678
2017-18,21,Odisha,2017-12,2017-12-01,323.6809193,0.0,323.6809193
2017-18,21,Odisha,2018-01,2018-01-01,370.5585237,0.0,370.5585237
2017-18,21,Odisha,2018-02,2018-02-01,314.071834,482.0,796.0718340000001
2017-18,21,Odisha,2018-03,2018-03-01,320.8743751,0.0,320.8743751
2017-18,22,Chhattisgarh,2017-08,2017-08-01,78.713129078,0.0,78.713129078
2017-18,22,Chhattisgarh,2017-09,2017-09-01,131.0922189,0.0,131.0922189
2017-18,22,Chhattisgarh,2017-10,2017-10-01,145.75194556900001,0.0,145.75194556900001
2017-18,22,Chhattisgarh,2017-11,2017-11-01,189.9101374,0.0,189.9101374
2017-18,22,Chhattisgarh,2017-12,2017-12-01,185.2418802,0.0,185.2418802
2017-18,22,Chhattisgarh,2018-01,2018-01-01,194.511671,0.0,194.511671
2017-18,22,Chhattisgarh,2018-02,2018-02-01,169.1019107,322.0,491.10191069999996
2017-18,22,Chhattisgarh,2018-03,2018-03-01,187.0115425,0.0,187.0115425
2017-18,23,Madhya Pradesh,2017-08,2017-08-01,313.688983339,0.0,313.688983339
2017-18,23,Madhya Pradesh,2017-09,2017-09-01,381.7556475,0.0,381.7556475
2017-18,23,Madhya Pradesh,2017-10,2017-10-01,657.421259441,0.0,657.421259441
2017-18,23,Madhya Pradesh,2017-11,2017-11-01,628.5280066,0.0,628.5280066
2017-18,23,Madhya Pradesh,2017-12,2017-12-01,667.7750893,0.0,667.7750893
2017-18,23,Madhya Pradesh,2018-01,2018-01-01,587.1007314,0.0,587.1007314
2017-18,23,Madhya Pradesh,2018-02,2018-02-01,607.3338283,671.0,1278.3338283
2017-18,23,Madhya Pradesh,2018-03,2018-03-01,539.5923671,0.0,539.5923671
2017-18,24,Gujarat,2017-08,2017-08-01,273.38,0.0,273.38
2017-18,24,Gujarat,2017-09,2017-09-01,559.8575986,0.0,559.8575986
2017-18,24,Gujarat,2017-10,2017-10-01,724.973432957,0.0,724.973432957
2017-18,24,Gujarat,2017-11,2017-11-01,602.3443531,0.0,602.3443531
2017-18,24,Gujarat,2017-12,2017-12-01,741.9420601,0.0,741.9420601
2017-18,24,Gujarat,2018-01,2018-01-01,762.4133355,0.0,762.4133355
2017-18,24,Gujarat,2018-02,2018-02-01,690.3083574,1263.0,1953.3083574
2017-18,24,Gujarat,2018-03,2018-03-01,687.2331474,0.0,687.2331474
2017-18,25,Daman and Diu,2017-08,2017-08-01,1.951213495,0.0,1.951213495
2017-18,25,Daman and Diu,2017-09,2017-09-01,2.1074804,0.0,2.1074804
2017-18,25,Daman and Diu,2017-10,2017-10-01,-2.923464042,0.0,-2.923464042
2017-18,25,Daman and Diu,2017-11,2017-11-01,3.2310195,0.0,3.2310195
2017-18,25,Daman and Diu,2017-12,2017-12-01,0.6590329,0.0,0.6590329
2017-18,25,Daman and Diu,2018-01,2018-01-01,8.7718503,0.0,8.7718503
2017-18,25,Daman and Diu,2018-02,2018-02-01,4.2081172,28.0,32.208117200000004
2017-18,25,Daman and Diu,2018-03,2018-03-01,-1.5085914,0.0,-1.5085914
2017-18,26,Dadra and Nagar Haveli,2017-08,2017-08-01,7.823679504999999,0.0,7.823679504999999
2017-18,26,Dadra and Nagar Haveli,2017-09,2017-09-01,8.6486417,0.0,8.6486417
2017-18,26,Dadra and Nagar Haveli,2017-10,2017-10-01,5.115103332,0.0,5.115103332
2017-18,26,Dadra and Nagar Haveli,2017-11,2017-11-01,15.994739,0.0,15.994739
2017-18,26,Dadra and Nagar Haveli,2017-12,2017-12-01,8.898246,0.0,8.898246
2017-18,26,Dadra and Nagar Haveli,2018-01,2018-01-01,12.3750523,0.0,12.3750523
2017-18,26,Dadra and Nagar Haveli,2018-02,2018-02-01,11.3200273,34.0,45.3200273
2017-18,26,Dadra and Nagar Haveli,2018-03,2018-03-01,7.4714874,0.0,7.4714874
2017-18,27,Maharashtra,2017-08,2017-08-01,1001.4342455620001,0.0,1001.4342455620001
2017-18,27,Maharashtra,2017-09,2017-09-01,1266.8928029,0.0,1266.8928029
2017-18,27,Maharashtra,2017-10,2017-10-01,1440.5057561429999,0.0,1440.5057561429999
2017-18,27,Maharashtra,2017-11,2017-11-01,1678.1984419,0.0,1678.1984419
2017-18,27,Maharashtra,2017-12,2017-12-01,1738.009577,0.0,1738.009577
2017-18,27,Maharashtra,2018-01,2018-01-01,1976.4236996,0.0,1976.4236996
2017-18,27,Maharashtra,2018-02,2018-02-01,1476.8190901,2648.0,4124.8190901
2017-18,27,Maharashtra,2018-03,2018-03-01,1253.8668729,0.0,1253.8668729
2017-18,29,Karnataka,2017-08,2017-08-01,582.090391835,0.0,582.090391835
2017-18,29,Karnataka,2017-09,2017-09-01,888.2144098,0.0,888.2144098
2017-18,29,Karnataka,2017-10,2017-10-01,1003.6765340390001,0.0,1003.6765340390001
2017-18,29,Karnataka,2017-11,2017-11-01,1190.3280963,0.0,1190.3280963
2017-18,29,Karnataka,2017-12,2017-12-01,1023.13355,0.0,1023.13355
2017-18,29,Karnataka,2018-01,2018-01-01,1175.9258922,0.0,1175.9258922
2017-18,29,Karnataka,2018-02,2018-02-01,1085.0389317,1582.0,2667.0389317
2017-18,29,Karnataka,2018-03,2018-03-01,1079.0946817,0.0,1079.0946817
2017-18,30,Goa,2017-08,2017-08-01,36.423539868,0.0,36.423539868
2017-18,30,Goa,2017-09,2017-09-01,47.988922,0.0,47.988922
2017-18,30,Goa,2017-10,2017-10-01,52.860520857,0.0,52.860520857
2017-18,30,Goa,2017-11,2017-11-01,55.9639125,0.0,55.9639125
2017-18,30,Goa,2017-12,2017-12-01,67.0417705,0.0,67.0417705
2017-18,30,Goa,2018-01,2018-01-01,74.3987333,0.0,74.3987333
2017-18,30,Goa,2018-02,2018-02-01,54.9736472,95.0,149.97364720000002
2017-18,30,Goa,2018-03,2018-03-01,60.6348358,0.0,60.6348358
2017-18,31,Lakshadweep,2017-08,2017-08-01,0.920581973,0.0,0.920581973
2017-18,31,Lakshadweep,2017-09,2017-09-01,0.3019042,0.0,0.3019042
2017-18,31,Lakshadweep,2017-10,2017-10-01,0.23552910300000002,0.0,0.23552910300000002
2017-18,31,Lakshadweep,2017-11,2017-11-01,0.2504515,0.0,0.2504515
2017-18,31,Lakshadweep,2017-12,2017-12-01,0.3294455,0.0,0.3294455
2017-18,31,Lakshadweep,2018-01,2018-01-01,0.2777073,0.0,0.2777073
2017-18,31,Lakshadweep,2018-02,2018-02-01,0.4759568,0.0,0.4759568
2017-18,31,Lakshadweep,2018-03,2018-03-01,0.3462475,0.0,0.3462475
2017-18,32,Kerala,2017-08,2017-08-01,451.742269355,0.0,451.742269355
2017-18,32,Kerala,2017-09,2017-09-01,763.457919,0.0,763.457919
2017-18,32,Kerala,2017-10,2017-10-01,822.647490075,0.0,822.647490075
2017-18,32,Kerala,2017-11,2017-11-01,801.360586,0.0,801.360586
2017-18,32,Kerala,2017-12,2017-12-01,795.9455212,0.0,795.9455212
2017-18,32,Kerala,2018-01,2018-01-01,826.895873,0.0,826.895873
2017-18,32,Kerala,2018-02,2018-02-01,808.8209279,736.0,1544.8209279
2017-18,32,Kerala,2018-03,2018-03-01,794.115441,0.0,794.115441
2017-18,33,Tamil Nadu,2017-08,2017-08-01,462.469753825,0.0,462.469753825
2017-18,33,Tamil Nadu,2017-09,2017-09-01,855.3551465,0.0,855.3551465
2017-18,33,Tamil Nadu,2017-10,2017-10-01,952.6440695969999,0.0,952.6440695969999
2017-18,33,Tamil Nadu,2017-11,2017-11-01,963.8744962,0.0,963.8744962
2017-18,33,Tamil Nadu,2017-12,2017-12-01,1249.4496549,0.0,1249.4496549
2017-18,33,Tamil Nadu,2018-01,2018-01-01,1130.1085945,0.0,1130.1085945
2017-18,33,Tamil Nadu,2018-02,2018-02-01,733.0465649,1304.0,2037.0465649
2017-18,33,Tamil Nadu,2018-03,2018-03-01,1056.0463289,0.0,1056.0463289
2017-18,34,Puducherry,2017-08,2017-08-01,21.070885549,0.0,21.070885549
2017-18,34,Puducherry,2017-09,2017-09-01,24.9159212,0.0,24.9159212
2017-18,34,Puducherry,2017-10,2017-10-01,16.470055293,0.0,16.470055293
2017-18,34,Puducherry,2017-11,2017-11-01,35.1945958,0.0,35.1945958
2017-18,34,Puducherry,2017-12,2017-12-01,29.7880134,0.0,29.7880134
2017-18,34,Puducherry,2018-01,2018-01-01,30.9931324,0.0,30.9931324
2017-18,34,Puducherry,2018-02,2018-02-01,33.3471329,48.0,81.34713289999999
2017-18,34,Puducherry,2018-03,2018-03-01,32.7996429,0.0,32.7996429
2017-18,35,Andaman and Nicobar Island,2017-08,2017-08-01,2.1760332140000003,0.0,2.1760332140000003
2017-18,35,Andaman and Nicobar Island,2017-09,2017-09-01,5.4610824,0.0,5.4610824
2017-18,35,Andaman and Nicobar Island,2017-10,2017-10-01,7.745768141000001,0.0,7.745768141000001
2017-18,35,Andaman and Nicobar Island,2017-11,2017-11-01,8.0718455,0.0,8.0718455
2017-18,35,Andaman and Nicobar Island,2017-12,2017-12-01,11.5861688,0.0,11.5861688
2017-18,35,Andaman and Nicobar Island,2018-01,2018-01-01,13.265009,0.0,13.265009
2017-18,35,Andaman and Nicobar Island,2018-02,2018-02-01,9.7971395,5.0,14.7971395
2017-18,35,Andaman and Nicobar Island,2018-03,2018-03-01,12.691864,0.0,12.691864
2017-18,36,Telangana,2017-08,2017-08-01,418.553260299,0.0,418.553260299
2017-18,36,Telangana,2017-09,2017-09-01,669.352234,0.0,669.352234
2017-18,36,Telangana,2017-10,2017-10-01,784.385585861,0.0,784.385585861
2017-18,36,Telangana,2017-11,2017-11-01,798.5656718,0.0,798.5656718
2017-18,36,Telangana,2017-12,2017-12-01,768.0167187,0.0,768.0167187
2017-18,36,Telangana,2018-01,2018-01-01,800.7645683,0.0,800.7645683
2017-18,36,Telangana,2018-02,2018-02-01,790.6715112,705.0,1495.6715112000002
2017-18,36,Telangana,2018-03,2018-03-01,799.1125468,0.0,799.1125468
2017-18,37,Andhra Pradesh,2017-08,2017-08-01,386.41,0.0,386.41
2017-18,37,Andhra Pradesh,2017-09,2017-09-01,528.0918297,0.0,528.0918297
2017-18,37,Andhra Pradesh,2017-10,2017-10-01,690.384341853,0.0,690.384341853
2017-18,37,Andhra Pradesh,2017-11,2017-11-01,637.8461399,0.0,637.8461399
2017-18,37,Andhra Pradesh,2017-12,2017-12-01,636.9552157,0.0,636.9552157
2017-18,37,Andhra Pradesh,2018-01,2018-01-01,763.8478294,0.0,763.8478294
2017-18,37,Andhra Pradesh,2018-02,2018-02-01,795.1748246,589.0,1384.1748246
2017-18,37,Andhra Pradesh,2018-03,2018-03-01,722.3513124,0.0,722.3513124
2017-18,38,Ladakh,2017-08,2017-08-01,,,0.0
2017-18,38,Ladakh,2017-09,2017-09-01,,,0.0
2017-18,38,Ladakh,2017-10,2017-10-01,,,0.0
2017-18,38,Ladakh,2017-11,2017-11-01,,,0.0
2017-18,38,Ladakh,2017-12,2017-12-01,,,0.0
2017-18,38,Ladakh,2018-01,2018-01-01,,,0.0
2017-18,38,Ladakh,2018-02,2018-02-01,,,0.0
2017-18,38,Ladakh,2018-03,2018-03-01,,,0.0
2017-18,97,Other Territory,2017-08,2017-08-01,,,0.0
2017-18,97,Other Territory,2017-09,2017-09-01,,,0.0
2017-18,97,Other Territory,2017-10,2017-10-01,,,0.0
2017-18,97,Other Territory,2017-11,2017-11-01,,,0.0
2017-18,97,Other Territory,2017-12,2017-12-01,,,0.0
2017-18,97,Other Territory,2018-01,2018-01-01,,,0.0
2017-18,97,Other Territory,2018-02,2018-02-01,,,0.0
2017-18,97,Other Territory,2018-03,2018-03-01,,,0.0
2018-19,01,Jammu and Kashmir,2018-04,2018-04-01,209.5399478,-20.9,188.6399478
2018-19,01,Jammu and Kashmir,2018-05,2018-05-01,196.8792378,-20.9,175.9792378
2018-19,01,Jammu and Kashmir,2018-06,2018-06-01,218.1886008,298.02757136083005,516.2161721608301
2018-19,01,Jammu and Kashmir,2018-07,2018-07-01,217.7880078,0.0,217.7880078
2018-19,01,Jammu and Kashmir,2018-08,2018-08-01,225.781523021,72.0,297.781523021
2018-19,01,Jammu and Kashmir,2018-09,2018-09-01,220.9425356,0.0,220.9425356
2018-19,01,Jammu and Kashmir,2018-10,2018-10-01,226.0383995,178.80524450364493,404.84364400364495
2018-19,01,Jammu and Kashmir,2018-11,2018-11-01,265.5782044,0.0,265.5782044
2018-19,01,Jammu and Kashmir,2018-12,2018-12-01,233.1493738,107.28314670218698,340.432520502187
2018-19,01,Jammu and Kashmir,2019-01,2019-01-01,226.7512129,0.0,226.7512129
2018-19,01,Jammu and Kashmir,2019-02,2019-02-01,167.368905841,0.0,167.368905841
2018-19,01,Jammu and Kashmir,2019-03,2019-03-01,269.1187998,119.2034963357633,388.3222961357633
2018-19,02,Himachal Pradesh,2018-04,2018-04-01,100.0167996,-15.9,84.1167996
2018-19,02,Himachal Pradesh,2018-05,2018-05-01,85.8309654,-15.9,69.93096539999999
2018-19,02,Himachal Pradesh,2018-06,2018-06-01,120.3761358,227.25204149000282,347.62817729000284
2018-19,02,Himachal Pradesh,2018-07,2018-07-01,108.2997529,0.0,108.2997529
2018-19,02,Himachal Pradesh,2018-08,2018-08-01,103.986185991,55.0,158.986185991
2018-19,02,Himachal Pradesh,2018-09,2018-09-01,102.9907702,0.0,102.9907702
2018-19,02,Himachal Pradesh,2018-10,2018-10-01,94.861841,136.34260970229465,231.20445070229465
2018-19,02,Himachal Pradesh,2018-11,2018-11-01,124.6440379,0.0,124.6440379
2018-19,02,Himachal Pradesh,2018-12,2018-12-01,115.7950392,81.8055658213768,197.6006050213768
2018-19,02,Himachal Pradesh,2019-01,2019-01-01,104.6438089,0.0,104.6438089
2018-19,02,Himachal Pradesh,2019-02,2019-02-01,100.176648125,0.0,100.176648125
2018-19,02,Himachal Pradesh,2019-03,2019-03-01,91.0478619,90.89507313486311,181.94293503486313
2018-19,03,Punjab,2018-04,2018-04-01,516.8904599,-63.3,453.5904599
2018-19,03,Punjab,2018-05,2018-05-01,382.5705363,-63.3,319.2705363
2018-19,03,Punjab,2018-06,2018-06-01,472.6300906,904.8919426793359,1377.522033279336
2018-19,03,Punjab,2018-07,2018-07-01,503.5001097,0.0,503.5001097
2018-19,03,Punjab,2018-08,2018-08-01,474.05291137399996,217.0,691.0529113739999
2018-19,03,Punjab,2018-09,2018-09-01,533.6120118,0.0,533.6120118
2018-19,03,Punjab,2018-10,2018-10-01,499.6108604,542.9008608880082,1042.5117212880082
2018-19,03,Punjab,2018-11,2018-11-01,445.9062022,0.0,445.9062022
2018-19,03,Punjab,2018-12,2018-12-01,510.330392,325.7405165328049,836.0709085328049
2018-19,03,Punjab,2019-01,2019-01-01,486.3315549,0.0,486.3315549
2018-19,03,Punjab,2019-02,2019-02-01,512.907797568,0.0,512.907797568
2018-19,03,Punjab,2019-03,2019-03-01,478.8259071,361.9339072586721,840.7598143586721
2018-19,04,Chandigarh,2018-04,2018-04-01,67.1868713,-6.4,60.78687130000001
2018-19,04,Chandigarh,2018-05,2018-05-01,52.4781904,-6.4,46.078190400000004
2018-19,04,Chandigarh,2018-06,2018-06-01,63.2744606,91.22286332625735,154.49732392625737
2018-19,04,Chandigarh,2018-07,2018-07-01,68.8439899,0.0,68.8439899
2018-19,04,Chandigarh,2018-08,2018-08-01,72.287204008,22.0,94.287204008
2018-19,04,Chandigarh,2018-09,2018-09-01,63.7089739,0.0,63.7089739
2018-19,04,Chandigarh,2018-10,2018-10-01,66.8343376,54.73025971018537,121.56459731018538
2018-19,04,Chandigarh,2018-11,2018-11-01,73.3440671,0.0,73.3440671
2018-19,04,Chandigarh,2018-12,2018-12-01,75.2340284,32.838155826111226,108.07218422611123
2018-19,04,Chandigarh,2019-01,2019-01-01,70.5782546,0.0,70.5782546
2018-19,04,Chandigarh,2019-02,2019-02-01,68.690290554,0.0,68.690290554
2018-19,04,Chandigarh,2019-03,2019-03-01,66.5564157,36.48683980679025,103.04325550679025
2018-19,05,Uttarakhand,2018-04,2018-04-01,-10.3877931,-21.7,-32.0877931
2018-19,05,Uttarakhand,2018-05,2018-05-01,-5.5165237,-21.7,-27.2165237
2018-19,05,Uttarakhand,2018-06,2018-06-01,17.0019006,310.21554404606866,327.21744464606866
2018-19,05,Uttarakhand,2018-07,2018-07-01,3.589928,0.0,3.589928
2018-19,05,Uttarakhand,2018-08,2018-08-01,0.096009885,74.0,74.096009885
2018-19,05,Uttarakhand,2018-09,2018-09-01,20.5066223,0.0,20.5066223
2018-19,05,Uttarakhand,2018-10,2018-10-01,5.8788183,186.11756606516025,191.99638436516025
2018-19,05,Uttarakhand,2018-11,2018-11-01,66.8565171,0.0,66.8565171
2018-19,05,Uttarakhand,2018-12,2018-12-01,101.0666406,111.67053963909613,212.73718023909612
2018-19,05,Uttarakhand,2019-01,2019-01-01,40.9664712,0.0,40.9664712
2018-19,05,Uttarakhand,2019-02,2019-02-01,-48.00839597599999,0.0,-48.00839597599999
2018-19,05,Uttarakhand,2019-03,2019-03-01,31.5674803,124.07837737677347,155.64585767677346
2018-19,06,Haryana,2018-04,2018-04-01,375.4189455,-66.7,308.7189455
2018-19,06,Haryana,2018-05,2018-05-01,312.4327255,-66.7,245.73272550000002
2018-19,06,Haryana,2018-06,2018-06-01,309.6503271,952.3394977430173,1261.9898248430172
2018-19,06,Haryana,2018-07,2018-07-01,401.4700484,0.0,401.4700484
2018-19,06,Haryana,2018-08,2018-08-01,229.155581746,229.0,458.155581746
2018-19,06,Haryana,2018-09,2018-09-01,210.1351327,0.0,210.1351327
2018-19,06,Haryana,2018-10,2018-10-01,282.2514065,571.3675951754547,853.6190016754547
2018-19,06,Haryana,2018-11,2018-11-01,314.2754745,0.0,314.2754745
2018-19,06,Haryana,2018-12,2018-12-01,411.3936931,342.82055710527277,754.2142502052727
2018-19,06,Haryana,2019-01,2019-01-01,397.3997177,0.0,397.3997177
2018-19,06,Haryana,2019-02,2019-02-01,364.233887928,0.0,364.233887928
2018-19,06,Haryana,2019-03,2019-03-01,268.8293322,380.9117301169698,649.7410623169699
2018-19,07,Delhi,2018-04,2018-04-01,743.8910517,-73.5,670.3910517
2018-19,07,Delhi,2018-05,2018-05-01,367.3404058,-73.5,293.8404058
2018-19,07,Delhi,2018-06,2018-06-01,414.0696303,1049.4806163808146,1463.5502466808146
2018-19,07,Delhi,2018-07,2018-07-01,569.4420121,0.0,569.4420121
2018-19,07,Delhi,2018-08,2018-08-01,418.97609787600004,252.0,670.976097876
2018-19,07,Delhi,2018-09,2018-09-01,471.9096626,0.0,471.9096626
2018-19,07,Delhi,2018-10,2018-10-01,529.5080801,629.6485837097649,1159.156663809765
2018-19,07,Delhi,2018-11,2018-11-01,558.747481,0.0,558.747481
2018-19,07,Delhi,2018-12,2018-12-01,361.2023161,377.78915022585903,738.991466325859
2018-19,07,Delhi,2019-01,2019-01-01,420.6209753,0.0,420.6209753
2018-19,07,Delhi,2019-02,2019-02-01,633.638460176,0.0,633.638460176
2018-19,07,Delhi,2019-03,2019-03-01,389.7312539,419.76572247317665,809.4969763731767
2018-19,08,Rajasthan,2018-04,2018-04-01,723.6805628,-75.1,648.5805627999999
2018-19,08,Rajasthan,2018-05,2018-05-01,599.1164338,-75.1,524.0164338
2018-19,08,Rajasthan,2018-06,2018-06-01,843.3127965,1072.895505214394,1916.208301714394
2018-19,08,Rajasthan,2018-07,2018-07-01,816.2348046,0.0,816.2348046
2018-19,08,Rajasthan,2018-08,2018-08-01,758.637763988,257.0,1015.637763988
2018-19,08,Rajasthan,2018-09,2018-09-01,739.3332587,0.0,739.3332587
2018-19,08,Rajasthan,2018-10,2018-10-01,885.437483,643.6966293445928,1529.1341123445927
2018-19,08,Rajasthan,2018-11,2018-11-01,873.4241577,0.0,873.4241577
2018-19,08,Rajasthan,2018-12,2018-12-01,793.6544821,386.21797760675565,1179.8724597067558
2018-19,08,Rajasthan,2019-01,2019-01-01,798.9317657,0.0,798.9317657
2018-19,08,Rajasthan,2019-02,2019-02-01,864.4007425580002,0.0,864.4007425580002
2018-19,08,Rajasthan,2019-03,2019-03-01,696.0475899,429.13108622972845,1125.1786761297285
2018-19,09,Uttar Pradesh,2018-04,2018-04-01,1686.7533992,-146.0,1540.7533992
2018-19,09,Uttar Pradesh,2018-05,2018-05-01,1624.6411031,-146.0,1478.6411031
2018-19,09,Uttar Pradesh,2018-06,2018-06-01,1856.1465847,2085.865977685344,3942.012562385344
2018-19,09,Uttar Pradesh,2018-07,2018-07-01,1865.6780974,0.0,1865.6780974
2018-19,09,Uttar Pradesh,2018-08,2018-08-01,1604.037983908,501.0,2105.0379839079997
2018-19,09,Uttar Pradesh,2018-09,2018-09-01,1603.5904844,0.0,1603.5904844
2018-19,09,Uttar Pradesh,2018-10,2018-10-01,1711.4685635,1251.4405108187289,2962.909074318729
2018-19,09,Uttar Pradesh,2018-11,2018-11-01,1881.7312593,0.0,1881.7312593
2018-19,09,Uttar Pradesh,2018-12,2018-12-01,1995.0490571,750.8643064912375,2745.9133635912376
2018-19,09,Uttar Pradesh,2019-01,2019-01-01,1831.132357,0.0,1831.132357
2018-19,09,Uttar Pradesh,2019-02,2019-02-01,1843.5621703,0.0,1843.5621703
2018-19,09,Uttar Pradesh,2019-03,2019-03-01,1727.3342798,834.2936738791527,2561.6279536791526
2018-19,10,Bihar,2018-04,2018-04-01,598.092804,-55.2,542.892804
2018-19,10,Bihar,2018-05,2018-05-01,618.2494194,-55.2,563.0494193999999
2018-19,10,Bihar,2018-06,2018-06-01,719.0849117,789.1393420501516,1508.2242537501515
2018-19,10,Bihar,2018-07,2018-07-01,737.1209273,0.0,737.1209273
2018-19,10,Bihar,2018-08,2018-08-01,704.905572752,189.0,893.905572752
2018-19,10,Bihar,2018-09,2018-09-01,665.8862915,0.0,665.8862915
2018-19,10,Bihar,2018-10,2018-10-01,771.1461478,473.4536887256197,1244.5998365256196
2018-19,10,Bihar,2018-11,2018-11-01,709.5895733,0.0,709.5895733
2018-19,10,Bihar,2018-12,2018-12-01,706.1889646,284.07221323537186,990.2611778353719
2018-19,10,Bihar,2019-01,2019-01-01,740.3348506,0.0,740.3348506
2018-19,10,Bihar,2019-02,2019-02-01,702.679457227,0.0,702.679457227
2018-19,10,Bihar,2019-03,2019-03-01,694.7791013,315.6357924837465,1010.4148937837465
2018-19,11,Sikkim,2018-04,2018-04-01,12.1094438,-1.1,11.0094438
2018-19,11,Sikkim,2018-05,2018-05-01,11.9994817,-1.1,10.8994817
2018-19,11,Sikkim,2018-06,2018-06-01,15.3343435,15.347754001067267,30.68209750106727
2018-19,11,Sikkim,2018-07,2018-07-01,19.7864869,0.0,19.7864869
2018-19,11,Sikkim,2018-08,2018-08-01,18.856835754,4.0,22.856835754
2018-19,11,Sikkim,2018-09,2018-09-01,11.9705863,0.0,11.9705863
2018-19,11,Sikkim,2018-10,2018-10-01,16.6696853,9.2080705627738,25.877755862773803
2018-19,11,Sikkim,2018-11,2018-11-01,14.3465653,0.0,14.3465653
2018-19,11,Sikkim,2018-12,2018-12-01,13.8239678,5.52484233766428,19.34881013766428
2018-19,11,Sikkim,2019-01,2019-01-01,14.868077,0.0,14.868077
2018-19,11,Sikkim,2019-02,2019-02-01,16.289463367,0.0,16.289463367
2018-19,11,Sikkim,2019-03,2019-03-01,18.8460144,6.138713708515867,24.984728108515867
2018-19,12,Arunachal Pradesh,2018-04,2018-04-01,30.3893955,-1.1,29.289395499999998
2018-19,12,Arunachal Pradesh,2018-05,2018-05-01,25.5360376,-1.1,24.4360376
2018-19,12,Arunachal Pradesh,2018-06,2018-06-01,33.3908369,16.00906344449852,49.39990034449852
2018-19,12,Arunachal Pradesh,2018-07,2018-07-01,24.558019,0.0,24.558019
2018-19,12,Arunachal Pradesh,2018-08,2018-08-01,30.589216601999997,4.0,34.58921660199999
2018-19,12,Arunachal Pradesh,2018-09,2018-09-01,28.509262,0.0,28.509262
2018-19,12,Arunachal Pradesh,2018-10,2018-10-01,30.6768748,9.604831158397122,40.281705958397126
2018-19,12,Arunachal Pradesh,2018-11,2018-11-01,29.5819223,0.0,29.5819223
2018-19,12,Arunachal Pradesh,2018-12,2018-12-01,25.2326761,5.762898695038273,30.995574795038273
2018-19,12,Arunachal Pradesh,2019-01,2019-01-01,28.7280165,0.0,28.7280165
2018-19,12,Arunachal Pradesh,2019-02,2019-02-01,34.811960329,0.0,34.811960329
2018-19,12,Arunachal Pradesh,2019-03,2019-03-01,35.9517101,6.403220772264748,42.354930872264745
2018-19,13,Nagaland,2018-04,2018-04-01,24.5579785,-1.1,23.4579785
2018-19,13,Nagaland,2018-05,2018-05-01,24.5328241,-1.1,23.432824099999998
2018-19,13,Nagaland,2018-06,2018-06-01,26.5167231,16.013440409858504,42.530163509858504
2018-19,13,Nagaland,2018-07,2018-07-01,27.2504089,0.0,27.2504089
2018-19,13,Nagaland,2018-08,2018-08-01,33.449704608999994,4.0,37.449704608999994
2018-19,13,Nagaland,2018-09,2018-09-01,23.2554199,0.0,23.2554199
2018-19,13,Nagaland,2018-10,2018-10-01,26.7361493,9.607457171681068,36.34360647168107
2018-19,13,Nagaland,2018-11,2018-11-01,26.1881466,0.0,26.1881466
2018-19,13,Nagaland,2018-12,2018-12-01,30.0202076,5.764474303008641,35.78468190300864
2018-19,13,Nagaland,2019-01,2019-01-01,23.520914,0.0,23.520914
2018-19,13,Nagaland,2019-02,2019-02-01,28.366080574,0.0,28.366080574
2018-19,13,Nagaland,2019-03,2019-03-01,37.0156112,6.404971447787379,43.420582647787384
2018-19,14,Manipur,2018-04,2018-04-01,36.9061369,-1.5,35.4061369
2018-19,14,Manipur,2018-05,2018-05-01,31.9977245,-1.5,30.4977245
2018-19,14,Manipur,2018-06,2018-06-01,35.2992529,21.701263125494943,57.000516025494946
2018-19,14,Manipur,2018-07,2018-07-01,47.873457,0.0,47.873457
2018-19,14,Manipur,2018-08,2018-08-01,32.864740626999996,5.0,37.864740626999996
2018-19,14,Manipur,2018-09,2018-09-01,28.3226841,0.0,28.3226841
2018-19,14,Manipur,2018-10,2018-10-01,32.6916008,13.01993517403151,45.71153597403151
2018-19,14,Manipur,2018-11,2018-11-01,37.3986429,0.0,37.3986429
2018-19,14,Manipur,2018-12,2018-12-01,42.3639145,7.811961104418908,50.175875604418906
2018-19,14,Manipur,2019-01,2019-01-01,40.8559121,0.0,40.8559121
2018-19,14,Manipur,2019-02,2019-02-01,42.91117017500001,0.0,42.91117017500001
2018-19,14,Manipur,2019-03,2019-03-01,47.9871711,8.679956782687674,56.66712788268767
2018-19,15,Mizoram,2018-04,2018-04-01,23.1280813,-0.8,22.3280813
2018-19,15,Mizoram,2018-05,2018-05-01,24.1978795,-0.8,23.3978795
2018-19,15,Mizoram,2018-06,2018-06-01,24.2266992,11.81217894504635,36.03887814504635
2018-19,15,Mizoram,2018-07,2018-07-01,28.545005,0.0,28.545005
2018-19,15,Mizoram,2018-08,2018-08-01,30.013113324000003,3.0,33.013113324
2018-19,15,Mizoram,2018-09,2018-09-01,22.8817155,0.0,22.8817155
2018-19,15,Mizoram,2018-10,2018-10-01,25.4267745,7.086859563851115,32.513634063851114
2018-19,15,Mizoram,2018-11,2018-11-01,27.1474727,0.0,27.1474727
2018-19,15,Mizoram,2018-12,2018-12-01,25.3643987,4.252115738310669,29.616514438310666
2018-19,15,Mizoram,2019-01,2019-01-01,29.8132177,0.0,29.8132177
2018-19,15,Mizoram,2019-02,2019-02-01,24.215895001999996,0.0,24.215895001999996
2018-19,15,Mizoram,2019-03,2019-03-01,31.0630939,4.72457304256741,35.78766694256741
2018-19,16,Tripura,2018-04,2018-04-01,44.6361971,-3.5,41.1361971
2018-19,16,Tripura,2018-05,2018-05-01,43.7218549,-3.5,40.2218549
2018-19,16,Tripura,2018-06,2018-06-01,43.3662601,49.31776983392305,92.68402993392306
2018-19,16,Tripura,2018-07,2018-07-01,49.6665831,0.0,49.6665831
2018-19,16,Tripura,2018-08,2018-08-01,44.37445905,12.0,56.37445905
2018-19,16,Tripura,2018-09,2018-09-01,38.9206715,0.0,38.9206715
2018-19,16,Tripura,2018-10,2018-10-01,44.7122828,29.588792249199557,74.30107504919955
2018-19,16,Tripura,2018-11,2018-11-01,47.2566803,0.0,47.2566803
2018-19,16,Tripura,2018-12,2018-12-01,48.2490332,17.753275349519736,66.00230854951974
2018-19,16,Tripura,2019-01,2019-01-01,48.6595573,0.0,48.6595573
2018-19,16,Tripura,2019-02,2019-02-01,45.016901798,0.0,45.016901798
2018-19,16,Tripura,2019-03,2019-03-01,55.2347698,19.725861499466372,74.96063129946637
2018-19,17,Meghalaya,2018-04,2018-04-01,29.1903738,-2.8,26.3903738
2018-19,17,Meghalaya,2018-05,2018-05-01,28.2198561,-2.8,25.4198561
2018-19,17,Meghalaya,2018-06,2018-06-01,35.0414609,39.77848647223617,74.81994737223616
2018-19,17,Meghalaya,2018-07,2018-07-01,38.4806982,0.0,38.4806982
2018-19,17,Meghalaya,2018-08,2018-08-01,39.302702655000004,10.0,49.302702655000004
2018-19,17,Meghalaya,2018-09,2018-09-01,34.4274404,0.0,34.4274404
2018-19,17,Meghalaya,2018-10,2018-10-01,38.2114302,23.865583869224302,62.077014069224305
2018-19,17,Meghalaya,2018-11,2018-11-01,38.5043884,0.0,38.5043884
2018-19,17,Meghalaya,2018-12,2018-12-01,42.322012,14.319350321534582,56.64136232153459
2018-19,17,Meghalaya,2019-01,2019-01-01,31.9438953,0.0,31.9438953
2018-19,17,Meghalaya,2019-02,2019-02-01,32.599800607999995,0.0,32.599800607999995
2018-19,17,Meghalaya,2019-03,2019-03-01,29.6028942,15.910389246149537,45.513283446149536
2018-19,18,Assam,2018-04,2018-04-01,299.189345,-26.2,272.989345
2018-19,18,Assam,2018-05,2018-05-01,254.3449946,-26.2,228.14499460000002
2018-19,18,Assam,2018-06,2018-06-01,358.3514124,374.2618023163141,732.6132147163141
2018-19,18,Assam,2018-07,2018-07-01,346.3662642,0.0,346.3662642
2018-19,18,Assam,2018-08,2018-08-01,324.780993732,90.0,414.780993732
2018-19,18,Assam,2018-09,2018-09-01,294.7119608,0.0,294.7119608
2018-19,18,Assam,2018-10,2018-10-01,309.4792186,224.54289301482635,534.0221116148264
2018-19,18,Assam,2018-11,2018-11-01,356.3901604,0.0,356.3901604
2018-19,18,Assam,2018-12,2018-12-01,341.6864781,134.72573580889582,476.4122139088958
2018-19,18,Assam,2019-01,2019-01-01,305.7701211,0.0,305.7701211
2018-19,18,Assam,2019-02,2019-02-01,334.6666720300001,0.0,334.6666720300001
2018-19,18,Assam,2019-03,2019-03-01,341.5806813,149.69526200988423,491.2759433098842
2018-19,19,West Bengal,2018-04,2018-04-01,657.4994638,-87.9,569.5994638
2018-19,19,West Bengal,2018-05,2018-05-01,728.0861818,-87.9,640.1861818
2018-19,19,West Bengal,2018-06,2018-06-01,819.7338726,1256.1334083252343,2075.8672809252344
2018-19,19,West Bengal,2018-07,2018-07-01,896.4697389,0.0,896.4697389
2018-19,19,West Bengal,2018-08,2018-08-01,731.220864851,301.0,1032.220864851
2018-19,19,West Bengal,2018-09,2018-09-01,730.4924193,0.0,730.4924193
2018-19,19,West Bengal,2018-10,2018-10-01,799.324715,753.6324246083165,1552.9571396083165
2018-19,19,West Bengal,2018-11,2018-11-01,774.9020482,0.0,774.9020482
2018-19,19,West Bengal,2018-12,2018-12-01,701.0985132,452.1794547649898,1153.2779679649898
2018-19,19,West Bengal,2019-01,2019-01-01,854.3566308,0.0,854.3566308
2018-19,19,West Bengal,2019-02,2019-02-01,818.22061362,0.0,818.22061362
2018-19,19,West Bengal,2019-03,2019-03-01,705.4709338,502.42161640554434,1207.8925502055445
2018-19,20,Jharkhand,2018-04,2018-04-01,101.176828,-28.1,73.076828
2018-19,20,Jharkhand,2018-05,2018-05-01,141.8986262,-28.1,113.7986262
2018-19,20,Jharkhand,2018-06,2018-06-01,161.1489978,400.836860139797,561.985857939797
2018-19,20,Jharkhand,2018-07,2018-07-01,184.6294021,0.0,184.6294021
2018-19,20,Jharkhand,2018-08,2018-08-01,164.76536815,96.0,260.76536815
2018-19,20,Jharkhand,2018-09,2018-09-01,183.5921324,0.0,183.5921324
2018-19,20,Jharkhand,2018-10,2018-10-01,151.0703175,240.48692024066068,391.55723774066064
2018-19,20,Jharkhand,2018-11,2018-11-01,211.7142455,0.0,211.7142455
2018-19,20,Jharkhand,2018-12,2018-12-01,213.4896252,144.2921521443964,357.7817773443964
2018-19,20,Jharkhand,2019-01,2019-01-01,186.2505867,0.0,186.2505867
2018-19,20,Jharkhand,2019-02,2019-02-01,212.752169092,0.0,212.752169092
2018-19,20,Jharkhand,2019-03,2019-03-01,167.6512663,160.3246134937738,327.9758797937738
2018-19,21,Odisha,2018-04,2018-04-01,369.9829563,-48.2,321.7829563
2018-19,21,Odisha,2018-05,2018-05-01,217.1975126,-48.2,168.9975126
2018-19,21,Odisha,2018-06,2018-06-01,293.1409944,689.2263537779577,982.3673481779576
2018-19,21,Odisha,2018-07,2018-07-01,390.3550974,0.0,390.3550974
2018-19,21,Odisha,2018-08,2018-08-01,307.086709285,166.0,473.086709285
2018-19,21,Odisha,2018-09,2018-09-01,286.1715647,0.0,286.1715647
2018-19,21,Odisha,2018-10,2018-10-01,323.2094293,414.457440843287,737.666870143287
2018-19,21,Odisha,2018-11,2018-11-01,300.2831232,0.0,300.2831232
2018-19,21,Odisha,2018-12,2018-12-01,206.7748571,248.67446450597225,455.4493216059723
2018-19,21,Odisha,2019-01,2019-01-01,287.8008642,0.0,287.8008642
2018-19,21,Odisha,2019-02,2019-02-01,260.397331521,0.0,260.397331521
2018-19,21,Odisha,2019-03,2019-03-01,339.0664303,276.30496056219135,615.3713908621913
2018-19,22,Chhattisgarh,2018-04,2018-04-01,159.3114377,-32.2,127.1114377
2018-19,22,Chhattisgarh,2018-05,2018-05-01,122.4988156,-32.2,90.2988156
2018-19,22,Chhattisgarh,2018-06,2018-06-01,147.7869552,460.0190593335766,607.8060145335766
2018-19,22,Chhattisgarh,2018-07,2018-07-01,206.7930175,0.0,206.7930175
2018-19,22,Chhattisgarh,2018-08,2018-08-01,161.309441332,110.0,271.309441332
2018-19,22,Chhattisgarh,2018-09,2018-09-01,150.5533877,0.0,150.5533877
2018-19,22,Chhattisgarh,2018-10,2018-10-01,215.4585372,275.9939961423569,491.4525333423569
2018-19,22,Chhattisgarh,2018-11,2018-11-01,193.2086624,0.0,193.2086624
2018-19,22,Chhattisgarh,2018-12,2018-12-01,178.9990192,165.59639768541413,344.5954168854141
2018-19,22,Chhattisgarh,2019-01,2019-01-01,65.8462367,0.0,65.8462367
2018-19,22,Chhattisgarh,2019-02,2019-02-01,184.53317075399997,0.0,184.53317075399997
2018-19,22,Chhattisgarh,2019-03,2019-03-01,140.1703574,183.99599742823793,324.1663548282379
2018-19,23,Madhya Pradesh,2018-04,2018-04-01,774.5630856,-67.1,707.4630856
2018-19,23,Madhya Pradesh,2018-05,2018-05-01,575.6689963,-67.1,508.5689963
2018-19,23,Madhya Pradesh,2018-06,2018-06-01,736.5195793,958.5053913736938,1695.0249706736938
2018-19,23,Madhya Pradesh,2018-07,2018-07-01,805.1640569,0.0,805.1640569
2018-19,23,Madhya Pradesh,2018-08,2018-08-01,703.84233927,230.0,933.84233927
2018-19,23,Madhya Pradesh,2018-09,2018-09-01,698.6282852,0.0,698.6282852
2018-19,23,Madhya Pradesh,2018-10,2018-10-01,733.2593334,575.06689760302,1308.32623100302
2018-19,23,Madhya Pradesh,2018-11,2018-11-01,849.7512542,0.0,849.7512542
2018-19,23,Madhya Pradesh,2018-12,2018-12-01,790.4252095,345.04013856181206,1135.4653480618122
2018-19,23,Madhya Pradesh,2019-01,2019-01-01,751.4803074,0.0,751.4803074
2018-19,23,Madhya Pradesh,2019-02,2019-02-01,753.476119314,0.0,753.476119314
2018-19,23,Madhya Pradesh,2019-03,2019-03-01,759.2090517,383.3779317353467,1142.5869834353466
2018-19,24,Gujarat,2018-04,2018-04-01,552.9103512,-126.3,426.6103512
2018-19,24,Gujarat,2018-05,2018-05-01,473.2623522,-126.3,346.9623522
2018-19,24,Gujarat,2018-06,2018-06-01,615.0573104,1804.3345634855007,2419.391873885501
2018-19,24,Gujarat,2018-07,2018-07-01,739.1578318,0.0,739.1578318
2018-19,24,Gujarat,2018-08,2018-08-01,588.563368998,433.0,1021.563368998
2018-19,24,Gujarat,2018-09,2018-09-01,695.0626557,0.0,695.0626557
2018-19,24,Gujarat,2018-10,2018-10-01,522.6193777,1082.532335237508,1605.151712937508
2018-19,24,Gujarat,2018-11,2018-11-01,586.6011452,0.0,586.6011452
2018-19,24,Gujarat,2018-12,2018-12-01,554.8232955,649.5194011425049,1204.342696642505
2018-19,24,Gujarat,2019-01,2019-01-01,426.1356998,0.0,426.1356998
2018-19,24,Gujarat,2019-02,2019-02-01,627.6491454,0.0,627.6491454
2018-19,24,Gujarat,2019-03,2019-03-01,423.3643422,721.688223491672,1145.052565691672
2018-19,25,Daman and Diu,2018-04,2018-04-01,0.3604944,-2.8,-2.4395056
2018-19,25,Daman and Diu,2018-05,2018-05-01,-3.6727904,-2.8,-6.472790399999999
2018-19,25,Daman and Diu,2018-06,2018-06-01,2.9973728,40.415192612898835,43.412565412898836
2018-19,25,Daman and Diu,2018-07,2018-07-01,-2.9138513,0.0,-2.9138513
2018-19,25,Daman and Diu,2018-08,2018-08-01,6.25070403,10.0,16.25070403
2018-19,25,Daman and Diu,2018-09,2018-09-01,3.2153896,0.0,3.2153896
2018-19,25,Daman and Diu,2018-10,2018-10-01,2.2065683,24.247583415904916,26.454151715904917
2018-19,25,Daman and Diu,2018-11,2018-11-01,0.5295862,0.0,0.5295862
2018-19,25,Daman and Diu,2018-12,2018-12-01,2.3489041,14.548550049542948,16.89745414954295
2018-19,25,Daman and Diu,2019-01,2019-01-01,-1.8765489,0.0,-1.8765489
2018-19,25,Daman and Diu,2019-02,2019-02-01,0.33689839099999896,0.0,0.33689839099999896
2018-19,25,Daman and Diu,2019-03,2019-03-01,4.6367553,16.165055610603275,20.801810910603276
2018-19,26,Dadra and Nagar Haveli,2018-04,2018-04-01,2.9451321,-3.4,-0.4548679
2018-19,26,Dadra and Nagar Haveli,2018-05,2018-05-01,1.8138944,-3.4,-1.5861056
2018-19,26,Dadra and Nagar Haveli,2018-06,2018-06-01,11.6252076,47.92087124100861,59.54607884100861
2018-19,26,Dadra and Nagar Haveli,2018-07,2018-07-01,0.7214933,0.0,0.7214933
2018-19,26,Dadra and Nagar Haveli,2018-08,2018-08-01,5.539805675999999,12.0,17.539805676
2018-19,26,Dadra and Nagar Haveli,2018-09,2018-09-01,-4.6933208,0.0,-4.6933208
2018-19,26,Dadra and Nagar Haveli,2018-10,2018-10-01,15.5009925,28.75070605028726,44.25169855028726
2018-19,26,Dadra and Nagar Haveli,2018-11,2018-11-01,4.5640846,0.0,4.5640846
2018-19,26,Dadra and Nagar Haveli,2018-12,2018-12-01,1.0589122,17.250423630172353,18.30933583017235
2018-19,26,Dadra and Nagar Haveli,2019-01,2019-01-01,-10.1543078,0.0,-10.1543078
2018-19,26,Dadra and Nagar Haveli,2019-02,2019-02-01,-0.30014056199999845,0.0,-0.30014056199999845
2018-19,26,Dadra and Nagar Haveli,2019-03,2019-03-01,-2.9381852,19.16713736685817,16.22895216685817
2018-19,27,Maharashtra,2018-04,2018-04-01,1616.1902801,-264.8,1351.3902801000002
2018-19,27,Maharashtra,2018-05,2018-05-01,1120.52626,-264.8,855.7262600000001
2018-19,27,Maharashtra,2018-06,2018-06-01,1479.4520141,3783.236261703728,5262.688275803728
2018-19,27,Maharashtra,2018-07,2018-07-01,1670.0955481,0.0,1670.0955481
2018-19,27,Maharashtra,2018-08,2018-08-01,1527.802595467,907.0,2434.802595467
2018-19,27,Maharashtra,2018-09,2018-09-01,1512.3526512,0.0,1512.3526512
2018-19,27,Maharashtra,2018-10,2018-10-01,1786.5537235,2269.79833342325,4056.3520569232496
2018-19,27,Maharashtra,2018-11,2018-11-01,1613.2561063,0.0,1613.2561063
2018-19,27,Maharashtra,2018-12,2018-12-01,1711.0775997,1361.8790000539502,3072.9565997539503
2018-19,27,Maharashtra,2019-01,2019-01-01,1716.9328912,0.0,1716.9328912
2018-19,27,Maharashtra,2019-02,2019-02-01,2075.8668362239996,0.0,2075.8668362239996
2018-19,27,Maharashtra,2019-03,2019-03-01,1233.5976717,1513.1988889488334,2746.7965606488333
2018-19,29,Karnataka,2018-04,2018-04-01,1207.9146982,-158.2,1049.7146982
2018-19,29,Karnataka,2018-05,2018-05-01,986.5766297,-158.2,828.3766297
2018-19,29,Karnataka,2018-06,2018-06-01,1168.4572123,2260.0241787972946,3428.4813910972944
2018-19,29,Karnataka,2018-07,2018-07-01,1186.4872354,0.0,1186.4872354
2018-19,29,Karnataka,2018-08,2018-08-01,1070.8719045760001,541.0,1611.8719045760001
2018-19,29,Karnataka,2018-09,2018-09-01,1112.3654977,0.0,1112.3654977
2018-19,29,Karnataka,2018-10,2018-10-01,1166.5877998,1355.928829097291,2522.5166288972914
2018-19,29,Karnataka,2018-11,2018-11-01,1272.2736324,0.0,1272.2736324
2018-19,29,Karnataka,2018-12,2018-12-01,1038.121053,813.5572974583747,1851.6783504583748
2018-19,29,Karnataka,2019-01,2019-01-01,1111.6379458,0.0,1111.6379458
2018-19,29,Karnataka,2019-02,2019-02-01,1212.7174977590003,0.0,1212.7174977590003
2018-19,29,Karnataka,2019-03,2019-03-01,1066.0547747,903.9525527315274,1970.0073274315273
2018-19,30,Goa,2018-04,2018-04-01,50.0579867,-9.5,40.5579867
2018-19,30,Goa,2018-05,2018-05-01,55.4805971,-9.5,45.9805971
2018-19,30,Goa,2018-06,2018-06-01,66.1006898,136.39749567066437,202.49818547066437
2018-19,30,Goa,2018-07,2018-07-01,58.2209162,0.0,58.2209162
2018-19,30,Goa,2018-08,2018-08-01,48.389647614999994,33.0,81.389647615
2018-19,30,Goa,2018-09,2018-09-01,59.4976327,0.0,59.4976327
2018-19,30,Goa,2018-10,2018-10-01,75.4966229,81.83332653323565,157.32994943323564
2018-19,30,Goa,2018-11,2018-11-01,61.336977,0.0,61.336977
2018-19,30,Goa,2018-12,2018-12-01,50.9360848,49.0999959199414,100.0360807199414
2018-19,30,Goa,2019-01,2019-01-01,68.4532145,0.0,68.4532145
2018-19,30,Goa,2019-02,2019-02-01,93.79546321000001,0.0,93.79546321000001
2018-19,30,Goa,2019-03,2019-03-01,65.8827905,54.555551022157104,120.4383415221571
2018-19,31,Lakshadweep,2018-04,2018-04-01,0.5227495,0.0,0.5227495
2018-19,31,Lakshadweep,2018-05,2018-05-01,0.665733,0.0,0.665733
2018-19,31,Lakshadweep,2018-06,2018-06-01,0.778403,0.0,0.778403
2018-19,31,Lakshadweep,2018-07,2018-07-01,1.8161044,0.0,1.8161044
2018-19,31,Lakshadweep,2018-08,2018-08-01,0.6309931679999999,0.0,0.6309931679999999
2018-19,31,Lakshadweep,2018-09,2018-09-01,0.4752889,0.0,0.4752889
2018-19,31,Lakshadweep,2018-10,2018-10-01,1.6380038,0.0,1.6380038
2018-19,31,Lakshadweep,2018-11,2018-11-01,0.5454553,0.0,0.5454553
2018-19,31,Lakshadweep,2018-12,2018-12-01,0.4544373,0.0,0.4544373
2018-19,31,Lakshadweep,2019-01,2019-01-01,0.7441084,0.0,0.7441084
2018-19,31,Lakshadweep,2019-02,2019-02-01,1.255948943,0.0,1.255948943
2018-19,31,Lakshadweep,2019-03,2019-03-01,1.1314308,0.0,1.1314308
2018-19,32,Kerala,2018-04,2018-04-01,802.0735383,-73.6,728.4735383
2018-19,32,Kerala,2018-05,2018-05-01,785.9725366,-73.6,712.3725366
2018-19,32,Kerala,2018-06,2018-06-01,879.8942916,1051.8079113907909,1931.7022029907907
2018-19,32,Kerala,2018-07,2018-07-01,848.4387648,0.0,848.4387648
2018-19,32,Kerala,2018-08,2018-08-01,746.209196194,252.0,998.209196194
2018-19,32,Kerala,2018-09,2018-09-01,651.8951596,0.0,651.8951596
2018-19,32,Kerala,2018-10,2018-10-01,1068.4303854,631.0448724873125,1699.4752578873126
2018-19,32,Kerala,2018-11,2018-11-01,1014.3351074,0.0,1014.3351074
2018-19,32,Kerala,2018-12,2018-12-01,816.8573629,378.62692349238756,1195.4842863923875
2018-19,32,Kerala,2019-01,2019-01-01,862.2990815,0.0,862.2990815
2018-19,32,Kerala,2019-02,2019-02-01,845.72093125,0.0,845.72093125
2018-19,32,Kerala,2019-03,2019-03-01,792.8338115,420.69658165820846,1213.5303931582084
2018-19,33,Tamil Nadu,2018-04,2018-04-01,1086.2477052,-130.4,955.8477052
2018-19,33,Tamil Nadu,2018-05,2018-05-01,925.5195573,-130.4,795.1195573
2018-19,33,Tamil Nadu,2018-06,2018-06-01,1052.8042716,1862.4837988543259,2915.288070454326
2018-19,33,Tamil Nadu,2018-07,2018-07-01,1116.1659775,0.0,1116.1659775
2018-19,33,Tamil Nadu,2018-08,2018-08-01,1145.768339445,447.0,1592.768339445
2018-19,33,Tamil Nadu,2018-09,2018-09-01,1037.777851,0.0,1037.777851
2018-19,33,Tamil Nadu,2018-10,2018-10-01,996.6069517,1117.419672004194,2114.0266237041938
2018-19,33,Tamil Nadu,2018-11,2018-11-01,1043.2862154,0.0,1043.2862154
2018-19,33,Tamil Nadu,2018-12,2018-12-01,992.6930715,670.4518032025163,1663.1448747025163
2018-19,33,Tamil Nadu,2019-01,2019-01-01,1047.3721694,0.0,1047.3721694
2018-19,33,Tamil Nadu,2019-02,2019-02-01,966.412253699,0.0,966.412253699
2018-19,33,Tamil Nadu,2019-03,2019-03-01,1015.2911017,744.9464480027958,1760.2375497027958
2018-19,34,Puducherry,2018-04,2018-04-01,32.1204349,-4.8,27.3204349
2018-19,34,Puducherry,2018-05,2018-05-01,26.073068,-4.8,21.273068
2018-19,34,Puducherry,2018-06,2018-06-01,39.4267629,68.49137923368492,107.91814213368492
2018-19,34,Puducherry,2018-07,2018-07-01,31.1114672,0.0,31.1114672
2018-19,34,Puducherry,2018-08,2018-08-01,33.909049829000004,16.0,49.909049829000004
2018-19,34,Puducherry,2018-09,2018-09-01,34.7984574,0.0,34.7984574
2018-19,34,Puducherry,2018-10,2018-10-01,18.4438638,41.092231011887115,59.53609481188711
2018-19,34,Puducherry,2018-11,2018-11-01,38.6415489,0.0,38.6415489
2018-19,34,Puducherry,2018-12,2018-12-01,31.6871325,24.655338607132272,56.34247110713227
2018-19,34,Puducherry,2019-01,2019-01-01,28.9540267,0.0,28.9540267
2018-19,34,Puducherry,2019-02,2019-02-01,26.637616369,0.0,26.637616369
2018-19,34,Puducherry,2019-03,2019-03-01,32.3226121,27.394820674591415,59.717432774591416
2018-19,35,Andaman and Nicobar Island,2018-04,2018-04-01,16.3535596,-0.5,15.8535596
2018-19,35,Andaman and Nicobar Island,2018-05,2018-05-01,12.5876195,-0.5,12.0876195
2018-19,35,Andaman and Nicobar Island,2018-06,2018-06-01,14.5082247,6.350958839169817,20.859183539169816
2018-19,35,Andaman and Nicobar Island,2018-07,2018-07-01,11.323343,0.0,11.323343
2018-19,35,Andaman and Nicobar Island,2018-08,2018-08-01,13.933164380000001,2.0,15.933164380000001
2018-19,35,Andaman and Nicobar Island,2018-09,2018-09-01,10.7718423,0.0,10.7718423
2018-19,35,Andaman and Nicobar Island,2018-10,2018-10-01,14.5461643,3.8103345367850574,18.356498836785057
2018-19,35,Andaman and Nicobar Island,2018-11,2018-11-01,13.3198706,0.0,13.3198706
2018-19,35,Andaman and Nicobar Island,2018-12,2018-12-01,12.6709734,2.286200722071035,14.957174122071034
2018-19,35,Andaman and Nicobar Island,2019-01,2019-01-01,17.3860792,0.0,17.3860792
2018-19,35,Andaman and Nicobar Island,2019-02,2019-02-01,19.164750152,0.0,19.164750152
2018-19,35,Andaman and Nicobar Island,2019-03,2019-03-01,21.0575621,2.540223024523372,23.59778512452337
2018-19,36,Telangana,2018-04,2018-04-01,786.1069488,-70.5,715.6069488
2018-19,36,Telangana,2018-05,2018-05-01,825.6715173,-70.5,755.1715173
2018-19,36,Telangana,2018-06,2018-06-01,818.7360047,1007.2647854838367,1826.0007901838367
2018-19,36,Telangana,2018-07,2018-07-01,894.096601,0.0,894.096601
2018-19,36,Telangana,2018-08,2018-08-01,858.071542409,242.0,1100.071542409
2018-19,36,Telangana,2018-09,2018-09-01,868.1562424,0.0,868.1562424
2018-19,36,Telangana,2018-10,2018-10-01,844.8563795,604.3206855861395,1449.1770650861395
2018-19,36,Telangana,2018-11,2018-11-01,927.3842858,0.0,927.3842858
2018-19,36,Telangana,2018-12,2018-12-01,827.1639688,362.59241135168367,1189.7563801516837
2018-19,36,Telangana,2019-01,2019-01-01,794.8094852,0.0,794.8094852
2018-19,36,Telangana,2019-02,2019-02-01,934.7641849080002,0.0,934.7641849080002
2018-19,36,Telangana,2019-03,2019-03-01,789.2190943,402.8804570574263,1192.0995513574264
2018-19,37,Andhra Pradesh,2018-04,2018-04-01,825.7719651,-58.9,766.8719651
2018-19,37,Andhra Pradesh,2018-05,2018-05-01,655.5942962,-58.9,596.6942962
2018-19,37,Andhra Pradesh,2018-06,2018-06-01,748.6271535,840.9788692121867,1589.6060227121866
2018-19,37,Andhra Pradesh,2018-07,2018-07-01,836.7231964,0.0,836.7231964
2018-19,37,Andhra Pradesh,2018-08,2018-08-01,721.91041049,202.0,923.91041049
2018-19,37,Andhra Pradesh,2018-09,2018-09-01,807.6015726,0.0,807.6015726
2018-19,37,Andhra Pradesh,2018-10,2018-10-01,773.8860864,504.55543977112495,1278.441526171125
2018-19,37,Andhra Pradesh,2018-11,2018-11-01,907.3458714,0.0,907.3458714
2018-19,37,Andhra Pradesh,2018-12,2018-12-01,789.9433248,302.73326386267496,1092.676588662675
2018-19,37,Andhra Pradesh,2019-01,2019-01-01,826.7710692,0.0,826.7710692
2018-19,37,Andhra Pradesh,2019-02,2019-02-01,944.7397200199999,0.0,944.7397200199999
2018-19,37,Andhra Pradesh,2019-03,2019-03-01,823.6296597,336.37029318074997,1159.99995288075
2018-19,38,Ladakh,2018-04,2018-04-01,,0.0,0.0
2018-19,38,Ladakh,2018-05,2018-05-01,,0.0,0.0
2018-19,38,Ladakh,2018-06,2018-06-01,,0.0,0.0
2018-19,38,Ladakh,2018-07,2018-07-01,,0.0,0.0
2018-19,38,Ladakh,2018-08,2018-08-01,,0.0,0.0
2018-19,38,Ladakh,2018-09,2018-09-01,,0.0,0.0
2018-19,38,Ladakh,2018-10,2018-10-01,,0.0,0.0
2018-19,38,Ladakh,2018-11,2018-11-01,,0.0,0.0
2018-19,38,Ladakh,2018-12,2018-12-01,,0.0,0.0
2018-19,38,Ladakh,2019-01,2019-01-01,,0.0,0.0
2018-19,38,Ladakh,2019-02,2019-02-01,,0.0,0.0
2018-19,38,Ladakh,2019-03,2019-03-01,,0.0,0.0
2018-19,97,Other Territory,2018-04,2018-04-01,,0.0,0.0
2018-19,97,Other Territory,2018-05,2018-05-01,,0.0,0.0
2018-19,97,Other Territory,2018-06,2018-06-01,,0.0,0.0
2018-19,97,Other Territory,2018-07,2018-07-01,,0.0,0.0
2018-19,97,Other Territory,2018-08,2018-08-01,,0.0,0.0
2018-19,97,Other Territory,2018-09,2018-09-01,,0.0,0.0
2018-19,97,Other Territory,2018-10,2018-10-01,,0.0,0.0
2018-19,97,Other Territory,2018-11,2018-11-01,,0.0,0.0
2018-19,97,Other Territory,2018-12,2018-12-01,,0.0,0.0
2018-19,97,Other Territory,2019-01,2019-01-01,,0.0,0.0
2018-19,97,Other Territory,2019-02,2019-02-01,,0.0,0.0
2018-19,97,Other Territory,2019-03,2019-03-01,,0.0,0.0
2019-20,01,Jammu and Kashmir,2019-04,2019-04-01,252.492386,71.52035449550392,324.0127404955039
2019-20,01,Jammu and Kashmir,2019-05,2019-05-01,245.3695978,0.0,245.3695978
2019-20,01,Jammu and Kashmir,2019-06,2019-06-01,271.7274759,0.0,271.7274759
2019-20,01,Jammu and Kashmir,2019-07,2019-07-01,285.15975,23.638963644999997,308.79871364499996
2019-20,01,Jammu and Kashmir,2019-08,2019-08-01,169.43734907884104,-30.5828487,138.85450037884104
2019-20,01,Jammu and Kashmir,2019-09,2019-09-01,124.2177255,-15.4755755,108.74215
2019-20,01,Jammu and Kashmir,2019-10,2019-10-01,127.8070334,-27.42313367,100.38389973
2019-20,01,Jammu and Kashmir,2019-11,2019-11-01,198.8333971,0.0,198.8333971
2019-20,01,Jammu and Kashmir,2019-12,2019-12-01,345.0,-56.0,289.0
2019-20,01,Jammu and Kashmir,2020-01,2020-01-01,273.0,0.0,273.0
2019-20,01,Jammu and Kashmir,2020-02,2020-02-01,255.5,0.0,255.5
2019-20,01,Jammu and Kashmir,2020-03,2020-03-01,211.7856126,35.685794819975534,247.47140741997555
2019-20,02,Himachal Pradesh,2019-04,2019-04-01,115.6907851,54.53571457492383,170.22649967492384
2019-20,02,Himachal Pradesh,2019-05,2019-05-01,129.4196465,0.0,129.4196465
2019-20,02,Himachal Pradesh,2019-06,2019-06-01,137.0526634,0.0,137.0526634
2019-20,02,Himachal Pradesh,2019-07,2019-07-01,155.9223141,1.3992899419999958,157.321604042
2019-20,02,Himachal Pradesh,2019-08,2019-08-01,123.60531244490859,-22.3103265,101.29498594490859
2019-20,02,Himachal Pradesh,2019-09,2019-09-01,156.2582484,-16.2415725,140.01667590000002
2019-20,02,Himachal Pradesh,2019-10,2019-10-01,112.3441054,-24.105304190000002,88.23880121
2019-20,02,Himachal Pradesh,2019-11,2019-11-01,181.1541832,0.0,181.1541832
2019-20,02,Himachal Pradesh,2019-12,2019-12-01,149.0,-23.999999999999996,125.0
2019-20,02,Himachal Pradesh,2020-01,2020-01-01,140.0,0.0,140.0
2019-20,02,Himachal Pradesh,2020-02,2020-02-01,137.0,0.0,137.0
2019-20,02,Himachal Pradesh,2020-03,2020-03-01,131.708029,27.229697388714563,158.93772638871457
2019-20,03,Punjab,2019-04,2019-04-01,533.6755551,217.15505120898786,750.8306063089879
2019-20,03,Punjab,2019-05,2019-05-01,498.3376177,0.0,498.3376177
2019-20,03,Punjab,2019-06,2019-06-01,468.7935831,0.0,468.7935831
2019-20,03,Punjab,2019-07,2019-07-01,717.3870302,69.46806415499998,786.855094355
2019-20,03,Punjab,2019-08,2019-08-01,519.5042362721863,-93.7686971,425.7355391721863
2019-20,03,Punjab,2019-09,2019-09-01,562.9245877999999,-67.8553583,495.0692294999999
2019-20,03,Punjab,2019-10,2019-10-01,449.4191705,-96.43038927,352.98878123
2019-20,03,Punjab,2019-11,2019-11-01,541.5681827,0.0,541.5681827
2019-20,03,Punjab,2019-12,2019-12-01,501.0,-81.0,420.0
2019-20,03,Punjab,2020-01,2020-01-01,625.0,0.0,625.0
2019-20,03,Punjab,2020-02,2020-02-01,619.7,0.0,619.7
2019-20,03,Punjab,2020-03,2020-03-01,528.5938859,112.10976971759825,640.7036556175983
2019-20,04,Chandigarh,2019-04,2019-04-01,65.3740886,21.891570277871015,87.265658877871
2019-20,04,Chandigarh,2019-05,2019-05-01,75.1019699,0.0,75.1019699
2019-20,04,Chandigarh,2019-06,2019-06-01,64.9192522,0.0,64.9192522
2019-20,04,Chandigarh,2019-07,2019-07-01,66.1137735,9.921141087000002,76.034914587
2019-20,04,Chandigarh,2019-08,2019-08-01,60.97598985892531,-11.0059528,49.970037058925314
2019-20,04,Chandigarh,2019-09,2019-09-01,67.4717687,-8.5201647,58.951603999999996
2019-20,04,Chandigarh,2019-10,2019-10-01,57.9297598,-12.42979751,45.49996229
2019-20,04,Chandigarh,2019-11,2019-11-01,85.1474176,0.0,85.1474176
2019-20,04,Chandigarh,2019-12,2019-12-01,64.0,-10.250000000000002,53.75
2019-20,04,Chandigarh,2020-01,2020-01-01,86.0,0.0,86.0
2019-20,04,Chandigarh,2020-02,2020-02-01,71.5,0.0,71.5
2019-20,04,Chandigarh,2020-03,2020-03-01,60.8701632,10.902515556028291,71.77267875602828
2019-20,05,Uttarakhand,2019-04,2019-04-01,71.3555027,74.4452118268225,145.8007145268225
2019-20,05,Uttarakhand,2019-05,2019-05-01,92.1079007,0.0,92.1079007
2019-20,05,Uttarakhand,2019-06,2019-06-01,75.3313238,0.0,75.3313238
2019-20,05,Uttarakhand,2019-07,2019-07-01,109.8046239,41.615322426999995,151.419946327
2019-20,05,Uttarakhand,2019-08,2019-08-01,55.811502041647806,-10.0737809,45.73772114164781
2019-20,05,Uttarakhand,2019-09,2019-09-01,105.79226519999999,-10.2722483,95.52001689999999
2019-20,05,Uttarakhand,2019-10,2019-10-01,-30.4508547,0.0,-30.4508547
2019-20,05,Uttarakhand,2019-11,2019-11-01,76.1937298,0.0,76.1937298
2019-20,05,Uttarakhand,2019-12,2019-12-01,42.0,-3.75,38.25
2019-20,05,Uttarakhand,2020-01,2020-01-01,109.0,0.0,109.0
2019-20,05,Uttarakhand,2020-02,2020-02-01,94.5,0.0,94.5
2019-20,05,Uttarakhand,2020-03,2020-03-01,70.09206,37.12173589320853,107.21379589320853
2019-20,06,Haryana,2019-04,2019-04-01,377.3029202,228.54146738049997,605.8443875805
2019-20,06,Haryana,2019-05,2019-05-01,376.212026,0.0,376.212026
2019-20,06,Haryana,2019-06,2019-06-01,-150.5338747,0.0,-150.5338747
2019-20,06,Haryana,2019-07,2019-07-01,753.0114249,78.92426544800003,831.935690348
2019-20,06,Haryana,2019-08,2019-08-01,553.5153360519761,-99.9075816,453.60775445197606
2019-20,06,Haryana,2019-09,2019-09-01,508.1360717,-60.7490148,447.3870569
2019-20,06,Haryana,2019-10,2019-10-01,375.1060864,-80.48527589,294.62081050999996
2019-20,06,Haryana,2019-11,2019-11-01,583.8420274,0.0,583.8420274
2019-20,06,Haryana,2019-12,2019-12-01,403.0,-64.75,338.25
2019-20,06,Haryana,2020-01,2020-01-01,400.0,0.0,400.0
2019-20,06,Haryana,2020-02,2020-02-01,429.7,0.0,429.7
2019-20,06,Haryana,2020-03,2020-03-01,324.0144716,114.02435781524224,438.0388294152422
2019-20,07,Delhi,2019-04,2019-04-01,661.2796826,251.85329456931214,913.1329771693122
2019-20,07,Delhi,2019-05,2019-05-01,276.471911,0.0,276.471911
2019-20,07,Delhi,2019-06,2019-06-01,529.7163915,0.0,529.7163915
2019-20,07,Delhi,2019-07,2019-07-01,734.5120078,556.226866438,1290.7388742379999
2019-20,07,Delhi,2019-08,2019-08-01,586.6456671054409,-105.8874905,480.7581766054409
2019-20,07,Delhi,2019-09,2019-09-01,113.621781,-67.5156546,46.106126399999994
2019-20,07,Delhi,2019-10,2019-10-01,630.3998022,-135.2628066,495.1369956
2019-20,07,Delhi,2019-11,2019-11-01,635.6499303,0.0,635.6499303
2019-20,07,Delhi,2019-12,2019-12-01,730.0,-82.25,647.75
2019-20,07,Delhi,2020-01,2020-01-01,1057.0,0.0,1057.0
2019-20,07,Delhi,2020-02,2020-02-01,645.4,0.0,645.4
2019-20,07,Delhi,2020-03,2020-03-01,603.8710464,125.61825240653086,729.4892988065308
2019-20,08,Rajasthan,2019-04,2019-04-01,731.8725294,257.47237585834796,989.3449052583479
2019-20,08,Rajasthan,2019-05,2019-05-01,787.5825821,0.0,787.5825821
2019-20,08,Rajasthan,2019-06,2019-06-01,784.5244465,0.0,784.5244465
2019-20,08,Rajasthan,2019-07,2019-07-01,970.1106343,78.03737782899998,1048.148012129
2019-20,08,Rajasthan,2019-08,2019-08-01,770.7176990308627,-139.1118483,631.6058507308627
2019-20,08,Rajasthan,2019-09,2019-09-01,771.8381754999999,-97.151459,674.6867164999999
2019-20,08,Rajasthan,2019-10,2019-10-01,649.6740393,-139.398416,510.2756233
2019-20,08,Rajasthan,2019-11,2019-11-01,882.9124448,0.0,882.9124448
2019-20,08,Rajasthan,2019-12,2019-12-01,786.0,-128.25,657.75
2019-20,08,Rajasthan,2020-01,2020-01-01,838.0,0.0,838.0
2019-20,08,Rajasthan,2020-02,2020-02-01,765.5,0.0,765.5
2019-20,08,Rajasthan,2020-03,2020-03-01,683.2764346,128.4369515502845,811.7133861502846
2019-20,09,Uttar Pradesh,2019-04,2019-04-01,2074.4838876,500.5640030987205,2575.0478906987205
2019-20,09,Uttar Pradesh,2019-05,2019-05-01,2102.2960964,0.0,2102.2960964
2019-20,09,Uttar Pradesh,2019-06,2019-06-01,2045.3950212,0.0,2045.3950212
2019-20,09,Uttar Pradesh,2019-07,2019-07-01,2386.834085,-25.89883380599997,2360.935251194
2019-20,09,Uttar Pradesh,2019-08,2019-08-01,1854.0769833195775,-334.6544089,1519.4225744195774
2019-20,09,Uttar Pradesh,2019-09,2019-09-01,1919.5323761,-234.7823332,1684.7500429
2019-20,09,Uttar Pradesh,2019-10,2019-10-01,1692.9054602,-363.2411415,1329.6643187
2019-20,09,Uttar Pradesh,2019-11,2019-11-01,2210.5617686,0.0,2210.5617686
2019-20,09,Uttar Pradesh,2019-12,2019-12-01,1945.0,-314.5,1630.5
2019-20,09,Uttar Pradesh,2020-01,2020-01-01,2223.0,0.0,2223.0
2019-20,09,Uttar Pradesh,2020-02,2020-02-01,2029.5,0.0,2029.5
2019-20,09,Uttar Pradesh,2020-03,2020-03-01,1879.5972397,249.69419773440404,2129.291437434404
2019-20,10,Bihar,2019-04,2019-04-01,797.2068401,189.3768594364134,986.5836995364134
2019-20,10,Bihar,2019-05,2019-05-01,721.1496962,0.0,721.1496962
2019-20,10,Bihar,2019-06,2019-06-01,874.2063449,0.0,874.2063449
2019-20,10,Bihar,2019-07,2019-07-01,904.8029364,25.321956736999994,930.1248931370001
2019-20,10,Bihar,2019-08,2019-08-01,719.3516848780995,-129.8404624,589.5112224780995
2019-20,10,Bihar,2019-09,2019-09-01,692.0882343999999,-89.0070518,603.0811825999999
2019-20,10,Bihar,2019-10,2019-10-01,667.3727092,-143.1959613,524.1767479
2019-20,10,Bihar,2019-11,2019-11-01,847.9288414,0.0,847.9288414
2019-20,10,Bihar,2019-12,2019-12-01,801.0,-130.25,670.75
2019-20,10,Bihar,2020-01,2020-01-01,823.0,0.0,823.0
2019-20,10,Bihar,2020-02,2020-02-01,812.9,0.0,812.9
2019-20,10,Bihar,2020-03,2020-03-01,797.6935681,94.45301281710366,892.1465809171036
2019-20,11,Sikkim,2019-04,2019-04-01,23.936261,3.683138448748195,27.619399448748194
2019-20,11,Sikkim,2019-05,2019-05-01,27.2661604,0.0,27.2661604
2019-20,11,Sikkim,2019-06,2019-06-01,18.1261324,0.0,18.1261324
2019-20,11,Sikkim,2019-07,2019-07-01,18.5930133,-8.159872283,10.433141016999999
2019-20,11,Sikkim,2019-08,2019-08-01,20.755815006833572,-3.746352,17.00946300683357
2019-20,11,Sikkim,2019-09,2019-09-01,27.2048445,-2.44591,24.7589345
2019-20,11,Sikkim,2019-10,2019-10-01,18.3750327,-3.942670173,14.432362526999999
2019-20,11,Sikkim,2019-11,2019-11-01,25.7355199,0.0,25.7355199
2019-20,11,Sikkim,2019-12,2019-12-01,22.0,-3.5,18.5
2019-20,11,Sikkim,2020-01,2020-01-01,17.0,0.0,17.0
2019-20,11,Sikkim,2020-02,2020-02-01,20.2,0.0,20.2
2019-20,11,Sikkim,2020-03,2020-03-01,20.3704567,1.8614050949316594,22.231861794931657
2019-20,12,Arunachal Pradesh,2019-04,2019-04-01,41.7812455,3.841838818681968,45.62308431868197
2019-20,12,Arunachal Pradesh,2019-05,2019-05-01,33.3689245,0.0,33.3689245
2019-20,12,Arunachal Pradesh,2019-06,2019-06-01,42.2914258,0.0,42.2914258
2019-20,12,Arunachal Pradesh,2019-07,2019-07-01,33.4120861,-2.484825365,30.927260735000004
2019-20,12,Arunachal Pradesh,2019-08,2019-08-01,33.29293238245366,-6.0092578,27.283674582453656
2019-20,12,Arunachal Pradesh,2019-09,2019-09-01,32.4904858,-4.2937982,28.1966876
2019-20,12,Arunachal Pradesh,2019-10,2019-10-01,31.2567851,-6.706665297,24.550119802999998
2019-20,12,Arunachal Pradesh,2019-11,2019-11-01,45.2732228,0.0,45.2732228
2019-20,12,Arunachal Pradesh,2019-12,2019-12-01,62.0,-10.0,52.0
2019-20,12,Arunachal Pradesh,2020-01,2020-01-01,52.0,0.0,52.0
2019-20,12,Arunachal Pradesh,2020-02,2020-02-01,47.1,0.0,47.1
2019-20,12,Arunachal Pradesh,2020-03,2020-03-01,48.0660423,1.9145880976439926,49.98063039764399
2019-20,13,Nagaland,2019-04,2019-04-01,40.8216626,3.8428891983925815,44.66455179839259
2019-20,13,Nagaland,2019-05,2019-05-01,36.292649,0.0,36.292649
2019-20,13,Nagaland,2019-06,2019-06-01,35.6836544,0.0,35.6836544
2019-20,13,Nagaland,2019-07,2019-07-01,32.0055769,-3.2214636179999996,28.784113282
2019-20,13,Nagaland,2019-08,2019-08-01,34.069481401350046,-6.1494222,27.920059201350046
2019-20,13,Nagaland,2019-09,2019-09-01,35.4043274,-4.5506771,30.853650299999998
2019-20,13,Nagaland,2019-10,2019-10-01,29.3776647,-6.303468624000001,23.074196076
2019-20,13,Nagaland,2019-11,2019-11-01,38.2461899,0.0,38.2461899
2019-20,13,Nagaland,2019-12,2019-12-01,55.0,-9.0,46.0
2019-20,13,Nagaland,2020-01,2020-01-01,46.0,0.0,46.0
2019-20,13,Nagaland,2020-02,2020-02-01,37.9,0.0,37.9
2019-20,13,Nagaland,2020-03,2020-03-01,37.174439,1.9145880976439926,39.08902709764399
2019-20,14,Manipur,2019-04,2019-04-01,44.4496639,5.207847128534487,49.657511028534486
2019-20,14,Manipur,2019-05,2019-05-01,39.4548974,0.0,39.4548974
2019-20,14,Manipur,2019-06,2019-06-01,49.6998137,0.0,49.6998137
2019-20,14,Manipur,2019-07,2019-07-01,47.9257277,-5.178478673000001,42.747249027
2019-20,14,Manipur,2019-08,2019-08-01,46.59973945973356,-8.4110899,38.18864955973356
2019-20,14,Manipur,2019-09,2019-09-01,48.5183463,-6.2506642,42.267682099999995
2019-20,14,Manipur,2019-10,2019-10-01,38.5806374,-8.278120143,30.302517256999998
2019-20,14,Manipur,2019-11,2019-11-01,56.772349,0.0,56.772349
2019-20,14,Manipur,2019-12,2019-12-01,70.0,-11.5,58.5
2019-20,14,Manipur,2020-01,2020-01-01,50.0,0.0,50.0
2019-20,14,Manipur,2020-02,2020-02-01,55.5,0.0,55.5
2019-20,14,Manipur,2020-03,2020-03-01,42.2485575,2.6059671329043237,44.85452463290432
2019-20,15,Mizoram,2019-04,2019-04-01,32.4947866,2.8346747304503803,35.32946133045038
2019-20,15,Mizoram,2019-05,2019-05-01,35.3415289,0.0,35.3415289
2019-20,15,Mizoram,2019-06,2019-06-01,30.9505532,0.0,30.9505532
2019-20,15,Mizoram,2019-07,2019-07-01,25.6407534,-2.509309635,23.131443765
2019-20,15,Mizoram,2019-08,2019-08-01,26.316714841792734,-4.750075,21.566639841792735
2019-20,15,Mizoram,2019-09,2019-09-01,29.0827415,-3.7937816,25.288959900000002
2019-20,15,Mizoram,2019-10,2019-10-01,28.8635142,-6.193149078,22.670365122
2019-20,15,Mizoram,2019-11,2019-11-01,37.4652099,0.0,37.4652099
2019-20,15,Mizoram,2019-12,2019-12-01,42.0,-6.75,35.25
2019-20,15,Mizoram,2020-01,2020-01-01,34.0,0.0,34.0
2019-20,15,Mizoram,2020-02,2020-02-01,37.5,0.0,37.5
2019-20,15,Mizoram,2020-03,2020-03-01,29.4770571,1.4359410732329947,30.912998173232996
2019-20,16,Tripura,2019-04,2019-04-01,58.7161806,11.835228416431788,70.55140901643179
2019-20,16,Tripura,2019-05,2019-05-01,53.7745235,0.0,53.7745235
2019-20,16,Tripura,2019-06,2019-06-01,59.1969532,0.0,59.1969532
2019-20,16,Tripura,2019-07,2019-07-01,56.2772145,-0.4512758070000018,55.825938693
2019-20,16,Tripura,2019-08,2019-08-01,44.10392299910162,-7.9606038,36.14331919910162
2019-20,16,Tripura,2019-09,2019-09-01,50.1366787,-6.211161,43.9255177
2019-20,16,Tripura,2019-10,2019-10-01,43.7032988,-9.377272694,34.326026106
2019-20,16,Tripura,2019-11,2019-11-01,54.4916046,0.0,54.4916046
2019-20,16,Tripura,2019-12,2019-12-01,52.0,-8.5,43.5
2019-20,16,Tripura,2020-01,2020-01-01,49.0,0.0,49.0
2019-20,16,Tripura,2020-02,2020-02-01,51.1,0.0,51.1
2019-20,16,Tripura,2020-03,2020-03-01,56.6761789,5.9033133010689784,62.57949220106897
2019-20,17,Meghalaya,2019-04,2019-04-01,51.6665344,9.546000864277266,61.21253526427727
2019-20,17,Meghalaya,2019-05,2019-05-01,44.1762257,0.0,44.1762257
2019-20,17,Meghalaya,2019-06,2019-06-01,48.7546049,0.0,48.7546049
2019-20,17,Meghalaya,2019-07,2019-07-01,46.7392798,1.6661522219999991,48.405432022
2019-20,17,Meghalaya,2019-08,2019-08-01,36.62434479682276,-6.6105661,30.01377869682276
2019-20,17,Meghalaya,2019-09,2019-09-01,39.5350328,-5.1977417,34.3372911
2019-20,17,Meghalaya,2019-10,2019-10-01,37.2071815,-7.983422223000001,29.223759276999996
2019-20,17,Meghalaya,2019-11,2019-11-01,52.2418561,0.0,52.2418561
2019-20,17,Meghalaya,2019-12,2019-12-01,53.0,-8.75,44.25
2019-20,17,Meghalaya,2020-01,2020-01-01,51.0,0.0,51.0
2019-20,17,Meghalaya,2020-02,2020-02-01,53.0,0.0,53.0
2019-20,17,Meghalaya,2020-03,2020-03-01,34.7335924,4.7864702441099825,39.520062644109984
2019-20,18,Assam,2019-04,2019-04-01,363.5120152,89.81496796946033,453.32698316946033
2019-20,18,Assam,2019-05,2019-05-01,366.7313257,0.0,366.7313257
2019-20,18,Assam,2019-06,2019-06-01,420.1849909,0.0,420.1849909
2019-20,18,Assam,2019-07,2019-07-01,381.6592907,1.5296848740000115,383.188975574
2019-20,18,Assam,2019-08,2019-08-01,310.5236271809236,-56.0484283,254.47519888092359
2019-20,18,Assam,2019-09,2019-09-01,343.6597698,-41.6235515,302.0362183
2019-20,18,Assam,2019-10,2019-10-01,289.0560255,-62.0217981,227.03422739999996
2019-20,18,Assam,2019-11,2019-11-01,455.8306501,0.0,455.8306501
2019-20,18,Assam,2019-12,2019-12-01,352.0,-57.25,294.75
2019-20,18,Assam,2020-01,2020-01-01,337.0,0.0,337.0
2019-20,18,Assam,2020-02,2020-02-01,357.2,0.0,357.2
2019-20,18,Assam,2020-03,2020-03-01,331.7145769,44.780088283784494,376.4946651837845
2019-20,19,West Bengal,2019-04,2019-04-01,737.4552754,301.57481882201694,1039.030094222017
2019-20,19,West Bengal,2019-05,2019-05-01,682.2720694,0.0,682.2720694
2019-20,19,West Bengal,2019-06,2019-06-01,733.8391919,0.0,733.8391919
2019-20,19,West Bengal,2019-07,2019-07-01,1051.5328062,92.22865639099999,1143.761462591
2019-20,19,West Bengal,2019-08,2019-08-01,904.8228622461313,-163.3173611,741.5055011461313
2019-20,19,West Bengal,2019-09,2019-09-01,866.9867192,-106.6469965,760.3397227
2019-20,19,West Bengal,2019-10,2019-10-01,828.1399943,-177.6912674,650.4487269
2019-20,19,West Bengal,2019-11,2019-11-01,1013.1321102,0.0,1013.1321102
2019-20,19,West Bengal,2019-12,2019-12-01,797.0,-128.25,668.75
2019-20,19,West Bengal,2020-01,2020-01-01,897.0,0.0,897.0
2019-20,19,West Bengal,2020-02,2020-02-01,784.0,0.0,784.0
2019-20,19,West Bengal,2020-03,2020-03-01,772.8202863,150.45471467319044,923.2750009731905
2019-20,20,Jharkhand,2019-04,2019-04-01,170.1280443,96.19242340955729,266.3204677095573
2019-20,20,Jharkhand,2019-05,2019-05-01,179.9699746,0.0,179.9699746
2019-20,20,Jharkhand,2019-06,2019-06-01,187.2751257,0.0,187.2751257
2019-20,20,Jharkhand,2019-07,2019-07-01,271.3554705,29.729710855000008,301.08518135500003
2019-20,20,Jharkhand,2019-08,2019-08-01,238.35171917744356,-43.0216514,195.33006777744356
2019-20,20,Jharkhand,2019-09,2019-09-01,244.129097,-27.9792703,216.1498267
2019-20,20,Jharkhand,2019-10,2019-10-01,133.7428095,-28.69675357,105.04605593
2019-20,20,Jharkhand,2019-11,2019-11-01,339.6533885,0.0,339.6533885
2019-20,20,Jharkhand,2019-12,2019-12-01,260.0,-42.24999999999999,217.75
2019-20,20,Jharkhand,2020-01,2020-01-01,268.0,0.0,268.0
2019-20,20,Jharkhand,2020-02,2020-02-01,197.9,0.0,197.9
2019-20,20,Jharkhand,2020-03,2020-03-01,172.525056,47.971068446524484,220.4961244465245
2019-20,21,Odisha,2019-04,2019-04-01,332.5181268,165.80003645203857,498.3181632520386
2019-20,21,Odisha,2019-05,2019-05-01,261.529411,0.0,261.529411
2019-20,21,Odisha,2019-06,2019-06-01,276.6486259,0.0,276.6486259
2019-20,21,Odisha,2019-07,2019-07-01,391.6334957,85.10809884499999,476.741594545
2019-20,21,Odisha,2019-08,2019-08-01,356.46265057834626,-64.3402613,292.12238927834625
2019-20,21,Odisha,2019-09,2019-09-01,363.2162556,-43.003876,320.2123796
2019-20,21,Odisha,2019-10,2019-10-01,307.6951799,-66.02114,241.67403990000003
2019-20,21,Odisha,2019-11,2019-11-01,377.4681206,0.0,377.4681206
2019-20,21,Odisha,2019-12,2019-12-01,420.0,-68.25,351.75
2019-20,21,Odisha,2020-01,2020-01-01,408.0,0.0,408.0
2019-20,21,Odisha,2020-02,2020-02-01,398.7,0.0,398.7
2019-20,21,Odisha,2020-03,2020-03-01,401.2294532,82.69956921767802,483.929022417678
2019-20,22,Chhattisgarh,2019-04,2019-04-01,140.3623907,110.39490758521754,250.75729828521753
2019-20,22,Chhattisgarh,2019-05,2019-05-01,132.0365725,0.0,132.0365725
2019-20,22,Chhattisgarh,2019-06,2019-06-01,146.4914908,0.0,146.4914908
2019-20,22,Chhattisgarh,2019-07,2019-07-01,235.3666149,66.090683318,301.457298218
2019-20,22,Chhattisgarh,2019-08,2019-08-01,191.49359072661244,-34.5639232,156.92966752661243
2019-20,22,Chhattisgarh,2019-09,2019-09-01,197.7905932,-23.2787151,174.5118781
2019-20,22,Chhattisgarh,2019-10,2019-10-01,197.7888528,-42.43890186,155.34995093999999
2019-20,22,Chhattisgarh,2019-11,2019-11-01,215.3789404,0.0,215.3789404
2019-20,22,Chhattisgarh,2019-12,2019-12-01,184.0,-30.5,153.5
2019-20,22,Chhattisgarh,2020-01,2020-01-01,167.0,0.0,167.0
2019-20,22,Chhattisgarh,2020-02,2020-02-01,136.2,0.0,136.2
2019-20,22,Chhattisgarh,2020-03,2020-03-01,99.9981474,55.04440780726479,155.0425552072648
2019-20,23,Madhya Pradesh,2019-04,2019-04-01,820.4473724,230.0211522842622,1050.468524684262
2019-20,23,Madhya Pradesh,2019-05,2019-05-01,757.023141,0.0,757.023141
2019-20,23,Madhya Pradesh,2019-06,2019-06-01,890.8289168,0.0,890.8289168
2019-20,23,Madhya Pradesh,2019-07,2019-07-01,1058.7198272,25.88496007500001,1084.604787275
2019-20,23,Madhya Pradesh,2019-08,2019-08-01,803.5392472124115,-145.0360229,658.5032243124115
2019-20,23,Madhya Pradesh,2019-09,2019-09-01,743.3615969,-93.2342127,650.1273842
2019-20,23,Madhya Pradesh,2019-10,2019-10-01,640.0017366,-137.323062,502.67867459999997
2019-20,23,Madhya Pradesh,2019-11,2019-11-01,970.2787315,0.0,970.2787315
2019-20,23,Madhya Pradesh,2019-12,2019-12-01,837.0,-135.5,701.5
2019-20,23,Madhya Pradesh,2020-01,2020-01-01,870.0,0.0,870.0
2019-20,23,Madhya Pradesh,2020-02,2020-02-01,815.8,0.0,815.8
2019-20,23,Madhya Pradesh,2020-03,2020-03-01,720.0168972,114.76891985321491,834.7858170532149
2019-20,24,Gujarat,2019-04,2019-04-01,590.6642985,433.002379678265,1023.666678178265
2019-20,24,Gujarat,2019-05,2019-05-01,438.9174336,0.0,438.9174336
2019-20,24,Gujarat,2019-06,2019-06-01,419.1660107,0.0,419.1660107
2019-20,24,Gujarat,2019-07,2019-07-01,1115.1512364,46.28373717000002,1161.43497357
2019-20,24,Gujarat,2019-08,2019-08-01,838.7077612652118,-151.3838166,687.3239446652119
2019-20,24,Gujarat,2019-09,2019-09-01,829.6878591,-74.8929942,754.7948649
2019-20,24,Gujarat,2019-10,2019-10-01,407.027685,-87.33458802,319.69309698
2019-20,24,Gujarat,2019-11,2019-11-01,437.3657653,0.0,437.3657653
2019-20,24,Gujarat,2019-12,2019-12-01,563.0,-88.25,474.75
2019-20,24,Gujarat,2020-01,2020-01-01,656.0,0.0,656.0
2019-20,24,Gujarat,2020-02,2020-02-01,674.6,0.0,674.6
2019-20,24,Gujarat,2020-03,2020-03-01,479.4454327,215.97617401478487,695.421606714785
2019-20,25,Daman and Diu,2019-04,2019-04-01,1.1506138,9.698796958550453,10.849410758550453
2019-20,25,Daman and Diu,2019-05,2019-05-01,-0.4363941,0.0,-0.4363941
2019-20,25,Daman and Diu,2019-06,2019-06-01,-3.0732025,0.0,-3.0732025
2019-20,25,Daman and Diu,2019-07,2019-07-01,3.0320709,6.509600909,9.541671809
2019-20,25,Daman and Diu,2019-08,2019-08-01,3.6332283024864203,-0.655785,2.9774433024864204
2019-20,25,Daman and Diu,2019-09,2019-09-01,5.337322,-0.0447266,5.292595400000001
2019-20,25,Daman and Diu,2019-10,2019-10-01,0.4984731,-0.106955724,0.39151737600000003
2019-20,25,Daman and Diu,2019-11,2019-11-01,0.9793195,0.0,0.9793195
2019-20,25,Daman and Diu,2019-12,2019-12-01,1.0,-0.25,0.75
2019-20,25,Daman and Diu,2020-01,2020-01-01,0.0,0.0,0.0
2019-20,25,Daman and Diu,2020-02,2020-02-01,3.1,0.0,3.1
2019-20,25,Daman and Diu,2020-03,2020-03-01,0.8178631,4.839653246822315,5.657516346822315
2019-20,26,Dadra and Nagar Haveli,2019-04,2019-04-01,9.696582,11.500002107995535,21.196584107995534
2019-20,26,Dadra and Nagar Haveli,2019-05,2019-05-01,-2.4912032,0.0,-2.4912032
2019-20,26,Dadra and Nagar Haveli,2019-06,2019-06-01,-10.6353834,0.0,-10.6353834
2019-20,26,Dadra and Nagar Haveli,2019-07,2019-07-01,13.4203597,-0.6608279830000008,12.759531717
2019-20,26,Dadra and Nagar Haveli,2019-08,2019-08-01,12.223151091476552,-2.206236,10.016915091476552
2019-20,26,Dadra and Nagar Haveli,2019-09,2019-09-01,26.8881351,-1.9601962,24.9279389
2019-20,26,Dadra and Nagar Haveli,2019-10,2019-10-01,8.6247765,-1.8505898760000001,6.7741866239999995
2019-20,26,Dadra and Nagar Haveli,2019-11,2019-11-01,15.778961,0.0,15.778961
2019-20,26,Dadra and Nagar Haveli,2019-12,2019-12-01,6.0,-0.7499999999999999,5.25
2019-20,26,Dadra and Nagar Haveli,2020-01,2020-01-01,10.0,0.0,10.0
2019-20,26,Dadra and Nagar Haveli,2020-02,2020-02-01,12.1,0.0,12.1
2019-20,26,Dadra and Nagar Haveli,2020-03,2020-03-01,9.5425296,5.743764292931979,15.28629389293198
2019-20,27,Maharashtra,2019-04,2019-04-01,1731.6513965,907.8972034090734,2639.5485999090733
2019-20,27,Maharashtra,2019-05,2019-05-01,1233.2086844,0.0,1233.2086844
2019-20,27,Maharashtra,2019-06,2019-06-01,497.9059602,0.0,497.9059602
2019-20,27,Maharashtra,2019-07,2019-07-01,2463.3605968,662.0992251969999,3125.4598219970003
2019-20,27,Maharashtra,2019-08,2019-08-01,2050.1477498306426,-370.0444963,1680.1032535306426
2019-20,27,Maharashtra,2019-09,2019-09-01,1584.1062151,-215.7134892,1368.3927259000002
2019-20,27,Maharashtra,2019-10,2019-10-01,1682.2866971,-360.9627085,1321.3239886000001
2019-20,27,Maharashtra,2019-11,2019-11-01,1720.2625393,0.0,1720.2625393
2019-20,27,Maharashtra,2019-12,2019-12-01,2176.0,-273.75,1902.25
2019-20,27,Maharashtra,2020-01,2020-01-01,2203.0,0.0,2203.0
2019-20,27,Maharashtra,2020-02,2020-02-01,1909.0,0.0,1909.0
2019-20,27,Maharashtra,2020-03,2020-03-01,1439.8601927,452.90645109822896,1892.7666437982289
2019-20,29,Karnataka,2019-04,2019-04-01,1175.3313956,542.3583116754439,1717.6897072754439
2019-20,29,Karnataka,2019-05,2019-05-01,1139.5323167,0.0,1139.5323167
2019-20,29,Karnataka,2019-06,2019-06-01,1092.5054258,0.0,1092.5054258
2019-20,29,Karnataka,2019-07,2019-07-01,1629.4435264,201.32154492,1830.76507132
2019-20,29,Karnataka,2019-08,2019-08-01,1341.214144620759,-242.0844608,1099.129683820759
2019-20,29,Karnataka,2019-09,2019-09-01,1409.0194165999999,-169.3484687,1239.6709478999999
2019-20,29,Karnataka,2019-10,2019-10-01,1132.2728401,-242.9480491,889.324791
2019-20,29,Karnataka,2019-11,2019-11-01,1440.7435354,0.0,1440.7435354
2019-20,29,Karnataka,2019-12,2019-12-01,1183.0,-185.5,997.5
2019-20,29,Karnataka,2020-01,2020-01-01,1471.0,0.0,1471.0
2019-20,29,Karnataka,2020-02,2020-02-01,1382.7,0.0,1382.7
2019-20,29,Karnataka,2020-03,2020-03-01,1306.6913468,270.54193479763865,1577.2332815976388
2019-20,30,Goa,2019-04,2019-04-01,46.2248706,32.73253275903791,78.95740335903791
2019-20,30,Goa,2019-05,2019-05-01,57.0276393,0.0,57.0276393
2019-20,30,Goa,2019-06,2019-06-01,52.5432742,0.0,52.5432742
2019-20,30,Goa,2019-07,2019-07-01,61.5823566,-0.9334374389999986,60.648919160999995
2019-20,30,Goa,2019-08,2019-08-01,48.3333296885163,-8.7239969,39.6093327885163
2019-20,30,Goa,2019-09,2019-09-01,90.3163782,-8.1909117,82.1254665
2019-20,30,Goa,2019-10,2019-10-01,56.363636,-12.09375949,44.26987651
2019-20,30,Goa,2019-11,2019-11-01,82.0724439,0.0,82.0724439
2019-20,30,Goa,2019-12,2019-12-01,97.0,-12.750000000000002,84.25
2019-20,30,Goa,2020-01,2020-01-01,133.0,0.0,133.0
2019-20,30,Goa,2020-02,2020-02-01,75.3,0.0,75.3
2019-20,30,Goa,2020-03,2020-03-01,64.0202528,16.32718183268627,80.34743463268626
2019-20,31,Lakshadweep,2019-04,2019-04-01,1.3019923,0.0,1.3019923
2019-20,31,Lakshadweep,2019-05,2019-05-01,1.3473619,0.0,1.3473619
2019-20,31,Lakshadweep,2019-06,2019-06-01,0.6161942,0.0,0.6161942
2019-20,31,Lakshadweep,2019-07,2019-07-01,0.9227588,-0.0030155439999999998,0.919743256
2019-20,31,Lakshadweep,2019-08,2019-08-01,1.9373163,0.0,1.9373163
2019-20,31,Lakshadweep,2019-09,2019-09-01,1.4142027000000001,0.0,1.4142027000000001
2019-20,31,Lakshadweep,2019-10,2019-10-01,2.7399527,0.0,2.7399527
2019-20,31,Lakshadweep,2019-11,2019-11-01,0.8877952,0.0,0.8877952
2019-20,31,Lakshadweep,2019-12,2019-12-01,2.0,0.0,2.0
2019-20,31,Lakshadweep,2020-01,2020-01-01,1.0,0.0,1.0
2019-20,31,Lakshadweep,2020-02,2020-02-01,1.6,0.0,1.6
2019-20,31,Lakshadweep,2020-03,2020-03-01,1.0605083,0.0,1.0605083
2019-20,32,Kerala,2019-04,2019-04-01,871.1621582,252.4117964668684,1123.5739546668683
2019-20,32,Kerala,2019-05,2019-05-01,849.2987844,0.0,849.2987844
2019-20,32,Kerala,2019-06,2019-06-01,921.5101036,0.0,921.5101036
2019-20,32,Kerala,2019-07,2019-07-01,911.5755034,96.22029802000003,1007.7958014200001
2019-20,32,Kerala,2019-08,2019-08-01,815.6480695448989,-147.221623,668.4264465448989
2019-20,32,Kerala,2019-09,2019-09-01,834.8542335,-107.4314566,727.4227768999999
2019-20,32,Kerala,2019-10,2019-10-01,731.4597309,-156.9469021,574.5128288
2019-20,32,Kerala,2019-11,2019-11-01,854.2691148,0.0,854.2691148
2019-20,32,Kerala,2019-12,2019-12-01,737.0,-119.0,618.0
2019-20,32,Kerala,2020-01,2020-01-01,817.0,0.0,817.0
2019-20,32,Kerala,2020-02,2020-02-01,807.8,0.0,807.8
2019-20,32,Kerala,2020-03,2020-03-01,781.8416788,125.93735042280485,907.7790292228049
2019-20,33,Tamil Nadu,2019-04,2019-04-01,1116.0847189,446.95697424222107,1563.0416931422212
2019-20,33,Tamil Nadu,2019-05,2019-05-01,1098.4326789,0.0,1098.4326789
2019-20,33,Tamil Nadu,2019-06,2019-06-01,892.1525312,0.0,892.1525312
2019-20,33,Tamil Nadu,2019-07,2019-07-01,1445.062087,215.69113382400002,1660.753220824
2019-20,33,Tamil Nadu,2019-08,2019-08-01,1344.8893964277113,-242.7478309,1102.1415655277112
2019-20,33,Tamil Nadu,2019-09,2019-09-01,1250.3480697,-161.0566477,1089.291422
2019-20,33,Tamil Nadu,2019-10,2019-10-01,991.8094956,-212.8092926,779.000203
2019-20,33,Tamil Nadu,2019-11,2019-11-01,940.5940579,0.0,940.5940579
2019-20,33,Tamil Nadu,2019-12,2019-12-01,809.0,-131.25,677.75
2019-20,33,Tamil Nadu,2020-01,2020-01-01,1099.0,0.0,1099.0
2019-20,33,Tamil Nadu,2020-02,2020-02-01,1015.2,0.0,1015.2
2019-20,33,Tamil Nadu,2020-03,2020-03-01,997.5141859,222.9431473701005,1220.4573332701004
2019-20,34,Puducherry,2019-04,2019-04-01,25.6684124,16.436491765885513,42.104904165885515
2019-20,34,Puducherry,2019-05,2019-05-01,30.5060888,0.0,30.5060888
2019-20,34,Puducherry,2019-06,2019-06-01,30.8087648,0.0,30.8087648
2019-20,34,Puducherry,2019-07,2019-07-01,27.8332926,6.8761404,34.709433
2019-20,34,Puducherry,2019-08,2019-08-01,31.156293606367637,-5.623602,25.532691606367635
2019-20,34,Puducherry,2019-09,2019-09-01,30.066499800000003,-2.9575967,27.108903100000003
2019-20,34,Puducherry,2019-10,2019-10-01,18.6916572,-4.010607234,14.681049966000002
2019-20,34,Puducherry,2019-11,2019-11-01,32.551452,0.0,32.551452
2019-20,34,Puducherry,2019-12,2019-12-01,32.0,-5.25,26.75
2019-20,34,Puducherry,2020-01,2020-01-01,31.0,0.0,31.0
2019-20,34,Puducherry,2020-02,2020-02-01,32.2,0.0,32.2
2019-20,34,Puducherry,2020-03,2020-03-01,33.2756485,8.190182417699303,41.46583091769931
2019-20,35,Andaman and Nicobar Island,2019-04,2019-04-01,20.6094664,1.5240966649150711,22.13356306491507
2019-20,35,Andaman and Nicobar Island,2019-05,2019-05-01,13.4254717,0.0,13.4254717
2019-20,35,Andaman and Nicobar Island,2019-06,2019-06-01,15.0567018,0.0,15.0567018
2019-20,35,Andaman and Nicobar Island,2019-07,2019-07-01,14.4740861,-1.7990291950000001,12.675056904999998
2019-20,35,Andaman and Nicobar Island,2019-08,2019-08-01,19.329660674352784,-3.4889361,15.840724574352784
2019-20,35,Andaman and Nicobar Island,2019-09,2019-09-01,12.5901674,-1.5853246,11.0048428
2019-20,35,Andaman and Nicobar Island,2019-10,2019-10-01,11.94397,-2.562778243,9.381191757
2019-20,35,Andaman and Nicobar Island,2019-11,2019-11-01,24.6472267,0.0,24.6472267
2019-20,35,Andaman and Nicobar Island,2019-12,2019-12-01,26.0,-4.25,21.75
2019-20,35,Andaman and Nicobar Island,2020-01,2020-01-01,18.0,0.0,18.0
2019-20,35,Andaman and Nicobar Island,2020-02,2020-02-01,16.8,0.0,16.8
2019-20,35,Andaman and Nicobar Island,2020-03,2020-03-01,19.7172355,0.7445620379726638,20.461797537972664
2019-20,36,Telangana,2019-04,2019-04-01,911.8136052,241.7183307958708,1153.5319359958708
2019-20,36,Telangana,2019-05,2019-05-01,797.6306998,0.0,797.6306998
2019-20,36,Telangana,2019-06,2019-06-01,793.3732169,0.0,793.3732169
2019-20,36,Telangana,2019-07,2019-07-01,1040.2577846,47.048385034000034,1087.306169634
2019-20,36,Telangana,2019-08,2019-08-01,873.7289613702042,-157.7050207,716.0239406702042
2019-20,36,Telangana,2019-09,2019-09-01,912.9931452,-116.5642952,796.42885
2019-20,36,Telangana,2019-10,2019-10-01,785.5390788,-168.5505295,616.9885492999999
2019-20,36,Telangana,2019-11,2019-11-01,944.7687816,0.0,944.7687816
2019-20,36,Telangana,2019-12,2019-12-01,712.0,-130.25,581.75
2019-20,36,Telangana,2020-01,2020-01-01,964.0,0.0,964.0
2019-20,36,Telangana,2020-02,2020-02-01,842.3,0.0,842.3
2019-20,36,Telangana,2020-03,2020-03-01,855.6758528,120.56586714885921,976.2417199488592
2019-20,37,Andhra Pradesh,2019-04,2019-04-01,934.9483965,201.81725662040145,1136.7656531204013
2019-20,37,Andhra Pradesh,2019-05,2019-05-01,828.3555657,0.0,828.3555657
2019-20,37,Andhra Pradesh,2019-06,2019-06-01,869.7878926,0.0,869.7878926
2019-20,37,Andhra Pradesh,2019-07,2019-07-01,938.238616,-0.29894490499998483,937.939671095
2019-20,37,Andhra Pradesh,2019-08,2019-08-01,781.2106156849503,-141.005783,640.2048326849504
2019-20,37,Andhra Pradesh,2019-09,2019-09-01,846.8056446,-104.173104,742.6325406000001
2019-20,37,Andhra Pradesh,2019-10,2019-10-01,768.4012516,-164.8733225,603.5279291
2019-20,37,Andhra Pradesh,2019-11,2019-11-01,998.8298099,0.0,998.8298099
2019-20,37,Andhra Pradesh,2019-12,2019-12-01,815.0,-133.75,681.25
2019-20,37,Andhra Pradesh,2020-01,2020-01-01,963.0,0.0,963.0
2019-20,37,Andhra Pradesh,2020-02,2020-02-01,903.3,0.0,903.3
2019-20,37,Andhra Pradesh,2020-03,2020-03-01,867.4340155,103.86640429718662,971.3004197971866
2019-20,38,Ladakh,2019-04,2019-04-01,,0.0,0.0
2019-20,38,Ladakh,2019-05,2019-05-01,,0.0,0.0
2019-20,38,Ladakh,2019-06,2019-06-01,,0.0,0.0
2019-20,38,Ladakh,2019-07,2019-07-01,,0.0,0.0
2019-20,38,Ladakh,2019-08,2019-08-01,,0.0,0.0
2019-20,38,Ladakh,2019-09,2019-09-01,,0.0,0.0
2019-20,38,Ladakh,2019-10,2019-10-01,,0.0,0.0
2019-20,38,Ladakh,2019-11,2019-11-01,,0.0,0.0
2019-20,38,Ladakh,2019-12,2019-12-01,,0.0,0.0
2019-20,38,Ladakh,2020-01,2020-01-01,,0.0,0.0
2019-20,38,Ladakh,2020-02,2020-02-01,,0.0,0.0
2019-20,38,Ladakh,2020-03,2020-03-01,,0.0,0.0
2019-20,97,Other Territory,2019-04,2019-04-01,,0.0,0.0
2019-20,97,Other Territory,2019-05,2019-05-01,,0.0,0.0
2019-20,97,Other Territory,2019-06,2019-06-01,,0.0,0.0
2019-20,97,Other Territory,2019-07,2019-07-01,,0.0,0.0
2019-20,97,Other Territory,2019-08,2019-08-01,,0.0,0.0
2019-20,97,Other Territory,2019-09,2019-09-01,326.1841427,0.0,326.1841427
2019-20,97,Other Territory,2019-10,2019-10-01,17.0222359,0.0,17.0222359
2019-20,97,Other Territory,2019-11,2019-11-01,11.0599739,0.0,11.0599739
2019-20,97,Other Territory,2019-12,2019-12-01,21.0,0.0,21.0
2019-20,97,Other Territory,2020-01,2020-01-01,12.0,0.0,12.0
2019-20,97,Other Territory,2020-02,2020-02-01,23.3,0.0,23.3
2019-20,97,Other Territory,2020-03,2020-03-01,,0.0,0.0
2020-21,01,Jammu and Kashmir,2020-04,2020-04-01,32.69,0.0,32.69
2020-21,01,Jammu and Kashmir,2020-05,2020-05-01,101.31,0.0,101.31
2020-21,01,Jammu and Kashmir,2020-06,2020-06-01,144.0,0.0,144.0
2020-21,01,Jammu and Kashmir,2020-07,2020-07-01,277.35447184099996,0.0,277.35447184099996
2020-21,01,Jammu and Kashmir,2020-08,2020-08-01,238.84434600900002,0.0,238.84434600900002
2020-21,01,Jammu and Kashmir,2020-09,2020-09-01,293.845225273,0.0,293.845225273
2020-21,01,Jammu and Kashmir,2020-10,2020-10-01,401.258447338,0.0,401.258447338
2020-21,01,Jammu and Kashmir,2020-11,2020-11-01,299.749336191,0.0,299.749336191
2020-21,01,Jammu and Kashmir,2020-12,2020-12-01,311.411794745,0.0,311.411794745
2020-21,01,Jammu and Kashmir,2021-01,2021-01-01,290.92399199999994,0.0,290.92399199999994
2020-21,01,Jammu and Kashmir,2021-02,2021-02-01,243.66949554200002,285.6270338031074,529.2965293451074
2020-21,01,Jammu and Kashmir,2021-03,2021-03-01,251.48657466000003,166.6158736,418.10244826
2020-21,02,Himachal Pradesh,2020-04,2020-04-01,13.61,0.0,13.61
2020-21,02,Himachal Pradesh,2020-05,2020-05-01,45.92,0.0,45.92
2020-21,02,Himachal Pradesh,2020-06,2020-06-01,79.4,0.0,79.4
2020-21,02,Himachal Pradesh,2020-07,2020-07-01,166.38835092799997,0.0,166.38835092799997
2020-21,02,Himachal Pradesh,2020-08,2020-08-01,157.44741871600002,0.0,157.44741871600002
2020-21,02,Himachal Pradesh,2020-09,2020-09-01,167.951812362,0.0,167.951812362
2020-21,02,Himachal Pradesh,2020-10,2020-10-01,207.21314736299996,0.0,207.21314736299996
2020-21,02,Himachal Pradesh,2020-11,2020-11-01,167.548641753,0.0,167.548641753
2020-21,02,Himachal Pradesh,2020-12,2020-12-01,198.760102492,0.0,198.760102492
2020-21,02,Himachal Pradesh,2021-01,2021-01-01,183.70271814299997,0.0,183.70271814299997
2020-21,02,Himachal Pradesh,2021-02,2021-02-01,130.65989434099998,217.78617807248116,348.44607241348115
2020-21,02,Himachal Pradesh,2021-03,2021-03-01,120.930031504,127.0362066,247.966238104
2020-21,03,Punjab,2020-04,2020-04-01,54.34,0.0,54.34
2020-21,03,Punjab,2020-05,2020-05-01,273.36,0.0,273.36
2020-21,03,Punjab,2020-06,2020-06-01,361.6,0.0,361.6
2020-21,03,Punjab,2020-07,2020-07-01,613.746691192,0.0,613.746691192
2020-21,03,Punjab,2020-08,2020-08-01,530.117244209,0.0,530.117244209
2020-21,03,Punjab,2020-09,2020-09-01,571.5073008920001,0.0,571.5073008920001
2020-21,03,Punjab,2020-10,2020-10-01,522.762813411,0.0,522.762813411
2020-21,03,Punjab,2020-11,2020-11-01,518.960216997,0.0,518.960216997
2020-21,03,Punjab,2020-12,2020-12-01,535.5293180739999,0.0,535.5293180739999
2020-21,03,Punjab,2021-01,2021-01-01,619.657995701,0.0,619.657995701
2020-21,03,Punjab,2021-02,2021-02-01,543.027682403,897.4011104283468,1440.4287928313468
2020-21,03,Punjab,2021-03,2021-03-01,576.9818173159999,523.4864862,1100.4683035159999
2020-21,04,Chandigarh,2020-04,2020-04-01,4.58,0.0,4.58
2020-21,04,Chandigarh,2020-05,2020-05-01,21.47,0.0,21.47
2020-21,04,Chandigarh,2020-06,2020-06-01,36.1,0.0,36.1
2020-21,04,Chandigarh,2020-07,2020-07-01,71.377330648,0.0,71.377330648
2020-21,04,Chandigarh,2020-08,2020-08-01,57.83581169999999,0.0,57.83581169999999
2020-21,04,Chandigarh,2020-09,2020-09-01,68.85640541600002,0.0,68.85640541600002
2020-21,04,Chandigarh,2020-10,2020-10-01,57.15096025999999,0.0,57.15096025999999
2020-21,04,Chandigarh,2020-11,2020-11-01,70.30211254,0.0,70.30211254
2020-21,04,Chandigarh,2020-12,2020-12-01,81.943633644,0.0,81.943633644
2020-21,04,Chandigarh,2021-01,2021-01-01,72.728780466,0.0,72.728780466
2020-21,04,Chandigarh,2021-02,2021-02-01,67.981865328,68.05194931222506,136.03381464022505
2020-21,04,Chandigarh,2021-03,2021-03-01,73.154576404,39.6886019,112.84317830399999
2020-21,05,Uttarakhand,2020-04,2020-04-01,25.81,0.0,25.81
2020-21,05,Uttarakhand,2020-05,2020-05-01,30.83,0.0,30.83
2020-21,05,Uttarakhand,2020-06,2020-06-01,111.4,0.0,111.4
2020-21,05,Uttarakhand,2020-07,2020-07-01,63.66008945899999,0.0,63.66008945899999
2020-21,05,Uttarakhand,2020-08,2020-08-01,92.25954559099999,0.0,92.25954559099999
2020-21,05,Uttarakhand,2020-09,2020-09-01,113.71873341899996,0.0,113.71873341899996
2020-21,05,Uttarakhand,2020-10,2020-10-01,59.448193726999975,0.0,59.448193726999975
2020-21,05,Uttarakhand,2020-11,2020-11-01,85.018922688,0.0,85.018922688
2020-21,05,Uttarakhand,2020-12,2020-12-01,120.20049631200001,0.0,120.20049631200001
2020-21,05,Uttarakhand,2021-01,2021-01-01,110.35526823899998,0.0,110.35526823899998
2020-21,05,Uttarakhand,2021-02,2021-02-01,118.97351936199999,297.30048648897355,416.27400585097354
2020-21,05,Uttarakhand,2021-03,2021-03-01,82.81850314200001,173.4243026,256.24280574200003
2020-21,06,Haryana,2020-04,2020-04-01,-15.77,0.0,-15.77
2020-21,06,Haryana,2020-05,2020-05-01,345.25,0.0,345.25
2020-21,06,Haryana,2020-06,2020-06-01,521.7,0.0,521.7
2020-21,06,Haryana,2020-07,2020-07-01,667.011314796,0.0,667.011314796
2020-21,06,Haryana,2020-08,2020-08-01,513.174247411,0.0,513.174247411
2020-21,06,Haryana,2020-09,2020-09-01,535.0361551530001,0.0,535.0361551530001
2020-21,06,Haryana,2020-10,2020-10-01,1368.2192268039998,0.0,1368.2192268039998
2020-21,06,Haryana,2020-11,2020-11-01,277.046678459,0.0,277.046678459
2020-21,06,Haryana,2020-12,2020-12-01,472.2071279,0.0,472.2071279
2020-21,06,Haryana,2021-01,2021-01-01,640.137751964,0.0,640.137751964
2020-21,06,Haryana,2021-02,2021-02-01,394.0006748770001,912.7291698821283,1306.7298447591284
2020-21,06,Haryana,2021-03,2021-03-01,399.107450717,532.419145,931.526595717
2020-21,07,Delhi,2020-04,2020-04-01,80.07,0.0,80.07
2020-21,07,Delhi,2020-05,2020-05-01,585.58,0.0,585.58
2020-21,07,Delhi,2020-06,2020-06-01,329.0,0.0,329.0
2020-21,07,Delhi,2020-07,2020-07-01,685.1346680039999,0.0,685.1346680039999
2020-21,07,Delhi,2020-08,2020-08-01,528.082148778,0.0,528.082148778
2020-21,07,Delhi,2020-09,2020-09-01,481.7283428030001,0.0,481.7283428030001
2020-21,07,Delhi,2020-10,2020-10-01,613.0259532650001,0.0,613.0259532650001
2020-21,07,Delhi,2020-11,2020-11-01,444.1022171289999,0.0,444.1022171289999
2020-21,07,Delhi,2020-12,2020-12-01,412.10795054000005,0.0,412.10795054000005
2020-21,07,Delhi,2021-01,2021-01-01,562.6653795189999,0.0,562.6653795189999
2020-21,07,Delhi,2021-02,2021-02-01,606.2376272480002,1005.8329384162096,1612.0705656642099
2020-21,07,Delhi,2021-03,2021-03-01,752.2513381190001,586.7413303,1338.992668419
2020-21,08,Rajasthan,2020-04,2020-04-01,113.55,0.0,113.55
2020-21,08,Rajasthan,2020-05,2020-05-01,332.77,0.0,332.77
2020-21,08,Rajasthan,2020-06,2020-06-01,539.0,0.0,539.0
2020-21,08,Rajasthan,2020-07,2020-07-01,905.9889520070002,0.0,905.9889520070002
2020-21,08,Rajasthan,2020-08,2020-08-01,852.9662092149999,0.0,852.9662092149999
2020-21,08,Rajasthan,2020-09,2020-09-01,861.228413168,0.0,861.228413168
2020-21,08,Rajasthan,2020-10,2020-10-01,885.8902165,0.0,885.8902165
2020-21,08,Rajasthan,2020-11,2020-11-01,874.6517009379999,0.0,874.6517009379999
2020-21,08,Rajasthan,2020-12,2020-12-01,918.811541052,0.0,918.811541052
2020-21,08,Rajasthan,2021-01,2021-01-01,939.3233117240002,0.0,939.3233117240002
2020-21,08,Rajasthan,2021-02,2021-02-01,861.5084948199999,1028.2573216911865,1889.7658165111864
2020-21,08,Rajasthan,2021-03,2021-03-01,821.815820561,599.8135139,1421.6293344609999
2020-21,09,Uttar Pradesh,2020-04,2020-04-01,318.24,0.0,318.24
2020-21,09,Uttar Pradesh,2020-05,2020-05-01,990.99,0.0,990.99
2020-21,09,Uttar Pradesh,2020-06,2020-06-01,1218.2,0.0,1218.2
2020-21,09,Uttar Pradesh,2020-07,2020-07-01,2320.861170064,0.0,2320.861170064
2020-21,09,Uttar Pradesh,2020-08,2020-08-01,1838.2223290640004,0.0,1838.2223290640004
2020-21,09,Uttar Pradesh,2020-09,2020-09-01,1984.441285436,0.0,1984.441285436
2020-21,09,Uttar Pradesh,2020-10,2020-10-01,2018.45897393,0.0,2018.45897393
2020-21,09,Uttar Pradesh,2020-11,2020-11-01,1940.0652907609997,0.0,1940.0652907609997
2020-21,09,Uttar Pradesh,2020-12,2020-12-01,2357.2625492749994,0.0,2357.2625492749994
2020-21,09,Uttar Pradesh,2021-01,2021-01-01,2365.827357737,0.0,2365.827357737
2020-21,09,Uttar Pradesh,2021-02,2021-02-01,2153.635754991,2000.8439830050968,4154.479737996096
2020-21,09,Uttar Pradesh,2021-03,2021-03-01,2074.11716072,1167.1644385,3241.28159922
2020-21,10,Bihar,2020-04,2020-04-01,104.59,0.0,104.59
2020-21,10,Bihar,2020-05,2020-05-01,422.53,0.0,422.53
2020-21,10,Bihar,2020-06,2020-06-01,539.1,0.0,539.1
2020-21,10,Bihar,2020-07,2020-07-01,1057.599333906,0.0,1057.599333906
2020-21,10,Bihar,2020-08,2020-08-01,758.6934960770001,0.0,758.6934960770001
2020-21,10,Bihar,2020-09,2020-09-01,992.118986217,0.0,992.118986217
2020-21,10,Bihar,2020-10,2020-10-01,1057.775453075,0.0,1057.775453075
2020-21,10,Bihar,2020-11,2020-11-01,887.6943985400002,0.0,887.6943985400002
2020-21,10,Bihar,2020-12,2020-12-01,992.8673140559999,0.0,992.8673140559999
2020-21,10,Bihar,2021-01,2021-01-01,1027.5550769610002,0.0,1027.5550769610002
2020-21,10,Bihar,2021-02,2021-02-01,886.6299702580002,756.326192862986,1642.9561631209863
2020-21,10,Bihar,2021-03,2021-03-01,876.300903448,441.1861969,1317.487100348
2020-21,11,Sikkim,2020-04,2020-04-01,1.54,0.0,1.54
2020-21,11,Sikkim,2020-05,2020-05-01,4.96,0.0,4.96
2020-21,11,Sikkim,2020-06,2020-06-01,10.9,0.0,10.9
2020-21,11,Sikkim,2020-07,2020-07-01,20.147174542000002,0.0,20.147174542000002
2020-21,11,Sikkim,2020-08,2020-08-01,15.325187467,0.0,15.325187467
2020-21,11,Sikkim,2020-09,2020-09-01,20.584896010999998,0.0,20.584896010999998
2020-21,11,Sikkim,2020-10,2020-10-01,25.92302711,0.0,25.92302711
2020-21,11,Sikkim,2020-11,2020-11-01,23.637319236999996,0.0,23.637319236999996
2020-21,11,Sikkim,2020-12,2020-12-01,23.308813382,0.0,23.308813382
2020-21,11,Sikkim,2021-01,2021-01-01,27.546195,0.0,27.546195
2020-21,11,Sikkim,2021-02,2021-02-01,23.361342277000002,14.724871928980068,38.08621420598007
2020-21,11,Sikkim,2021-03,2021-03-01,21.958608079999998,8.5876984,30.54630648
2020-21,12,Arunachal Pradesh,2020-04,2020-04-01,8.41,0.0,8.41
2020-21,12,Arunachal Pradesh,2020-05,2020-05-01,18.39,0.0,18.39
2020-21,12,Arunachal Pradesh,2020-06,2020-06-01,23.2,0.0,23.2
2020-21,12,Arunachal Pradesh,2020-07,2020-07-01,44.317208218,0.0,44.317208218
2020-21,12,Arunachal Pradesh,2020-08,2020-08-01,31.112641106999998,0.0,31.112641106999998
2020-21,12,Arunachal Pradesh,2020-09,2020-09-01,41.553301407999996,0.0,41.553301407999996
2020-21,12,Arunachal Pradesh,2020-10,2020-10-01,66.14599849199999,0.0,66.14599849199999
2020-21,12,Arunachal Pradesh,2020-11,2020-11-01,43.888858344,0.0,43.888858344
2020-21,12,Arunachal Pradesh,2020-12,2020-12-01,56.996589637,0.0,56.996589637
2020-21,12,Arunachal Pradesh,2021-01,2021-01-01,64.518101801,0.0,64.518101801
2020-21,12,Arunachal Pradesh,2021-02,2021-02-01,62.639008966,15.32805945378166,77.96706841978165
2020-21,12,Arunachal Pradesh,2021-03,2021-03-01,53.960405052999995,8.9326588,62.893063852999994
2020-21,13,Nagaland,2020-04,2020-04-01,6.68,0.0,6.68
2020-21,13,Nagaland,2020-05,2020-05-01,14.19,0.0,14.19
2020-21,13,Nagaland,2020-06,2020-06-01,23.5,0.0,23.5
2020-21,13,Nagaland,2020-07,2020-07-01,38.000626794999995,0.0,38.000626794999995
2020-21,13,Nagaland,2020-08,2020-08-01,29.270032946000004,0.0,29.270032946000004
2020-21,13,Nagaland,2020-09,2020-09-01,39.298426688,0.0,39.298426688
2020-21,13,Nagaland,2020-10,2020-10-01,64.52166018,0.0,64.52166018
2020-21,13,Nagaland,2020-11,2020-11-01,39.998675755,0.0,39.998675755
2020-21,13,Nagaland,2020-12,2020-12-01,50.372143497,0.0,50.372143497
2020-21,13,Nagaland,2021-01,2021-01-01,49.49882483300001,0.0,49.49882483300001
2020-21,13,Nagaland,2021-02,2021-02-01,51.376817194000004,15.363541072887639,66.74035826688764
2020-21,13,Nagaland,2021-03,2021-03-01,44.984211988,8.9689704,53.953182388
2020-21,14,Manipur,2020-04,2020-04-01,6.56,0.0,6.56
2020-21,14,Manipur,2020-05,2020-05-01,28.75,0.0,28.75
2020-21,14,Manipur,2020-06,2020-06-01,25.2,0.0,25.2
2020-21,14,Manipur,2020-07,2020-07-01,57.434823585000004,0.0,57.434823585000004
2020-21,14,Manipur,2020-08,2020-08-01,27.496431886,0.0,27.496431886
2020-21,14,Manipur,2020-09,2020-09-01,56.355209849,0.0,56.355209849
2020-21,14,Manipur,2020-10,2020-10-01,82.42601323100001,0.0,82.42601323100001
2020-21,14,Manipur,2020-11,2020-11-01,63.114322462,0.0,63.114322462
2020-21,14,Manipur,2020-12,2020-12-01,74.062768213,0.0,74.062768213
2020-21,14,Manipur,2021-01,2021-01-01,71.91409734199999,0.0,71.91409734199999
2020-21,14,Manipur,2021-02,2021-02-01,65.39640145799999,20.792228796101977,86.18863025410197
2020-21,14,Manipur,2021-03,2021-03-01,65.17401877100001,12.1280815,77.302100271
2020-21,15,Mizoram,2020-04,2020-04-01,8.32,0.0,8.32
2020-21,15,Mizoram,2020-05,2020-05-01,14.21,0.0,14.21
2020-21,15,Mizoram,2020-06,2020-06-01,24.0,0.0,24.0
2020-21,15,Mizoram,2020-07,2020-07-01,37.756285723000005,0.0,37.756285723000005
2020-21,15,Mizoram,2020-08,2020-08-01,29.599583562,0.0,29.599583562
2020-21,15,Mizoram,2020-09,2020-09-01,31.406492525999997,0.0,31.406492525999997
2020-21,15,Mizoram,2020-10,2020-10-01,43.495982065,0.0,43.495982065
2020-21,15,Mizoram,2020-11,2020-11-01,35.567693608999996,0.0,35.567693608999996
2020-21,15,Mizoram,2020-12,2020-12-01,48.485182406,0.0,48.485182406
2020-21,15,Mizoram,2021-01,2021-01-01,42.885414974,0.0,42.885414974
2020-21,15,Mizoram,2021-02,2021-02-01,44.42149503700001,11.318636494806368,55.74013153180638
2020-21,15,Mizoram,2021-03,2021-03-01,42.568098661,6.608715,49.176813661
2020-21,16,Tripura,2020-04,2020-04-01,4.21,0.0,4.21
2020-21,16,Tripura,2020-05,2020-05-01,23.85,0.0,23.85
2020-21,16,Tripura,2020-06,2020-06-01,35.2,0.0,35.2
2020-21,16,Tripura,2020-07,2020-07-01,70.67536847699999,0.0,70.67536847699999
2020-21,16,Tripura,2020-08,2020-08-01,46.27467173600001,0.0,46.27467173600001
2020-21,16,Tripura,2020-09,2020-09-01,68.595733538,0.0,68.595733538
2020-21,16,Tripura,2020-10,2020-10-01,66.937901608,0.0,66.937901608
2020-21,16,Tripura,2020-11,2020-11-01,66.15641085499999,0.0,66.15641085499999
2020-21,16,Tripura,2020-12,2020-12-01,60.235476173,0.0,60.235476173
2020-21,16,Tripura,2021-01,2021-01-01,60.18286624299999,0.0,60.18286624299999
2020-21,16,Tripura,2021-02,2021-02-01,57.14698214599999,47.26151664916012,104.40849879516011
2020-21,16,Tripura,2021-03,2021-03-01,53.039537493,27.5605205,80.600057993
2020-21,17,Meghalaya,2020-04,2020-04-01,4.47,0.0,4.47
2020-21,17,Meghalaya,2020-05,2020-05-01,12.54,0.0,12.54
2020-21,17,Meghalaya,2020-06,2020-06-01,21.8,0.0,21.8
2020-21,17,Meghalaya,2020-07,2020-07-01,44.483122176,0.0,44.483122176
2020-21,17,Meghalaya,2020-08,2020-08-01,34.49421047,0.0,34.49421047
2020-21,17,Meghalaya,2020-09,2020-09-01,43.629258145,0.0,43.629258145
2020-21,17,Meghalaya,2020-10,2020-10-01,61.65815838300001,0.0,61.65815838300001
2020-21,17,Meghalaya,2020-11,2020-11-01,45.345069609,0.0,45.345069609
2020-21,17,Meghalaya,2020-12,2020-12-01,59.067761278999996,0.0,59.067761278999996
2020-21,17,Meghalaya,2021-01,2021-01-01,53.600941831,0.0,53.600941831
2020-21,17,Meghalaya,2021-02,2021-02-01,49.45603805499999,38.10725891981831,87.5632969748183
2020-21,17,Meghalaya,2021-03,2021-03-01,45.390125952000005,22.2227121,67.612838052
2020-21,18,Assam,2020-04,2020-04-01,47.3,0.0,47.3
2020-21,18,Assam,2020-05,2020-05-01,171.49,0.0,171.49
2020-21,18,Assam,2020-06,2020-06-01,226.8,0.0,226.8
2020-21,18,Assam,2020-07,2020-07-01,324.65207704899996,0.0,324.65207704899996
2020-21,18,Assam,2020-08,2020-08-01,275.844193838,0.0,275.844193838
2020-21,18,Assam,2020-09,2020-09-01,395.8352374989999,0.0,395.8352374989999
2020-21,18,Assam,2020-10,2020-10-01,502.40873911100005,0.0,502.40873911100005
2020-21,18,Assam,2020-11,2020-11-01,432.24058610700007,0.0,432.24058610700007
2020-21,18,Assam,2020-12,2020-12-01,413.665805383,0.0,413.665805383
2020-21,18,Assam,2021-01,2021-01-01,483.7925208230001,0.0,483.7925208230001
2020-21,18,Assam,2021-02,2021-02-01,428.23178215400003,358.68368754231204,786.9154696963121
2020-21,18,Assam,2021-03,2021-03-01,451.023316059,209.227561,660.250877059
2020-21,19,West Bengal,2020-04,2020-04-01,155.14,0.0,155.14
2020-21,19,West Bengal,2020-05,2020-05-01,438.46,0.0,438.46
2020-21,19,West Bengal,2020-06,2020-06-01,503.2,0.0,503.2
2020-21,19,West Bengal,2020-07,2020-07-01,835.686175435,0.0,835.686175435
2020-21,19,West Bengal,2020-08,2020-08-01,772.4053020439999,0.0,772.4053020439999
2020-21,19,West Bengal,2020-09,2020-09-01,843.4087561439999,0.0,843.4087561439999
2020-21,19,West Bengal,2020-10,2020-10-01,1083.807134262,0.0,1083.807134262
2020-21,19,West Bengal,2020-11,2020-11-01,1003.501659686,0.0,1003.501659686
2020-21,19,West Bengal,2020-12,2020-12-01,922.1479162730002,0.0,922.1479162730002
2020-21,19,West Bengal,2021-01,2021-01-01,1029.1900261939998,0.0,1029.1900261939998
2020-21,19,West Bengal,2021-02,2021-02-01,877.539674034,1204.388078933252,2081.9277529672518
2020-21,19,West Bengal,2021-03,2021-03-01,879.1749596100001,702.5572459,1581.73220551
2020-21,20,Jharkhand,2020-04,2020-04-01,44.14,0.0,44.14
2020-21,20,Jharkhand,2020-05,2020-05-01,108.36,0.0,108.36
2020-21,20,Jharkhand,2020-06,2020-06-01,154.3,0.0,154.3
2020-21,20,Jharkhand,2020-07,2020-07-01,228.38961484600006,0.0,228.38961484600006
2020-21,20,Jharkhand,2020-08,2020-08-01,236.398737627,0.0,236.398737627
2020-21,20,Jharkhand,2020-09,2020-09-01,285.572774793,0.0,285.572774793
2020-21,20,Jharkhand,2020-10,2020-10-01,306.0370303040001,0.0,306.0370303040001
2020-21,20,Jharkhand,2020-11,2020-11-01,308.82738591099996,0.0,308.82738591099996
2020-21,20,Jharkhand,2020-12,2020-12-01,284.209766131,0.0,284.209766131
2020-21,20,Jharkhand,2021-01,2021-01-01,256.890888432,0.0,256.890888432
2020-21,20,Jharkhand,2021-02,2021-02-01,153.30932987,384.15949006040285,537.4688199304028
2020-21,20,Jharkhand,2021-03,2021-03-01,154.16340221900003,224.0971699,378.260572119
2020-21,21,Odisha,2020-04,2020-04-01,59.76,0.0,59.76
2020-21,21,Odisha,2020-05,2020-05-01,231.25,0.0,231.25
2020-21,21,Odisha,2020-06,2020-06-01,319.5,0.0,319.5
2020-21,21,Odisha,2020-07,2020-07-01,435.58730065500004,0.0,435.58730065500004
2020-21,21,Odisha,2020-08,2020-08-01,286.916736989,0.0,286.916736989
2020-21,21,Odisha,2020-09,2020-09-01,437.4874625789999,0.0,437.4874625789999
2020-21,21,Odisha,2020-10,2020-10-01,480.836285727,0.0,480.836285727
2020-21,21,Odisha,2020-11,2020-11-01,477.89396770300004,0.0,477.89396770300004
2020-21,21,Odisha,2020-12,2020-12-01,414.423430831,0.0,414.423430831
2020-21,21,Odisha,2021-01,2021-01-01,516.1173905879999,0.0,516.1173905879999
2020-21,21,Odisha,2021-02,2021-02-01,441.025011454,662.1579757557254,1103.1829872097253
2020-21,21,Odisha,2021-03,2021-03-01,378.927456139,386.2648699,765.192326039
2020-21,22,Chhattisgarh,2020-04,2020-04-01,92.83,0.0,92.83
2020-21,22,Chhattisgarh,2020-05,2020-05-01,136.49,0.0,136.49
2020-21,22,Chhattisgarh,2020-06,2020-06-01,77.1,0.0,77.1
2020-21,22,Chhattisgarh,2020-07,2020-07-01,175.60032970600002,0.0,175.60032970600002
2020-21,22,Chhattisgarh,2020-08,2020-08-01,122.457348407,0.0,122.457348407
2020-21,22,Chhattisgarh,2020-09,2020-09-01,174.61489267799996,0.0,174.61489267799996
2020-21,22,Chhattisgarh,2020-10,2020-10-01,220.119692545,0.0,220.119692545
2020-21,22,Chhattisgarh,2020-11,2020-11-01,224.25985318099998,0.0,224.25985318099998
2020-21,22,Chhattisgarh,2020-12,2020-12-01,253.62083899499999,0.0,253.62083899499999
2020-21,22,Chhattisgarh,2021-01,2021-01-01,181.136141514,0.0,181.136141514
2020-21,22,Chhattisgarh,2021-02,2021-02-01,151.803375653,440.8945990108587,592.6979746638588
2020-21,22,Chhattisgarh,2021-03,2021-03-01,113.011028796,257.1952126,370.206241396
2020-21,23,Madhya Pradesh,2020-04,2020-04-01,101.97,0.0,101.97
2020-21,23,Madhya Pradesh,2020-05,2020-05-01,360.83,0.0,360.83
2020-21,23,Madhya Pradesh,2020-06,2020-06-01,455.2,0.0,455.2
2020-21,23,Madhya Pradesh,2020-07,2020-07-01,1011.5325330229998,0.0,1011.5325330229998
2020-21,23,Madhya Pradesh,2020-08,2020-08-01,785.5537159649999,0.0,785.5537159649999
2020-21,23,Madhya Pradesh,2020-09,2020-09-01,854.6583987969998,0.0,854.6583987969998
2020-21,23,Madhya Pradesh,2020-10,2020-10-01,979.9475174520003,0.0,979.9475174520003
2020-21,23,Madhya Pradesh,2020-11,2020-11-01,979.3479371939999,0.0,979.3479371939999
2020-21,23,Madhya Pradesh,2020-12,2020-12-01,1019.6571679450001,0.0,1019.6571679450001
2020-21,23,Madhya Pradesh,2021-01,2021-01-01,837.8753256729999,0.0,837.8753256729999
2020-21,23,Madhya Pradesh,2021-02,2021-02-01,827.428136046,918.6191186537204,1746.0472546997203
2020-21,23,Madhya Pradesh,2021-03,2021-03-01,868.7133015840002,535.8687491,1404.582050684
2020-21,24,Gujarat,2020-04,2020-04-01,35.96,0.0,35.96
2020-21,24,Gujarat,2020-05,2020-05-01,491.26,0.0,491.26
2020-21,24,Gujarat,2020-06,2020-06-01,357.4,0.0,357.4
2020-21,24,Gujarat,2020-07,2020-07-01,613.8704592999998,0.0,613.8704592999998
2020-21,24,Gujarat,2020-08,2020-08-01,396.56842909200003,0.0,396.56842909200003
2020-21,24,Gujarat,2020-09,2020-09-01,452.499246198,0.0,452.499246198
2020-21,24,Gujarat,2020-10,2020-10-01,470.517007168,0.0,470.517007168
2020-21,24,Gujarat,2020-11,2020-11-01,456.91082433499975,0.0,456.91082433499975
2020-21,24,Gujarat,2020-12,2020-12-01,475.48247681500004,0.0,475.48247681500004
2020-21,24,Gujarat,2021-01,2021-01-01,748.6447302420002,0.0,748.6447302420002
2020-21,24,Gujarat,2021-02,2021-02-01,788.9497691460002,1729.2676703679558,2518.217439513956
2020-21,24,Gujarat,2021-03,2021-03-01,708.5316757730002,1008.7368354,1717.2685111730002
2020-21,25,Daman and Diu,2020-04,2020-04-01,1.41,0.0,1.41
2020-21,25,Daman and Diu,2020-05,2020-05-01,6.18,0.0,6.18
2020-21,25,Daman and Diu,2020-06,2020-06-01,-1.5,0.0,-1.5
2020-21,25,Daman and Diu,2020-07,2020-07-01,2.8664339599999997,0.0,2.8664339599999997
2020-21,25,Daman and Diu,2020-08,2020-08-01,-3.44786899,0.0,-3.44786899
2020-21,25,Daman and Diu,2020-09,2020-09-01,0.9112003089999999,0.0,0.9112003089999999
2020-21,25,Daman and Diu,2020-10,2020-10-01,-0.404301759,0.0,-0.404301759
2020-21,25,Daman and Diu,2020-11,2020-11-01,0.340012951,0.0,0.340012951
2020-21,25,Daman and Diu,2020-12,2020-12-01,0.361900278,0.0,0.361900278
2020-21,25,Daman and Diu,2021-01,2021-01-01,0.7637908769999999,0.0,0.7637908769999999
2020-21,25,Daman and Diu,2021-02,2021-02-01,0.21754027,38.734006239706254,38.951546509706255
2020-21,25,Daman and Diu,2021-03,2021-03-01,-0.396516315,22.5858284,22.189312085
2020-21,26,Dadra and Nagar Haveli,2020-04,2020-04-01,11.14,0.0,11.14
2020-21,26,Dadra and Nagar Haveli,2020-05,2020-05-01,4.6,0.0,4.6
2020-21,26,Dadra and Nagar Haveli,2020-06,2020-06-01,5.6,0.0,5.6
2020-21,26,Dadra and Nagar Haveli,2020-07,2020-07-01,2.5945008590000005,0.0,2.5945008590000005
2020-21,26,Dadra and Nagar Haveli,2020-08,2020-08-01,6.5737721030000005,0.0,6.5737721030000005
2020-21,26,Dadra and Nagar Haveli,2020-09,2020-09-01,33.774145082000004,0.0,33.774145082000004
2020-21,26,Dadra and Nagar Haveli,2020-10,2020-10-01,12.127105711,0.0,12.127105711
2020-21,26,Dadra and Nagar Haveli,2020-11,2020-11-01,2.893725679,0.0,2.893725679
2020-21,26,Dadra and Nagar Haveli,2020-12,2020-12-01,6.8219347070000005,0.0,6.8219347070000005
2020-21,26,Dadra and Nagar Haveli,2021-01,2021-01-01,18.629576258999997,0.0,18.629576258999997
2020-21,26,Dadra and Nagar Haveli,2021-02,2021-02-01,37.675963832,45.92746454136599,83.603428373366
2020-21,26,Dadra and Nagar Haveli,2021-03,2021-03-01,-1.3138806790000004,26.7979764,25.484095721
2020-21,27,Maharashtra,2020-04,2020-04-01,-330.74,0.0,-330.74
2020-21,27,Maharashtra,2020-05,2020-05-01,1085.29,0.0,1085.29
2020-21,27,Maharashtra,2020-06,2020-06-01,1339.4,0.0,1339.4
2020-21,27,Maharashtra,2020-07,2020-07-01,2113.6958261050004,0.0,2113.6958261050004
2020-21,27,Maharashtra,2020-08,2020-08-01,1258.2589831619998,0.0,1258.2589831619998
2020-21,27,Maharashtra,2020-09,2020-09-01,1412.5601477210002,0.0,1412.5601477210002
2020-21,27,Maharashtra,2020-10,2020-10-01,1562.872600995,0.0,1562.872600995
2020-21,27,Maharashtra,2020-11,2020-11-01,1378.530796989,0.0,1378.530796989
2020-21,27,Maharashtra,2020-12,2020-12-01,1960.558742212,0.0,1960.558742212
2020-21,27,Maharashtra,2021-01,2021-01-01,1792.987802893,0.0,1792.987802893
2020-21,27,Maharashtra,2021-02,2021-02-01,2006.223175457,3625.866656439694,5632.089831896694
2020-21,27,Maharashtra,2021-03,2021-03-01,1989.4560794690003,2115.0974643,4104.5535437690005
2020-21,29,Karnataka,2020-04,2020-04-01,264.53,0.0,264.53
2020-21,29,Karnataka,2020-05,2020-05-01,724.82,0.0,724.82
2020-21,29,Karnataka,2020-06,2020-06-01,960.8,0.0,960.8
2020-21,29,Karnataka,2020-07,2020-07-01,1616.1189104290002,0.0,1616.1189104290002
2020-21,29,Karnataka,2020-08,2020-08-01,1389.079181227,0.0,1389.079181227
2020-21,29,Karnataka,2020-09,2020-09-01,1478.8022172449998,0.0,1478.8022172449998
2020-21,29,Karnataka,2020-10,2020-10-01,1656.445104453,0.0,1656.445104453
2020-21,29,Karnataka,2020-11,2020-11-01,1336.699201728,0.0,1336.699201728
2020-21,29,Karnataka,2020-12,2020-12-01,1227.4496036119997,0.0,1227.4496036119997
2020-21,29,Karnataka,2021-01,2021-01-01,1505.306866826,0.0,1505.306866826
2020-21,29,Karnataka,2021-02,2021-02-01,1445.0514122169998,2166.010919943415,3611.062332160415
2020-21,29,Karnataka,2021-03,2021-03-01,1390.405073196,1263.4991694,2653.904242596
2020-21,30,Goa,2020-04,2020-04-01,6.21,0.0,6.21
2020-21,30,Goa,2020-05,2020-05-01,30.62,0.0,30.62
2020-21,30,Goa,2020-06,2020-06-01,58.0,0.0,58.0
2020-21,30,Goa,2020-07,2020-07-01,57.149087255000005,0.0,57.149087255000005
2020-21,30,Goa,2020-08,2020-08-01,45.875178257,0.0,45.875178257
2020-21,30,Goa,2020-09,2020-09-01,45.434926592000004,0.0,45.434926592000004
2020-21,30,Goa,2020-10,2020-10-01,68.46937540399999,0.0,68.46937540399999
2020-21,30,Goa,2020-11,2020-11-01,63.010972537000015,0.0,63.010972537000015
2020-21,30,Goa,2020-12,2020-12-01,68.294266812,0.0,68.294266812
2020-21,30,Goa,2021-01,2021-01-01,88.832982332,0.0,88.832982332
2020-21,30,Goa,2021-02,2021-02-01,80.20507891700001,130.71428478641585,210.91936370341585
2020-21,30,Goa,2021-03,2021-03-01,65.89693344199999,76.2544044,142.15133784199998
2020-21,31,Lakshadweep,2020-04,2020-04-01,0.54,0.0,0.54
2020-21,31,Lakshadweep,2020-05,2020-05-01,1.09,0.0,1.09
2020-21,31,Lakshadweep,2020-06,2020-06-01,0.8,0.0,0.8
2020-21,31,Lakshadweep,2020-07,2020-07-01,1.814887471,0.0,1.814887471
2020-21,31,Lakshadweep,2020-08,2020-08-01,1.6836652109999999,0.0,1.6836652109999999
2020-21,31,Lakshadweep,2020-09,2020-09-01,2.5089280769999998,0.0,2.5089280769999998
2020-21,31,Lakshadweep,2020-10,2020-10-01,1.197774756,0.0,1.197774756
2020-21,31,Lakshadweep,2020-11,2020-11-01,1.668028933,0.0,1.668028933
2020-21,31,Lakshadweep,2020-12,2020-12-01,1.937737041,0.0,1.937737041
2020-21,31,Lakshadweep,2021-01,2021-01-01,1.9568126540000004,0.0,1.9568126540000004
2020-21,31,Lakshadweep,2021-02,2021-02-01,2.050417339,0.0,2.050417339
2020-21,31,Lakshadweep,2021-03,2021-03-01,1.439736565,0.0,1.439736565
2020-21,32,Kerala,2020-04,2020-04-01,73.47,0.0,73.47
2020-21,32,Kerala,2020-05,2020-05-01,326.36,0.0,326.36
2020-21,32,Kerala,2020-06,2020-06-01,520.6,0.0,520.6
2020-21,32,Kerala,2020-07,2020-07-01,872.427569025,0.0,872.427569025
2020-21,32,Kerala,2020-08,2020-08-01,733.7361251179999,0.0,733.7361251179999
2020-21,32,Kerala,2020-09,2020-09-01,938.6748427040001,0.0,938.6748427040001
2020-21,32,Kerala,2020-10,2020-10-01,1025.8822320909999,0.0,1025.8822320909999
2020-21,32,Kerala,2020-11,2020-11-01,865.183943333,0.0,865.183943333
2020-21,32,Kerala,2020-12,2020-12-01,999.0854967789999,0.0,999.0854967789999
2020-21,32,Kerala,2021-01,2021-01-01,1002.7470095629999,0.0,1002.7470095629999
2020-21,32,Kerala,2021-02,2021-02-01,1017.7861438049999,1008.0682804198863,2025.8544242248863
2020-21,32,Kerala,2021-03,2021-03-01,967.0904270819998,588.0485486,1555.138975682
2020-21,33,Tamil Nadu,2020-04,2020-04-01,150.29,0.0,150.29
2020-21,33,Tamil Nadu,2020-05,2020-05-01,745.62,0.0,745.62
2020-21,33,Tamil Nadu,2020-06,2020-06-01,890.1,0.0,890.1
2020-21,33,Tamil Nadu,2020-07,2020-07-01,1294.715788921,0.0,1294.715788921
2020-21,33,Tamil Nadu,2020-08,2020-08-01,663.691706405,0.0,663.691706405
2020-21,33,Tamil Nadu,2020-09,2020-09-01,1008.716144886,0.0,1008.716144886
2020-21,33,Tamil Nadu,2020-10,2020-10-01,1115.5591647729998,0.0,1115.5591647729998
2020-21,33,Tamil Nadu,2020-11,2020-11-01,937.3048092380001,0.0,937.3048092380001
2020-21,33,Tamil Nadu,2020-12,2020-12-01,987.48220001,0.0,987.48220001
2020-21,33,Tamil Nadu,2021-01,2021-01-01,1488.955024931,0.0,1488.955024931
2020-21,33,Tamil Nadu,2021-02,2021-02-01,946.8117717299999,1785.0092939834442,2731.821065713444
2020-21,33,Tamil Nadu,2021-03,2021-03-01,983.99034571,1041.2538922,2025.2442379100003
2020-21,34,Puducherry,2020-04,2020-04-01,-0.13,0.0,-0.13
2020-21,34,Puducherry,2020-05,2020-05-01,12.02,0.0,12.02
2020-21,34,Puducherry,2020-06,2020-06-01,17.5,0.0,17.5
2020-21,34,Puducherry,2020-07,2020-07-01,31.489675351000006,0.0,31.489675351000006
2020-21,34,Puducherry,2020-08,2020-08-01,25.527421944,0.0,25.527421944
2020-21,34,Puducherry,2020-09,2020-09-01,33.502662371,0.0,33.502662371
2020-21,34,Puducherry,2020-10,2020-10-01,38.645253534,0.0,38.645253534
2020-21,34,Puducherry,2020-11,2020-11-01,35.679247501,0.0,35.679247501
2020-21,34,Puducherry,2020-12,2020-12-01,43.288475835,0.0,43.288475835
2020-21,34,Puducherry,2021-01,2021-01-01,40.029075279,0.0,40.029075279
2020-21,34,Puducherry,2021-02,2021-02-01,36.773733552,65.64099534605573,102.41472889805573
2020-21,34,Puducherry,2021-03,2021-03-01,33.076847082,38.2906045,71.367451582
2020-21,35,Andaman and Nicobar Island,2020-04,2020-04-01,2.31,0.0,2.31
2020-21,35,Andaman and Nicobar Island,2020-05,2020-05-01,7.54,0.0,7.54
2020-21,35,Andaman and Nicobar Island,2020-06,2020-06-01,14.1,0.0,14.1
2020-21,35,Andaman and Nicobar Island,2020-07,2020-07-01,20.260607235,0.0,20.260607235
2020-21,35,Andaman and Nicobar Island,2020-08,2020-08-01,13.852804799000001,0.0,13.852804799000001
2020-21,35,Andaman and Nicobar Island,2020-09,2020-09-01,21.292840972,0.0,21.292840972
2020-21,35,Andaman and Nicobar Island,2020-10,2020-10-01,25.888117704,0.0,25.888117704
2020-21,35,Andaman and Nicobar Island,2020-11,2020-11-01,20.333538496,0.0,20.333538496
2020-21,35,Andaman and Nicobar Island,2020-12,2020-12-01,20.996587722999998,0.0,20.996587722999998
2020-21,35,Andaman and Nicobar Island,2021-01,2021-01-01,20.189540556,0.0,20.189540556
2020-21,35,Andaman and Nicobar Island,2021-02,2021-02-01,20.329164331999998,6.086772409096699,26.415936741096697
2020-21,35,Andaman and Nicobar Island,2021-03,2021-03-01,18.628743565,3.5585389,22.187282465
2020-21,36,Telangana,2020-04,2020-04-01,197.55,0.0,197.55
2020-21,36,Telangana,2020-05,2020-05-01,363.62,0.0,363.62
2020-21,36,Telangana,2020-06,2020-06-01,572.3,0.0,572.3
2020-21,36,Telangana,2020-07,2020-07-01,950.9428299020001,0.0,950.9428299020001
2020-21,36,Telangana,2020-08,2020-08-01,982.1487562890002,0.0,982.1487562890002
2020-21,36,Telangana,2020-09,2020-09-01,1034.3553228750002,0.0,1034.3553228750002
2020-21,36,Telangana,2020-10,2020-10-01,1076.876736504,0.0,1076.876736504
2020-21,36,Telangana,2020-11,2020-11-01,1025.277775755,0.0,1025.277775755
2020-21,36,Telangana,2020-12,2020-12-01,1024.6861764989999,0.0,1024.6861764989999
2020-21,36,Telangana,2021-01,2021-01-01,1137.483742496,0.0,1137.483742496
2020-21,36,Telangana,2021-02,2021-02-01,1116.643556238,965.3484110162908,2081.991967254291
2020-21,36,Telangana,2021-03,2021-03-01,1029.9374212530001,563.1206207,1593.0580419530002
2020-21,37,Andhra Pradesh,2020-04,2020-04-01,144.48,0.0,144.48
2020-21,37,Andhra Pradesh,2020-05,2020-05-01,366.73,0.0,366.73
2020-21,37,Andhra Pradesh,2020-06,2020-06-01,546.9,0.0,546.9
2020-21,37,Andhra Pradesh,2020-07,2020-07-01,1025.143344246,0.0,1025.143344246
2020-21,37,Andhra Pradesh,2020-08,2020-08-01,827.3849364820001,0.0,827.3849364820001
2020-21,37,Andhra Pradesh,2020-09,2020-09-01,1065.3069705120001,0.0,1065.3069705120001
2020-21,37,Andhra Pradesh,2020-10,2020-10-01,1156.4618705509997,0.0,1156.4618705509997
2020-21,37,Andhra Pradesh,2020-11,2020-11-01,824.1305415829999,0.0,824.1305415829999
2020-21,37,Andhra Pradesh,2020-12,2020-12-01,749.174353426,0.0,749.174353426
2020-21,37,Andhra Pradesh,2021-01,2021-01-01,1007.406540567,0.0,1007.406540567
2020-21,37,Andhra Pradesh,2021-02,2021-02-01,768.539722758,831.3698172721253,1599.9095400301253
2020-21,37,Andhra Pradesh,2021-03,2021-03-01,802.9995889499999,484.9598562,1287.9594451499997
2020-21,38,Ladakh,2020-04,2020-04-01,,0.0,0.0
2020-21,38,Ladakh,2020-05,2020-05-01,1.59,0.0,1.59
2020-21,38,Ladakh,2020-06,2020-06-01,2.8,0.0,2.8
2020-21,38,Ladakh,2020-07,2020-07-01,16.190561023,0.0,16.190561023
2020-21,38,Ladakh,2020-08,2020-08-01,9.408348249000001,0.0,9.408348249000001
2020-21,38,Ladakh,2020-09,2020-09-01,14.909697787999999,0.0,14.909697787999999
2020-21,38,Ladakh,2020-10,2020-10-01,21.834217213000002,0.0,21.834217213000002
2020-21,38,Ladakh,2020-11,2020-11-01,14.624532567000001,0.0,14.624532567000001
2020-21,38,Ladakh,2020-12,2020-12-01,21.983008978,0.0,21.983008978
2020-21,38,Ladakh,2021-01,2021-01-01,12.598902528,0.0,12.598902528
2020-21,38,Ladakh,2021-02,2021-02-01,6.143815317,0.0,6.143815317
2020-21,38,Ladakh,2021-03,2021-03-01,4.001909864,0.0,4.001909864
2020-21,97,Other Territory,2020-04,2020-04-01,3.02,0.0,3.02
2020-21,97,Other Territory,2020-05,2020-05-01,39.25,0.0,39.25
2020-21,97,Other Territory,2020-06,2020-06-01,52.5,0.0,52.5
2020-21,97,Other Territory,2020-07,2020-07-01,65.1122221,0.0,65.1122221
2020-21,97,Other Territory,2020-08,2020-08-01,39.007332225999996,0.0,39.007332225999996
2020-21,97,Other Territory,2020-09,2020-09-01,90.492317977,0.0,90.492317977
2020-21,97,Other Territory,2020-10,2020-10-01,19.6221874,0.0,19.6221874
2020-21,97,Other Territory,2020-11,2020-11-01,14.36266215,0.0,14.36266215
2020-21,97,Other Territory,2020-12,2020-12-01,11.8005664,0.0,11.8005664
2020-21,97,Other Territory,2021-01,2021-01-01,16.34959925,0.0,16.34959925
2020-21,97,Other Territory,2021-02,2021-02-01,21.1277686,0.0,21.1277686
2020-21,97,Other Territory,2021-03,2021-03-01,34.93748,0.0,34.93748
2021-22,01,Jammu and Kashmir,2021-04,2021-04-01,364.37935945099997,0.0,364.37935945099997
2021-22,01,Jammu and Kashmir,2021-05,2021-05-01,181.40553096399998,0.0,181.40553096399998
2021-22,01,Jammu and Kashmir,2021-06,2021-06-01,246.869929699,0.0,246.869929699
2021-22,01,Jammu and Kashmir,2021-07,2021-07-01,431.25778237300005,0.0,431.25778237300005
2021-22,01,Jammu and Kashmir,2021-08,2021-08-01,378.824326552,57.99925610000001,436.823582652
2021-22,01,Jammu and Kashmir,2021-09,2021-09-01,350.44506401200005,0.0,350.44506401200005
2021-22,01,Jammu and Kashmir,2021-10,2021-10-01,337.46106563899997,0.0,337.46106563899997
2021-22,01,Jammu and Kashmir,2021-11,2021-11-01,343.882678289,0.0,343.882678289
2021-22,01,Jammu and Kashmir,2021-12,2021-12-01,305.47615849700003,0.0,305.47615849700003
2021-22,01,Jammu and Kashmir,2022-01,2022-01-01,405.974306203,208.1457839,614.120090103
2021-22,01,Jammu and Kashmir,2022-02,2022-02-01,304.34063336199995,0.0,304.34063336199995
2021-22,01,Jammu and Kashmir,2022-03,2022-03-01,332.055667398,118.9404479,450.996115298
2021-22,02,Himachal Pradesh,2021-04,2021-04-01,232.039559278,0.0,232.039559278
2021-22,02,Himachal Pradesh,2021-05,2021-05-01,77.09724350699999,0.0,77.09724350699999
2021-22,02,Himachal Pradesh,2021-06,2021-06-01,129.25908935500001,0.0,129.25908935500001
2021-22,02,Himachal Pradesh,2021-07,2021-07-01,291.803914669,0.0,291.803914669
2021-22,02,Himachal Pradesh,2021-08,2021-08-01,224.673427581,58.76106440000001,283.434491981
2021-22,02,Himachal Pradesh,2021-09,2021-09-01,195.56285416600002,0.0,195.56285416600002
2021-22,02,Himachal Pradesh,2021-10,2021-10-01,230.62170858500005,0.0,230.62170858500005
2021-22,02,Himachal Pradesh,2021-11,2021-11-01,216.701358812,0.0,216.701358812
2021-22,02,Himachal Pradesh,2021-12,2021-12-01,174.679550188,0.0,174.679550188
2021-22,02,Himachal Pradesh,2022-01,2022-01-01,256.52166369199995,158.7350301,415.25669379199996
2021-22,02,Himachal Pradesh,2022-02,2022-02-01,169.668184844,0.0,169.668184844
2021-22,02,Himachal Pradesh,2022-03,2022-03-01,203.675094714,90.7057315,294.380826214
2021-22,03,Punjab,2021-04,2021-04-01,753.1546442770001,0.0,753.1546442770001
2021-22,03,Punjab,2021-05,2021-05-01,409.218982642,0.0,409.218982642
2021-22,03,Punjab,2021-06,2021-06-01,676.7541129210001,0.0,676.7541129210001
2021-22,03,Punjab,2021-07,2021-07-01,858.179364068,0.0,858.179364068
2021-22,03,Punjab,2021-08,2021-08-01,848.6916491540001,258.60344,1107.295089154
2021-22,03,Punjab,2021-09,2021-09-01,798.011615012,0.0,798.011615012
2021-22,03,Punjab,2021-10,2021-10-01,628.5748379799999,0.0,628.5748379799999
2021-22,03,Punjab,2021-11,2021-11-01,672.8256311209999,0.0,672.8256311209999
2021-22,03,Punjab,2021-12,2021-12-01,647.7424702210001,0.0,647.7424702210001
2021-22,03,Punjab,2022-01,2022-01-01,813.976837399,653.7973648,1467.774202199
2021-22,03,Punjab,2022-02,2022-02-01,790.1539419520001,0.0,790.1539419520001
2021-22,03,Punjab,2022-03,2022-03-01,749.2829652570001,373.5984941,1122.881459357
2021-22,04,Chandigarh,2021-04,2021-04-01,96.329720944,0.0,96.329720944
2021-22,04,Chandigarh,2021-05,2021-05-01,40.327285741000004,0.0,40.327285741000004
2021-22,04,Chandigarh,2021-06,2021-06-01,54.040339598,0.0,54.040339598
2021-22,04,Chandigarh,2021-07,2021-07-01,93.584254612,0.0,93.584254612
2021-22,04,Chandigarh,2021-08,2021-08-01,102.59732199400001,20.578625699999996,123.175947694
2021-22,04,Chandigarh,2021-09,2021-09-01,91.465108042,0.0,91.465108042
2021-22,04,Chandigarh,2021-10,2021-10-01,92.28023204800002,0.0,92.28023204800002
2021-22,04,Chandigarh,2021-11,2021-11-01,102.87332026,0.0,102.87332026
2021-22,04,Chandigarh,2021-12,2021-12-01,81.99731923200001,0.0,81.99731923200001
2021-22,04,Chandigarh,2022-01,2022-01-01,117.89750656400001,63.7327114,181.630217964
2021-22,04,Chandigarh,2022-02,2022-02-01,88.04945237699998,0.0,88.04945237699998
2021-22,04,Chandigarh,2022-03,2022-03-01,104.545366688,36.4186922,140.964058888
2021-22,05,Uttarakhand,2021-04,2021-04-01,160.68691124799997,0.0,160.68691124799997
2021-22,05,Uttarakhand,2021-05,2021-05-01,88.136366473,0.0,88.136366473
2021-22,05,Uttarakhand,2021-06,2021-06-01,136.923562365,0.0,136.923562365
2021-22,05,Uttarakhand,2021-07,2021-07-01,208.61011104200003,0.0,208.61011104200003
2021-22,05,Uttarakhand,2021-08,2021-08-01,177.29440182300002,108.93500690000002,286.229408723
2021-22,05,Uttarakhand,2021-09,2021-09-01,150.361463485,0.0,150.361463485
2021-22,05,Uttarakhand,2021-10,2021-10-01,143.33964435699997,0.0,143.33964435699997
2021-22,05,Uttarakhand,2021-11,2021-11-01,190.043065945,0.0,190.043065945
2021-22,05,Uttarakhand,2021-12,2021-12-01,116.75152909100004,0.0,116.75152909100004
2021-22,05,Uttarakhand,2022-01,2022-01-01,179.37828612100003,216.5002592,395.87854532100005
2021-22,05,Uttarakhand,2022-02,2022-02-01,204.853345919,0.0,204.853345919
2021-22,05,Uttarakhand,2022-03,2022-03-01,175.671843787,123.7144338,299.386277587
2021-22,06,Haryana,2021-04,2021-04-01,827.7599250099998,0.0,827.7599250099998
2021-22,06,Haryana,2021-05,2021-05-01,241.32051954899998,0.0,241.32051954899998
2021-22,06,Haryana,2021-06,2021-06-01,988.4874082339999,0.0,988.4874082339999
2021-22,06,Haryana,2021-07,2021-07-01,846.8543036980002,0.0,846.8543036980002
2021-22,06,Haryana,2021-08,2021-08-01,1008.07503399,230.49183069999998,1238.5668646899999
2021-22,06,Haryana,2021-09,2021-09-01,868.5959867590002,0.0,868.5959867590002
2021-22,06,Haryana,2021-10,2021-10-01,1075.6049282360002,0.0,1075.6049282360002
2021-22,06,Haryana,2021-11,2021-11-01,787.7765131159999,0.0,787.7765131159999
2021-22,06,Haryana,2021-12,2021-12-01,631.5873130739999,0.0,631.5873130739999
2021-22,06,Haryana,2022-01,2022-01-01,9.252825855000061,665.0162316,674.269057455
2021-22,06,Haryana,2022-02,2022-02-01,724.8949833789999,0.0,724.8949833789999
2021-22,06,Haryana,2022-03,2022-03-01,685.830601709,380.0092752,1065.839876909
2021-22,07,Delhi,2021-04,2021-04-01,949.766858041,0.0,949.766858041
2021-22,07,Delhi,2021-05,2021-05-01,366.98612095100003,0.0,366.98612095100003
2021-22,07,Delhi,2021-06,2021-06-01,366.505834803,0.0,366.505834803
2021-22,07,Delhi,2021-07,2021-07-01,637.4154481910001,0.0,637.4154481910001
2021-22,07,Delhi,2021-08,2021-08-01,1076.2427416389999,261.60418960000004,1337.8469312389998
2021-22,07,Delhi,2021-09,2021-09-01,1127.323676903,0.0,1127.323676903
2021-22,07,Delhi,2021-10,2021-10-01,848.9687267990001,0.0,848.9687267990001
2021-22,07,Delhi,2021-11,2021-11-01,1011.1822709619998,0.0,1011.1822709619998
2021-22,07,Delhi,2021-12,2021-12-01,1054.348419214,0.0,1054.348419214
2021-22,07,Delhi,2022-01,2022-01-01,1123.26658052,732.8068309,1856.07341142
2021-22,07,Delhi,2022-02,2022-02-01,817.3117245400001,0.0,817.3117245400001
2021-22,07,Delhi,2022-03,2022-03-01,1206.101620547,418.7467605,1624.848381047
2021-22,08,Rajasthan,2021-04,2021-04-01,1115.9383438669997,0.0,1115.9383438669997
2021-22,08,Rajasthan,2021-05,2021-05-01,566.5688696799999,0.0,566.5688696799999
2021-22,08,Rajasthan,2021-06,2021-06-01,810.9250695490001,0.0,810.9250695490001
2021-22,08,Rajasthan,2021-07,2021-07-01,1307.051629952,0.0,1307.051629952
2021-22,08,Rajasthan,2021-08,2021-08-01,1185.343380745,248.6155255,1433.958906245
2021-22,08,Rajasthan,2021-09,2021-09-01,1177.362645752,0.0,1177.362645752
2021-22,08,Rajasthan,2021-10,2021-10-01,1334.570045051,0.0,1334.570045051
2021-22,08,Rajasthan,2021-11,2021-11-01,1287.383704928,0.0,1287.383704928
2021-22,08,Rajasthan,2021-12,2021-12-01,1085.6529305850001,0.0,1085.6529305850001
2021-22,08,Rajasthan,2022-01,2022-01-01,1336.7331687540002,749.277082,2086.010250754
2021-22,08,Rajasthan,2022-02,2022-02-01,1208.146060658,0.0,1208.146060658
2021-22,08,Rajasthan,2022-03,2022-03-01,1258.398021167,428.1583327,1686.556353867
2021-22,09,Uttar Pradesh,2021-04,2021-04-01,2683.1601345320005,0.0,2683.1601345320005
2021-22,09,Uttar Pradesh,2021-05,2021-05-01,1552.7677720420002,0.0,1552.7677720420002
2021-22,09,Uttar Pradesh,2021-06,2021-06-01,2106.472603963,0.0,2106.472603963
2021-22,09,Uttar Pradesh,2021-07,2021-07-01,2849.8819449619996,0.0,2849.8819449619996
2021-22,09,Uttar Pradesh,2021-08,2021-08-01,2602.920108229,417.70584870000005,3020.625956929
2021-22,09,Uttar Pradesh,2021-09,2021-09-01,2631.7310909,0.0,2631.7310909
2021-22,09,Uttar Pradesh,2021-10,2021-10-01,2205.060391985,0.0,2205.060391985
2021-22,09,Uttar Pradesh,2021-11,2021-11-01,2587.506704544,0.0,2587.506704544
2021-22,09,Uttar Pradesh,2021-12,2021-12-01,2418.5138441120002,0.0,2418.5138441120002
2021-22,09,Uttar Pradesh,2022-01,2022-01-01,2771.142702466,1457.7365851,4228.879287566
2021-22,09,Uttar Pradesh,2022-02,2022-02-01,2777.030548129,0.0,2777.030548129
2021-22,09,Uttar Pradesh,2022-03,2022-03-01,2689.3770205479996,832.9923343,3522.3693548479996
2021-22,10,Bihar,2021-04,2021-04-01,1090.8614278610003,0.0,1090.8614278610003
2021-22,10,Bihar,2021-05,2021-05-01,682.7102018880001,0.0,682.7102018880001
2021-22,10,Bihar,2021-06,2021-06-01,853.0721485090002,0.0,853.0721485090002
2021-22,10,Bihar,2021-07,2021-07-01,1355.186562329,0.0,1355.186562329
2021-22,10,Bihar,2021-08,2021-08-01,1147.203221315,121.5495947,1268.752816015
2021-22,10,Bihar,2021-09,2021-09-01,968.127112574,0.0,968.127112574
2021-22,10,Bihar,2021-10,2021-10-01,997.5371935599999,0.0,997.5371935599999
2021-22,10,Bihar,2021-11,2021-11-01,1030.1364605569997,0.0,1030.1364605569997
2021-22,10,Bihar,2021-12,2021-12-01,919.6842151280001,0.0,919.6842151280001
2021-22,10,Bihar,2022-01,2022-01-01,1114.5943251850001,550.9179693,1665.512294485
2021-22,10,Bihar,2022-02,2022-02-01,1048.972749475,0.0,1048.972749475
2021-22,10,Bihar,2022-03,2022-03-01,1097.9104057060001,314.8102682,1412.7206739060002
2021-22,11,Sikkim,2021-04,2021-04-01,33.514291443999994,0.0,33.514291443999994
2021-22,11,Sikkim,2021-05,2021-05-01,19.230791502000002,0.0,19.230791502000002
2021-22,11,Sikkim,2021-06,2021-06-01,19.866406818,0.0,19.866406818
2021-22,11,Sikkim,2021-07,2021-07-01,32.077738249,0.0,32.077738249
2021-22,11,Sikkim,2021-08,2021-08-01,32.262943302,0.1986927999999999,32.461636102
2021-22,11,Sikkim,2021-09,2021-09-01,36.057613872999994,0.0,36.057613872999994
2021-22,11,Sikkim,2021-10,2021-10-01,30.692365565999996,0.0,30.692365565999996
2021-22,11,Sikkim,2021-11,2021-11-01,31.083046377,0.0,31.083046377
2021-22,11,Sikkim,2021-12,2021-12-01,29.026434769,0.0,29.026434769
2021-22,11,Sikkim,2022-01,2022-01-01,39.883956530999995,10.7414682,50.625424730999995
2021-22,11,Sikkim,2022-02,2022-02-01,33.072003332,0.0,33.072003332
2021-22,11,Sikkim,2022-03,2022-03-01,40.909073313,6.1379818,47.047055113
2021-22,12,Arunachal Pradesh,2021-04,2021-04-01,63.21184228400001,0.0,63.21184228400001
2021-22,12,Arunachal Pradesh,2021-05,2021-05-01,44.169819352,0.0,44.169819352
2021-22,12,Arunachal Pradesh,2021-06,2021-06-01,41.478061434,0.0,41.478061434
2021-22,12,Arunachal Pradesh,2021-07,2021-07-01,81.877773503,0.0,81.877773503
2021-22,12,Arunachal Pradesh,2021-08,2021-08-01,73.250248599,-8.834664100000001,64.415584499
2021-22,12,Arunachal Pradesh,2021-09,2021-09-01,58.048549103999996,0.0,58.048549103999996
2021-22,12,Arunachal Pradesh,2021-10,2021-10-01,65.40486903099999,0.0,65.40486903099999
2021-22,12,Arunachal Pradesh,2021-11,2021-11-01,57.47373189599999,0.0,57.47373189599999
2021-22,12,Arunachal Pradesh,2021-12,2021-12-01,61.540936372000004,0.0,61.540936372000004
2021-22,12,Arunachal Pradesh,2022-01,2022-01-01,82.05023366100001,11.2188668,93.26910046100001
2021-22,12,Arunachal Pradesh,2022-02,2022-02-01,82.242453504,0.0,82.242453504
2021-22,12,Arunachal Pradesh,2022-03,2022-03-01,78.408270997,6.410781,84.819051997
2021-22,13,Nagaland,2021-04,2021-04-01,55.446935718999995,0.0,55.446935718999995
2021-22,13,Nagaland,2021-05,2021-05-01,26.982457519,0.0,26.982457519
2021-22,13,Nagaland,2021-06,2021-06-01,33.870241508999996,0.0,33.870241508999996
2021-22,13,Nagaland,2021-07,2021-07-01,55.519858269,0.0,55.519858269
2021-22,13,Nagaland,2021-08,2021-08-01,74.432209514,-8.8325684,65.599641114
2021-22,13,Nagaland,2021-09,2021-09-01,55.7025582,0.0,55.7025582
2021-22,13,Nagaland,2021-10,2021-10-01,53.391010627,0.0,53.391010627
2021-22,13,Nagaland,2021-11,2021-11-01,54.21677833,0.0,54.21677833
2021-22,13,Nagaland,2021-12,2021-12-01,52.177965664,0.0,52.177965664
2021-22,13,Nagaland,2022-01,2022-01-01,64.32526207299999,11.2188668,75.54412887299999
2021-22,13,Nagaland,2022-02,2022-02-01,55.424290574000004,0.0,55.424290574000004
2021-22,13,Nagaland,2022-03,2022-03-01,52.582533117000004,6.410781,58.993314117000004
2021-22,14,Manipur,2021-04,2021-04-01,65.80305166000001,0.0,65.80305166000001
2021-22,14,Manipur,2021-05,2021-05-01,33.725217855000004,0.0,33.725217855000004
2021-22,14,Manipur,2021-06,2021-06-01,42.536459803,0.0,42.536459803
2021-22,14,Manipur,2021-07,2021-07-01,71.454009959,0.0,71.454009959
2021-22,14,Manipur,2021-08,2021-08-01,73.251939151,-6.109169100000001,67.142770051
2021-22,14,Manipur,2021-09,2021-09-01,69.626843977,0.0,69.626843977
2021-22,14,Manipur,2021-10,2021-10-01,72.96490941799999,0.0,72.96490941799999
2021-22,14,Manipur,2021-11,2021-11-01,74.343010667,0.0,74.343010667
2021-22,14,Manipur,2021-12,2021-12-01,71.664948718,0.0,71.664948718
2021-22,14,Manipur,2022-01,2022-01-01,86.596845362,15.0380555,101.634900862
2021-22,14,Manipur,2022-02,2022-02-01,75.98824727200001,0.0,75.98824727200001
2021-22,14,Manipur,2022-03,2022-03-01,87.15534943499999,8.5931746,95.74852403499999
2021-22,15,Mizoram,2021-04,2021-04-01,58.349286135,0.0,58.349286135
2021-22,15,Mizoram,2021-05,2021-05-01,21.885488262,0.0,21.885488262
2021-22,15,Mizoram,2021-06,2021-06-01,28.562641287,0.0,28.562641287
2021-22,15,Mizoram,2021-07,2021-07-01,53.423377472000006,0.0,53.423377472000006
2021-22,15,Mizoram,2021-08,2021-08-01,44.003480816,-4.2441839,39.759296916
2021-22,15,Mizoram,2021-09,2021-09-01,38.231807481,0.0,38.231807481
2021-22,15,Mizoram,2021-10,2021-10-01,40.569139976,0.0,40.569139976
2021-22,15,Mizoram,2021-11,2021-11-01,49.193665888,0.0,49.193665888
2021-22,15,Mizoram,2021-12,2021-12-01,43.109038309000006,0.0,43.109038309000006
2021-22,15,Mizoram,2022-01,2022-01-01,63.65246645,8.3544753,72.00694175
2021-22,15,Mizoram,2022-02,2022-02-01,52.784318449000004,0.0,52.784318449000004
2021-22,15,Mizoram,2022-03,2022-03-01,62.380109872000006,4.7739859,67.154095772
2021-22,16,Tripura,2021-04,2021-04-01,79.510432223,0.0,79.510432223
2021-22,16,Tripura,2021-05,2021-05-01,45.357734676999996,0.0,45.357734676999996
2021-22,16,Tripura,2021-06,2021-06-01,55.966669585000005,0.0,55.966669585000005
2021-22,16,Tripura,2021-07,2021-07-01,76.332013294,0.0,76.332013294
2021-22,16,Tripura,2021-08,2021-08-01,70.68075567000001,7.663952999999999,78.34470867000002
2021-22,16,Tripura,2021-09,2021-09-01,63.290820386,0.0,63.290820386
2021-22,16,Tripura,2021-10,2021-10-01,70.602405547,0.0,70.602405547
2021-22,16,Tripura,2021-11,2021-11-01,66.77894797399999,0.0,66.77894797399999
2021-22,16,Tripura,2021-12,2021-12-01,66.857000227,0.0,66.857000227
2021-22,16,Tripura,2022-01,2022-01-01,85.197781435,34.3726983,119.57047973499999
2021-22,16,Tripura,2022-02,2022-02-01,77.14077263500002,0.0,77.14077263500002
2021-22,16,Tripura,2022-03,2022-03-01,76.84182737299999,19.6415419,96.483369273
2021-22,17,Meghalaya,2021-04,2021-04-01,60.955572411,0.0,60.955572411
2021-22,17,Meghalaya,2021-05,2021-05-01,29.796351849,0.0,29.796351849
2021-22,17,Meghalaya,2021-06,2021-06-01,33.729750959,0.0,33.729750959
2021-22,17,Meghalaya,2021-07,2021-07-01,60.08644069000001,0.0,60.08644069000001
2021-22,17,Meghalaya,2021-08,2021-08-01,70.929385461,3.0964270999999997,74.025812561
2021-22,17,Meghalaya,2021-09,2021-09-01,71.66049550899999,0.0,71.66049550899999
2021-22,17,Meghalaya,2021-10,2021-10-01,64.13079609399999,0.0,64.13079609399999
2021-22,17,Meghalaya,2021-11,2021-11-01,58.88550174499999,0.0,58.88550174499999
2021-22,17,Meghalaya,2021-12,2021-12-01,57.159395911000004,0.0,57.159395911000004
2021-22,17,Meghalaya,2022-01,2022-01-01,81.28000562800001,27.689118,108.969123628
2021-22,17,Meghalaya,2022-02,2022-02-01,71.349355683,0.0,71.349355683
2021-22,17,Meghalaya,2022-03,2022-03-01,63.704407113999984,15.8223532,79.52676031399999
2021-22,18,Assam,2021-04,2021-04-01,512.7341873859999,0.0,512.7341873859999
2021-22,18,Assam,2021-05,2021-05-01,319.146349057,0.0,319.146349057
2021-22,18,Assam,2021-06,2021-06-01,401.71276080999996,0.0,401.71276080999996
2021-22,18,Assam,2021-07,2021-07-01,486.08756006900006,0.0,486.08756006900006
2021-22,18,Assam,2021-08,2021-08-01,440.23614239200003,80.75114079999999,520.9872831920001
2021-22,18,Assam,2021-09,2021-09-01,447.383993524,0.0,447.383993524
2021-22,18,Assam,2021-10,2021-10-01,429.206197567,0.0,429.206197567
2021-22,18,Assam,2021-11,2021-11-01,466.64482160499995,0.0,466.64482160499995
2021-22,18,Assam,2021-12,2021-12-01,430.8209294629999,0.0,430.8209294629999
2021-22,18,Assam,2022-01,2022-01-01,558.2150021159999,261.3757263,819.5907284159999
2021-22,18,Assam,2022-02,2022-02-01,497.8266223,0.0,497.8266223
2021-22,18,Assam,2022-03,2022-03-01,523.7837735100001,149.3575579,673.14133141
2021-22,19,West Bengal,2021-04,2021-04-01,1130.5395430050003,0.0,1130.5395430050003
2021-22,19,West Bengal,2021-05,2021-05-01,723.474466608,0.0,723.474466608
2021-22,19,West Bengal,2021-06,2021-06-01,782.562000945,0.0,782.562000945
2021-22,19,West Bengal,2021-07,2021-07-01,1047.2067344060001,0.0,1047.2067344060001
2021-22,19,West Bengal,2021-08,2021-08-01,1106.5574373700001,354.20985729999995,1460.76729467
2021-22,19,West Bengal,2021-09,2021-09-01,1217.684381641,0.0,1217.684381641
2021-22,19,West Bengal,2021-10,2021-10-01,1024.7792236860003,0.0,1024.7792236860003
2021-22,19,West Bengal,2021-11,2021-11-01,928.65730894,0.0,928.65730894
2021-22,19,West Bengal,2021-12,2021-12-01,862.4237770020001,0.0,862.4237770020001
2021-22,19,West Bengal,2022-01,2022-01-01,1125.7048293760001,877.4586027,2003.1634320760002
2021-22,19,West Bengal,2022-02,2022-02-01,1116.057863177,0.0,1116.057863177
2021-22,19,West Bengal,2022-03,2022-03-01,1257.8794253490003,501.4049158,1759.2843411490003
2021-22,20,Jharkhand,2021-04,2021-04-01,150.03394828,0.0,150.03394828
2021-22,20,Jharkhand,2021-05,2021-05-01,109.99313017899999,0.0,109.99313017899999
2021-22,20,Jharkhand,2021-06,2021-06-01,204.221305096,0.0,204.221305096
2021-22,20,Jharkhand,2021-07,2021-07-01,348.339326014,0.0,348.339326014
2021-22,20,Jharkhand,2021-08,2021-08-01,334.686796164,117.1256044,451.812400564
2021-22,20,Jharkhand,2021-09,2021-09-01,274.714361375,0.0,274.714361375
2021-22,20,Jharkhand,2021-10,2021-10-01,293.61235231300003,0.0,293.61235231300003
2021-22,20,Jharkhand,2021-11,2021-11-01,290.954072807,0.0,290.954072807
2021-22,20,Jharkhand,2021-12,2021-12-01,288.13368390700003,0.0,288.13368390700003
2021-22,20,Jharkhand,2022-01,2022-01-01,247.31680197599997,279.9942712,527.311073176
2021-22,20,Jharkhand,2022-02,2022-02-01,165.45433187599997,0.0,165.45433187599997
2021-22,20,Jharkhand,2022-03,2022-03-01,111.01281335900002,159.9967264,271.009539759
2021-22,21,Odisha,2021-04,2021-04-01,578.74481597,0.0,578.74481597
2021-22,21,Odisha,2021-05,2021-05-01,160.71832786800002,0.0,160.71832786800002
2021-22,21,Odisha,2021-06,2021-06-01,201.908962569,0.0,201.908962569
2021-22,21,Odisha,2021-07,2021-07-01,330.382389893,0.0,330.382389893
2021-22,21,Odisha,2021-08,2021-08-01,423.257422388,236.20850930000003,659.4659316880001
2021-22,21,Odisha,2021-09,2021-09-01,301.24112456200004,0.0,301.24112456200004
2021-22,21,Odisha,2021-10,2021-10-01,384.93406543599997,0.0,384.93406543599997
2021-22,21,Odisha,2021-11,2021-11-01,298.88972769500003,0.0,298.88972769500003
2021-22,21,Odisha,2021-12,2021-12-01,219.406651783,0.0,219.406651783
2021-22,21,Odisha,2022-01,2022-01-01,316.44876333300004,482.4112721,798.8600354330001
2021-22,21,Odisha,2022-02,2022-02-01,122.99091838900002,0.0,122.99091838900002
2021-22,21,Odisha,2022-03,2022-03-01,209.23831043599998,275.663584,484.901894436
2021-22,22,Chhattisgarh,2021-04,2021-04-01,137.56792216399998,0.0,137.56792216399998
2021-22,22,Chhattisgarh,2021-05,2021-05-01,31.516317563000005,0.0,31.516317563000005
2021-22,22,Chhattisgarh,2021-06,2021-06-01,94.283549528,0.0,94.283549528
2021-22,22,Chhattisgarh,2021-07,2021-07-01,232.936316189,0.0,232.936316189
2021-22,22,Chhattisgarh,2021-08,2021-08-01,326.365302398,147.125641,473.490943398
2021-22,22,Chhattisgarh,2021-09,2021-09-01,206.855023957,0.0,206.855023957
2021-22,22,Chhattisgarh,2021-10,2021-10-01,227.966240629,0.0,227.966240629
2021-22,22,Chhattisgarh,2021-11,2021-11-01,109.558472721,0.0,109.558472721
2021-22,22,Chhattisgarh,2021-12,2021-12-01,186.14604451399998,0.0,186.14604451399998
2021-22,22,Chhattisgarh,2022-01,2022-01-01,175.31399050199997,321.289249,496.60323950199995
2021-22,22,Chhattisgarh,2022-02,2022-02-01,192.638581925,0.0,192.638581925
2021-22,22,Chhattisgarh,2022-03,2022-03-01,192.09827119199997,183.5938566,375.69212779199995
2021-22,23,Madhya Pradesh,2021-04,2021-04-01,1051.5912116279999,0.0,1051.5912116279999
2021-22,23,Madhya Pradesh,2021-05,2021-05-01,609.7897978469999,0.0,609.7897978469999
2021-22,23,Madhya Pradesh,2021-06,2021-06-01,785.8476153969998,0.0,785.8476153969998
2021-22,23,Madhya Pradesh,2021-07,2021-07-01,1330.31864614,0.0,1330.31864614
2021-22,23,Madhya Pradesh,2021-08,2021-08-01,1098.55910087,213.0941362,1311.6532370700002
2021-22,23,Madhya Pradesh,2021-09,2021-09-01,1008.5677508869999,0.0,1008.5677508869999
2021-22,23,Madhya Pradesh,2021-10,2021-10-01,1024.933656701,0.0,1024.933656701
2021-22,23,Madhya Pradesh,2021-11,2021-11-01,1124.0185624360001,0.0,1124.0185624360001
2021-22,23,Madhya Pradesh,2021-12,2021-12-01,950.5719371320001,0.0,950.5719371320001
2021-22,23,Madhya Pradesh,2022-01,2022-01-01,1111.421335286,669.3128188,1780.7341540859998
2021-22,23,Madhya Pradesh,2022-02,2022-02-01,973.0626567710001,0.0,973.0626567710001
2021-22,23,Madhya Pradesh,2022-03,2022-03-01,1013.9840562850001,382.4644679,1396.448524185
2021-22,24,Gujarat,2021-04,2021-04-01,956.0735894709999,0.0,956.0735894709999
2021-22,24,Gujarat,2021-05,2021-05-01,594.251008899,0.0,594.251008899
2021-22,24,Gujarat,2021-06,2021-06-01,793.004292736,0.0,793.004292736
2021-22,24,Gujarat,2021-07,2021-07-01,1188.745778949,0.0,1188.745778949
2021-22,24,Gujarat,2021-08,2021-08-01,1326.17530576,567.4875167,1893.66282246
2021-22,24,Gujarat,2021-09,2021-09-01,1162.6994425130001,0.0,1162.6994425130001
2021-22,24,Gujarat,2021-10,2021-10-01,1048.0368178879999,0.0,1048.0368178879999
2021-22,24,Gujarat,2021-11,2021-11-01,798.7838241950003,0.0,798.7838241950003
2021-22,24,Gujarat,2021-12,2021-12-01,1139.417026986,0.0,1139.417026986
2021-22,24,Gujarat,2022-01,2022-01-01,1408.8364389,1259.8548708,2668.6913097
2021-22,24,Gujarat,2022-02,2022-02-01,1179.74089948,0.0,1179.74089948
2021-22,24,Gujarat,2022-03,2022-03-01,1449.4645293229999,719.917069,2169.3815983229997
2021-22,25,Daman and Diu,2021-04,2021-04-01,0.262715229,0.0,0.262715229
2021-22,25,Daman and Diu,2021-05,2021-05-01,0.138623326,0.0,0.138623326
2021-22,25,Daman and Diu,2021-06,2021-06-01,0.15664924,0.0,0.15664924
2021-22,25,Daman and Diu,2021-07,2021-07-01,0.08678578199999999,0.0,0.08678578199999999
2021-22,25,Daman and Diu,2021-08,2021-08-01,0.088003704,19.3512899,19.439293604
2021-22,25,Daman and Diu,2021-09,2021-09-01,24.673421407,0.0,24.673421407
2021-22,25,Daman and Diu,2021-10,2021-10-01,0.127101502,0.0,0.127101502
2021-22,25,Daman and Diu,2021-11,2021-11-01,0.15666018399999998,0.0,0.15666018399999998
2021-22,25,Daman and Diu,2021-12,2021-12-01,-0.043248657999999995,0.0,-0.043248657999999995
2021-22,25,Daman and Diu,2022-01,2022-01-01,0.26708894499999997,28.1665166,28.433605545000002
2021-22,25,Daman and Diu,2022-02,2022-02-01,0.07974761799999999,0.0,0.07974761799999999
2021-22,25,Daman and Diu,2022-03,2022-03-01,0.21144035499999997,16.0951524,16.306592755
2021-22,26,Dadra and Nagar Haveli,2021-04,2021-04-01,37.008024621,0.0,37.008024621
2021-22,26,Dadra and Nagar Haveli,2021-05,2021-05-01,-2.5350601239999992,0.0,-2.5350601239999992
2021-22,26,Dadra and Nagar Haveli,2021-06,2021-06-01,16.905066845,0.0,16.905066845
2021-22,26,Dadra and Nagar Haveli,2021-07,2021-07-01,41.173260775,0.0,41.173260775
2021-22,26,Dadra and Nagar Haveli,2021-08,2021-08-01,59.118725629,9.7451008,68.863826429
2021-22,26,Dadra and Nagar Haveli,2021-09,2021-09-01,53.447574445,0.0,53.447574445
2021-22,26,Dadra and Nagar Haveli,2021-10,2021-10-01,23.502974975999997,0.0,23.502974975999997
2021-22,26,Dadra and Nagar Haveli,2021-11,2021-11-01,24.747110203000002,0.0,24.747110203000002
2021-22,26,Dadra and Nagar Haveli,2021-12,2021-12-01,22.825298024000002,0.0,22.825298024000002
2021-22,26,Dadra and Nagar Haveli,2022-01,2022-01-01,13.428919444999998,33.4179011,46.846820545
2021-22,26,Dadra and Nagar Haveli,2022-02,2022-02-01,36.285437009,0.0,36.285437009
2021-22,26,Dadra and Nagar Haveli,2022-03,2022-03-01,79.69138269899999,19.0959435,98.78732619899999
2021-22,27,Maharashtra,2021-04,2021-04-01,1978.053797961,0.0,1978.053797961
2021-22,27,Maharashtra,2021-05,2021-05-01,699.3150533119998,0.0,699.3150533119998
2021-22,27,Maharashtra,2021-06,2021-06-01,1930.2513078010002,0.0,1930.2513078010002
2021-22,27,Maharashtra,2021-07,2021-07-01,2568.564010142,0.0,2568.564010142
2021-22,27,Maharashtra,2021-08,2021-08-01,2732.925438612,1200.4099184000002,3933.3353570120003
2021-22,27,Maharashtra,2021-09,2021-09-01,2825.02611141,0.0,2825.02611141
2021-22,27,Maharashtra,2021-10,2021-10-01,2531.8223569089996,0.0,2531.8223569089996
2021-22,27,Maharashtra,2021-11,2021-11-01,2631.558555541,0.0,2631.558555541
2021-22,27,Maharashtra,2021-12,2021-12-01,3207.454579362,0.0,3207.454579362
2021-22,27,Maharashtra,2022-01,2022-01-01,3330.6775786599997,2641.6850806,5972.362659259999
2021-22,27,Maharashtra,2022-02,2022-02-01,2273.4620553959994,0.0,2273.4620553959994
2021-22,27,Maharashtra,2022-03,2022-03-01,3249.4727269860005,1509.5343317,4759.007058686
2021-22,29,Karnataka,2021-04,2021-04-01,2040.4835023190003,0.0,2040.4835023190003
2021-22,29,Karnataka,2021-05,2021-05-01,1056.2898548879998,0.0,1056.2898548879998
2021-22,29,Karnataka,2021-06,2021-06-01,1250.656211566,0.0,1250.656211566
2021-22,29,Karnataka,2021-07,2021-07-01,1886.471432477,0.0,1886.471432477
2021-22,29,Karnataka,2021-08,2021-08-01,2068.2082793990003,619.5772929,2687.7855722990003
2021-22,29,Karnataka,2021-09,2021-09-01,2340.5623576020002,0.0,2340.5623576020002
2021-22,29,Karnataka,2021-10,2021-10-01,2159.702369099,0.0,2159.702369099
2021-22,29,Karnataka,2021-11,2021-11-01,2292.2737374269996,0.0,2292.2737374269996
2021-22,29,Karnataka,2021-12,2021-12-01,1451.792206751,0.0,1451.792206751
2021-22,29,Karnataka,2022-01,2022-01-01,1875.229906875,1578.041029,3453.270935875
2021-22,29,Karnataka,2022-02,2022-02-01,1857.0838629760003,0.0,1857.0838629760003
2021-22,29,Karnataka,2022-03,2022-03-01,2156.065440248,901.7377309,3057.803171148
2021-22,30,Goa,2021-04,2021-04-01,115.878028601,0.0,115.878028601
2021-22,30,Goa,2021-05,2021-05-01,49.807341164,0.0,49.807341164
2021-22,30,Goa,2021-06,2021-06-01,69.16611499400001,0.0,69.16611499400001
2021-22,30,Goa,2021-07,2021-07-01,89.950502336,0.0,89.950502336
2021-22,30,Goa,2021-08,2021-08-01,85.597244572,46.058793699999995,131.656038272
2021-22,30,Goa,2021-09,2021-09-01,93.191227138,0.0,93.191227138
2021-22,30,Goa,2021-10,2021-10-01,99.15197684099998,0.0,99.15197684099998
2021-22,30,Goa,2021-11,2021-11-01,99.341080551,0.0,99.341080551
2021-22,30,Goa,2021-12,2021-12-01,194.465358689,0.0,194.465358689
2021-22,30,Goa,2022-01,2022-01-01,122.81787760499998,95.2410181,218.058895705
2021-22,30,Goa,2022-02,2022-02-01,108.90558213,0.0,108.90558213
2021-22,30,Goa,2022-03,2022-03-01,114.236989646,54.4234389,168.660428546
2021-22,31,Lakshadweep,2021-04,2021-04-01,2.115004515,0.0,2.115004515
2021-22,31,Lakshadweep,2021-05,2021-05-01,0.9745496209999999,0.0,0.9745496209999999
2021-22,31,Lakshadweep,2021-06,2021-06-01,1.4008445859999998,0.0,1.4008445859999998
2021-22,31,Lakshadweep,2021-07,2021-07-01,2.6659175729999998,0.0,2.6659175729999998
2021-22,31,Lakshadweep,2021-08,2021-08-01,4.122559048,0.0,4.122559048
2021-22,31,Lakshadweep,2021-09,2021-09-01,1.8563245290000003,0.0,1.8563245290000003
2021-22,31,Lakshadweep,2021-10,2021-10-01,2.401277844,0.0,2.401277844
2021-22,31,Lakshadweep,2021-11,2021-11-01,1.345715747,0.0,1.345715747
2021-22,31,Lakshadweep,2021-12,2021-12-01,1.430971876,0.0,1.430971876
2021-22,31,Lakshadweep,2022-01,2022-01-01,1.873360377,0.0,1.873360377
2021-22,31,Lakshadweep,2022-02,2022-02-01,1.2504748,0.0,1.2504748
2021-22,31,Lakshadweep,2022-03,2022-03-01,1.910096254,0.0,1.910096254
2021-22,32,Kerala,2021-04,2021-04-01,1222.259613057,0.0,1222.259613057
2021-22,32,Kerala,2021-05,2021-05-01,566.1277641400001,0.0,566.1277641400001
2021-22,32,Kerala,2021-06,2021-06-01,670.030777121,0.0,670.030777121
2021-22,32,Kerala,2021-07,2021-07-01,1088.2674560970001,0.0,1088.2674560970001
2021-22,32,Kerala,2021-08,2021-08-01,1119.9148061910003,253.36852699999997,1373.283333191
2021-22,32,Kerala,2021-09,2021-09-01,1257.79865746,0.0,1257.79865746
2021-22,32,Kerala,2021-10,2021-10-01,1050.162419576,0.0,1050.162419576
2021-22,32,Kerala,2021-11,2021-11-01,1110.398401872,0.0,1110.398401872
2021-22,32,Kerala,2021-12,2021-12-01,1014.8971540399999,0.0,1014.8971540399999
2021-22,32,Kerala,2022-01,2022-01-01,1199.761468385,734.4777259,1934.239194285
2021-22,32,Kerala,2022-02,2022-02-01,1196.255074784,0.0,1196.255074784
2021-22,32,Kerala,2022-03,2022-03-01,1194.8895554140001,419.7015577,1614.591113114
2021-22,33,Tamil Nadu,2021-04,2021-04-01,1590.8747520309998,0.0,1590.8747520309998
2021-22,33,Tamil Nadu,2021-05,2021-05-01,846.409922878,0.0,846.409922878
2021-22,33,Tamil Nadu,2021-06,2021-06-01,1263.784783855,0.0,1263.784783855
2021-22,33,Tamil Nadu,2021-07,2021-07-01,1476.0694188500001,0.0,1476.0694188500001
2021-22,33,Tamil Nadu,2021-08,2021-08-01,1554.224444986,544.1800837,2098.404528686
2021-22,33,Tamil Nadu,2021-09,2021-09-01,1499.475275846,0.0,1499.475275846
2021-22,33,Tamil Nadu,2021-10,2021-10-01,1319.8712946510002,0.0,1319.8712946510002
2021-22,33,Tamil Nadu,2021-11,2021-11-01,1265.791965114,0.0,1265.791965114
2021-22,33,Tamil Nadu,2021-12,2021-12-01,1175.472311667,0.0,1175.472311667
2021-22,33,Tamil Nadu,2022-01,2022-01-01,1533.361704016,1300.4337507,2833.7954547159998
2021-22,33,Tamil Nadu,2022-02,2022-02-01,1334.53827662,0.0,1334.53827662
2021-22,33,Tamil Nadu,2022-03,2022-03-01,2027.7477711889999,743.1050004,2770.852771589
2021-22,34,Puducherry,2021-04,2021-04-01,47.209685665,0.0,47.209685665
2021-22,34,Puducherry,2021-05,2021-05-01,12.769007248000001,0.0,12.769007248000001
2021-22,34,Puducherry,2021-06,2021-06-01,30.767558691999994,0.0,30.767558691999994
2021-22,34,Puducherry,2021-07,2021-07-01,50.892135753000005,0.0,50.892135753000005
2021-22,34,Puducherry,2021-08,2021-08-01,60.353921447000005,19.0445123,79.39843374700001
2021-22,34,Puducherry,2021-09,2021-09-01,46.719557564,0.0,46.719557564
2021-22,34,Puducherry,2021-10,2021-10-01,40.869866151,0.0,40.869866151
2021-22,34,Puducherry,2021-11,2021-11-01,43.269232140999996,0.0,43.269232140999996
2021-22,34,Puducherry,2021-12,2021-12-01,36.514740026000005,0.0,36.514740026000005
2021-22,34,Puducherry,2022-01,2022-01-01,46.312125357,47.7398587,94.051984057
2021-22,34,Puducherry,2022-02,2022-02-01,38.646240336999995,0.0,38.646240336999995
2021-22,34,Puducherry,2022-03,2022-03-01,41.25100210300001,27.2799193,68.53092140300001
2021-22,35,Andaman and Nicobar Island,2021-04,2021-04-01,20.825518686000002,0.0,20.825518686000002
2021-22,35,Andaman and Nicobar Island,2021-05,2021-05-01,8.714420804,0.0,8.714420804
2021-22,35,Andaman and Nicobar Island,2021-06,2021-06-01,10.848376853,0.0,10.848376853
2021-22,35,Andaman and Nicobar Island,2021-07,2021-07-01,24.091540436000003,0.0,24.091540436000003
2021-22,35,Andaman and Nicobar Island,2021-08,2021-08-01,17.604003256,-0.8090830000000002,16.794920255999997
2021-22,35,Andaman and Nicobar Island,2021-09,2021-09-01,18.536109843000002,0.0,18.536109843000002
2021-22,35,Andaman and Nicobar Island,2021-10,2021-10-01,19.516751558999996,0.0,19.516751558999996
2021-22,35,Andaman and Nicobar Island,2021-11,2021-11-01,18.571357076,0.0,18.571357076
2021-22,35,Andaman and Nicobar Island,2021-12,2021-12-01,21.651368256,0.0,21.651368256
2021-22,35,Andaman and Nicobar Island,2022-01,2022-01-01,24.235771279999998,4.5352866,28.771057879999997
2021-22,35,Andaman and Nicobar Island,2022-02,2022-02-01,20.928396857,0.0,20.928396857
2021-22,35,Andaman and Nicobar Island,2022-03,2022-03-01,26.008171744,2.5915923,28.599764043999997
2021-22,36,Telangana,2021-04,2021-04-01,1254.167734841,0.0,1254.167734841
2021-22,36,Telangana,2021-05,2021-05-01,764.263001129,0.0,764.263001129
2021-22,36,Telangana,2021-06,2021-06-01,925.4212879969999,0.0,925.4212879969999
2021-22,36,Telangana,2021-07,2021-07-01,1260.6261924849998,0.0,1260.6261924849998
2021-22,36,Telangana,2021-08,2021-08-01,1452.187238039,157.78264840000003,1609.969886439
2021-22,36,Telangana,2021-09,2021-09-01,1301.9453950590002,0.0,1301.9453950590002
2021-22,36,Telangana,2021-10,2021-10-01,1193.8717016009998,0.0,1193.8717016009998
2021-22,36,Telangana,2021-11,2021-11-01,1281.30284157,0.0,1281.30284157
2021-22,36,Telangana,2021-12,2021-12-01,1138.950128198,0.0,1138.950128198
2021-22,36,Telangana,2022-01,2022-01-01,1254.340765103,703.4468178,1957.787582903
2021-22,36,Telangana,2022-02,2022-02-01,1303.874173052,0.0,1303.874173052
2021-22,36,Telangana,2022-03,2022-03-01,1496.0972582160002,401.9696102,1898.0668684160003
2021-22,37,Andhra Pradesh,2021-04,2021-04-01,1186.290881239,0.0,1186.290881239
2021-22,37,Andhra Pradesh,2021-05,2021-05-01,639.255214508,0.0,639.255214508
2021-22,37,Andhra Pradesh,2021-06,2021-06-01,852.8712114890001,0.0,852.8712114890001
2021-22,37,Andhra Pradesh,2021-07,2021-07-01,1286.1750139209998,0.0,1286.1750139209998
2021-22,37,Andhra Pradesh,2021-08,2021-08-01,1196.982651161,147.50564049999997,1344.488291661
2021-22,37,Andhra Pradesh,2021-09,2021-09-01,1268.1963240320001,0.0,1268.1963240320001
2021-22,37,Andhra Pradesh,2021-10,2021-10-01,1169.077368291,0.0,1169.077368291
2021-22,37,Andhra Pradesh,2021-11,2021-11-01,1202.613586435,0.0,1202.613586435
2021-22,37,Andhra Pradesh,2021-12,2021-12-01,912.4533448299999,0.0,912.4533448299999
2021-22,37,Andhra Pradesh,2022-01,2022-01-01,1173.4408287289998,605.8188068,1779.2596355289998
2021-22,37,Andhra Pradesh,2022-02,2022-02-01,883.718608417,0.0,883.718608417
2021-22,37,Andhra Pradesh,2022-03,2022-03-01,895.1835964769998,346.1821753,1241.3657717769997
2021-22,38,Ladakh,2021-04,2021-04-01,9.551018378,0.0,9.551018378
2021-22,38,Ladakh,2021-05,2021-05-01,2.996165591,0.0,2.996165591
2021-22,38,Ladakh,2021-06,2021-06-01,12.091889047,0.0,12.091889047
2021-22,38,Ladakh,2021-07,2021-07-01,29.535885944,0.0,29.535885944
2021-22,38,Ladakh,2021-08,2021-08-01,24.786702145,0.0,24.786702145
2021-22,38,Ladakh,2021-09,2021-09-01,25.052803065,0.0,25.052803065
2021-22,38,Ladakh,2021-10,2021-10-01,38.015018146,0.0,38.015018146
2021-22,38,Ladakh,2021-11,2021-11-01,30.024390599,0.0,30.024390599
2021-22,38,Ladakh,2021-12,2021-12-01,17.354842466,0.0,17.354842466
2021-22,38,Ladakh,2022-01,2022-01-01,19.578151161,0.0,19.578151161
2021-22,38,Ladakh,2022-02,2022-02-01,10.255114725,0.0,10.255114725
2021-22,38,Ladakh,2022-03,2022-03-01,7.572470268000001,0.0,7.572470268000001
2021-22,97,Other Territory,2021-04,2021-04-01,42.91017285,0.0,42.91017285
2021-22,97,Other Territory,2021-05,2021-05-01,31.6810562,0.0,31.6810562
2021-22,97,Other Territory,2021-06,2021-06-01,16.0209806,0.0,16.0209806
2021-22,97,Other Territory,2021-07,2021-07-01,20.33065445,0.0,20.33065445
2021-22,97,Other Territory,2021-08,2021-08-01,16.53849045,0.0,16.53849045
2021-22,97,Other Territory,2021-09,2021-09-01,12.654358872,0.0,12.654358872
2021-22,97,Other Territory,2021-10,2021-10-01,20.3493516,0.0,20.3493516
2021-22,97,Other Territory,2021-11,2021-11-01,12.9749459,0.0,12.9749459
2021-22,97,Other Territory,2021-12,2021-12-01,11.5087223,0.0,11.5087223
2021-22,97,Other Territory,2022-01,2022-01-01,9.8844967,0.0,9.8844967
2021-22,97,Other Territory,2022-02,2022-02-01,14.7324289,0.0,14.7324289
2021-22,97,Other Territory,2022-03,2022-03-01,19.6910426,0.0,19.6910426
2022-23,01,Jammu and Kashmir,2022-04,2022-04-01,429.40035147599997,0.0,429.40035147599997
2022-23,01,Jammu and Kashmir,2022-05,2022-05-01,340.7474154909999,0.0,340.7474154909999
2022-23,01,Jammu and Kashmir,2022-06,2022-06-01,360.83231975,160.5524286,521.38474835
2022-23,01,Jammu and Kashmir,2022-07,2022-07-01,385.163401695,0.0,385.163401695
2022-23,01,Jammu and Kashmir,2022-08,2022-08-01,361.000180559,0.0,361.000180559
2022-23,01,Jammu and Kashmir,2022-09,2022-09-01,361.92057264399995,0.0,361.92057264399995
2022-23,01,Jammu and Kashmir,2022-10,2022-10-01,442.3452972895,130.8442936,573.1895908895
2022-23,01,Jammu and Kashmir,2022-11,2022-11-01,398.6860590140001,0.0,398.6860590140001
2022-23,01,Jammu and Kashmir,2022-12,2022-12-01,363.7917630900001,0.0,363.7917630900001
2022-23,01,Jammu and Kashmir,2023-01,2023-01-01,426.44919089100006,0.0,426.44919089100006
2022-23,01,Jammu and Kashmir,2023-02,2023-02-01,369.39436709100005,0.0,369.39436709100005
2022-23,01,Jammu and Kashmir,2023-03,2023-03-01,404.072904107,-20.5524286,383.520475507
2022-23,02,Himachal Pradesh,2022-04,2022-04-01,302.22857239999996,0.0,302.22857239999996
2022-23,02,Himachal Pradesh,2022-05,2022-05-01,242.84763858799997,0.0,242.84763858799997
2022-23,02,Himachal Pradesh,2022-06,2022-06-01,206.56840785499998,123.883736,330.452143855
2022-23,02,Himachal Pradesh,2022-07,2022-07-01,297.45483441700003,0.0,297.45483441700003
2022-23,02,Himachal Pradesh,2022-08,2022-08-01,234.54288405500003,0.0,234.54288405500003
2022-23,02,Himachal Pradesh,2022-09,2022-09-01,204.840531159,0.0,204.840531159
2022-23,02,Himachal Pradesh,2022-10,2022-10-01,306.31995826599996,100.9606648,407.280623066
2022-23,02,Himachal Pradesh,2022-11,2022-11-01,263.38181856700004,0.0,263.38181856700004
2022-23,02,Himachal Pradesh,2022-12,2022-12-01,184.10337478,0.0,184.10337478
2022-23,02,Himachal Pradesh,2023-01,2023-01-01,303.59425056099997,0.0,303.59425056099997
2022-23,02,Himachal Pradesh,2023-02,2023-02-01,205.47370179,0.0,205.47370179
2022-23,02,Himachal Pradesh,2023-03,2023-03-01,225.11776931299997,-11.403736,213.71403331299996
2022-23,03,Punjab,2022-04,2022-04-01,947.1021364750002,0.0,947.1021364750002
2022-23,03,Punjab,2022-05,2022-05-01,747.087365159,0.0,747.087365159
2022-23,03,Punjab,2022-06,2022-06-01,750.2226468420001,504.3040158,1254.5266626420002
2022-23,03,Punjab,2022-07,2022-07-01,784.052945538,0.0,784.052945538
2022-23,03,Punjab,2022-08,2022-08-01,794.3478143340001,0.0,794.3478143340001
2022-23,03,Punjab,2022-09,2022-09-01,788.680352054,0.0,788.680352054
2022-23,03,Punjab,2022-10,2022-10-01,1141.9764604235002,410.9891285,1552.9655889235
2022-23,03,Punjab,2022-11,2022-11-01,881.4038731789999,0.0,881.4038731789999
2022-23,03,Punjab,2022-12,2022-12-01,848.8903033269999,0.0,848.8903033269999
2022-23,03,Punjab,2023-01,2023-01-01,1035.133266648,0.0,1035.133266648
2022-23,03,Punjab,2023-02,2023-02-01,1100.39748932,0.0,1100.39748932
2022-23,03,Punjab,2023-03,2023-03-01,1025.9033216779999,-52.0540158,973.8493058779999
2022-23,04,Chandigarh,2022-04,2022-04-01,114.52155706000002,0.0,114.52155706000002
2022-23,04,Chandigarh,2022-05,2022-05-01,107.93194733800001,0.0,107.93194733800001
2022-23,04,Chandigarh,2022-06,2022-06-01,96.34168728799999,49.1599753,145.501662588
2022-23,04,Chandigarh,2022-07,2022-07-01,113.82103596900001,0.0,113.82103596900001
2022-23,04,Chandigarh,2022-08,2022-08-01,113.5660944,0.0,113.5660944
2022-23,04,Chandigarh,2022-09,2022-09-01,104.11342030499999,0.0,104.11342030499999
2022-23,04,Chandigarh,2022-10,2022-10-01,134.403245375,40.0635624,174.466807775
2022-23,04,Chandigarh,2022-11,2022-11-01,137.057701198,0.0,137.057701198
2022-23,04,Chandigarh,2022-12,2022-12-01,117.69535816900003,0.0,117.69535816900003
2022-23,04,Chandigarh,2023-01,2023-01-01,126.82116138500001,0.0,126.82116138500001
2022-23,04,Chandigarh,2023-02,2023-02-01,127.793228572,0.0,127.793228572
2022-23,04,Chandigarh,2023-03,2023-03-01,115.61465761399998,-5.8499753,109.76468231399998
2022-23,05,Uttarakhand,2022-04,2022-04-01,177.80440932300002,0.0,177.80440932300002
2022-23,05,Uttarakhand,2022-05,2022-05-01,175.12611674100003,0.0,175.12611674100003
2022-23,05,Uttarakhand,2022-06,2022-06-01,164.93671000300006,166.9966201,331.93333010300006
2022-23,05,Uttarakhand,2022-07,2022-07-01,235.01617149300003,0.0,235.01617149300003
2022-23,05,Uttarakhand,2022-08,2022-08-01,234.21295061399994,0.0,234.21295061399994
2022-23,05,Uttarakhand,2022-09,2022-09-01,127.03647802400002,0.0,127.03647802400002
2022-23,05,Uttarakhand,2022-10,2022-10-01,264.659932211,136.0960714,400.756003611
2022-23,05,Uttarakhand,2022-11,2022-11-01,256.615963634,0.0,256.615963634
2022-23,05,Uttarakhand,2022-12,2022-12-01,225.431944867,0.0,225.431944867
2022-23,05,Uttarakhand,2023-01,2023-01-01,243.222816323,0.0,243.222816323
2022-23,05,Uttarakhand,2023-02,2023-02-01,198.53202904500003,0.0,198.53202904500003
2022-23,05,Uttarakhand,2023-03,2023-03-01,141.95934238100006,-7.19662009999999,134.76272228100007
2022-23,06,Haryana,2022-04,2022-04-01,1078.802043008,0.0,1078.802043008
2022-23,06,Haryana,2022-05,2022-05-01,703.1179978030003,0.0,703.1179978030003
2022-23,06,Haryana,2022-06,2022-06-01,836.4575156989998,512.9576444,1349.4151600989999
2022-23,06,Haryana,2022-07,2022-07-01,913.815081913,0.0,913.815081913
2022-23,06,Haryana,2022-08,2022-08-01,713.4310300149999,0.0,713.4310300149999
2022-23,06,Haryana,2022-09,2022-09-01,1047.3257506849998,0.0,1047.3257506849998
2022-23,06,Haryana,2022-10,2022-10-01,1313.494746143,418.0415159,1731.5362620429999
2022-23,06,Haryana,2022-11,2022-11-01,1074.7897762970001,0.0,1074.7897762970001
2022-23,06,Haryana,2022-12,2022-12-01,1001.256683241,0.0,1001.256683241
2022-23,06,Haryana,2023-01,2023-01-01,1237.3183478800004,0.0,1237.3183478800004
2022-23,06,Haryana,2023-02,2023-02-01,975.0817355570001,0.0,975.0817355570001
2022-23,06,Haryana,2023-03,2023-03-01,933.970117608,-47.3976444,886.572473208
2022-23,07,Delhi,2022-04,2022-04-01,1319.3097268880001,0.0,1319.3097268880001
2022-23,07,Delhi,2022-05,2022-05-01,1024.377105033,0.0,1024.377105033
2022-23,07,Delhi,2022-06,2022-06-01,800.3851263170003,565.2476556,1365.6327819170003
2022-23,07,Delhi,2022-07,2022-07-01,1001.402777999,0.0,1001.402777999
2022-23,07,Delhi,2022-08,2022-08-01,1027.111686038,0.0,1027.111686038
2022-23,07,Delhi,2022-09,2022-09-01,1067.03461162,0.0,1067.03461162
2022-23,07,Delhi,2022-10,2022-10-01,1461.821718371,460.6559417,1922.4776600710002
2022-23,07,Delhi,2022-11,2022-11-01,1279.23747596,0.0,1279.23747596
2022-23,07,Delhi,2022-12,2022-12-01,1183.007010256,0.0,1183.007010256
2022-23,07,Delhi,2023-01,2023-01-01,1241.4901975670002,0.0,1241.4901975670002
2022-23,07,Delhi,2023-02,2023-02-01,1092.957341136,0.0,1092.957341136
2022-23,07,Delhi,2023-03,2023-03-01,1129.6083557519999,-57.4476556,1072.160700152
2022-23,08,Rajasthan,2022-04,2022-04-01,1581.3106002559998,0.0,1581.3106002559998
2022-23,08,Rajasthan,2022-05,2022-05-01,1325.1702233259998,0.0,1325.1702233259998
2022-23,08,Rajasthan,2022-06,2022-06-01,1291.797579056,577.9519189,1869.749497956
2022-23,08,Rajasthan,2022-07,2022-07-01,1415.258827499,0.0,1415.258827499
2022-23,08,Rajasthan,2022-08,2022-08-01,1358.7747083690003,0.0,1358.7747083690003
2022-23,08,Rajasthan,2022-09,2022-09-01,1241.748237387,0.0,1241.748237387
2022-23,08,Rajasthan,2022-10,2022-10-01,1755.0300307579998,471.0094466,2226.0394773579997
2022-23,08,Rajasthan,2022-11,2022-11-01,1616.5592346609997,0.0,1616.5592346609997
2022-23,08,Rajasthan,2022-12,2022-12-01,1712.5696059729999,0.0,1712.5696059729999
2022-23,08,Rajasthan,2023-01,2023-01-01,1784.4314164580003,0.0,1784.4314164580003
2022-23,08,Rajasthan,2023-02,2023-02-01,1576.8300080319998,0.0,1576.8300080319998
2022-23,08,Rajasthan,2023-03,2023-03-01,1681.9561098419997,-85.5019189,1596.4541909419997
2022-23,09,Uttar Pradesh,2022-04,2022-04-01,3338.011054287,0.0,3338.011054287
2022-23,09,Uttar Pradesh,2022-05,2022-05-01,2923.570951139,0.0,2923.570951139
2022-23,09,Uttar Pradesh,2022-06,2022-06-01,3007.221789242,1124.4193588,4131.641148042
2022-23,09,Uttar Pradesh,2022-07,2022-07-01,2936.1132527109994,0.0,2936.1132527109994
2022-23,09,Uttar Pradesh,2022-08,2022-08-01,2676.531464462,0.0,2676.531464462
2022-23,09,Uttar Pradesh,2022-09,2022-09-01,2691.854850977,0.0,2691.854850977
2022-23,09,Uttar Pradesh,2022-10,2022-10-01,3137.7425280745,916.3602072,4054.1027352745
2022-23,09,Uttar Pradesh,2022-11,2022-11-01,3143.5835651899997,0.0,3143.5835651899997
2022-23,09,Uttar Pradesh,2022-12,2022-12-01,3259.3595483599997,0.0,3259.3595483599997
2022-23,09,Uttar Pradesh,2023-01,2023-01-01,3324.6145301720003,0.0,3324.6145301720003
2022-23,09,Uttar Pradesh,2023-02,2023-02-01,3061.0673527900003,0.0,3061.0673527900003
2022-23,09,Uttar Pradesh,2023-03,2023-03-01,3174.8519506019998,-161.2493588,3013.6025918019996
2022-23,10,Bihar,2022-04,2022-04-01,1289.9924005350001,0.0,1289.9924005350001
2022-23,10,Bihar,2022-05,2022-05-01,1211.5318188740002,0.0,1211.5318188740002
2022-23,10,Bihar,2022-06,2022-06-01,1316.49729024,424.9484004,1741.44569064
2022-23,10,Bihar,2022-07,2022-07-01,1346.630927965,0.0,1346.630927965
2022-23,10,Bihar,2022-08,2022-08-01,1176.428580126,0.0,1176.428580126
2022-23,10,Bihar,2022-09,2022-09-01,1135.634132359,0.0,1135.634132359
2022-23,10,Bihar,2022-10,2022-10-01,1382.0032024079999,346.3172357,1728.320438108
2022-23,10,Bihar,2022-11,2022-11-01,1299.5629285670002,0.0,1299.5629285670002
2022-23,10,Bihar,2022-12,2022-12-01,1094.762653085,0.0,1094.762653085
2022-23,10,Bihar,2023-01,2023-01-01,1331.8254820870002,0.0,1331.8254820870002
2022-23,10,Bihar,2023-02,2023-02-01,1256.413763962,0.0,1256.413763962
2022-23,10,Bihar,2023-03,2023-03-01,1264.208507732,-64.1984004,1200.010107332
2022-23,11,Sikkim,2022-04,2022-04-01,53.968592934,0.0,53.968592934
2022-23,11,Sikkim,2022-05,2022-05-01,37.242360274,0.0,37.242360274
2022-23,11,Sikkim,2022-06,2022-06-01,38.083138762,8.2853891,46.36852786199999
2022-23,11,Sikkim,2022-07,2022-07-01,45.314826136,0.0,45.314826136
2022-23,11,Sikkim,2022-08,2022-08-01,38.772977773,0.0,38.772977773
2022-23,11,Sikkim,2022-09,2022-09-01,30.334857757000005,0.0,30.334857757000005
2022-23,11,Sikkim,2022-10,2022-10-01,50.1465448555,6.7522858,56.8988306555
2022-23,11,Sikkim,2022-11,2022-11-01,46.513837976000005,0.0,46.513837976000005
2022-23,11,Sikkim,2022-12,2022-12-01,45.729683705,0.0,45.729683705
2022-23,11,Sikkim,2023-01,2023-01-01,52.533567084000005,0.0,52.533567084000005
2022-23,11,Sikkim,2023-02,2023-02-01,45.240392451999995,0.0,45.240392451999995
2022-23,11,Sikkim,2023-03,2023-03-01,40.066815832,-2.0953891,37.971426732000005
2022-23,12,Arunachal Pradesh,2022-04,2022-04-01,104.87562925,0.0,104.87562925
2022-23,12,Arunachal Pradesh,2022-05,2022-05-01,96.253198949,0.0,96.253198949
2022-23,12,Arunachal Pradesh,2022-06,2022-06-01,97.337050118,8.6536286,105.990678718
2022-23,12,Arunachal Pradesh,2022-07,2022-07-01,83.43206948699999,0.0,83.43206948699999
2022-23,12,Arunachal Pradesh,2022-08,2022-08-01,81.47160482000001,0.0,81.47160482000001
2022-23,12,Arunachal Pradesh,2022-09,2022-09-01,80.914598928,0.0,80.914598928
2022-23,12,Arunachal Pradesh,2022-10,2022-10-01,89.10654835199999,7.0523874,96.15893575199999
2022-23,12,Arunachal Pradesh,2022-11,2022-11-01,97.624426464,0.0,97.624426464
2022-23,12,Arunachal Pradesh,2022-12,2022-12-01,84.85966921699999,0.0,84.85966921699999
2022-23,12,Arunachal Pradesh,2023-01,2023-01-01,104.42337217000001,0.0,104.42337217000001
2022-23,12,Arunachal Pradesh,2023-02,2023-02-01,91.590205734,0.0,91.590205734
2022-23,12,Arunachal Pradesh,2023-03,2023-03-01,106.06813512299999,-5.4036286,100.66450652299999
2022-23,13,Nagaland,2022-04,2022-04-01,65.527083052,0.0,65.527083052
2022-23,13,Nagaland,2022-05,2022-05-01,59.04544391099999,0.0,59.04544391099999
2022-23,13,Nagaland,2022-06,2022-06-01,55.846047161,8.6536286,64.499675761
2022-23,13,Nagaland,2022-07,2022-07-01,56.118483004999995,0.0,56.118483004999995
2022-23,13,Nagaland,2022-08,2022-08-01,62.39783271900001,0.0,62.39783271900001
2022-23,13,Nagaland,2022-09,2022-09-01,56.462345623000004,0.0,56.462345623000004
2022-23,13,Nagaland,2022-10,2022-10-01,66.117045477,7.0523874,73.169432877
2022-23,13,Nagaland,2022-11,2022-11-01,57.741261402,0.0,57.741261402
2022-23,13,Nagaland,2022-12,2022-12-01,60.639382139999995,0.0,60.639382139999995
2022-23,13,Nagaland,2023-01,2023-01-01,68.00413072799999,0.0,68.00413072799999
2022-23,13,Nagaland,2023-02,2023-02-01,55.56870245,0.0,55.56870245
2022-23,13,Nagaland,2023-03,2023-03-01,58.13095476899999,-3.0036286,55.12732616899999
2022-23,14,Manipur,2022-04,2022-04-01,86.92640143199999,0.0,86.92640143199999
2022-23,14,Manipur,2022-05,2022-05-01,96.71120712099999,0.0,96.71120712099999
2022-23,14,Manipur,2022-06,2022-06-01,88.735401469,11.5995447,100.33494616899999
2022-23,14,Manipur,2022-07,2022-07-01,85.356539289,0.0,85.356539289
2022-23,14,Manipur,2022-08,2022-08-01,79.62436605099998,0.0,79.62436605099998
2022-23,14,Manipur,2022-09,2022-09-01,86.00512105,0.0,86.00512105
2022-23,14,Manipur,2022-10,2022-10-01,98.2833484085,9.4532001,107.73654850850001
2022-23,14,Manipur,2022-11,2022-11-01,87.10841235700002,0.0,87.10841235700002
2022-23,14,Manipur,2022-12,2022-12-01,96.065166466,0.0,96.065166466
2022-23,14,Manipur,2023-01,2023-01-01,102.72051634500001,0.0,102.72051634500001
2022-23,14,Manipur,2023-02,2023-02-01,97.40156396100001,0.0,97.40156396100001
2022-23,14,Manipur,2023-03,2023-03-01,93.16210048100001,-4.7995447,88.36255578100001
2022-23,15,Mizoram,2022-04,2022-04-01,63.01440288100001,0.0,63.01440288100001
2022-23,15,Mizoram,2022-05,2022-05-01,55.138263120000005,0.0,55.138263120000005
2022-23,15,Mizoram,2022-06,2022-06-01,56.276901889,6.4441915,62.721093389
2022-23,15,Mizoram,2022-07,2022-07-01,46.406171326,0.0,46.406171326
2022-23,15,Mizoram,2022-08,2022-08-01,49.641392372,0.0,49.641392372
2022-23,15,Mizoram,2022-09,2022-09-01,48.486333265999995,0.0,48.486333265999995
2022-23,15,Mizoram,2022-10,2022-10-01,51.8326060405,5.2517778,57.0843838405
2022-23,15,Mizoram,2022-11,2022-11-01,56.690386259,0.0,56.690386259
2022-23,15,Mizoram,2022-12,2022-12-01,52.853225689000006,0.0,52.853225689000006
2022-23,15,Mizoram,2023-01,2023-01-01,58.09685447800001,0.0,58.09685447800001
2022-23,15,Mizoram,2023-02,2023-02-01,58.33931783100001,0.0,58.33931783100001
2022-23,15,Mizoram,2023-03,2023-03-01,55.93925604100001,-2.8541915,53.08506454100001
2022-23,16,Tripura,2022-04,2022-04-01,87.512732725,0.0,87.512732725
2022-23,16,Tripura,2022-05,2022-05-01,73.70827884799999,0.0,73.70827884799999
2022-23,16,Tripura,2022-06,2022-06-01,71.57208312,26.5132451,98.08532822000001
2022-23,16,Tripura,2022-07,2022-07-01,80.161332932,0.0,80.161332932
2022-23,16,Tripura,2022-08,2022-08-01,74.816525056,0.0,74.816525056
2022-23,16,Tripura,2022-09,2022-09-01,74.744500114,0.0,74.744500114
2022-23,16,Tripura,2022-10,2022-10-01,93.290018325,21.6073145,114.897332825
2022-23,16,Tripura,2022-11,2022-11-01,78.19958984,0.0,78.19958984
2022-23,16,Tripura,2022-12,2022-12-01,79.81288179199998,0.0,79.81288179199998
2022-23,16,Tripura,2023-01,2023-01-01,108.90936904000002,0.0,108.90936904000002
2022-23,16,Tripura,2023-02,2023-02-01,86.193062535,0.0,86.193062535
2022-23,16,Tripura,2023-03,2023-03-01,73.57798766799999,-3.7532451,69.82474256799999
2022-23,17,Meghalaya,2022-04,2022-04-01,84.488631483,0.0,84.488631483
2022-23,17,Meghalaya,2022-05,2022-05-01,74.85345490899999,0.0,74.85345490899999
2022-23,17,Meghalaya,2022-06,2022-06-01,79.70599793199999,21.3578919,101.06388983199999
2022-23,17,Meghalaya,2022-07,2022-07-01,77.84922757,0.0,77.84922757
2022-23,17,Meghalaya,2022-08,2022-08-01,67.95015097900001,0.0,67.95015097900001
2022-23,17,Meghalaya,2022-09,2022-09-01,76.848672834,0.0,76.848672834
2022-23,17,Meghalaya,2022-10,2022-10-01,74.49033306600002,17.4058923,91.89622536600002
2022-23,17,Meghalaya,2022-11,2022-11-01,87.16082643399999,0.0,87.16082643399999
2022-23,17,Meghalaya,2022-12,2022-12-01,84.97651892100001,0.0,84.97651892100001
2022-23,17,Meghalaya,2023-01,2023-01-01,96.78518841900001,0.0,96.78518841900001
2022-23,17,Meghalaya,2023-02,2023-02-01,89.29876183299999,0.0,89.29876183299999
2022-23,17,Meghalaya,2023-03,2023-03-01,70.551009374,-3.5978919,66.95311747400001
2022-23,18,Assam,2022-04,2022-04-01,523.548255343,0.0,523.548255343
2022-23,18,Assam,2022-05,2022-05-01,570.101526845,0.0,570.101526845
2022-23,18,Assam,2022-06,2022-06-01,526.480996207,201.6111345,728.092130707
2022-23,18,Assam,2022-07,2022-07-01,498.95212760699997,0.0,498.95212760699997
2022-23,18,Assam,2022-08,2022-08-01,497.19506872799997,0.0,497.19506872799997
2022-23,18,Assam,2022-09,2022-09-01,555.670040484,0.0,555.670040484
2022-23,18,Assam,2022-10,2022-10-01,683.126252382,164.3056209,847.431873282
2022-23,18,Assam,2022-11,2022-11-01,607.560983665,0.0,607.560983665
2022-23,18,Assam,2022-12,2022-12-01,637.9592050389999,0.0,637.9592050389999
2022-23,18,Assam,2023-01,2023-01-01,684.182174082,0.0,684.182174082
2022-23,18,Assam,2023-02,2023-02-01,650.8898312639999,0.0,650.8898312639999
2022-23,18,Assam,2023-03,2023-03-01,661.794135616,-33.6011345,628.193001116
2022-23,19,West Bengal,2022-04,2022-04-01,1179.396603558,0.0,1179.396603558
2022-23,19,West Bengal,2022-05,2022-05-01,1074.1501061949998,0.0,1074.1501061949998
2022-23,19,West Bengal,2022-06,2022-06-01,1169.0490081589999,676.8242286,1845.8732367589998
2022-23,19,West Bengal,2022-07,2022-07-01,1316.152217954,0.0,1316.152217954
2022-23,19,West Bengal,2022-08,2022-08-01,1204.209154185,0.0,1204.209154185
2022-23,19,West Bengal,2022-09,2022-09-01,1338.963707925,0.0,1338.963707925
2022-23,19,West Bengal,2022-10,2022-10-01,1728.6850432235,551.5867237,2280.2717669235
2022-23,19,West Bengal,2022-11,2022-11-01,1264.378715448,0.0,1264.378715448
2022-23,19,West Bengal,2022-12,2022-12-01,1631.474273204,0.0,1631.474273204
2022-23,19,West Bengal,2023-01,2023-01-01,1379.7491795749997,0.0,1379.7491795749997
2022-23,19,West Bengal,2023-02,2023-02-01,1666.5200128669997,0.0,1666.5200128669997
2022-23,19,West Bengal,2023-03,2023-03-01,1348.1619342269998,-68.5542286,1279.6077056269999
2022-23,20,Jharkhand,2022-04,2022-04-01,256.09816945899996,0.0,256.09816945899996
2022-23,20,Jharkhand,2022-05,2022-05-01,240.927663392,0.0,240.927663392
2022-23,20,Jharkhand,2022-06,2022-06-01,200.50000137299995,215.9724756,416.47247697299997
2022-23,20,Jharkhand,2022-07,2022-07-01,298.9426328960001,0.0,298.9426328960001
2022-23,20,Jharkhand,2022-08,2022-08-01,253.05347735199996,0.0,253.05347735199996
2022-23,20,Jharkhand,2022-09,2022-09-01,205.93040501800004,0.0,205.93040501800004
2022-23,20,Jharkhand,2022-10,2022-10-01,269.4092932879999,176.009583,445.41887628799986
2022-23,20,Jharkhand,2022-11,2022-11-01,290.4005607309999,0.0,290.4005607309999
2022-23,20,Jharkhand,2022-12,2022-12-01,247.89219725300003,0.0,247.89219725300003
2022-23,20,Jharkhand,2023-01,2023-01-01,391.596898789,0.0,391.596898789
2022-23,20,Jharkhand,2023-02,2023-02-01,258.454477418,0.0,258.454477418
2022-23,20,Jharkhand,2023-03,2023-03-01,370.057776235,-18.7524756,351.305300635
2022-23,21,Odisha,2022-04,2022-04-01,63.13483771100001,0.0,63.13483771100001
2022-23,21,Odisha,2022-05,2022-05-01,163.36838647899998,0.0,163.36838647899998
2022-23,21,Odisha,2022-06,2022-06-01,212.36610599499997,372.1060299,584.472135895
2022-23,21,Odisha,2022-07,2022-07-01,383.973920055,0.0,383.973920055
2022-23,21,Odisha,2022-08,2022-08-01,362.9725542940001,0.0,362.9725542940001
2022-23,21,Odisha,2022-09,2022-09-01,291.93142691800006,0.0,291.93142691800006
2022-23,21,Odisha,2022-10,2022-10-01,572.975081969,303.2526574,876.227739369
2022-23,21,Odisha,2022-11,2022-11-01,439.97842648,0.0,439.97842648
2022-23,21,Odisha,2022-12,2022-12-01,527.043959451,0.0,527.043959451
2022-23,21,Odisha,2023-01,2023-01-01,617.0056952699999,0.0,617.0056952699999
2022-23,21,Odisha,2023-02,2023-02-01,506.58703180300006,0.0,506.58703180300006
2022-23,21,Odisha,2023-03,2023-03-01,574.328079591,-29.2460299,545.082049691
2022-23,22,Chhattisgarh,2022-04,2022-04-01,265.32533799999993,0.0,265.32533799999993
2022-23,22,Chhattisgarh,2022-05,2022-05-01,105.34772565300003,0.0,105.34772565300003
2022-23,22,Chhattisgarh,2022-06,2022-06-01,164.84660485299997,247.8251936,412.67179845299995
2022-23,22,Chhattisgarh,2022-07,2022-07-01,283.4188345000001,0.0,283.4188345000001
2022-23,22,Chhattisgarh,2022-08,2022-08-01,246.29236180800004,0.0,246.29236180800004
2022-23,22,Chhattisgarh,2022-09,2022-09-01,230.98610014099992,0.0,230.98610014099992
2022-23,22,Chhattisgarh,2022-10,2022-10-01,361.97998354599997,201.9683705,563.948354046
2022-23,22,Chhattisgarh,2022-11,2022-11-01,392.312728447,0.0,392.312728447
2022-23,22,Chhattisgarh,2022-12,2022-12-01,416.02846176200006,0.0,416.02846176200006
2022-23,22,Chhattisgarh,2023-01,2023-01-01,282.512372907,0.0,282.512372907
2022-23,22,Chhattisgarh,2023-02,2023-02-01,328.9483671700001,0.0,328.9483671700001
2022-23,22,Chhattisgarh,2023-03,2023-03-01,393.52858221400004,-19.9451936,373.58338861400006
2022-23,23,Madhya Pradesh,2022-04,2022-04-01,1314.9695815819998,0.0,1314.9695815819998
2022-23,23,Madhya Pradesh,2022-05,2022-05-01,1141.1659857210002,0.0,1141.1659857210002
2022-23,23,Madhya Pradesh,2022-06,2022-06-01,1202.463421919,516.2718001,1718.735222019
2022-23,23,Madhya Pradesh,2022-07,2022-07-01,1231.647828625,0.0,1231.647828625
2022-23,23,Madhya Pradesh,2022-08,2022-08-01,1068.066051636,0.0,1068.066051636
2022-23,23,Madhya Pradesh,2022-09,2022-09-01,1026.978860051,0.0,1026.978860051
2022-23,23,Madhya Pradesh,2022-10,2022-10-01,1388.0145022274999,420.7424302,1808.7569324274998
2022-23,23,Madhya Pradesh,2022-11,2022-11-01,1437.083263316,0.0,1437.083263316
2022-23,23,Madhya Pradesh,2022-12,2022-12-01,2150.412833589,0.0,2150.412833589
2022-23,23,Madhya Pradesh,2023-01,2023-01-01,1355.6551589859998,0.0,1355.6551589859998
2022-23,23,Madhya Pradesh,2023-02,2023-02-01,1290.4502095070002,0.0,1290.4502095070002
2022-23,23,Madhya Pradesh,2023-03,2023-03-01,1368.3874790240002,-69.4518001,1298.9356789240003
2022-23,24,Gujarat,2022-04,2022-04-01,1161.4769432729997,0.0,1161.4769432729997
2022-23,24,Gujarat,2022-05,2022-05-01,1120.877438115,0.0,1120.877438115
2022-23,24,Gujarat,2022-06,2022-06-01,1226.3086489450002,971.7840802,2198.0927291450002
2022-23,24,Gujarat,2022-07,2022-07-01,1439.5202295399997,0.0,1439.5202295399997
2022-23,24,Gujarat,2022-08,2022-08-01,1237.678492209,0.0,1237.678492209
2022-23,24,Gujarat,2022-09,2022-09-01,1332.9588864349998,0.0,1332.9588864349998
2022-23,24,Gujarat,2022-10,2022-10-01,1909.9717628815,791.9680979,2701.9398607815
2022-23,24,Gujarat,2022-11,2022-11-01,1445.1980786279996,0.0,1445.1980786279996
2022-23,24,Gujarat,2022-12,2022-12-01,1788.811430356,0.0,1788.811430356
2022-23,24,Gujarat,2023-01,2023-01-01,1899.349459287,0.0,1899.349459287
2022-23,24,Gujarat,2023-02,2023-02-01,1953.942990015,0.0,1953.942990015
2022-23,24,Gujarat,2023-03,2023-03-01,1917.6573896350003,-97.5040802,1820.1533094350002
2022-23,25,Daman and Diu,2022-04,2022-04-01,0.082148213,0.0,0.082148213
2022-23,25,Daman and Diu,2022-05,2022-05-01,0.050890129,0.0,0.050890129
2022-23,25,Daman and Diu,2022-06,2022-06-01,0.051317115,21.7261314,21.777448515
2022-23,25,Daman and Diu,2022-07,2022-07-01,0.154189238,0.0,0.154189238
2022-23,25,Daman and Diu,2022-08,2022-08-01,0.046760787,0.0,0.046760787
2022-23,25,Daman and Diu,2022-09,2022-09-01,0.046744256,0.0,0.046744256
2022-23,25,Daman and Diu,2022-10,2022-10-01,0.318655713,17.7059939,18.024649612999998
2022-23,25,Daman and Diu,2022-11,2022-11-01,0.070274424,0.0,0.070274424
2022-23,25,Daman and Diu,2022-12,2022-12-01,0.047909283000000004,0.0,0.047909283000000004
2022-23,25,Daman and Diu,2023-01,2023-01-01,0.03494746,0.0,0.03494746
2022-23,25,Daman and Diu,2023-02,2023-02-01,0.026237508000000003,0.0,0.026237508000000003
2022-23,25,Daman and Diu,2023-03,2023-03-01,0.014529712,-0.003868600000000555,0.010661111999999445
2022-23,26,Dadra and Nagar Haveli,2022-04,2022-04-01,55.140789989,0.0,55.140789989
2022-23,26,Dadra and Nagar Haveli,2022-05,2022-05-01,45.279925857,0.0,45.279925857
2022-23,26,Dadra and Nagar Haveli,2022-06,2022-06-01,-19.72703022,25.7767661,6.04973588
2022-23,26,Dadra and Nagar Haveli,2022-07,2022-07-01,32.328595555,0.0,32.328595555
2022-23,26,Dadra and Nagar Haveli,2022-08,2022-08-01,38.49448335499999,0.0,38.49448335499999
2022-23,26,Dadra and Nagar Haveli,2022-09,2022-09-01,32.087096807,0.0,32.087096807
2022-23,26,Dadra and Nagar Haveli,2022-10,2022-10-01,53.1619917455,21.0071113,74.16910304550001
2022-23,26,Dadra and Nagar Haveli,2022-11,2022-11-01,35.892247178999995,0.0,35.892247178999995
2022-23,26,Dadra and Nagar Haveli,2022-12,2022-12-01,46.235150659000006,0.0,46.235150659000006
2022-23,26,Dadra and Nagar Haveli,2023-01,2023-01-01,66.96284362899999,0.0,66.96284362899999
2022-23,26,Dadra and Nagar Haveli,2023-02,2023-02-01,34.460392753,0.0,34.460392753
2022-23,26,Dadra and Nagar Haveli,2023-03,2023-03-01,35.615806562,-1.7967661,33.819040462000004
2022-23,27,Maharashtra,2022-04,2022-04-01,3023.6151313210003,0.0,3023.6151313210003
2022-23,27,Maharashtra,2022-05,2022-05-01,2443.2643268740003,0.0,2443.2643268740003
2022-23,27,Maharashtra,2022-06,2022-06-01,2770.8280799890003,2037.6533565,4808.481436489001
2022-23,27,Maharashtra,2022-07,2022-07-01,3248.479928711999,0.0,3248.479928711999
2022-23,27,Maharashtra,2022-08,2022-08-01,2958.8622716010004,0.0,2958.8622716010004
2022-23,27,Maharashtra,2022-09,2022-09-01,3144.9603839489996,0.0,3144.9603839489996
2022-23,27,Maharashtra,2022-10,2022-10-01,4113.903334625,1660.6121522,5774.515486825
2022-23,27,Maharashtra,2022-11,2022-11-01,3241.305717171,0.0,3241.305717171
2022-23,27,Maharashtra,2022-12,2022-12-01,3828.7477286810004,0.0,3828.7477286810004
2022-23,27,Maharashtra,2023-01,2023-01-01,4149.420277157,0.0,4149.420277157
2022-23,27,Maharashtra,2023-02,2023-02-01,3520.8638466479997,0.0,3520.8638466479997
2022-23,27,Maharashtra,2023-03,2023-03-01,3282.3796787919996,-166.8033565,3115.5763222919995
2022-23,29,Karnataka,2022-04,2022-04-01,2099.7866083900003,0.0,2099.7866083900003
2022-23,29,Karnataka,2022-05,2022-05-01,1852.8494525410003,0.0,1852.8494525410003
2022-23,29,Karnataka,2022-06,2022-06-01,1967.0682029580003,1217.215717,3184.2839199580003
2022-23,29,Karnataka,2022-07,2022-07-01,2309.4959255690005,0.0,2309.4959255690005
2022-23,29,Karnataka,2022-08,2022-08-01,2092.9288246240003,0.0,2092.9288246240003
2022-23,29,Karnataka,2022-09,2022-09-01,2257.1853967439997,0.0,2257.1853967439997
2022-23,29,Karnataka,2022-10,2022-10-01,2887.928883159,991.9858081,3879.9146912590004
2022-23,29,Karnataka,2022-11,2022-11-01,2366.3652858970004,0.0,2366.3652858970004
2022-23,29,Karnataka,2022-12,2022-12-01,2540.146574519,0.0,2540.146574519
2022-23,29,Karnataka,2023-01,2023-01-01,2795.633685292,0.0,2795.633685292
2022-23,29,Karnataka,2023-02,2023-02-01,2454.293064759,0.0,2454.293064759
2022-23,29,Karnataka,2023-03,2023-03-01,2353.0517815320004,-119.545717,2233.5060645320004
2022-23,30,Goa,2022-04,2022-04-01,140.74639158300002,0.0,140.74639158300002
2022-23,30,Goa,2022-05,2022-05-01,99.91422376899999,0.0,99.91422376899999
2022-23,30,Goa,2022-06,2022-06-01,95.70872605099999,73.4637833,169.17250935099997
2022-23,30,Goa,2022-07,2022-07-01,111.76802074000001,0.0,111.76802074000001
2022-23,30,Goa,2022-08,2022-08-01,111.412914229,0.0,111.412914229
2022-23,30,Goa,2022-09,2022-09-01,80.24706957900001,0.0,80.24706957900001
2022-23,30,Goa,2022-10,2022-10-01,131.65965615349998,59.8702673,191.52992345349998
2022-23,30,Goa,2022-11,2022-11-01,140.11855371500002,0.0,140.11855371500002
2022-23,30,Goa,2022-12,2022-12-01,118.28950541499998,0.0,118.28950541499998
2022-23,30,Goa,2023-01,2023-01-01,136.785042366,0.0,136.785042366
2022-23,30,Goa,2023-02,2023-02-01,132.60968798800002,0.0,132.60968798800002
2022-23,30,Goa,2023-03,2023-03-01,141.51307916500002,-7.20378330000001,134.30929586500002
2022-23,31,Lakshadweep,2022-04,2022-04-01,2.435417758,0.0,2.435417758
2022-23,31,Lakshadweep,2022-05,2022-05-01,1.3735599830000003,0.0,1.3735599830000003
2022-23,31,Lakshadweep,2022-06,2022-06-01,1.6879955100000001,0.0,1.6879955100000001
2022-23,31,Lakshadweep,2022-07,2022-07-01,2.5629069189999996,0.0,2.5629069189999996
2022-23,31,Lakshadweep,2022-08,2022-08-01,1.309041757,0.0,1.309041757
2022-23,31,Lakshadweep,2022-09,2022-09-01,1.2263741240000001,0.0,1.2263741240000001
2022-23,31,Lakshadweep,2022-10,2022-10-01,1.87850125,0.0,1.87850125
2022-23,31,Lakshadweep,2022-11,2022-11-01,1.6112628789999999,0.0,1.6112628789999999
2022-23,31,Lakshadweep,2022-12,2022-12-01,1.517744054,0.0,1.517744054
2022-23,31,Lakshadweep,2023-01,2023-01-01,10.399214606000001,0.0,10.399214606000001
2022-23,31,Lakshadweep,2023-02,2023-02-01,2.274781617,0.0,2.274781617
2022-23,31,Lakshadweep,2023-03,2023-03-01,8.857591044,0.0,8.857591044
2022-23,32,Kerala,2022-04,2022-04-01,1356.685043546,0.0,1356.685043546
2022-23,32,Kerala,2022-05,2022-05-01,1156.161011366,0.0,1156.161011366
2022-23,32,Kerala,2022-06,2022-06-01,1221.72352132,566.5364939,1788.2600152199998
2022-23,32,Kerala,2022-07,2022-07-01,1227.62281499,0.0,1227.62281499
2022-23,32,Kerala,2022-08,2022-08-01,1599.655746782,0.0,1599.655746782
2022-23,32,Kerala,2022-09,2022-09-01,1420.9536759940002,0.0,1420.9536759940002
2022-23,32,Kerala,2022-10,2022-10-01,1392.1975916675,461.7062973,1853.9038889675
2022-23,32,Kerala,2022-11,2022-11-01,1218.355118298,0.0,1218.355118298
2022-23,32,Kerala,2022-12,2022-12-01,1290.3169704200002,0.0,1290.3169704200002
2022-23,32,Kerala,2023-01,2023-01-01,1326.346105583,0.0,1326.346105583
2022-23,32,Kerala,2023-02,2023-02-01,1335.4669440919997,0.0,1335.4669440919997
2022-23,32,Kerala,2023-03,2023-03-01,1340.724886397,-68.0964939,1272.628392497
2022-23,33,Tamil Nadu,2022-04,2022-04-01,1679.7854177049996,0.0,1679.7854177049996
2022-23,33,Tamil Nadu,2022-05,2022-05-01,1529.080527081,0.0,1529.080527081
2022-23,33,Tamil Nadu,2022-06,2022-06-01,1652.135271883,1003.084439,2655.219710883
2022-23,33,Tamil Nadu,2022-07,2022-07-01,1558.4851439069998,0.0,1558.4851439069998
2022-23,33,Tamil Nadu,2022-08,2022-08-01,1382.284471482,0.0,1382.284471482
2022-23,33,Tamil Nadu,2022-09,2022-09-01,1726.9849128150001,0.0,1726.9849128150001
2022-23,33,Tamil Nadu,2022-10,2022-10-01,2047.2652993519994,817.4767331,2864.7420324519994
2022-23,33,Tamil Nadu,2022-11,2022-11-01,1548.91187391,0.0,1548.91187391
2022-23,33,Tamil Nadu,2022-12,2022-12-01,1628.329093424,0.0,1628.329093424
2022-23,33,Tamil Nadu,2023-01,2023-01-01,2114.5315712869997,0.0,2114.5315712869997
2022-23,33,Tamil Nadu,2023-02,2023-02-01,1371.432964245,0.0,1371.432964245
2022-23,33,Tamil Nadu,2023-03,2023-03-01,1769.141333732,-89.854439,1679.286894732
2022-23,34,Puducherry,2022-04,2022-04-01,55.438008637,0.0,55.438008637
2022-23,34,Puducherry,2022-05,2022-05-01,44.845011337,0.0,44.845011337
2022-23,34,Puducherry,2022-06,2022-06-01,52.959610383,36.8239515,89.783561883
2022-23,34,Puducherry,2022-07,2022-07-01,53.11730962199999,0.0,53.11730962199999
2022-23,34,Puducherry,2022-08,2022-08-01,54.864411527,0.0,54.864411527
2022-23,34,Puducherry,2022-09,2022-09-01,46.879415935,0.0,46.879415935
2022-23,34,Puducherry,2022-10,2022-10-01,46.67280457299999,30.0101591,76.68296367299999
2022-23,34,Puducherry,2022-11,2022-11-01,60.3115163,0.0,60.3115163
2022-23,34,Puducherry,2022-12,2022-12-01,47.63707612700001,0.0,47.63707612700001
2022-23,34,Puducherry,2023-01,2023-01-01,52.73230908500001,0.0,52.73230908500001
2022-23,34,Puducherry,2023-02,2023-02-01,58.689449196000005,0.0,58.689449196000005
2022-23,34,Puducherry,2023-03,2023-03-01,57.10802605300001,-2.8539515,54.25407455300001
2022-23,35,Andaman and Nicobar Island,2022-04,2022-04-01,23.651363928,0.0,23.651363928
2022-23,35,Andaman and Nicobar Island,2022-05,2022-05-01,20.792247729000003,0.0,20.792247729000003
2022-23,35,Andaman and Nicobar Island,2022-06,2022-06-01,22.785955789000003,3.4982754,26.284231189000003
2022-23,35,Andaman and Nicobar Island,2022-07,2022-07-01,22.348906334,0.0,22.348906334
2022-23,35,Andaman and Nicobar Island,2022-08,2022-08-01,31.667375016999994,0.0,31.667375016999994
2022-23,35,Andaman and Nicobar Island,2022-09,2022-09-01,21.459348524,0.0,21.459348524
2022-23,35,Andaman and Nicobar Island,2022-10,2022-10-01,25.8169198925,2.8509651,28.6678849925
2022-23,35,Andaman and Nicobar Island,2022-11,2022-11-01,24.004783916999997,0.0,24.004783916999997
2022-23,35,Andaman and Nicobar Island,2022-12,2022-12-01,32.210659514,0.0,32.210659514
2022-23,35,Andaman and Nicobar Island,2023-01,2023-01-01,25.294869226,0.0,25.294869226
2022-23,35,Andaman and Nicobar Island,2023-02,2023-02-01,23.577836854,0.0,23.577836854
2022-23,35,Andaman and Nicobar Island,2023-03,2023-03-01,21.495224984,-1.0482754,20.446949584
2022-23,36,Telangana,2022-04,2022-04-01,1498.5534947850003,0.0,1498.5534947850003
2022-23,36,Telangana,2022-05,2022-05-01,1343.9118765929998,0.0,1343.9118765929998
2022-23,36,Telangana,2022-06,2022-06-01,1423.614871748,542.6009254,1966.215797148
2022-23,36,Telangana,2022-07,2022-07-01,1514.3005392229998,0.0,1514.3005392229998
2022-23,36,Telangana,2022-08,2022-08-01,1493.729668701,0.0,1493.729668701
2022-23,36,Telangana,2022-09,2022-09-01,1579.5284808739998,0.0,1579.5284808739998
2022-23,36,Telangana,2022-10,2022-10-01,1821.7898162264996,440.1987973,2261.9886135264996
2022-23,36,Telangana,2022-11,2022-11-01,1770.713339734,0.0,1770.713339734
2022-23,36,Telangana,2022-12,2022-12-01,2143.067562007,0.0,2143.067562007
2022-23,36,Telangana,2023-01,2023-01-01,1827.6420752759996,0.0,1827.6420752759996
2022-23,36,Telangana,2023-02,2023-02-01,1887.6448763210003,0.0,1887.6448763210003
2022-23,36,Telangana,2023-03,2023-03-01,1832.2852791419998,-93.1409254,1739.1443537419998
2022-23,37,Andhra Pradesh,2022-04,2022-04-01,1092.5677061439999,0.0,1092.5677061439999
2022-23,37,Andhra Pradesh,2022-05,2022-05-01,847.0866532769999,0.0,847.0866532769999
2022-23,37,Andhra Pradesh,2022-06,2022-06-01,961.3215315530001,467.2959446,1428.617476153
2022-23,37,Andhra Pradesh,2022-07,2022-07-01,1281.948594982,0.0,1281.948594982
2022-23,37,Andhra Pradesh,2022-08,2022-08-01,1280.3454702980002,0.0,1280.3454702980002
2022-23,37,Andhra Pradesh,2022-09,2022-09-01,1200.740097889,0.0,1200.740097889
2022-23,37,Andhra Pradesh,2022-10,2022-10-01,1515.3816560055002,380.8289186,1896.2105746055001
2022-23,37,Andhra Pradesh,2022-11,2022-11-01,1322.744093831,0.0,1322.744093831
2022-23,37,Andhra Pradesh,2022-12,2022-12-01,1422.722116919,0.0,1422.722116919
2022-23,37,Andhra Pradesh,2023-01,2023-01-01,1795.3970343869998,0.0,1795.3970343869998
2022-23,37,Andhra Pradesh,2023-02,2023-02-01,1025.3083452150001,0.0,1025.3083452150001
2022-23,37,Andhra Pradesh,2023-03,2023-03-01,1461.9173220859998,-74.2459446,1387.6713774859998
2022-23,38,Ladakh,2022-04,2022-04-01,19.932712651,0.0,19.932712651
2022-23,38,Ladakh,2022-05,2022-05-01,14.623987982,0.0,14.623987982
2022-23,38,Ladakh,2022-06,2022-06-01,27.01026771,0.0,27.01026771
2022-23,38,Ladakh,2022-07,2022-07-01,39.295240453999995,0.0,39.295240453999995
2022-23,38,Ladakh,2022-08,2022-08-01,41.88577741,0.0,41.88577741
2022-23,38,Ladakh,2022-09,2022-09-01,38.286027507,0.0,38.286027507
2022-23,38,Ladakh,2022-10,2022-10-01,48.0567518685,0.0,48.0567518685
2022-23,38,Ladakh,2022-11,2022-11-01,37.359858996,0.0,37.359858996
2022-23,38,Ladakh,2022-12,2022-12-01,29.276022002999998,0.0,29.276022002999998
2022-23,38,Ladakh,2023-01,2023-01-01,24.432645635,0.0,24.432645635
2022-23,38,Ladakh,2023-02,2023-02-01,14.04220441,0.0,14.04220441
2022-23,38,Ladakh,2023-03,2023-03-01,11.381676995000001,0.0,11.381676995000001
2022-23,97,Other Territory,2022-04,2022-04-01,25.2137541,0.0,25.2137541
2022-23,97,Other Territory,2022-05,2022-05-01,13.0648932,0.0,13.0648932
2022-23,97,Other Territory,2022-06,2022-06-01,36.8382809,0.0,36.8382809
2022-23,97,Other Territory,2022-07,2022-07-01,16.5320679,0.0,16.5320679
2022-23,97,Other Territory,2022-08,2022-08-01,17.2979964,0.0,17.2979964
2022-23,97,Other Territory,2022-09,2022-09-01,41.8564119,0.0,41.8564119
2022-23,97,Other Territory,2022-10,2022-10-01,20.1467069395,0.0,20.1467069395
2022-23,97,Other Territory,2022-11,2022-11-01,31.350232379,0.0,31.350232379
2022-23,97,Other Territory,2022-12,2022-12-01,70.422612775,0.0,70.422612775
2022-23,97,Other Territory,2023-01,2023-01-01,41.620024269,0.0,41.620024269
2022-23,97,Other Territory,2023-02,2023-02-01,49.723938222,0.0,49.723938222
2022-23,97,Other Territory,2023-03,2023-03-01,142.72685066,0.0,142.72685066
2023-24,01,Jammu and Kashmir,2023-04,2023-04-01,523.800741639,0.0,523.800741639
2023-24,01,Jammu and Kashmir,2023-05,2023-05-01,383.05,0.0,383.05
2023-24,01,Jammu and Kashmir,2023-06,2023-06-01,417.848789111,0.0,417.848789111
2023-24,01,Jammu and Kashmir,2023-07,2023-07-01,428.51877390699997,0.0,428.51877390699997
2023-24,01,Jammu and Kashmir,2023-08,2023-08-01,419.99705906200006,0.0,419.99705906200006
2023-24,01,Jammu and Kashmir,2023-09,2023-09-01,413.823363177,0.0,413.823363177
2023-24,01,Jammu and Kashmir,2023-10,2023-10-01,467.99056474400004,0.0,467.99056474400004
2023-24,01,Jammu and Kashmir,2023-11,2023-11-01,451.395319543,-99.9,351.49531954300005
2023-24,01,Jammu and Kashmir,2023-12,2023-12-01,426.08520649,0.0,426.08520649
2023-24,01,Jammu and Kashmir,2024-01,2024-01-01,473.7498370410001,0.0,473.7498370410001
2023-24,01,Jammu and Kashmir,2024-02,2024-02-01,428.44635214699997,0.0,428.44635214699997
2023-24,01,Jammu and Kashmir,2024-03,2024-03-01,413.24078235900004,0.0,413.24078235900004
2023-24,02,Himachal Pradesh,2023-04,2023-04-01,320.52384222100005,0.0,320.52384222100005
2023-24,02,Himachal Pradesh,2023-05,2023-05-01,245.88,0.0,245.88
2023-24,02,Himachal Pradesh,2023-06,2023-06-01,222.34629376800004,0.0,222.34629376800004
2023-24,02,Himachal Pradesh,2023-07,2023-07-01,285.307522083,0.0,285.307522083
2023-24,02,Himachal Pradesh,2023-08,2023-08-01,210.312637506,0.0,210.312637506
2023-24,02,Himachal Pradesh,2023-09,2023-09-01,179.323032728,0.0,179.323032728
2023-24,02,Himachal Pradesh,2023-10,2023-10-01,292.760626553,0.0,292.760626553
2023-24,02,Himachal Pradesh,2023-11,2023-11-01,274.652440191,-61.2,213.452440191
2023-24,02,Himachal Pradesh,2023-12,2023-12-01,260.977311106,0.0,260.977311106
2023-24,02,Himachal Pradesh,2024-01,2024-01-01,313.397647342,0.0,313.397647342
2023-24,02,Himachal Pradesh,2024-02,2024-02-01,222.58372877,0.0,222.58372877
2023-24,02,Himachal Pradesh,2024-03,2024-03-01,219.93431504,0.0,219.93431504
2023-24,03,Punjab,2023-04,2023-04-01,1230.0012358560002,0.0,1230.0012358560002
2023-24,03,Punjab,2023-05,2023-05-01,966.17,0.0,966.17
2023-24,03,Punjab,2023-06,2023-06-01,961.450721448,0.0,961.450721448
2023-24,03,Punjab,2023-07,2023-07-01,1137.880951151,0.0,1137.880951151
2023-24,03,Punjab,2023-08,2023-08-01,1201.293253577,0.0,1201.293253577
2023-24,03,Punjab,2023-09,2023-09-01,1156.25768714,0.0,1156.25768714
2023-24,03,Punjab,2023-10,2023-10-01,1559.168087831,0.0,1559.168087831
2023-24,03,Punjab,2023-11,2023-11-01,1170.50341044,-260.1,910.4034104399999
2023-24,03,Punjab,2023-12,2023-12-01,979.4544324880003,0.0,979.4544324880003
2023-24,03,Punjab,2024-01,2024-01-01,1183.1252796630001,0.0,1183.1252796630001
2023-24,03,Punjab,2024-02,2024-02-01,1265.347085157,0.0,1265.347085157
2023-24,03,Punjab,2024-03,2024-03-01,1149.998071562,0.0,1149.998071562
2023-24,04,Chandigarh,2023-04,2023-04-01,151.262071121,0.0,151.262071121
2023-24,04,Chandigarh,2023-05,2023-05-01,119.44,0.0,119.44
2023-24,04,Chandigarh,2023-06,2023-06-01,122.213080077,0.0,122.213080077
2023-24,04,Chandigarh,2023-07,2023-07-01,133.34892931500002,0.0,133.34892931500002
2023-24,04,Chandigarh,2023-08,2023-08-01,119.13818712500003,0.0,119.13818712500003
2023-24,04,Chandigarh,2023-09,2023-09-01,166.50008790700002,0.0,166.50008790700002
2023-24,04,Chandigarh,2023-10,2023-10-01,141.35017822499998,0.0,141.35017822499998
2023-24,04,Chandigarh,2023-11,2023-11-01,145.837855407,-32.4,113.437855407
2023-24,04,Chandigarh,2023-12,2023-12-01,145.59447522600001,0.0,145.59447522600001
2023-24,04,Chandigarh,2024-01,2024-01-01,143.808805439,0.0,143.808805439
2023-24,04,Chandigarh,2024-02,2024-02-01,134.61927264000002,0.0,134.61927264000002
2023-24,04,Chandigarh,2024-03,2024-03-01,134.69255763100003,0.0,134.69255763100003
2023-24,05,Uttarakhand,2023-04,2023-04-01,301.173919985,0.0,301.173919985
2023-24,05,Uttarakhand,2023-05,2023-05-01,254.15,0.0,254.15
2023-24,05,Uttarakhand,2023-06,2023-06-01,221.64085106800007,0.0,221.64085106800007
2023-24,05,Uttarakhand,2023-07,2023-07-01,210.15043277900006,0.0,210.15043277900006
2023-24,05,Uttarakhand,2023-08,2023-08-01,254.87099707500005,0.0,254.87099707500005
2023-24,05,Uttarakhand,2023-09,2023-09-01,223.65766796499997,0.0,223.65766796499997
2023-24,05,Uttarakhand,2023-10,2023-10-01,285.53679543000004,0.0,285.53679543000004
2023-24,05,Uttarakhand,2023-11,2023-11-01,268.98182839200007,-59.4,209.58182839200006
2023-24,05,Uttarakhand,2023-12,2023-12-01,280.71294924099993,0.0,280.71294924099993
2023-24,05,Uttarakhand,2024-01,2024-01-01,301.789846284,0.0,301.789846284
2023-24,05,Uttarakhand,2024-02,2024-02-01,230.76202234699997,0.0,230.76202234699997
2023-24,05,Uttarakhand,2024-03,2024-03-01,213.64890170200002,0.0,213.64890170200002
2023-24,06,Haryana,2023-04,2023-04-01,1570.2414541539997,0.0,1570.2414541539997
2023-24,06,Haryana,2023-05,2023-05-01,1024.11,0.0,1024.11
2023-24,06,Haryana,2023-06,2023-06-01,1153.7980179090002,0.0,1153.7980179090002
2023-24,06,Haryana,2023-07,2023-07-01,1256.306135022,0.0,1256.306135022
2023-24,06,Haryana,2023-08,2023-08-01,1094.224211068,0.0,1094.224211068
2023-24,06,Haryana,2023-09,2023-09-01,1198.8984508859999,0.0,1198.8984508859999
2023-24,06,Haryana,2023-10,2023-10-01,1423.542718789,0.0,1423.542718789
2023-24,06,Haryana,2023-11,2023-11-01,1283.130725841,-285.3,997.830725841
2023-24,06,Haryana,2023-12,2023-12-01,1021.4371305980002,0.0,1021.4371305980002
2023-24,06,Haryana,2024-01,2024-01-01,1365.0377735219997,0.0,1365.0377735219997
2023-24,06,Haryana,2024-02,2024-02-01,1301.8010552510002,0.0,1301.8010552510002
2023-24,06,Haryana,2024-03,2024-03-01,1159.625371145,0.0,1159.625371145
2023-24,07,Delhi,2023-04,2023-04-01,1675.1969829270001,0.0,1675.1969829270001
2023-24,07,Delhi,2023-05,2023-05-01,1243.93,0.0,1243.93
2023-24,07,Delhi,2023-06,2023-06-01,1136.954998558,0.0,1136.954998558
2023-24,07,Delhi,2023-07,2023-07-01,1605.6041903,0.0,1605.6041903
2023-24,07,Delhi,2023-08,2023-08-01,1208.6240044569997,0.0,1208.6240044569997
2023-24,07,Delhi,2023-09,2023-09-01,1151.320765886,0.0,1151.320765886
2023-24,07,Delhi,2023-10,2023-10-01,1512.196152477,0.0,1512.196152477
2023-24,07,Delhi,2023-11,2023-11-01,1495.8909503429998,-332.1,1163.7909503429996
2023-24,07,Delhi,2023-12,2023-12-01,1368.5355669959997,0.0,1368.5355669959997
2023-24,07,Delhi,2024-01,2024-01-01,1539.0895607170003,0.0,1539.0895607170003
2023-24,07,Delhi,2024-02,2024-02-01,1346.9621073849999,0.0,1346.9621073849999
2023-24,07,Delhi,2024-03,2024-03-01,1565.9855688769999,0.0,1565.9855688769999
2023-24,08,Rajasthan,2023-04,2023-04-01,2155.4015935980005,0.0,2155.4015935980005
2023-24,08,Rajasthan,2023-05,2023-05-01,1634.49,0.0,1634.49
2023-24,08,Rajasthan,2023-06,2023-06-01,1554.7601849159998,0.0,1554.7601849159998
2023-24,08,Rajasthan,2023-07,2023-07-01,1819.2122663260002,0.0,1819.2122663260002
2023-24,08,Rajasthan,2023-08,2023-08-01,1729.6389510810002,0.0,1729.6389510810002
2023-24,08,Rajasthan,2023-09,2023-09-01,1747.4841032199997,0.0,1747.4841032199997
2023-24,08,Rajasthan,2023-10,2023-10-01,2071.791090013,0.0,2071.791090013
2023-24,08,Rajasthan,2023-11,2023-11-01,2106.564586437,-468.0,1638.564586437
2023-24,08,Rajasthan,2023-12,2023-12-01,1710.0657152850001,0.0,1710.0657152850001
2023-24,08,Rajasthan,2024-01,2024-01-01,1952.634504604,0.0,1952.634504604
2023-24,08,Rajasthan,2024-02,2024-02-01,1728.621311857,0.0,1728.621311857
2023-24,08,Rajasthan,2024-03,2024-03-01,1865.9888865330001,0.0,1865.9888865330001
2023-24,09,Uttar Pradesh,2023-04,2023-04-01,4139.795529453,0.0,4139.795529453
2023-24,09,Uttar Pradesh,2023-05,2023-05-01,3303.35,0.0,3303.35
2023-24,09,Uttar Pradesh,2023-06,2023-06-01,3236.1083425060006,0.0,3236.1083425060006
2023-24,09,Uttar Pradesh,2023-07,2023-07-01,3425.8174900479994,0.0,3425.8174900479994
2023-24,09,Uttar Pradesh,2023-08,2023-08-01,3165.4290521689995,0.0,3165.4290521689995
2023-24,09,Uttar Pradesh,2023-09,2023-09-01,2769.6086525480005,0.0,2769.6086525480005
2023-24,09,Uttar Pradesh,2023-10,2023-10-01,3561.601863108,0.0,3561.601863108
2023-24,09,Uttar Pradesh,2023-11,2023-11-01,5213.68641684,-1158.3,4055.3864168399996
2023-24,09,Uttar Pradesh,2023-12,2023-12-01,3835.5221281119993,0.0,3835.5221281119993
2023-24,09,Uttar Pradesh,2024-01,2024-01-01,4785.387732819,0.0,4785.387732819
2023-24,09,Uttar Pradesh,2024-02,2024-02-01,3944.4789676160003,0.0,3944.4789676160003
2023-24,09,Uttar Pradesh,2024-03,2024-03-01,3892.2965747020003,0.0,3892.2965747020003
2023-24,10,Bihar,2023-04,2023-04-01,1548.502882182,0.0,1548.502882182
2023-24,10,Bihar,2023-05,2023-05-01,1434.55,0.0,1434.55
2023-24,10,Bihar,2023-06,2023-06-01,1491.325011665,0.0,1491.325011665
2023-24,10,Bihar,2023-07,2023-07-01,1468.8260587309999,0.0,1468.8260587309999
2023-24,10,Bihar,2023-08,2023-08-01,1335.9608335480002,0.0,1335.9608335480002
2023-24,10,Bihar,2023-09,2023-09-01,1308.210937374,0.0,1308.210937374
2023-24,10,Bihar,2023-10,2023-10-01,1855.015902516,0.0,1855.015902516
2023-24,10,Bihar,2023-11,2023-11-01,1506.8143455400002,-334.8,1172.0143455400002
2023-24,10,Bihar,2023-12,2023-12-01,1475.357828113,0.0,1475.357828113
2023-24,10,Bihar,2024-01,2024-01-01,1563.647565253,0.0,1563.647565253
2023-24,10,Bihar,2024-02,2024-02-01,2099.432072656,0.0,2099.432072656
2023-24,10,Bihar,2024-03,2024-03-01,2333.876999134,0.0,2333.876999134
2023-24,11,Sikkim,2023-04,2023-04-01,59.40638194300001,0.0,59.40638194300001
2023-24,11,Sikkim,2023-05,2023-05-01,53.59,0.0,53.59
2023-24,11,Sikkim,2023-06,2023-06-01,39.299357179000005,0.0,39.299357179000005
2023-24,11,Sikkim,2023-07,2023-07-01,53.280924238000004,0.0,53.280924238000004
2023-24,11,Sikkim,2023-08,2023-08-01,42.890424112000005,0.0,42.890424112000005
2023-24,11,Sikkim,2023-09,2023-09-01,30.049369926000004,0.0,30.049369926000004
2023-24,11,Sikkim,2023-10,2023-10-01,52.863135340999996,0.0,52.863135340999996
2023-24,11,Sikkim,2023-11,2023-11-01,31.56659952,-7.2,24.36659952
2023-24,11,Sikkim,2023-12,2023-12-01,41.34950835099999,0.0,41.34950835099999
2023-24,11,Sikkim,2024-01,2024-01-01,42.636456513999995,0.0,42.636456513999995
2023-24,11,Sikkim,2024-02,2024-02-01,49.369825815,0.0,49.369825815
2023-24,11,Sikkim,2024-03,2024-03-01,42.057333168,0.0,42.057333168
2023-24,12,Arunachal Pradesh,2023-04,2023-04-01,130.30580326,0.0,130.30580326
2023-24,12,Arunachal Pradesh,2023-05,2023-05-01,127.33,0.0,127.33
2023-24,12,Arunachal Pradesh,2023-06,2023-06-01,105.431777499,0.0,105.431777499
2023-24,12,Arunachal Pradesh,2023-07,2023-07-01,113.35836851900001,0.0,113.35836851900001
2023-24,12,Arunachal Pradesh,2023-08,2023-08-01,100.19384810700002,0.0,100.19384810700002
2023-24,12,Arunachal Pradesh,2023-09,2023-09-01,93.515720945,0.0,93.515720945
2023-24,12,Arunachal Pradesh,2023-10,2023-10-01,106.105304651,0.0,106.105304651
2023-24,12,Arunachal Pradesh,2023-11,2023-11-01,105.560512277,-23.4,82.16051227700001
2023-24,12,Arunachal Pradesh,2023-12,2023-12-01,95.30030170799999,0.0,95.30030170799999
2023-24,12,Arunachal Pradesh,2024-01,2024-01-01,105.28635848700002,0.0,105.28635848700002
2023-24,12,Arunachal Pradesh,2024-02,2024-02-01,114.37834609800001,0.0,114.37834609800001
2023-24,12,Arunachal Pradesh,2024-03,2024-03-01,101.20194433700001,0.0,101.20194433700001
2023-24,13,Nagaland,2023-04,2023-04-01,71.39720951299999,0.0,71.39720951299999
2023-24,13,Nagaland,2023-05,2023-05-01,61.54,0.0,61.54
2023-24,13,Nagaland,2023-06,2023-06-01,61.381742935000005,0.0,61.381742935000005
2023-24,13,Nagaland,2023-07,2023-07-01,70.10213357600001,0.0,70.10213357600001
2023-24,13,Nagaland,2023-08,2023-08-01,58.990231159000004,0.0,58.990231159000004
2023-24,13,Nagaland,2023-09,2023-09-01,61.269936674000014,0.0,61.269936674000014
2023-24,13,Nagaland,2023-10,2023-10-01,57.891476439,0.0,57.891476439
2023-24,13,Nagaland,2023-11,2023-11-01,66.504052008,-14.4,52.104052008000004
2023-24,13,Nagaland,2023-12,2023-12-01,60.52741855599999,0.0,60.52741855599999
2023-24,13,Nagaland,2024-01,2024-01-01,62.498829399,0.0,62.498829399
2023-24,13,Nagaland,2024-02,2024-02-01,68.141920933,0.0,68.141920933
2023-24,13,Nagaland,2024-03,2024-03-01,64.104666976,0.0,64.104666976
2023-24,14,Manipur,2023-04,2023-04-01,114.578529932,0.0,114.578529932
2023-24,14,Manipur,2023-05,2023-05-01,53.1,0.0,53.1
2023-24,14,Manipur,2023-06,2023-06-01,49.882001963,0.0,49.882001963
2023-24,14,Manipur,2023-07,2023-07-01,57.961848052,0.0,57.961848052
2023-24,14,Manipur,2023-08,2023-08-01,62.007095303999996,0.0,62.007095303999996
2023-24,14,Manipur,2023-09,2023-09-01,51.212633077,0.0,51.212633077
2023-24,14,Manipur,2023-10,2023-10-01,60.26012036800001,0.0,60.26012036800001
2023-24,14,Manipur,2023-11,2023-11-01,67.260016927,-15.3,51.960016927
2023-24,14,Manipur,2023-12,2023-12-01,58.592996123,0.0,58.592996123
2023-24,14,Manipur,2024-01,2024-01-01,72.204039722,0.0,72.204039722
2023-24,14,Manipur,2024-02,2024-02-01,69.046645892,0.0,69.046645892
2023-24,14,Manipur,2024-03,2024-03-01,49.075636645,0.0,49.075636645
2023-24,15,Mizoram,2023-04,2023-04-01,66.815432864,0.0,66.815432864
2023-24,15,Mizoram,2023-05,2023-05-01,58.19,0.0,58.19
2023-24,15,Mizoram,2023-06,2023-06-01,55.94713011600001,0.0,55.94713011600001
2023-24,15,Mizoram,2023-07,2023-07-01,57.31169769200001,0.0,57.31169769200001
2023-24,15,Mizoram,2023-08,2023-08-01,54.47121480200001,0.0,54.47121480200001
2023-24,15,Mizoram,2023-09,2023-09-01,51.355439441,0.0,51.355439441
2023-24,15,Mizoram,2023-10,2023-10-01,61.06489347,0.0,61.06489347
2023-24,15,Mizoram,2023-11,2023-11-01,60.063799486,-13.5,46.563799486
2023-24,15,Mizoram,2023-12,2023-12-01,58.15313802000001,0.0,58.15313802000001
2023-24,15,Mizoram,2024-01,2024-01-01,60.42909917700001,0.0,60.42909917700001
2023-24,15,Mizoram,2024-02,2024-02-01,63.88945833099999,0.0,63.88945833099999
2023-24,15,Mizoram,2024-03,2024-03-01,55.529872148,0.0,55.529872148
2023-24,16,Tripura,2023-04,2023-04-01,93.68544661399999,0.0,93.68544661399999
2023-24,16,Tripura,2023-05,2023-05-01,95.76,0.0,95.76
2023-24,16,Tripura,2023-06,2023-06-01,84.45545917,0.0,84.45545917
2023-24,16,Tripura,2023-07,2023-07-01,85.53363746900001,0.0,85.53363746900001
2023-24,16,Tripura,2023-08,2023-08-01,83.964852,0.0,83.964852
2023-24,16,Tripura,2023-09,2023-09-01,88.158638649,0.0,88.158638649
2023-24,16,Tripura,2023-10,2023-10-01,96.98930721699999,0.0,96.98930721699999
2023-24,16,Tripura,2023-11,2023-11-01,95.591012227,-21.6,73.991012227
2023-24,16,Tripura,2023-12,2023-12-01,87.78312362,0.0,87.78312362
2023-24,16,Tripura,2024-01,2024-01-01,96.44308766900001,0.0,96.44308766900001
2023-24,16,Tripura,2024-02,2024-02-01,92.63555404,0.0,92.63555404
2023-24,16,Tripura,2024-03,2024-03-01,91.422867286,0.0,91.422867286
2023-24,17,Meghalaya,2023-04,2023-04-01,92.81412760599999,0.0,92.81412760599999
2023-24,17,Meghalaya,2023-05,2023-05-01,102.85,0.0,102.85
2023-24,17,Meghalaya,2023-06,2023-06-01,86.74705943700002,0.0,86.74705943700002
2023-24,17,Meghalaya,2023-07,2023-07-01,98.905882833,0.0,98.905882833
2023-24,17,Meghalaya,2023-08,2023-08-01,86.06687531099999,0.0,86.06687531099999
2023-24,17,Meghalaya,2023-09,2023-09-01,81.202328416,0.0,81.202328416
2023-24,17,Meghalaya,2023-10,2023-10-01,86.099535393,0.0,86.099535393
2023-24,17,Meghalaya,2023-11,2023-11-01,95.633718161,-21.6,74.033718161
2023-24,17,Meghalaya,2023-12,2023-12-01,96.644295141,0.0,96.644295141
2023-24,17,Meghalaya,2024-01,2024-01-01,106.94300769300001,0.0,106.94300769300001
2023-24,17,Meghalaya,2024-02,2024-02-01,94.526305277,0.0,94.526305277
2023-24,17,Meghalaya,2024-03,2024-03-01,98.28495558999998,0.0,98.28495558999998
2023-24,18,Assam,2023-04,2023-04-01,813.65681674,0.0,813.65681674
2023-24,18,Assam,2023-05,2023-05-01,682.87,0.0,682.87
2023-24,18,Assam,2023-06,2023-06-01,743.9500513510001,0.0,743.9500513510001
2023-24,18,Assam,2023-07,2023-07-01,695.7693372389999,0.0,695.7693372389999
2023-24,18,Assam,2023-08,2023-08-01,691.237663224,0.0,691.237663224
2023-24,18,Assam,2023-09,2023-09-01,646.9615463120001,0.0,646.9615463120001
2023-24,18,Assam,2023-10,2023-10-01,767.667686642,0.0,767.667686642
2023-24,18,Assam,2023-11,2023-11-01,803.7201910909998,-178.2,625.5201910909998
2023-24,18,Assam,2023-12,2023-12-01,712.627661721,0.0,712.627661721
2023-24,18,Assam,2024-01,2024-01-01,749.7924685979999,0.0,749.7924685979999
2023-24,18,Assam,2024-02,2024-02-01,803.684610052,0.0,803.684610052
2023-24,18,Assam,2024-03,2024-03-01,746.900992383,0.0,746.900992383
2023-24,19,West Bengal,2023-04,2023-04-01,1570.3025308279996,0.0,1570.3025308279996
2023-24,19,West Bengal,2023-05,2023-05-01,1454.16,0.0,1454.16
2023-24,19,West Bengal,2023-06,2023-06-01,1503.8145961780003,0.0,1503.8145961780003
2023-24,19,West Bengal,2023-07,2023-07-01,1530.789980829,0.0,1530.789980829
2023-24,19,West Bengal,2023-08,2023-08-01,1515.6757609649999,0.0,1515.6757609649999
2023-24,19,West Bengal,2023-09,2023-09-01,1414.111530927,0.0,1414.111530927
2023-24,19,West Bengal,2023-10,2023-10-01,1818.7826773880001,0.0,1818.7826773880001
2023-24,19,West Bengal,2023-11,2023-11-01,2102.116964336,-467.1,1635.016964336
2023-24,19,West Bengal,2023-12,2023-12-01,1429.6968514349999,0.0,1429.6968514349999
2023-24,19,West Bengal,2024-01,2024-01-01,1509.5188348220001,0.0,1509.5188348220001
2023-24,19,West Bengal,2024-02,2024-02-01,1546.9956711720004,0.0,1546.9956711720004
2023-24,19,West Bengal,2024-03,2024-03-01,1611.4611228659999,0.0,1611.4611228659999
2023-24,20,Jharkhand,2023-04,2023-04-01,250.92725756200002,0.0,250.92725756200002
2023-24,20,Jharkhand,2023-05,2023-05-01,322.13,0.0,322.13
2023-24,20,Jharkhand,2023-06,2023-06-01,304.91900069900004,0.0,304.91900069900004
2023-24,20,Jharkhand,2023-07,2023-07-01,329.553688111,0.0,329.553688111
2023-24,20,Jharkhand,2023-08,2023-08-01,119.98261194100009,0.0,119.98261194100009
2023-24,20,Jharkhand,2023-09,2023-09-01,253.7513067669999,0.0,253.7513067669999
2023-24,20,Jharkhand,2023-10,2023-10-01,395.09547556200005,0.0,395.09547556200005
2023-24,20,Jharkhand,2023-11,2023-11-01,352.50768639700004,-78.3,274.20768639700003
2023-24,20,Jharkhand,2023-12,2023-12-01,352.8003680180001,0.0,352.8003680180001
2023-24,20,Jharkhand,2024-01,2024-01-01,386.53106384000006,0.0,386.53106384000006
2023-24,20,Jharkhand,2024-02,2024-02-01,262.8475777910001,0.0,262.8475777910001
2023-24,20,Jharkhand,2024-03,2024-03-01,363.24344763700003,0.0,363.24344763700003
2023-24,21,Odisha,2023-04,2023-04-01,699.596294691,0.0,699.596294691
2023-24,21,Odisha,2023-05,2023-05-01,420.86,0.0,420.86
2023-24,21,Odisha,2023-06,2023-06-01,409.8385890240001,0.0,409.8385890240001
2023-24,21,Odisha,2023-07,2023-07-01,416.155992862,0.0,416.155992862
2023-24,21,Odisha,2023-08,2023-08-01,400.635336271,0.0,400.635336271
2023-24,21,Odisha,2023-09,2023-09-01,454.21370122700006,0.0,454.21370122700006
2023-24,21,Odisha,2023-10,2023-10-01,547.510719049,0.0,547.510719049
2023-24,21,Odisha,2023-11,2023-11-01,1979.9592350799999,-440.1,1539.85923508
2023-24,21,Odisha,2023-12,2023-12-01,1301.224197474,0.0,1301.224197474
2023-24,21,Odisha,2024-01,2024-01-01,819.479172708,0.0,819.479172708
2023-24,21,Odisha,2024-02,2024-02-01,830.6794588849998,0.0,830.6794588849998
2023-24,21,Odisha,2024-03,2024-03-01,646.5870132440001,0.0,646.5870132440001
2023-24,22,Chhattisgarh,2023-04,2023-04-01,492.04350295099994,0.0,492.04350295099994
2023-24,22,Chhattisgarh,2023-05,2023-05-01,250.07,0.0,250.07
2023-24,22,Chhattisgarh,2023-06,2023-06-01,366.81030680699996,0.0,366.81030680699996
2023-24,22,Chhattisgarh,2023-07,2023-07-01,381.90730898900006,0.0,381.90730898900006
2023-24,22,Chhattisgarh,2023-08,2023-08-01,487.998402864,0.0,487.998402864
2023-24,22,Chhattisgarh,2023-09,2023-09-01,339.1873944269999,0.0,339.1873944269999
2023-24,22,Chhattisgarh,2023-10,2023-10-01,565.4098735970001,0.0,565.4098735970001
2023-24,22,Chhattisgarh,2023-11,2023-11-01,706.9883724800001,-157.5,549.4883724800001
2023-24,22,Chhattisgarh,2023-12,2023-12-01,500.37493548200007,0.0,500.37493548200007
2023-24,22,Chhattisgarh,2024-01,2024-01-01,483.412352167,0.0,483.412352167
2023-24,22,Chhattisgarh,2024-02,2024-02-01,616.8868795139999,0.0,616.8868795139999
2023-24,22,Chhattisgarh,2024-03,2024-03-01,687.224836766,0.0,687.224836766
2023-24,23,Madhya Pradesh,2023-04,2023-04-01,1577.888018075,0.0,1577.888018075
2023-24,23,Madhya Pradesh,2023-05,2023-05-01,1592.13,0.0,1592.13
2023-24,23,Madhya Pradesh,2023-06,2023-06-01,1606.9533722579997,0.0,1606.9533722579997
2023-24,23,Madhya Pradesh,2023-07,2023-07-01,1580.7497227429997,0.0,1580.7497227429997
2023-24,23,Madhya Pradesh,2023-08,2023-08-01,1447.40397291,0.0,1447.40397291
2023-24,23,Madhya Pradesh,2023-09,2023-09-01,1221.1345058599998,0.0,1221.1345058599998
2023-24,23,Madhya Pradesh,2023-10,2023-10-01,1690.0379606,0.0,1690.0379606
2023-24,23,Madhya Pradesh,2023-11,2023-11-01,1878.947992037,-417.6,1461.347992037
2023-24,23,Madhya Pradesh,2023-12,2023-12-01,2242.284600175,0.0,2242.284600175
2023-24,23,Madhya Pradesh,2024-01,2024-01-01,2074.7716964379997,0.0,2074.7716964379997
2023-24,23,Madhya Pradesh,2024-02,2024-02-01,2026.6476079689999,0.0,2026.6476079689999
2023-24,23,Madhya Pradesh,2024-03,2024-03-01,2206.2481602199996,0.0,2206.2481602199996
2023-24,24,Gujarat,2023-04,2023-04-01,2434.4676400979997,0.0,2434.4676400979997
2023-24,24,Gujarat,2023-05,2023-05-01,1784.82,0.0,1784.82
2023-24,24,Gujarat,2023-06,2023-06-01,1571.5638166619997,0.0,1571.5638166619997
2023-24,24,Gujarat,2023-07,2023-07-01,1916.9482295399998,0.0,1916.9482295399998
2023-24,24,Gujarat,2023-08,2023-08-01,1722.5004284709996,0.0,1722.5004284709996
2023-24,24,Gujarat,2023-09,2023-09-01,836.2841709759999,0.0,836.2841709759999
2023-24,24,Gujarat,2023-10,2023-10-01,2050.256666537,0.0,2050.256666537
2023-24,24,Gujarat,2023-11,2023-11-01,2003.0767864060006,-445.5,1557.5767864060006
2023-24,24,Gujarat,2023-12,2023-12-01,1721.5933526290005,0.0,1721.5933526290005
2023-24,24,Gujarat,2024-01,2024-01-01,2208.6790266420003,0.0,2208.6790266420003
2023-24,24,Gujarat,2024-02,2024-02-01,2048.108209567,0.0,2048.108209567
2023-24,24,Gujarat,2024-03,2024-03-01,1778.9097932589996,0.0,1778.9097932589996
2023-24,25,Daman and Diu,2023-04,2023-04-01,0.031700716999999996,0.0,0.031700716999999996
2023-24,25,Daman and Diu,2023-05,2023-05-01,0.03,0.0,0.03
2023-24,25,Daman and Diu,2023-06,2023-06-01,0.027987374,0.0,0.027987374
2023-24,25,Daman and Diu,2023-07,2023-07-01,0.056977586999999996,0.0,0.056977586999999996
2023-24,25,Daman and Diu,2023-08,2023-08-01,0.033866583,0.0,0.033866583
2023-24,25,Daman and Diu,2023-09,2023-09-01,0.073217828,0.0,0.073217828
2023-24,25,Daman and Diu,2023-10,2023-10-01,0.386887029,0.0,0.386887029
2023-24,25,Daman and Diu,2023-11,2023-11-01,0.146865019,0.0,0.146865019
2023-24,25,Daman and Diu,2023-12,2023-12-01,0.060490659999999995,0.0,0.060490659999999995
2023-24,25,Daman and Diu,2024-01,2024-01-01,0.026124121999999996,0.0,0.026124121999999996
2023-24,25,Daman and Diu,2024-02,2024-02-01,0.06436745699999999,0.0,0.06436745699999999
2023-24,25,Daman and Diu,2024-03,2024-03-01,0.035007234,0.0,0.035007234
2023-24,26,Dadra and Nagar Haveli,2023-04,2023-04-01,60.69476501700001,0.0,60.69476501700001
2023-24,26,Dadra and Nagar Haveli,2023-05,2023-05-01,45.02,0.0,45.02
2023-24,26,Dadra and Nagar Haveli,2023-06,2023-06-01,27.966148110000002,0.0,27.966148110000002
2023-24,26,Dadra and Nagar Haveli,2023-07,2023-07-01,29.019664471999995,0.0,29.019664471999995
2023-24,26,Dadra and Nagar Haveli,2023-08,2023-08-01,39.655569992,0.0,39.655569992
2023-24,26,Dadra and Nagar Haveli,2023-09,2023-09-01,-10.024784525000001,0.0,-10.024784525000001
2023-24,26,Dadra and Nagar Haveli,2023-10,2023-10-01,41.214883291,0.0,41.214883291
2023-24,26,Dadra and Nagar Haveli,2023-11,2023-11-01,48.994474919000005,-10.8,38.194474919
2023-24,26,Dadra and Nagar Haveli,2023-12,2023-12-01,50.698842811,0.0,50.698842811
2023-24,26,Dadra and Nagar Haveli,2024-01,2024-01-01,44.146850008,0.0,44.146850008
2023-24,26,Dadra and Nagar Haveli,2024-02,2024-02-01,40.142567228000004,0.0,40.142567228000004
2023-24,26,Dadra and Nagar Haveli,2024-03,2024-03-01,13.77306985,0.0,13.77306985
2023-24,27,Maharashtra,2023-04,2023-04-01,4906.515841188,0.0,4906.515841188
2023-24,27,Maharashtra,2023-05,2023-05-01,3331.02,0.0,3331.02
2023-24,27,Maharashtra,2023-06,2023-06-01,3484.552198368,0.0,3484.552198368
2023-24,27,Maharashtra,2023-07,2023-07-01,4166.832319148001,0.0,4166.832319148001
2023-24,27,Maharashtra,2023-08,2023-08-01,3840.9494392379997,0.0,3840.9494392379997
2023-24,27,Maharashtra,2023-09,2023-09-01,2948.9727584029997,0.0,2948.9727584029997
2023-24,27,Maharashtra,2023-10,2023-10-01,3975.9050389659997,0.0,3975.9050389659997
2023-24,27,Maharashtra,2023-11,2023-11-01,5031.916427509999,-1117.8,3914.116427509999
2023-24,27,Maharashtra,2023-12,2023-12-01,3729.2385104409996,0.0,3729.2385104409996
2023-24,27,Maharashtra,2024-01,2024-01-01,4267.819024336999,0.0,4267.819024336999
2023-24,27,Maharashtra,2024-02,2024-02-01,4442.748954512999,0.0,4442.748954512999
2023-24,27,Maharashtra,2024-03,2024-03-01,5262.975738126001,0.0,5262.975738126001
2023-24,29,Karnataka,2023-04,2023-04-01,3092.375146,0.0,3092.375146
2023-24,29,Karnataka,2023-05,2023-05-01,2681.87,0.0,2681.87
2023-24,29,Karnataka,2023-06,2023-06-01,2688.904066821,0.0,2688.904066821
2023-24,29,Karnataka,2023-07,2023-07-01,2650.124144322,0.0,2650.124144322
2023-24,29,Karnataka,2023-08,2023-08-01,2626.9912027379996,0.0,2626.9912027379996
2023-24,29,Karnataka,2023-09,2023-09-01,2324.542262602,0.0,2324.542262602
2023-24,29,Karnataka,2023-10,2023-10-01,3192.508859196,0.0,3192.508859196
2023-24,29,Karnataka,2023-11,2023-11-01,3594.4258163630006,-798.3,2796.125816363001
2023-24,29,Karnataka,2023-12,2023-12-01,2757.169214049,0.0,2757.169214049
2023-24,29,Karnataka,2024-01,2024-01-01,3258.655045811,0.0,3258.655045811
2023-24,29,Karnataka,2024-02,2024-02-01,3054.035474681,0.0,3054.035474681
2023-24,29,Karnataka,2024-03,2024-03-01,3093.7822503880006,0.0,3093.7822503880006
2023-24,30,Goa,2023-04,2023-04-01,164.04781987000004,0.0,164.04781987000004
2023-24,30,Goa,2023-05,2023-05-01,141.2,0.0,141.2
2023-24,30,Goa,2023-06,2023-06-01,162.973296859,0.0,162.973296859
2023-24,30,Goa,2023-07,2023-07-01,146.337178563,0.0,146.337178563
2023-24,30,Goa,2023-08,2023-08-01,111.17193983999998,0.0,111.17193983999998
2023-24,30,Goa,2023-09,2023-09-01,104.78884630900001,0.0,104.78884630900001
2023-24,30,Goa,2023-10,2023-10-01,161.295394894,0.0,161.295394894
2023-24,30,Goa,2023-11,2023-11-01,175.84468848999998,-38.7,137.14468848999996
2023-24,30,Goa,2023-12,2023-12-01,137.590469903,0.0,137.590469903
2023-24,30,Goa,2024-01,2024-01-01,183.076020206,0.0,183.076020206
2023-24,30,Goa,2024-02,2024-02-01,165.35508610300002,0.0,165.35508610300002
2023-24,30,Goa,2024-03,2024-03-01,153.748091136,0.0,153.748091136
2023-24,31,Lakshadweep,2023-04,2023-04-01,16.569466791,0.0,16.569466791
2023-24,31,Lakshadweep,2023-05,2023-05-01,6.94,0.0,6.94
2023-24,31,Lakshadweep,2023-06,2023-06-01,4.800476704,0.0,4.800476704
2023-24,31,Lakshadweep,2023-07,2023-07-01,12.531051496,0.0,12.531051496
2023-24,31,Lakshadweep,2023-08,2023-08-01,1.755414405,0.0,1.755414405
2023-24,31,Lakshadweep,2023-09,2023-09-01,2.6115863289999997,0.0,2.6115863289999997
2023-24,31,Lakshadweep,2023-10,2023-10-01,5.385410802,0.0,5.385410802
2023-24,31,Lakshadweep,2023-11,2023-11-01,2.1621414039999998,0.0,2.1621414039999998
2023-24,31,Lakshadweep,2023-12,2023-12-01,2.142942495,0.0,2.142942495
2023-24,31,Lakshadweep,2024-01,2024-01-01,4.171007436,0.0,4.171007436
2023-24,31,Lakshadweep,2024-02,2024-02-01,2.1463289980000004,0.0,2.1463289980000004
2023-24,31,Lakshadweep,2024-03,2024-03-01,1.9648418689999998,0.0,1.9648418689999998
2023-24,32,Kerala,2023-04,2023-04-01,1620.605522971,0.0,1620.605522971
2023-24,32,Kerala,2023-05,2023-05-01,1347.31,0.0,1347.31
2023-24,32,Kerala,2023-06,2023-06-01,1415.1123308869999,0.0,1415.1123308869999
2023-24,32,Kerala,2023-07,2023-07-01,1441.044046568,0.0,1441.044046568
2023-24,32,Kerala,2023-08,2023-08-01,1437.0269767820002,0.0,1437.0269767820002
2023-24,32,Kerala,2023-09,2023-09-01,1579.237809175,0.0,1579.237809175
2023-24,32,Kerala,2023-10,2023-10-01,1447.308829599,0.0,1447.308829599
2023-24,32,Kerala,2023-11,2023-11-01,1495.8362480879998,-332.1,1163.7362480879997
2023-24,32,Kerala,2023-12,2023-12-01,1300.844367546,0.0,1300.844367546
2023-24,32,Kerala,2024-01,2024-01-01,1407.278207028,0.0,1407.278207028
2023-24,32,Kerala,2024-02,2024-02-01,1389.389942331,0.0,1389.389942331
2023-24,32,Kerala,2024-03,2024-03-01,1357.1729387780001,0.0,1357.1729387780001
2023-24,33,Tamil Nadu,2023-04,2023-04-01,2196.169409292,0.0,2196.169409292
2023-24,33,Tamil Nadu,2023-05,2023-05-01,1728.14,0.0,1728.14
2023-24,33,Tamil Nadu,2023-06,2023-06-01,1873.3065069909997,0.0,1873.3065069909997
2023-24,33,Tamil Nadu,2023-07,2023-07-01,2119.2253014570006,0.0,2119.2253014570006
2023-24,33,Tamil Nadu,2023-08,2023-08-01,2211.9450404540003,0.0,2211.9450404540003
2023-24,33,Tamil Nadu,2023-09,2023-09-01,1491.1936859999998,0.0,1491.1936859999998
2023-24,33,Tamil Nadu,2023-10,2023-10-01,2194.901090303,0.0,2194.901090303
2023-24,33,Tamil Nadu,2023-11,2023-11-01,2070.5168975399997,-459.9,1610.6168975399996
2023-24,33,Tamil Nadu,2023-12,2023-12-01,2205.2715372840003,0.0,2205.2715372840003
2023-24,33,Tamil Nadu,2024-01,2024-01-01,2278.608096996,0.0,2278.608096996
2023-24,33,Tamil Nadu,2024-02,2024-02-01,1971.1887664419994,0.0,1971.1887664419994
2023-24,33,Tamil Nadu,2024-03,2024-03-01,2871.694945474,0.0,2871.694945474
2023-24,34,Puducherry,2023-04,2023-04-01,66.0329632,0.0,66.0329632
2023-24,34,Puducherry,2023-05,2023-05-01,62.67,0.0,62.67
2023-24,34,Puducherry,2023-06,2023-06-01,184.208136497,0.0,184.208136497
2023-24,34,Puducherry,2023-07,2023-07-01,57.42644423000001,0.0,57.42644423000001
2023-24,34,Puducherry,2023-08,2023-08-01,50.81202415999999,0.0,50.81202415999999
2023-24,34,Puducherry,2023-09,2023-09-01,60.126710630000005,0.0,60.126710630000005
2023-24,34,Puducherry,2023-10,2023-10-01,63.863028566,0.0,63.863028566
2023-24,34,Puducherry,2023-11,2023-11-01,73.621134803,-16.2,57.421134803
2023-24,34,Puducherry,2023-12,2023-12-01,62.79792303200001,0.0,62.79792303200001
2023-24,34,Puducherry,2024-01,2024-01-01,53.352571065,0.0,53.352571065
2023-24,34,Puducherry,2024-02,2024-02-01,69.752952726,0.0,69.752952726
2023-24,34,Puducherry,2024-03,2024-03-01,68.525935276,0.0,68.525935276
2023-24,35,Andaman and Nicobar Islands,2023-04,2023-04-01,31.786899087000005,0.0,31.786899087000005
2023-24,35,Andaman and Nicobar Islands,2023-05,2023-05-01,26.13,0.0,26.13
2023-24,35,Andaman and Nicobar Islands,2023-06,2023-06-01,24.331443681,0.0,24.331443681
2023-24,35,Andaman and Nicobar Islands,2023-07,2023-07-01,25.495684271000002,0.0,25.495684271000002
2023-24,35,Andaman and Nicobar Islands,2023-08,2023-08-01,22.460900519000003,0.0,22.460900519000003
2023-24,35,Andaman and Nicobar Islands,2023-09,2023-09-01,30.100394191000003,0.0,30.100394191000003
2023-24,35,Andaman and Nicobar Islands,2023-10,2023-10-01,26.042883526999997,0.0,26.042883526999997
2023-24,35,Andaman and Nicobar Islands,2023-11,2023-11-01,25.336040655,-5.4,19.936040655
2023-24,35,Andaman and Nicobar Islands,2023-12,2023-12-01,27.627497733,0.0,27.627497733
2023-24,35,Andaman and Nicobar Islands,2024-01,2024-01-01,32.129275009,0.0,32.129275009
2023-24,35,Andaman and Nicobar Islands,2024-02,2024-02-01,30.316965865000004,0.0,30.316965865000004
2023-24,35,Andaman and Nicobar Islands,2024-03,2024-03-01,25.456797093000002,0.0,25.456797093000002
2023-24,36,Telangana,2023-04,2023-04-01,1891.0590757259997,0.0,1891.0590757259997
2023-24,36,Telangana,2023-05,2023-05-01,1576.12,0.0,1576.12
2023-24,36,Telangana,2023-06,2023-06-01,1621.3734074729996,0.0,1621.3734074729996
2023-24,36,Telangana,2023-07,2023-07-01,1721.8477904229999,0.0,1721.8477904229999
2023-24,36,Telangana,2023-08,2023-08-01,1746.424621166,0.0,1746.424621166
2023-24,36,Telangana,2023-09,2023-09-01,1676.454044864,0.0,1676.454044864
2023-24,36,Telangana,2023-10,2023-10-01,1867.4645074740001,0.0,1867.4645074740001
2023-24,36,Telangana,2023-11,2023-11-01,2052.3526820350003,-456.3,1596.0526820350003
2023-24,36,Telangana,2023-12,2023-12-01,1613.4660382389998,0.0,1613.4660382389998
2023-24,36,Telangana,2024-01,2024-01-01,1598.1137017820001,0.0,1598.1137017820001
2023-24,36,Telangana,2024-02,2024-02-01,1865.6264754600002,0.0,1865.6264754600002
2023-24,36,Telangana,2024-03,2024-03-01,1863.10456342,0.0,1863.10456342
2023-24,37,Andhra Pradesh,2023-04,2023-04-01,1744.4812901629998,0.0,1744.4812901629998
2023-24,37,Andhra Pradesh,2023-05,2023-05-01,1067.75,0.0,1067.75
2023-24,37,Andhra Pradesh,2023-06,2023-06-01,1159.8794896549998,0.0,1159.8794896549998
2023-24,37,Andhra Pradesh,2023-07,2023-07-01,1556.325461802,0.0,1556.325461802
2023-24,37,Andhra Pradesh,2023-08,2023-08-01,1480.7420243440001,0.0,1480.7420243440001
2023-24,37,Andhra Pradesh,2023-09,2023-09-01,1352.7560654479998,0.0,1352.7560654479998
2023-24,37,Andhra Pradesh,2023-10,2023-10-01,1998.5694818120003,0.0,1998.5694818120003
2023-24,37,Andhra Pradesh,2023-11,2023-11-01,1673.0655350700004,-371.7,1301.3655350700003
2023-24,37,Andhra Pradesh,2023-12,2023-12-01,1412.205007634,0.0,1412.205007634
2023-24,37,Andhra Pradesh,2024-01,2024-01-01,1642.0164585290001,0.0,1642.0164585290001
2023-24,37,Andhra Pradesh,2024-02,2024-02-01,1461.961476084,0.0,1461.961476084
2023-24,37,Andhra Pradesh,2024-03,2024-03-01,1419.8932100619998,0.0,1419.8932100619998
2023-24,38,Ladakh,2023-04,2023-04-01,21.098496311,0.0,21.098496311
2023-24,38,Ladakh,2023-05,2023-05-01,19.84,0.0,19.84
2023-24,38,Ladakh,2023-06,2023-06-01,28.682610587,0.0,28.682610587
2023-24,38,Ladakh,2023-07,2023-07-01,47.109374311,0.0,47.109374311
2023-24,38,Ladakh,2023-08,2023-08-01,42.830458416,0.0,42.830458416
2023-24,38,Ladakh,2023-09,2023-09-01,42.71921903,0.0,42.71921903
2023-24,38,Ladakh,2023-10,2023-10-01,53.868108281,0.0,53.868108281
2023-24,38,Ladakh,2023-11,2023-11-01,46.064696987,0.0,46.064696987
2023-24,38,Ladakh,2023-12,2023-12-01,35.124873390000005,0.0,35.124873390000005
2023-24,38,Ladakh,2024-01,2024-01-01,38.311800581,0.0,38.311800581
2023-24,38,Ladakh,2024-02,2024-02-01,14.464425217000002,0.0,14.464425217000002
2023-24,38,Ladakh,2024-03,2024-03-01,12.905608526,0.0,12.905608526
2023-24,97,Other Territory,2023-04,2023-04-01,63.793845735000005,0.0,63.793845735000005
2023-24,97,Other Territory,2023-05,2023-05-01,66.87,0.0,66.87
2023-24,97,Other Territory,2023-06,2023-06-01,82.974894776,0.0,82.974894776
2023-24,97,Other Territory,2023-07,2023-07-01,55.244285674000004,0.0,55.244285674000004
2023-24,97,Other Territory,2023-08,2023-08-01,181.671838097,0.0,181.671838097
2023-24,97,Other Territory,2023-09,2023-09-01,37.138832821,0.0,37.138832821
2023-24,97,Other Territory,2023-10,2023-10-01,58.078684149000004,0.0,58.078684149000004
2023-24,97,Other Territory,2023-11,2023-11-01,119.304506783,0.0,119.304506783
2023-24,97,Other Territory,2023-12,2023-12-01,55.27557221,0.0,55.27557221
2023-24,97,Other Territory,2024-01,2024-01-01,49.139015933,0.0,49.139015933
2023-24,97,Other Territory,2024-02,2024-02-01,55.118785079999995,0.0,55.118785079999995
2023-24,97,Other Territory,2024-03,2024-03-01,67.354094308,0.0,67.354094308
2024-25,01,Jammu and Kashmir,2024-04,2024-04-01,590.867200226,0.0,590.867200226
2024-25,01,Jammu and Kashmir,2024-05,2024-05-01,434.2544015499999,0.0,434.2544015499999
2024-25,01,Jammu and Kashmir,2024-06,2024-06-01,419.09,0.0,419.09
2024-25,01,Jammu and Kashmir,2024-07,2024-07-01,495.711422503,0.0,495.711422503
2024-25,01,Jammu and Kashmir,2024-08,2024-08-01,488.1666823620001,0.0,488.1666823620001
2024-25,01,Jammu and Kashmir,2024-09,2024-09-01,432.571925824,0.0,432.571925824
2024-25,01,Jammu and Kashmir,2024-10,2024-10-01,517.333358628,0.0,517.333358628
2024-25,01,Jammu and Kashmir,2024-11,2024-11-01,541.378599075,0.0,541.378599075
2024-25,01,Jammu and Kashmir,2024-12,2024-12-01,420.412489485,0.0,420.412489485
2024-25,01,Jammu and Kashmir,2025-01,2025-01-01,458.26799728200007,0.0,458.26799728200007
2024-25,01,Jammu and Kashmir,2025-02,2025-02-01,447.51160489700004,0.0,447.51160489700004
2024-25,01,Jammu and Kashmir,2025-03,2025-03-01,435.70148216100006,0.0,435.70148216100006
2024-25,02,Himachal Pradesh,2024-04,2024-04-01,363.37201714900004,0.0,363.37201714900004
2024-25,02,Himachal Pradesh,2024-05,2024-05-01,248.47078211599998,0.0,248.47078211599998
2024-25,02,Himachal Pradesh,2024-06,2024-06-01,222.23,0.0,222.23
2024-25,02,Himachal Pradesh,2024-07,2024-07-01,342.54518698199996,0.0,342.54518698199996
2024-25,02,Himachal Pradesh,2024-08,2024-08-01,254.504119798,0.0,254.504119798
2024-25,02,Himachal Pradesh,2024-09,2024-09-01,236.40700670400005,0.0,236.40700670400005
2024-25,02,Himachal Pradesh,2024-10,2024-10-01,338.58587852500006,0.0,338.58587852500006
2024-25,02,Himachal Pradesh,2024-11,2024-11-01,330.629078959,0.0,330.629078959
2024-25,02,Himachal Pradesh,2024-12,2024-12-01,251.077337417,0.0,251.077337417
2024-25,02,Himachal Pradesh,2025-01,2025-01-01,322.244132365,0.0,322.244132365
2024-25,02,Himachal Pradesh,2025-02,2025-02-01,288.1361815910001,0.0,288.1361815910001
2024-25,02,Himachal Pradesh,2025-03,2025-03-01,229.26892556500002,0.0,229.26892556500002
2024-25,03,Punjab,2024-04,2024-04-01,1217.1242355359998,0.0,1217.1242355359998
2024-25,03,Punjab,2024-05,2024-05-01,1015.3927892150001,0.0,1015.3927892150001
2024-25,03,Punjab,2024-06,2024-06-01,996.86,0.0,996.86
2024-25,03,Punjab,2024-07,2024-07-01,1148.824682781,0.0,1148.824682781
2024-25,03,Punjab,2024-08,2024-08-01,1196.3829633079997,0.0,1196.3829633079997
2024-25,03,Punjab,2024-09,2024-09-01,1273.933900277,0.0,1273.933900277
2024-25,03,Punjab,2024-10,2024-10-01,1360.043588102,0.0,1360.043588102
2024-25,03,Punjab,2024-11,2024-11-01,1764.2551980240003,0.0,1764.2551980240003
2024-25,03,Punjab,2024-12,2024-12-01,1322.375994444,0.0,1322.375994444
2024-25,03,Punjab,2025-01,2025-01-01,1361.793644074,0.0,1361.793644074
2024-25,03,Punjab,2025-02,2025-02-01,1623.2099777809997,0.0,1623.2099777809997
2024-25,03,Punjab,2025-03,2025-03-01,1275.7410679399998,0.0,1275.7410679399998
2024-25,04,Chandigarh,2024-04,2024-04-01,151.02989312800003,0.0,151.02989312800003
2024-25,04,Chandigarh,2024-05,2024-05-01,123.50394028699999,0.0,123.50394028699999
2024-25,04,Chandigarh,2024-06,2024-06-01,120.7,0.0,120.7
2024-25,04,Chandigarh,2024-07,2024-07-01,122.893890427,0.0,122.893890427
2024-25,04,Chandigarh,2024-08,2024-08-01,115.93753463600001,0.0,115.93753463600001
2024-25,04,Chandigarh,2024-09,2024-09-01,135.951883631,0.0,135.951883631
2024-25,04,Chandigarh,2024-10,2024-10-01,147.08808099499998,0.0,147.08808099499998
2024-25,04,Chandigarh,2024-11,2024-11-01,156.83266590500003,0.0,156.83266590500003
2024-25,04,Chandigarh,2024-12,2024-12-01,117.36867420900002,0.0,117.36867420900002
2024-25,04,Chandigarh,2025-01,2025-01-01,140.457975341,0.0,140.457975341
2024-25,04,Chandigarh,2025-02,2025-02-01,134.643804086,0.0,134.643804086
2024-25,04,Chandigarh,2025-03,2025-03-01,155.51370131200002,0.0,155.51370131200002
2024-25,05,Uttarakhand,2024-04,2024-04-01,280.783182565,0.0,280.783182565
2024-25,05,Uttarakhand,2024-05,2024-05-01,237.763118435,0.0,237.763118435
2024-25,05,Uttarakhand,2024-06,2024-06-01,237.52,0.0,237.52
2024-25,05,Uttarakhand,2024-07,2024-07-01,324.657350648,0.0,324.657350648
2024-25,05,Uttarakhand,2024-08,2024-08-01,291.626288541,0.0,291.626288541
2024-25,05,Uttarakhand,2024-09,2024-09-01,275.374102758,0.0,275.374102758
2024-25,05,Uttarakhand,2024-10,2024-10-01,308.7563830859999,0.0,308.7563830859999
2024-25,05,Uttarakhand,2024-11,2024-11-01,404.189059514,0.0,404.189059514
2024-25,05,Uttarakhand,2024-12,2024-12-01,220.74963050500003,0.0,220.74963050500003
2024-25,05,Uttarakhand,2025-01,2025-01-01,369.87538406799996,0.0,369.87538406799996
2024-25,05,Uttarakhand,2025-02,2025-02-01,316.056909468,0.0,316.056909468
2024-25,05,Uttarakhand,2025-03,2025-03-01,244.91992095899997,0.0,244.91992095899997
2024-25,06,Haryana,2024-04,2024-04-01,1692.627822216,0.0,1692.627822216
2024-25,06,Haryana,2024-05,2024-05-01,1075.3268249009998,0.0,1075.3268249009998
2024-25,06,Haryana,2024-06,2024-06-01,960.27,0.0,960.27
2024-25,06,Haryana,2024-07,2024-07-01,1489.6116102760004,0.0,1489.6116102760004
2024-25,06,Haryana,2024-08,2024-08-01,1369.3566813300001,0.0,1369.3566813300001
2024-25,06,Haryana,2024-09,2024-09-01,1194.398111844,0.0,1194.398111844
2024-25,06,Haryana,2024-10,2024-10-01,1719.387307461,0.0,1719.387307461
2024-25,06,Haryana,2024-11,2024-11-01,1277.495863638,0.0,1277.495863638
2024-25,06,Haryana,2024-12,2024-12-01,1306.4623896010003,0.0,1306.4623896010003
2024-25,06,Haryana,2025-01,2025-01-01,1592.6199972939999,0.0,1592.6199972939999
2024-25,06,Haryana,2025-02,2025-02-01,1590.356394646,0.0,1590.356394646
2024-25,06,Haryana,2025-03,2025-03-01,1189.5469057900002,0.0,1189.5469057900002
2024-25,07,Delhi,2024-04,2024-04-01,2066.0886888170003,0.0,2066.0886888170003
2024-25,07,Delhi,2024-05,2024-05-01,1152.8611867949996,0.0,1152.8611867949996
2024-25,07,Delhi,2024-06,2024-06-01,1227.18,0.0,1227.18
2024-25,07,Delhi,2024-07,2024-07-01,1535.059519521,0.0,1535.059519521
2024-25,07,Delhi,2024-08,2024-08-01,1480.8938483069999,0.0,1480.8938483069999
2024-25,07,Delhi,2024-09,2024-09-01,1355.609625375,0.0,1355.609625375
2024-25,07,Delhi,2024-10,2024-10-01,1669.15054961,0.0,1669.15054961
2024-25,07,Delhi,2024-11,2024-11-01,1694.062305289,0.0,1694.062305289
2024-25,07,Delhi,2024-12,2024-12-01,1389.6268670789998,0.0,1389.6268670789998
2024-25,07,Delhi,2025-01,2025-01-01,1717.4992306109882,0.0,1717.4992306109882
2024-25,07,Delhi,2025-02,2025-02-01,1528.176771624,0.0,1528.176771624
2024-25,07,Delhi,2025-03,2025-03-01,1606.712742955,0.0,1606.712742955
2024-25,08,Rajasthan,2024-04,2024-04-01,2077.436856959,0.0,2077.436856959
2024-25,08,Rajasthan,2024-05,2024-05-01,1809.6216013580001,0.0,1809.6216013580001
2024-25,08,Rajasthan,2024-06,2024-06-01,1836.5,0.0,1836.5
2024-25,08,Rajasthan,2024-07,2024-07-01,2173.908492332,0.0,2173.908492332
2024-25,08,Rajasthan,2024-08,2024-08-01,2012.397317689,0.0,2012.397317689
2024-25,08,Rajasthan,2024-09,2024-09-01,1815.7779913880001,0.0,1815.7779913880001
2024-25,08,Rajasthan,2024-10,2024-10-01,2398.008738691,0.0,2398.008738691
2024-25,08,Rajasthan,2024-11,2024-11-01,2516.9640058839996,0.0,2516.9640058839996
2024-25,08,Rajasthan,2024-12,2024-12-01,2007.454369945,0.0,2007.454369945
2024-25,08,Rajasthan,2025-01,2025-01-01,2454.583962218,0.0,2454.583962218
2024-25,08,Rajasthan,2025-02,2025-02-01,2180.448534692,0.0,2180.448534692
2024-25,08,Rajasthan,2025-03,2025-03-01,1987.4097426410003,0.0,1987.4097426410003
2024-25,09,Uttar Pradesh,2024-04,2024-04-01,4372.92701351,0.0,4372.92701351
2024-25,09,Uttar Pradesh,2024-05,2024-05-01,4111.920873286,0.0,4111.920873286
2024-25,09,Uttar Pradesh,2024-06,2024-06-01,3909.9,0.0,3909.9
2024-25,09,Uttar Pradesh,2024-07,2024-07-01,4142.117871701999,0.0,4142.117871701999
2024-25,09,Uttar Pradesh,2024-08,2024-08-01,3828.8708615290006,0.0,3828.8708615290006
2024-25,09,Uttar Pradesh,2024-09,2024-09-01,3724.0593548879997,0.0,3724.0593548879997
2024-25,09,Uttar Pradesh,2024-10,2024-10-01,4134.957669802,0.0,4134.957669802
2024-25,09,Uttar Pradesh,2024-11,2024-11-01,5085.879877232,0.0,5085.879877232
2024-25,09,Uttar Pradesh,2024-12,2024-12-01,3846.204067932,0.0,3846.204067932
2024-25,09,Uttar Pradesh,2025-01,2025-01-01,4339.78327194,0.0,4339.78327194
2024-25,09,Uttar Pradesh,2025-02,2025-02-01,4160.0526677299995,0.0,4160.0526677299995
2024-25,09,Uttar Pradesh,2025-03,2025-03-01,3761.8519107449997,0.0,3761.8519107449997
2024-25,10,Bihar,2024-04,2024-04-01,1737.3265509620003,0.0,1737.3265509620003
2024-25,10,Bihar,2024-05,2024-05-01,1603.0503913730004,0.0,1603.0503913730004
2024-25,10,Bihar,2024-06,2024-06-01,1551.0,0.0,1551.0
2024-25,10,Bihar,2024-07,2024-07-01,1611.58321751,0.0,1611.58321751
2024-25,10,Bihar,2024-08,2024-08-01,1497.3819517789998,0.0,1497.3819517789998
2024-25,10,Bihar,2024-09,2024-09-01,1371.6145597949999,0.0,1371.6145597949999
2024-25,10,Bihar,2024-10,2024-10-01,1765.400436342,0.0,1765.400436342
2024-25,10,Bihar,2024-11,2024-11-01,1684.589533681,0.0,1684.589533681
2024-25,10,Bihar,2024-12,2024-12-01,1428.304472388,0.0,1428.304472388
2024-25,10,Bihar,2025-01,2025-01-01,1695.722452172,0.0,1695.722452172
2024-25,10,Bihar,2025-02,2025-02-01,1746.912515941,0.0,1746.912515941
2024-25,10,Bihar,2025-03,2025-03-01,1677.15,0.0,1677.15
2024-25,11,Sikkim,2024-04,2024-04-01,79.48286202,0.0,79.48286202
2024-25,11,Sikkim,2024-05,2024-05-01,40.458132104,0.0,40.458132104
2024-25,11,Sikkim,2024-06,2024-06-01,39.95,0.0,39.95
2024-25,11,Sikkim,2024-07,2024-07-01,47.16720414899999,0.0,47.16720414899999
2024-25,11,Sikkim,2024-08,2024-08-01,37.969444789,0.0,37.969444789
2024-25,11,Sikkim,2024-09,2024-09-01,32.767166795,0.0,32.767166795
2024-25,11,Sikkim,2024-10,2024-10-01,54.025240902,0.0,54.025240902
2024-25,11,Sikkim,2024-11,2024-11-01,49.755071733,0.0,49.755071733
2024-25,11,Sikkim,2024-12,2024-12-01,41.467440892000006,0.0,41.467440892000006
2024-25,11,Sikkim,2025-01,2025-01-01,50.562564286000004,0.0,50.562564286000004
2024-25,11,Sikkim,2025-02,2025-02-01,47.503172568000004,0.0,47.503172568000004
2024-25,11,Sikkim,2025-03,2025-03-01,62.203489929999996,0.0,62.203489929999996
2024-25,12,Arunachal Pradesh,2024-04,2024-04-01,132.606845687,0.0,132.606845687
2024-25,12,Arunachal Pradesh,2024-05,2024-05-01,107.90989155999999,0.0,107.90989155999999
2024-25,12,Arunachal Pradesh,2024-06,2024-06-01,113.22,0.0,113.22
2024-25,12,Arunachal Pradesh,2024-07,2024-07-01,103.996405241,0.0,103.996405241
2024-25,12,Arunachal Pradesh,2024-08,2024-08-01,90.91233767,0.0,90.91233767
2024-25,12,Arunachal Pradesh,2024-09,2024-09-01,88.30069167599999,0.0,88.30069167599999
2024-25,12,Arunachal Pradesh,2024-10,2024-10-01,100.807706528,0.0,100.807706528
2024-25,12,Arunachal Pradesh,2024-11,2024-11-01,88.494268885,0.0,88.494268885
2024-25,12,Arunachal Pradesh,2024-12,2024-12-01,104.320292998,0.0,104.320292998
2024-25,12,Arunachal Pradesh,2025-01,2025-01-01,118.93269111999999,0.0,118.93269111999999
2024-25,12,Arunachal Pradesh,2025-02,2025-02-01,101.092286464,0.0,101.092286464
2024-25,12,Arunachal Pradesh,2025-03,2025-03-01,113.74075126200002,0.0,113.74075126200002
2024-25,13,Nagaland,2024-04,2024-04-01,70.280093505,0.0,70.280093505
2024-25,13,Nagaland,2024-05,2024-05-01,59.821335212,0.0,59.821335212
2024-25,13,Nagaland,2024-06,2024-06-01,67.49,0.0,67.49
2024-25,13,Nagaland,2024-07,2024-07-01,63.18893621300001,0.0,63.18893621300001
2024-25,13,Nagaland,2024-08,2024-08-01,64.936307678,0.0,64.936307678
2024-25,13,Nagaland,2024-09,2024-09-01,59.01090029900001,0.0,59.01090029900001
2024-25,13,Nagaland,2024-10,2024-10-01,61.422818019999994,0.0,61.422818019999994
2024-25,13,Nagaland,2024-11,2024-11-01,67.119219433,0.0,67.119219433
2024-25,13,Nagaland,2024-12,2024-12-01,67.71314671300001,0.0,67.71314671300001
2024-25,13,Nagaland,2025-01,2025-01-01,67.60461029999999,0.0,67.60461029999999
2024-25,13,Nagaland,2025-02,2025-02-01,67.73670839500001,0.0,67.73670839500001
2024-25,13,Nagaland,2025-03,2025-03-01,65.82497933899998,0.0,65.82497933899998
2024-25,14,Manipur,2024-04,2024-04-01,80.69529244699999,0.0,80.69529244699999
2024-25,14,Manipur,2024-05,2024-05-01,74.997900227,0.0,74.997900227
2024-25,14,Manipur,2024-06,2024-06-01,64.61,0.0,64.61
2024-25,14,Manipur,2024-07,2024-07-01,66.635701083,0.0,66.635701083
2024-25,14,Manipur,2024-08,2024-08-01,68.763131801,0.0,68.763131801
2024-25,14,Manipur,2024-09,2024-09-01,51.746696043,0.0,51.746696043
2024-25,14,Manipur,2024-10,2024-10-01,63.03905471800001,0.0,63.03905471800001
2024-25,14,Manipur,2024-11,2024-11-01,62.842918237,0.0,62.842918237
2024-25,14,Manipur,2024-12,2024-12-01,51.558086702999994,0.0,51.558086702999994
2024-25,14,Manipur,2025-01,2025-01-01,64.897275622,0.0,64.897275622
2024-25,14,Manipur,2025-02,2025-02-01,69.85700053299999,0.0,69.85700053299999
2024-25,14,Manipur,2025-03,2025-03-01,48.13994708899999,0.0,48.13994708899999
2024-25,15,Mizoram,2024-04,2024-04-01,72.30640066699999,0.0,72.30640066699999
2024-25,15,Mizoram,2024-05,2024-05-01,55.43927271600001,0.0,55.43927271600001
2024-25,15,Mizoram,2024-06,2024-06-01,55.82,0.0,55.82
2024-25,15,Mizoram,2024-07,2024-07-01,53.574286832999995,0.0,53.574286832999995
2024-25,15,Mizoram,2024-08,2024-08-01,52.453110566999996,0.0,52.453110566999996
2024-25,15,Mizoram,2024-09,2024-09-01,49.675953283999995,0.0,49.675953283999995
2024-25,15,Mizoram,2024-10,2024-10-01,52.501022688999996,0.0,52.501022688999996
2024-25,15,Mizoram,2024-11,2024-11-01,52.018080501,0.0,52.018080501
2024-25,15,Mizoram,2024-12,2024-12-01,52.387448183000004,0.0,52.387448183000004
2024-25,15,Mizoram,2025-01,2025-01-01,56.30660043599999,0.0,56.30660043599999
2024-25,15,Mizoram,2025-02,2025-02-01,61.8000388,0.0,61.8000388
2024-25,15,Mizoram,2025-03,2025-03-01,58.14449047099999,0.0,58.14449047099999
2024-25,16,Tripura,2024-04,2024-04-01,117.703546202,0.0,117.703546202
2024-25,16,Tripura,2024-05,2024-05-01,102.351117816,0.0,102.351117816
2024-25,16,Tripura,2024-06,2024-06-01,105.62,0.0,105.62
2024-25,16,Tripura,2024-07,2024-07-01,94.038045205,0.0,94.038045205
2024-25,16,Tripura,2024-08,2024-08-01,92.28790352499999,0.0,92.28790352499999
2024-25,16,Tripura,2024-09,2024-09-01,77.81613882300002,0.0,77.81613882300002
2024-25,16,Tripura,2024-10,2024-10-01,103.59147599600001,0.0,103.59147599600001
2024-25,16,Tripura,2024-11,2024-11-01,93.66217569499999,0.0,93.66217569499999
2024-25,16,Tripura,2024-12,2024-12-01,89.219150232,0.0,89.219150232
2024-25,16,Tripura,2025-01,2025-01-01,96.90871801300001,0.0,96.90871801300001
2024-25,16,Tripura,2025-02,2025-02-01,99.912794566,0.0,99.912794566
2024-25,16,Tripura,2025-03,2025-03-01,94.33111367299999,0.0,94.33111367299999
2024-25,17,Meghalaya,2024-04,2024-04-01,114.37978848399997,0.0,114.37978848399997
2024-25,17,Meghalaya,2024-05,2024-05-01,101.874184454,0.0,101.874184454
2024-25,17,Meghalaya,2024-06,2024-06-01,101.72,0.0,101.72
2024-25,17,Meghalaya,2024-07,2024-07-01,95.427342258,0.0,95.427342258
2024-25,17,Meghalaya,2024-08,2024-08-01,90.262771004,0.0,90.262771004
2024-25,17,Meghalaya,2024-09,2024-09-01,81.149103327,0.0,81.149103327
2024-25,17,Meghalaya,2024-10,2024-10-01,101.309701926,0.0,101.309701926
2024-25,17,Meghalaya,2024-11,2024-11-01,93.727043702,0.0,93.727043702
2024-25,17,Meghalaya,2024-12,2024-12-01,92.58700615800002,0.0,92.58700615800002
2024-25,17,Meghalaya,2025-01,2025-01-01,107.977962462,0.0,107.977962462
2024-25,17,Meghalaya,2025-02,2025-02-01,97.939443095,0.0,97.939443095
2024-25,17,Meghalaya,2025-03,2025-03-01,84.814393668,0.0,84.814393668
2024-25,18,Assam,2024-04,2024-04-01,834.7318818489999,0.0,834.7318818489999
2024-25,18,Assam,2024-05,2024-05-01,768.9715086190001,0.0,768.9715086190001
2024-25,18,Assam,2024-06,2024-06-01,772.07,0.0,772.07
2024-25,18,Assam,2024-07,2024-07-01,729.5995178580001,0.0,729.5995178580001
2024-25,18,Assam,2024-08,2024-08-01,679.8711636339999,0.0,679.8711636339999
2024-25,18,Assam,2024-09,2024-09-01,661.510805446,0.0,661.510805446
2024-25,18,Assam,2024-10,2024-10-01,835.3490721139999,0.0,835.3490721139999
2024-25,18,Assam,2024-11,2024-11-01,863.445652183,0.0,863.445652183
2024-25,18,Assam,2024-12,2024-12-01,657.002433322,0.0,657.002433322
2024-25,18,Assam,2025-01,2025-01-01,718.896650017,0.0,718.896650017
2024-25,18,Assam,2025-02,2025-02-01,761.576190838,0.0,761.576190838
2024-25,18,Assam,2025-03,2025-03-01,741.516962491,0.0,741.516962491
2024-25,19,West Bengal,2024-04,2024-04-01,1793.6145867670002,0.0,1793.6145867670002
2024-25,19,West Bengal,2024-05,2024-05-01,1597.679461843,0.0,1597.679461843
2024-25,19,West Bengal,2024-06,2024-06-01,1607.67,0.0,1607.67
2024-25,19,West Bengal,2024-07,2024-07-01,1783.6802489150002,0.0,1783.6802489150002
2024-25,19,West Bengal,2024-08,2024-08-01,1729.9277074260003,0.0,1729.9277074260003
2024-25,19,West Bengal,2024-09,2024-09-01,1685.546960234,0.0,1685.546960234
2024-25,19,West Bengal,2024-10,2024-10-01,2324.672893636,0.0,2324.672893636
2024-25,19,West Bengal,2024-11,2024-11-01,2189.446134373,0.0,2189.446134373
2024-25,19,West Bengal,2024-12,2024-12-01,1714.5210527560002,0.0,1714.5210527560002
2024-25,19,West Bengal,2025-01,2025-01-01,2107.49742526,0.0,2107.49742526
2024-25,19,West Bengal,2025-02,2025-02-01,2349.0467782880005,0.0,2349.0467782880005
2024-25,19,West Bengal,2025-03,2025-03-01,1814.7281240980003,0.0,1814.7281240980003
2024-25,20,Jharkhand,2024-04,2024-04-01,451.903768238,0.0,451.903768238
2024-25,20,Jharkhand,2024-05,2024-05-01,399.81030552899995,0.0,399.81030552899995
2024-25,20,Jharkhand,2024-06,2024-06-01,404.77,0.0,404.77
2024-25,20,Jharkhand,2024-07,2024-07-01,433.600726522,0.0,433.600726522
2024-25,20,Jharkhand,2024-08,2024-08-01,436.31294936600005,0.0,436.31294936600005
2024-25,20,Jharkhand,2024-09,2024-09-01,448.86375247599995,0.0,448.86375247599995
2024-25,20,Jharkhand,2024-10,2024-10-01,537.9524212420001,0.0,537.9524212420001
2024-25,20,Jharkhand,2024-11,2024-11-01,437.566919734,0.0,437.566919734
2024-25,20,Jharkhand,2024-12,2024-12-01,396.0794758570001,0.0,396.0794758570001
2024-25,20,Jharkhand,2025-01,2025-01-01,471.6876872409999,0.0,471.6876872409999
2024-25,20,Jharkhand,2025-02,2025-02-01,429.149846812,0.0,429.149846812
2024-25,20,Jharkhand,2025-03,2025-03-01,403.6219126799999,0.0,403.6219126799999
2024-25,21,Odisha,2024-04,2024-04-01,914.2175668939999,0.0,914.2175668939999
2024-25,21,Odisha,2024-05,2024-05-01,652.842816557,0.0,652.842816557
2024-25,21,Odisha,2024-06,2024-06-01,580.76,0.0,580.76
2024-25,21,Odisha,2024-07,2024-07-01,552.9629147390001,0.0,552.9629147390001
2024-25,21,Odisha,2024-08,2024-08-01,638.498945261,0.0,638.498945261
2024-25,21,Odisha,2024-09,2024-09-01,486.362305673,0.0,486.362305673
2024-25,21,Odisha,2024-10,2024-10-01,831.779184339,0.0,831.779184339
2024-25,21,Odisha,2024-11,2024-11-01,872.521574545,0.0,872.521574545
2024-25,21,Odisha,2024-12,2024-12-01,571.103041463,0.0,571.103041463
2024-25,21,Odisha,2025-01,2025-01-01,683.8070319430001,0.0,683.8070319430001
2024-25,21,Odisha,2025-02,2025-02-01,736.566019802,0.0,736.566019802
2024-25,21,Odisha,2025-03,2025-03-01,512.2305556910002,0.0,512.2305556910002
2024-25,22,Chhattisgarh,2024-04,2024-04-01,562.0803734240001,0.0,562.0803734240001
2024-25,22,Chhattisgarh,2024-05,2024-05-01,371.191053984,0.0,371.191053984
2024-25,22,Chhattisgarh,2024-06,2024-06-01,468.86,0.0,468.86
2024-25,22,Chhattisgarh,2024-07,2024-07-01,626.3496276380001,0.0,626.3496276380001
2024-25,22,Chhattisgarh,2024-08,2024-08-01,459.774949788,0.0,459.774949788
2024-25,22,Chhattisgarh,2024-09,2024-09-01,459.61638964100007,0.0,459.61638964100007
2024-25,22,Chhattisgarh,2024-10,2024-10-01,682.018838236,0.0,682.018838236
2024-25,22,Chhattisgarh,2024-11,2024-11-01,821.1183853029999,0.0,821.1183853029999
2024-25,22,Chhattisgarh,2024-12,2024-12-01,559.3621403610001,0.0,559.3621403610001
2024-25,22,Chhattisgarh,2025-01,2025-01-01,554.5777148360002,0.0,554.5777148360002
2024-25,22,Chhattisgarh,2025-02,2025-02-01,723.5549969179999,0.0,723.5549969179999
2024-25,22,Chhattisgarh,2025-03,2025-03-01,756.726871735,0.0,756.726871735
2024-25,23,Madhya Pradesh,2024-04,2024-04-01,2193.450559546,0.0,2193.450559546
2024-25,23,Madhya Pradesh,2024-05,2024-05-01,1526.650469283,0.0,1526.650469283
2024-25,23,Madhya Pradesh,2024-06,2024-06-01,1704.94,0.0,1704.94
2024-25,23,Madhya Pradesh,2024-07,2024-07-01,2013.263222725,0.0,2013.263222725
2024-25,23,Madhya Pradesh,2024-08,2024-08-01,1684.6996967530001,0.0,1684.6996967530001
2024-25,23,Madhya Pradesh,2024-09,2024-09-01,1529.435191375,0.0,1529.435191375
2024-25,23,Madhya Pradesh,2024-10,2024-10-01,1911.6456696290002,0.0,1911.6456696290002
2024-25,23,Madhya Pradesh,2024-11,2024-11-01,2067.1011949599992,0.0,2067.1011949599992
2024-25,23,Madhya Pradesh,2024-12,2024-12-01,1764.5479317279999,0.0,1764.5479317279999
2024-25,23,Madhya Pradesh,2025-01,2025-01-01,2123.138235683,0.0,2123.138235683
2024-25,23,Madhya Pradesh,2025-02,2025-02-01,1987.140080391,0.0,1987.140080391
2024-25,23,Madhya Pradesh,2025-03,2025-03-01,1951.3173965020005,0.0,1951.3173965020005
2024-25,24,Gujarat,2024-04,2024-04-01,2539.2262160450005,0.0,2539.2262160450005
2024-25,24,Gujarat,2024-05,2024-05-01,1707.5846225349997,0.0,1707.5846225349997
2024-25,24,Gujarat,2024-06,2024-06-01,1859.09,0.0,1859.09
2024-25,24,Gujarat,2024-07,2024-07-01,2101.674289843,0.0,2101.674289843
2024-25,24,Gujarat,2024-08,2024-08-01,2289.976483594,0.0,2289.976483594
2024-25,24,Gujarat,2024-09,2024-09-01,2539.282125848,0.0,2539.282125848
2024-25,24,Gujarat,2024-10,2024-10-01,2503.7585334870005,0.0,2503.7585334870005
2024-25,24,Gujarat,2024-11,2024-11-01,2555.866422388,0.0,2555.866422388
2024-25,24,Gujarat,2024-12,2024-12-01,2321.212780724,0.0,2321.212780724
2024-25,24,Gujarat,2025-01,2025-01-01,2847.9725288920004,0.0,2847.9725288920004
2024-25,24,Gujarat,2025-02,2025-02-01,2446.6121837940004,0.0,2446.6121837940004
2024-25,24,Gujarat,2025-03,2025-03-01,1947.0674973210002,0.0,1947.0674973210002
2024-25,25,Daman and Diu,2024-04,2024-04-01,0.082458641,0.0,0.082458641
2024-25,25,Daman and Diu,2024-05,2024-05-01,0.070058375,0.0,0.070058375
2024-25,25,Daman and Diu,2024-06,2024-06-01,0.09,0.0,0.09
2024-25,25,Daman and Diu,2024-07,2024-07-01,0.424017592,0.0,0.424017592
2024-25,25,Daman and Diu,2024-08,2024-08-01,0.045864412,0.0,0.045864412
2024-25,25,Daman and Diu,2024-09,2024-09-01,-0.020606469999999995,0.0,-0.020606469999999995
2024-25,25,Daman and Diu,2024-10,2024-10-01,-0.000631764,0.0,-0.000631764
2024-25,25,Daman and Diu,2024-11,2024-11-01,0.033773588,0.0,0.033773588
2024-25,25,Daman and Diu,2024-12,2024-12-01,0.045166301,0.0,0.045166301
2024-25,25,Daman and Diu,2025-01,2025-01-01,0.034673496000000005,0.0,0.034673496000000005
2024-25,25,Daman and Diu,2025-02,2025-02-01,0.004682161999999999,0.0,0.004682161999999999
2024-25,25,Daman and Diu,2025-03,2025-03-01,0.05798875,0.0,0.05798875
2024-25,26,Dadra and Nagar Haveli,2024-04,2024-04-01,26.785928931999997,0.0,26.785928931999997
2024-25,26,Dadra and Nagar Haveli,2024-05,2024-05-01,22.344123039,0.0,22.344123039
2024-25,26,Dadra and Nagar Haveli,2024-06,2024-06-01,17.48,0.0,17.48
2024-25,26,Dadra and Nagar Haveli,2024-07,2024-07-01,62.155095870000004,0.0,62.155095870000004
2024-25,26,Dadra and Nagar Haveli,2024-08,2024-08-01,69.882109702,0.0,69.882109702
2024-25,26,Dadra and Nagar Haveli,2024-09,2024-09-01,31.623869233000004,0.0,31.623869233000004
2024-25,26,Dadra and Nagar Haveli,2024-10,2024-10-01,60.795708898,0.0,60.795708898
2024-25,26,Dadra and Nagar Haveli,2024-11,2024-11-01,55.6160806,0.0,55.6160806
2024-25,26,Dadra and Nagar Haveli,2024-12,2024-12-01,55.281228638,0.0,55.281228638
2024-25,26,Dadra and Nagar Haveli,2025-01,2025-01-01,42.075865697,0.0,42.075865697
2024-25,26,Dadra and Nagar Haveli,2025-02,2025-02-01,38.685301075,0.0,38.685301075
2024-25,26,Dadra and Nagar Haveli,2025-03,2025-03-01,11.323638375,0.0,11.323638375
2024-25,27,Maharashtra,2024-04,2024-04-01,5229.377826925,0.0,5229.377826925
2024-25,27,Maharashtra,2024-05,2024-05-01,3686.090307585999,0.0,3686.090307585999
2024-25,27,Maharashtra,2024-06,2024-06-01,4243.03,0.0,4243.03
2024-25,27,Maharashtra,2024-07,2024-07-01,4570.975232513001,0.0,4570.975232513001
2024-25,27,Maharashtra,2024-08,2024-08-01,4956.558375628,0.0,4956.558375628
2024-25,27,Maharashtra,2024-09,2024-09-01,4512.232424532999,0.0,4512.232424532999
2024-25,27,Maharashtra,2024-10,2024-10-01,5202.280044726001,0.0,5202.280044726001
2024-25,27,Maharashtra,2024-11,2024-11-01,5833.117070625,0.0,5833.117070625
2024-25,27,Maharashtra,2024-12,2024-12-01,4627.716441774,0.0,4627.716441774
2024-25,27,Maharashtra,2025-01,2025-01-01,5691.40513327,0.0,5691.40513327
2024-25,27,Maharashtra,2025-02,2025-02-01,5215.755909359,0.0,5215.755909359
2024-25,27,Maharashtra,2025-03,2025-03-01,4841.109755175999,0.0,4841.109755175999
2024-25,29,Karnataka,2024-04,2024-04-01,3361.7797673459995,0.0,3361.7797673459995
2024-25,29,Karnataka,2024-05,2024-05-01,2621.057384795,0.0,2621.057384795
2024-25,29,Karnataka,2024-06,2024-06-01,2875.97,0.0,2875.97
2024-25,29,Karnataka,2024-07,2024-07-01,2877.441338897001,0.0,2877.441338897001
2024-25,29,Karnataka,2024-08,2024-08-01,2963.016449162,0.0,2963.016449162
2024-25,29,Karnataka,2024-09,2024-09-01,3071.1276479230005,0.0,3071.1276479230005
2024-25,29,Karnataka,2024-10,2024-10-01,3945.8812369630004,0.0,3945.8812369630004
2024-25,29,Karnataka,2024-11,2024-11-01,3691.176425061,0.0,3691.176425061
2024-25,29,Karnataka,2024-12,2024-12-01,2737.0874159630007,0.0,2737.0874159630007
2024-25,29,Karnataka,2025-01,2025-01-01,3103.2526084890005,0.0,3103.2526084890005
2024-25,29,Karnataka,2025-02,2025-02-01,3007.475330213,0.0,3007.475330213
2024-25,29,Karnataka,2025-03,2025-03-01,3238.506189079,0.0,3238.506189079
2024-25,30,Goa,2024-04,2024-04-01,162.18392695499998,0.0,162.18392695499998
2024-25,30,Goa,2024-05,2024-05-01,130.96728729199998,0.0,130.96728729199998
2024-25,30,Goa,2024-06,2024-06-01,113.5,0.0,113.5
2024-25,30,Goa,2024-07,2024-07-01,154.74112023499998,0.0,154.74112023499998
2024-25,30,Goa,2024-08,2024-08-01,140.95689656500002,0.0,140.95689656500002
2024-25,30,Goa,2024-09,2024-09-01,151.355743603,0.0,151.355743603
2024-25,30,Goa,2024-10,2024-10-01,174.639666228,0.0,174.639666228
2024-25,30,Goa,2024-11,2024-11-01,186.264875873,0.0,186.264875873
2024-25,30,Goa,2024-12,2024-12-01,158.804416633,0.0,158.804416633
2024-25,30,Goa,2025-01,2025-01-01,207.19584134599995,0.0,207.19584134599995
2024-25,30,Goa,2025-02,2025-02-01,175.1173408,0.0,175.1173408
2024-25,30,Goa,2025-03,2025-03-01,149.60713036,0.0,149.60713036
2024-25,31,Lakshadweep,2024-04,2024-04-01,4.610539986000001,0.0,4.610539986000001
2024-25,31,Lakshadweep,2024-05,2024-05-01,4.076586346,0.0,4.076586346
2024-25,31,Lakshadweep,2024-06,2024-06-01,6.12,0.0,6.12
2024-25,31,Lakshadweep,2024-07,2024-07-01,11.831200869999998,0.0,11.831200869999998
2024-25,31,Lakshadweep,2024-08,2024-08-01,9.566996312,0.0,9.566996312
2024-25,31,Lakshadweep,2024-09,2024-09-01,8.249945039,0.0,8.249945039
2024-25,31,Lakshadweep,2024-10,2024-10-01,9.590063541,0.0,9.590063541
2024-25,31,Lakshadweep,2024-11,2024-11-01,9.413356066,0.0,9.413356066
2024-25,31,Lakshadweep,2024-12,2024-12-01,11.964577484000001,0.0,11.964577484000001
2024-25,31,Lakshadweep,2025-01,2025-01-01,10.28242604,0.0,10.28242604
2024-25,31,Lakshadweep,2025-02,2025-02-01,11.156341727000001,0.0,11.156341727000001
2024-25,31,Lakshadweep,2025-03,2025-03-01,9.624100032,0.0,9.624100032
2024-25,32,Kerala,2024-04,2024-04-01,1593.768560154,0.0,1593.768560154
2024-25,32,Kerala,2024-05,2024-05-01,1287.8813828450002,0.0,1287.8813828450002
2024-25,32,Kerala,2024-06,2024-06-01,1462.36,0.0,1462.36
2024-25,32,Kerala,2024-07,2024-07-01,1413.51941665,0.0,1413.51941665
2024-25,32,Kerala,2024-08,2024-08-01,1461.272530403,0.0,1461.272530403
2024-25,32,Kerala,2024-09,2024-09-01,1653.806448968,0.0,1653.806448968
2024-25,32,Kerala,2024-10,2024-10-01,1644.063238796,0.0,1644.063238796
2024-25,32,Kerala,2024-11,2024-11-01,1532.3358645759997,0.0,1532.3358645759997
2024-25,32,Kerala,2024-12,2024-12-01,1365.502976206,0.0,1365.502976206
2024-25,32,Kerala,2025-01,2025-01-01,1447.70274938,0.0,1447.70274938
2024-25,32,Kerala,2025-02,2025-02-01,1559.546480329,0.0,1559.546480329
2024-25,32,Kerala,2025-03,2025-03-01,1465.9955859000002,0.0,1465.9955859000002
2024-25,33,Tamil Nadu,2024-04,2024-04-01,2593.19451043,0.0,2593.19451043
2024-25,33,Tamil Nadu,2024-05,2024-05-01,2484.109513906,0.0,2484.109513906
2024-25,33,Tamil Nadu,2024-06,2024-06-01,2159.92,0.0,2159.92
2024-25,33,Tamil Nadu,2024-07,2024-07-01,2851.7255779369993,0.0,2851.7255779369993
2024-25,33,Tamil Nadu,2024-08,2024-08-01,2714.390211848,0.0,2714.390211848
2024-25,33,Tamil Nadu,2024-09,2024-09-01,2507.227257421,0.0,2507.227257421
2024-25,33,Tamil Nadu,2024-10,2024-10-01,3073.8531329739994,0.0,3073.8531329739994
2024-25,33,Tamil Nadu,2024-11,2024-11-01,2763.1581223760004,0.0,2763.1581223760004
2024-25,33,Tamil Nadu,2024-12,2024-12-01,1848.688708057,0.0,1848.688708057
2024-25,33,Tamil Nadu,2025-01,2025-01-01,2478.126125961,0.0,2478.126125961
2024-25,33,Tamil Nadu,2025-02,2025-02-01,1865.3462310350003,0.0,1865.3462310350003
2024-25,33,Tamil Nadu,2025-03,2025-03-01,2198.20754157,0.0,2198.20754157
2024-25,34,Puducherry,2024-04,2024-04-01,75.310823268,0.0,75.310823268
2024-25,34,Puducherry,2024-05,2024-05-01,65.03138525499999,0.0,65.03138525499999
2024-25,34,Puducherry,2024-06,2024-06-01,80.5,0.0,80.5
2024-25,34,Puducherry,2024-07,2024-07-01,74.401629742,0.0,74.401629742
2024-25,34,Puducherry,2024-08,2024-08-01,78.65279979900001,0.0,78.65279979900001
2024-25,34,Puducherry,2024-09,2024-09-01,133.87990040399998,0.0,133.87990040399998
2024-25,34,Puducherry,2024-10,2024-10-01,77.73867753200001,0.0,77.73867753200001
2024-25,34,Puducherry,2024-11,2024-11-01,93.75429951400001,0.0,93.75429951400001
2024-25,34,Puducherry,2024-12,2024-12-01,57.152638241999995,0.0,57.152638241999995
2024-25,34,Puducherry,2025-01,2025-01-01,76.33697043000001,0.0,76.33697043000001
2024-25,34,Puducherry,2025-02,2025-02-01,74.37494227699999,0.0,74.37494227699999
2024-25,34,Puducherry,2025-03,2025-03-01,68.955904548,0.0,68.955904548
2024-25,35,Andaman and Nicobar Islands,2024-04,2024-04-01,56.478212778999996,0.0,56.478212778999996
2024-25,35,Andaman and Nicobar Islands,2024-05,2024-05-01,25.807436785,0.0,25.807436785
2024-25,35,Andaman and Nicobar Islands,2024-06,2024-06-01,26.39,0.0,26.39
2024-25,35,Andaman and Nicobar Islands,2024-07,2024-07-01,28.184690628999995,0.0,28.184690628999995
2024-25,35,Andaman and Nicobar Islands,2024-08,2024-08-01,24.427072113,0.0,24.427072113
2024-25,35,Andaman and Nicobar Islands,2024-09,2024-09-01,25.188868721999995,0.0,25.188868721999995
2024-25,35,Andaman and Nicobar Islands,2024-10,2024-10-01,26.994069444,0.0,26.994069444
2024-25,35,Andaman and Nicobar Islands,2024-11,2024-11-01,24.575945728,0.0,24.575945728
2024-25,35,Andaman and Nicobar Islands,2024-12,2024-12-01,28.118211281,0.0,28.118211281
2024-25,35,Andaman and Nicobar Islands,2025-01,2025-01-01,32.290394737999996,0.0,32.290394737999996
2024-25,35,Andaman and Nicobar Islands,2025-02,2025-02-01,37.285112046,0.0,37.285112046
2024-25,35,Andaman and Nicobar Islands,2025-03,2025-03-01,31.863040245999997,0.0,31.863040245999997
2024-25,36,Telangana,2024-04,2024-04-01,1973.0021449869998,0.0,1973.0021449869998
2024-25,36,Telangana,2024-05,2024-05-01,1603.3898584879996,0.0,1603.3898584879996
2024-25,36,Telangana,2024-06,2024-06-01,1784.5,0.0,1784.5
2024-25,36,Telangana,2024-07,2024-07-01,1950.4593634139999,0.0,1950.4593634139999
2024-25,36,Telangana,2024-08,2024-08-01,1916.2010087289998,0.0,1916.2010087289998
2024-25,36,Telangana,2024-09,2024-09-01,1878.0656476270003,0.0,1878.0656476270003
2024-25,36,Telangana,2024-10,2024-10-01,2110.943677831,0.0,2110.943677831
2024-25,36,Telangana,2024-11,2024-11-01,2110.5654469809997,0.0,2110.5654469809997
2024-25,36,Telangana,2024-12,2024-12-01,1650.8183956930002,0.0,1650.8183956930002
2024-25,36,Telangana,2025-01,2025-01-01,2020.8283848919998,0.0,2020.8283848919998
2024-25,36,Telangana,2025-02,2025-02-01,1870.79913193,0.0,1870.79913193
2024-25,36,Telangana,2025-03,2025-03-01,1863.4306077120002,0.0,1863.4306077120002
2024-25,37,Andhra Pradesh,2024-04,2024-04-01,1930.9460219080001,0.0,1930.9460219080001
2024-25,37,Andhra Pradesh,2024-05,2024-05-01,1356.979166395,0.0,1356.979166395
2024-25,37,Andhra Pradesh,2024-06,2024-06-01,1268.83,0.0,1268.83
2024-25,37,Andhra Pradesh,2024-07,2024-07-01,1539.0238977239999,0.0,1539.0238977239999
2024-25,37,Andhra Pradesh,2024-08,2024-08-01,1554.5392256540001,0.0,1554.5392256540001
2024-25,37,Andhra Pradesh,2024-09,2024-09-01,1502.0091908680001,0.0,1502.0091908680001
2024-25,37,Andhra Pradesh,2024-10,2024-10-01,1602.8042200090001,0.0,1602.8042200090001
2024-25,37,Andhra Pradesh,2024-11,2024-11-01,1630.0967031769999,0.0,1630.0967031769999
2024-25,37,Andhra Pradesh,2024-12,2024-12-01,1430.7231331130001,0.0,1430.7231331130001
2024-25,37,Andhra Pradesh,2025-01,2025-01-01,1694.428431129,0.0,1694.428431129
2024-25,37,Andhra Pradesh,2025-02,2025-02-01,1687.636414541,0.0,1687.636414541
2024-25,37,Andhra Pradesh,2025-03,2025-03-01,1615.4469377670002,0.0,1615.4469377670002
2024-25,38,Ladakh,2024-04,2024-04-01,25.165528669,0.0,25.165528669
2024-25,38,Ladakh,2024-05,2024-05-01,16.579622262,0.0,16.579622262
2024-25,38,Ladakh,2024-06,2024-06-01,34.08,0.0,34.08
2024-25,38,Ladakh,2024-07,2024-07-01,52.415102591,0.0,52.415102591
2024-25,38,Ladakh,2024-08,2024-08-01,52.385856069999996,0.0,52.385856069999996
2024-25,38,Ladakh,2024-09,2024-09-01,51.390439399,0.0,51.390439399
2024-25,38,Ladakh,2024-10,2024-10-01,67.950346048,0.0,67.950346048
2024-25,38,Ladakh,2024-11,2024-11-01,51.449147061999994,0.0,51.449147061999994
2024-25,38,Ladakh,2024-12,2024-12-01,36.815392028,0.0,36.815392028
2024-25,38,Ladakh,2025-01,2025-01-01,38.856186644999994,0.0,38.856186644999994
2024-25,38,Ladakh,2025-02,2025-02-01,18.637651848999997,0.0,18.637651848999997
2024-25,38,Ladakh,2025-03,2025-03-01,18.477344027,0.0,18.477344027
2024-25,97,Other Territory,2024-04,2024-04-01,60.791831113,0.0,60.791831113
2024-25,97,Other Territory,2024-05,2024-05-01,49.264260789999994,0.0,49.264260789999994
2024-25,97,Other Territory,2024-06,2024-06-01,47.54,0.0,47.54
2024-25,97,Other Territory,2024-07,2024-07-01,80.878043476,0.0,80.878043476
2024-25,97,Other Territory,2024-08,2024-08-01,53.214775442,0.0,53.214775442
2024-25,97,Other Territory,2024-09,2024-09-01,51.559430051999996,0.0,51.559430051999996
2024-25,97,Other Territory,2024-10,2024-10-01,48.113749001,0.0,48.113749001
2024-25,97,Other Territory,2024-11,2024-11-01,37.994998943,0.0,37.994998943
2024-25,97,Other Territory,2024-12,2024-12-01,54.189774574,0.0,54.189774574
2024-25,97,Other Territory,2025-01,2025-01-01,79.61869623300001,0.0,79.61869623300001
2024-25,97,Other Territory,2025-02,2025-02-01,78.637020824,0.0,78.637020824
2024-25,97,Other Territory,2025-03,2025-03-01,85.507577449,0.0,85.507577449
2025-26,01,Jammu and Kashmir,2025-04,2025-04-01,610.9160428959999,0.0,610.9160428959999
2025-26,01,Jammu and Kashmir,2025-05,2025-05-01,452.8149523910001,0.0,452.8149523910001
2025-26,01,Jammu and Kashmir,2025-06,2025-06-01,396.675393494,0.0,396.675393494
2025-26,01,Jammu and Kashmir,2025-07,2025-07-01,480.44273255700006,0.0,480.44273255700006
2025-26,01,Jammu and Kashmir,2025-08,2025-08-01,447.43285474700014,0.0,447.43285474700014
2025-26,01,Jammu and Kashmir,2025-09,2025-09-01,368.595708529,0.0,368.595708529
2025-26,01,Jammu and Kashmir,2025-10,2025-10-01,436.45692417600003,0.0,436.45692417600003
2025-26,01,Jammu and Kashmir,2025-11,2025-11-01,463.332060483,0.0,463.332060483
2025-26,01,Jammu and Kashmir,2025-12,2025-12-01,388.4887576365,0.0,388.4887576365
2025-26,01,Jammu and Kashmir,2026-01,2026-01-01,463.7882283745001,0.0,463.7882283745001
2025-26,01,Jammu and Kashmir,2026-02,2026-02-01,395.15753668100007,0.0,395.15753668100007
2025-26,02,Himachal Pradesh,2025-04,2025-04-01,431.22853366000004,0.0,431.22853366000004
2025-26,02,Himachal Pradesh,2025-05,2025-05-01,302.94437691999997,0.0,302.94437691999997
2025-26,02,Himachal Pradesh,2025-06,2025-06-01,271.96113199,0.0,271.96113199
2025-26,02,Himachal Pradesh,2025-07,2025-07-01,363.279546396,0.0,363.279546396
2025-26,02,Himachal Pradesh,2025-08,2025-08-01,294.399333419,0.0,294.399333419
2025-26,02,Himachal Pradesh,2025-09,2025-09-01,201.434720324,0.0,201.434720324
2025-26,02,Himachal Pradesh,2025-10,2025-10-01,334.150656223,0.0,334.150656223
2025-26,02,Himachal Pradesh,2025-11,2025-11-01,366.3621677305,0.0,366.3621677305
2025-26,02,Himachal Pradesh,2025-12,2025-12-01,301.31978257450004,0.0,301.31978257450004
2025-26,02,Himachal Pradesh,2026-01,2026-01-01,408.695063383,0.0,408.695063383
2025-26,02,Himachal Pradesh,2026-02,2026-02-01,332.2707528645,0.0,332.2707528645
2025-26,03,Punjab,2025-04,2025-04-01,1571.3228304389997,0.0,1571.3228304389997
2025-26,03,Punjab,2025-05,2025-05-01,1285.8516971529998,0.0,1285.8516971529998
2025-26,03,Punjab,2025-06,2025-06-01,1622.5587918630001,0.0,1622.5587918630001
2025-26,03,Punjab,2025-07,2025-07-01,1598.0790073819999,0.0,1598.0790073819999
2025-26,03,Punjab,2025-08,2025-08-01,1512.6020563860002,0.0,1512.6020563860002
2025-26,03,Punjab,2025-09,2025-09-01,1402.774785261,0.0,1402.774785261
2025-26,03,Punjab,2025-10,2025-10-01,1691.08111142,0.0,1691.08111142
2025-26,03,Punjab,2025-11,2025-11-01,1440.5972680559996,0.0,1440.5972680559996
2025-26,03,Punjab,2025-12,2025-12-01,1247.063783458,0.0,1247.063783458
2025-26,03,Punjab,2026-01,2026-01-01,1514.1949733395,0.0,1514.1949733395
2025-26,03,Punjab,2026-02,2026-02-01,1520.8007471170004,0.0,1520.8007471170004
2025-26,04,Chandigarh,2025-04,2025-04-01,179.76297837400003,0.0,179.76297837400003
2025-26,04,Chandigarh,2025-05,2025-05-01,133.51093873599999,0.0,133.51093873599999
2025-26,04,Chandigarh,2025-06,2025-06-01,125.31229048500002,0.0,125.31229048500002
2025-26,04,Chandigarh,2025-07,2025-07-01,138.31146150699996,0.0,138.31146150699996
2025-26,04,Chandigarh,2025-08,2025-08-01,130.98164834099998,0.0,130.98164834099998
2025-26,04,Chandigarh,2025-09,2025-09-01,126.45196739500001,0.0,126.45196739500001
2025-26,04,Chandigarh,2025-10,2025-10-01,154.975984943,0.0,154.975984943
2025-26,04,Chandigarh,2025-11,2025-11-01,178.41977986350003,0.0,178.41977986350003
2025-26,04,Chandigarh,2025-12,2025-12-01,125.49099169250002,0.0,125.49099169250002
2025-26,04,Chandigarh,2026-01,2026-01-01,165.64240617499996,0.0,165.64240617499996
2025-26,04,Chandigarh,2026-02,2026-02-01,142.7245876035,0.0,142.7245876035
2025-26,05,Uttarakhand,2025-04,2025-04-01,447.64504802400006,0.0,447.64504802400006
2025-26,05,Uttarakhand,2025-05,2025-05-01,302.95949141200003,0.0,302.95949141200003
2025-26,05,Uttarakhand,2025-06,2025-06-01,243.48186592,0.0,243.48186592
2025-26,05,Uttarakhand,2025-07,2025-07-01,379.38163334,0.0,379.38163334
2025-26,05,Uttarakhand,2025-08,2025-08-01,340.038428595,0.0,340.038428595
2025-26,05,Uttarakhand,2025-09,2025-09-01,285.2548515,0.0,285.2548515
2025-26,05,Uttarakhand,2025-10,2025-10-01,415.57350419,0.0,415.57350419
2025-26,05,Uttarakhand,2025-11,2025-11-01,403.65433135250004,0.0,403.65433135250004
2025-26,05,Uttarakhand,2025-12,2025-12-01,366.08365652349994,0.0,366.08365652349994
2025-26,05,Uttarakhand,2026-01,2026-01-01,464.620568333,0.0,464.620568333
2025-26,05,Uttarakhand,2026-02,2026-02-01,373.020675067,0.0,373.020675067
2025-26,06,Haryana,2025-04,2025-04-01,2097.814296609,0.0,2097.814296609
2025-26,06,Haryana,2025-05,2025-05-01,1568.2694670149997,0.0,1568.2694670149997
2025-26,06,Haryana,2025-06,2025-06-01,1521.5965986229999,0.0,1521.5965986229999
2025-26,06,Haryana,2025-07,2025-07-01,1976.870612138,0.0,1976.870612138
2025-26,06,Haryana,2025-08,2025-08-01,2121.160451092,0.0,2121.160451092
2025-26,06,Haryana,2025-09,2025-09-01,1945.9129432539996,0.0,1945.9129432539996
2025-26,06,Haryana,2025-10,2025-10-01,2806.907773005,0.0,2806.907773005
2025-26,06,Haryana,2025-11,2025-11-01,1962.3642363425,0.0,1962.3642363425
2025-26,06,Haryana,2025-12,2025-12-01,1792.6044324735005,0.0,1792.6044324735005
2025-26,06,Haryana,2026-01,2026-01-01,2488.6932552344997,0.0,2488.6932552344997
2025-26,06,Haryana,2026-02,2026-02-01,2377.718360442,0.0,2377.718360442
2025-26,07,Delhi,2025-04,2025-04-01,2061.857627183,0.0,2061.857627183
2025-26,07,Delhi,2025-05,2025-05-01,1684.4847743189996,0.0,1684.4847743189996
2025-26,07,Delhi,2025-06,2025-06-01,1375.679701386,0.0,1375.679701386
2025-26,07,Delhi,2025-07,2025-07-01,1661.240528321,0.0,1661.240528321
2025-26,07,Delhi,2025-08,2025-08-01,1703.0732684179998,0.0,1703.0732684179998
2025-26,07,Delhi,2025-09,2025-09-01,1442.234535247,0.0,1442.234535247
2025-26,07,Delhi,2025-10,2025-10-01,1596.3325899479998,0.0,1596.3325899479998
2025-26,07,Delhi,2025-11,2025-11-01,1582.5797766980002,0.0,1582.5797766980002
2025-26,07,Delhi,2025-12,2025-12-01,1386.1998871890003,0.0,1386.1998871890003
2025-26,07,Delhi,2026-01,2026-01-01,1792.4155100584999,0.0,1792.4155100584999
2025-26,07,Delhi,2026-02,2026-02-01,1552.1704524649997,0.0,1552.1704524649997
2025-26,08,Rajasthan,2025-04,2025-04-01,2655.288668727,0.0,2655.288668727
2025-26,08,Rajasthan,2025-05,2025-05-01,2096.602970965,0.0,2096.602970965
2025-26,08,Rajasthan,2025-06,2025-06-01,2049.8482200030003,0.0,2049.8482200030003
2025-26,08,Rajasthan,2025-07,2025-07-01,2337.521700019,0.0,2337.521700019
2025-26,08,Rajasthan,2025-08,2025-08-01,2190.63298236,0.0,2190.63298236
2025-26,08,Rajasthan,2025-09,2025-09-01,2068.319741918,0.0,2068.319741918
2025-26,08,Rajasthan,2025-10,2025-10-01,2735.8645395839994,0.0,2735.8645395839994
2025-26,08,Rajasthan,2025-11,2025-11-01,2406.083959601001,0.0,2406.083959601001
2025-26,08,Rajasthan,2025-12,2025-12-01,2013.3737246185,0.0,2013.3737246185
2025-26,08,Rajasthan,2026-01,2026-01-01,2374.122648474,0.0,2374.122648474
2025-26,08,Rajasthan,2026-02,2026-02-01,2260.937427620501,0.0,2260.937427620501
2025-26,09,Uttar Pradesh,2025-04,2025-04-01,4877.508904242,0.0,4877.508904242
2025-26,09,Uttar Pradesh,2025-05,2025-05-01,4310.873381433999,0.0,4310.873381433999
2025-26,09,Uttar Pradesh,2025-06,2025-06-01,3952.122142931,0.0,3952.122142931
2025-26,09,Uttar Pradesh,2025-07,2025-07-01,4031.4252189830004,0.0,4031.4252189830004
2025-26,09,Uttar Pradesh,2025-08,2025-08-01,4055.471297486001,0.0,4055.471297486001
2025-26,09,Uttar Pradesh,2025-09,2025-09-01,3218.232696941,0.0,3218.232696941
2025-26,09,Uttar Pradesh,2025-10,2025-10-01,4614.091359714001,0.0,4614.091359714001
2025-26,09,Uttar Pradesh,2025-11,2025-11-01,5002.8695567065,0.0,5002.8695567065
2025-26,09,Uttar Pradesh,2025-12,2025-12-01,4132.2674942885,0.0,4132.2674942885
2025-26,09,Uttar Pradesh,2026-01,2026-01-01,4448.0893735895,0.0,4448.0893735895
2025-26,09,Uttar Pradesh,2026-02,2026-02-01,4593.046813661501,0.0,4593.046813661501
2025-26,10,Bihar,2025-04,2025-04-01,1998.3971381449996,0.0,1998.3971381449996
2025-26,10,Bihar,2025-05,2025-05-01,1844.777779618,0.0,1844.777779618
2025-26,10,Bihar,2025-06,2025-06-01,1764.824108136,0.0,1764.824108136
2025-26,10,Bihar,2025-07,2025-07-01,1757.7783352,0.0,1757.7783352
2025-26,10,Bihar,2025-08,2025-08-01,1777.956723791,0.0,1777.956723791
2025-26,10,Bihar,2025-09,2025-09-01,1621.388217168,0.0,1621.388217168
2025-26,10,Bihar,2025-10,2025-10-01,1817.7902387460003,0.0,1817.7902387460003
2025-26,10,Bihar,2025-11,2025-11-01,1769.1498050175007,0.0,1769.1498050175007
2025-26,10,Bihar,2025-12,2025-12-01,1718.5870557620003,0.0,1718.5870557620003
2025-26,10,Bihar,2026-01,2026-01-01,1812.3105067405002,0.0,1812.3105067405002
2025-26,10,Bihar,2026-02,2026-02-01,1760.285198261,0.0,1760.285198261
2025-26,11,Sikkim,2025-04,2025-04-01,79.49113630699999,0.0,79.49113630699999
2025-26,11,Sikkim,2025-05,2025-05-01,47.449416979,0.0,47.449416979
2025-26,11,Sikkim,2025-06,2025-06-01,51.048078821000004,0.0,51.048078821000004
2025-26,11,Sikkim,2025-07,2025-07-01,60.383157407000006,0.0,60.383157407000006
2025-26,11,Sikkim,2025-08,2025-08-01,48.63246786400001,0.0,48.63246786400001
2025-26,11,Sikkim,2025-09,2025-09-01,44.858365169,0.0,44.858365169
2025-26,11,Sikkim,2025-10,2025-10-01,65.915156852,0.0,65.915156852
2025-26,11,Sikkim,2025-11,2025-11-01,53.226902648,0.0,53.226902648
2025-26,11,Sikkim,2025-12,2025-12-01,56.07942080750001,0.0,56.07942080750001
2025-26,11,Sikkim,2026-01,2026-01-01,59.88996488200001,0.0,59.88996488200001
2025-26,11,Sikkim,2026-02,2026-02-01,48.5322878415,0.0,48.5322878415
2025-26,12,Arunachal Pradesh,2025-04,2025-04-01,163.893215272,0.0,163.893215272
2025-26,12,Arunachal Pradesh,2025-05,2025-05-01,114.45829996299999,0.0,114.45829996299999
2025-26,12,Arunachal Pradesh,2025-06,2025-06-01,120.71468994499998,0.0,120.71468994499998
2025-26,12,Arunachal Pradesh,2025-07,2025-07-01,112.61372890999999,0.0,112.61372890999999
2025-26,12,Arunachal Pradesh,2025-08,2025-08-01,98.950051468,0.0,98.950051468
2025-26,12,Arunachal Pradesh,2025-09,2025-09-01,93.278157667,0.0,93.278157667
2025-26,12,Arunachal Pradesh,2025-10,2025-10-01,97.73933738799998,0.0,97.73933738799998
2025-26,12,Arunachal Pradesh,2025-11,2025-11-01,92.0697692585,0.0,92.0697692585
2025-26,12,Arunachal Pradesh,2025-12,2025-12-01,92.37356584000001,0.0,92.37356584000001
2025-26,12,Arunachal Pradesh,2026-01,2026-01-01,98.849441059,0.0,98.849441059
2025-26,12,Arunachal Pradesh,2026-02,2026-02-01,100.16773821250001,0.0,100.16773821250001
2025-26,13,Nagaland,2025-04,2025-04-01,94.159376584,0.0,94.159376584
2025-26,13,Nagaland,2025-05,2025-05-01,69.03163416400001,0.0,69.03163416400001
2025-26,13,Nagaland,2025-06,2025-06-01,66.040342343,0.0,66.040342343
2025-26,13,Nagaland,2025-07,2025-07-01,67.602686976,0.0,67.602686976
2025-26,13,Nagaland,2025-08,2025-08-01,67.42220565800001,0.0,67.42220565800001
2025-26,13,Nagaland,2025-09,2025-09-01,59.58848810899999,0.0,59.58848810899999
2025-26,13,Nagaland,2025-10,2025-10-01,65.87857943499999,0.0,65.87857943499999
2025-26,13,Nagaland,2025-11,2025-11-01,67.81623399000001,0.0,67.81623399000001
2025-26,13,Nagaland,2025-12,2025-12-01,61.645193871000004,0.0,61.645193871000004
2025-26,13,Nagaland,2026-01,2026-01-01,62.8125501025,0.0,62.8125501025
2025-26,13,Nagaland,2026-02,2026-02-01,62.6286166365,0.0,62.6286166365
2025-26,14,Manipur,2025-04,2025-04-01,63.435431519999995,0.0,63.435431519999995
2025-26,14,Manipur,2025-05,2025-05-01,62.46579139399999,0.0,62.46579139399999
2025-26,14,Manipur,2025-06,2025-06-01,60.552820324,0.0,60.552820324
2025-26,14,Manipur,2025-07,2025-07-01,55.56675816000001,0.0,55.56675816000001
2025-26,14,Manipur,2025-08,2025-08-01,71.65678614800001,0.0,71.65678614800001
2025-26,14,Manipur,2025-09,2025-09-01,69.682772579,0.0,69.682772579
2025-26,14,Manipur,2025-10,2025-10-01,72.518106141,0.0,72.518106141
2025-26,14,Manipur,2025-11,2025-11-01,82.238264366,0.0,82.238264366
2025-26,14,Manipur,2025-12,2025-12-01,58.46017043149998,0.0,58.46017043149998
2025-26,14,Manipur,2026-01,2026-01-01,84.07519938800002,0.0,84.07519938800002
2025-26,14,Manipur,2026-02,2026-02-01,70.3742995805,0.0,70.3742995805
2025-26,15,Mizoram,2025-04,2025-04-01,72.99556759200001,0.0,72.99556759200001
2025-26,15,Mizoram,2025-05,2025-05-01,58.368533007,0.0,58.368533007
2025-26,15,Mizoram,2025-06,2025-06-01,61.933888373,0.0,61.933888373
2025-26,15,Mizoram,2025-07,2025-07-01,59.97118310599999,0.0,59.97118310599999
2025-26,15,Mizoram,2025-08,2025-08-01,50.798295798000005,0.0,50.798295798000005
2025-26,15,Mizoram,2025-09,2025-09-01,57.70053036900002,0.0,57.70053036900002
2025-26,15,Mizoram,2025-10,2025-10-01,59.70569535799999,0.0,59.70569535799999
2025-26,15,Mizoram,2025-11,2025-11-01,61.8462269565,0.0,61.8462269565
2025-26,15,Mizoram,2025-12,2025-12-01,60.717001118000006,0.0,60.717001118000006
2025-26,15,Mizoram,2026-01,2026-01-01,52.2142232965,0.0,52.2142232965
2025-26,15,Mizoram,2026-02,2026-02-01,63.320738088999995,0.0,63.320738088999995
2025-26,16,Tripura,2025-04,2025-04-01,124.29654346299999,0.0,124.29654346299999
2025-26,16,Tripura,2025-05,2025-05-01,99.55783141300002,0.0,99.55783141300002
2025-26,16,Tripura,2025-06,2025-06-01,103.4316698,0.0,103.4316698
2025-26,16,Tripura,2025-07,2025-07-01,85.858172489,0.0,85.858172489
2025-26,16,Tripura,2025-08,2025-08-01,89.78561714799999,0.0,89.78561714799999
2025-26,16,Tripura,2025-09,2025-09-01,96.361138044,0.0,96.361138044
2025-26,16,Tripura,2025-10,2025-10-01,97.49434100600001,0.0,97.49434100600001
2025-26,16,Tripura,2025-11,2025-11-01,77.80754495,0.0,77.80754495
2025-26,16,Tripura,2025-12,2025-12-01,77.0743760255,0.0,77.0743760255
2025-26,16,Tripura,2026-01,2026-01-01,89.27924363700001,0.0,89.27924363700001
2025-26,16,Tripura,2026-02,2026-02-01,81.58671818700002,0.0,81.58671818700002
2025-26,17,Meghalaya,2025-04,2025-04-01,114.67371064700001,0.0,114.67371064700001
2025-26,17,Meghalaya,2025-05,2025-05-01,87.537401945,0.0,87.537401945
2025-26,17,Meghalaya,2025-06,2025-06-01,82.51682954099998,0.0,82.51682954099998
2025-26,17,Meghalaya,2025-07,2025-07-01,91.245092807,0.0,91.245092807
2025-26,17,Meghalaya,2025-08,2025-08-01,90.512239257,0.0,90.512239257
2025-26,17,Meghalaya,2025-09,2025-09-01,87.080434856,0.0,87.080434856
2025-26,17,Meghalaya,2025-10,2025-10-01,96.56579863599998,0.0,96.56579863599998
2025-26,17,Meghalaya,2025-11,2025-11-01,103.53253725200001,0.0,103.53253725200001
2025-26,17,Meghalaya,2025-12,2025-12-01,86.61326228399999,0.0,86.61326228399999
2025-26,17,Meghalaya,2026-01,2026-01-01,100.01833746150001,0.0,100.01833746150001
2025-26,17,Meghalaya,2026-02,2026-02-01,95.45306659,0.0,95.45306659
2025-26,18,Assam,2025-04,2025-04-01,858.9601118329999,0.0,858.9601118329999
2025-26,18,Assam,2025-05,2025-05-01,781.507741158,0.0,781.507741158
2025-26,18,Assam,2025-06,2025-06-01,732.9578777219999,0.0,732.9578777219999
2025-26,18,Assam,2025-07,2025-07-01,734.301428029,0.0,734.301428029
2025-26,18,Assam,2025-08,2025-08-01,728.851413922,0.0,728.851413922
2025-26,18,Assam,2025-09,2025-09-01,1769.770210816,0.0,1769.770210816
2025-26,18,Assam,2025-10,2025-10-01,1598.0905681699999,0.0,1598.0905681699999
2025-26,18,Assam,2025-11,2025-11-01,1088.8509651430008,0.0,1088.8509651430008
2025-26,18,Assam,2025-12,2025-12-01,715.809004238,0.0,715.809004238
2025-26,18,Assam,2026-01,2026-01-01,805.5984795585,0.0,805.5984795585
2025-26,18,Assam,2026-02,2026-02-01,764.2933247970002,0.0,764.2933247970002
2025-26,19,West Bengal,2025-04,2025-04-01,2195.5006374370005,0.0,2195.5006374370005
2025-26,19,West Bengal,2025-05,2025-05-01,1771.3375567169999,0.0,1771.3375567169999
2025-26,19,West Bengal,2025-06,2025-06-01,1793.9479531339994,0.0,1793.9479531339994
2025-26,19,West Bengal,2025-07,2025-07-01,1675.2662402509998,0.0,1675.2662402509998
2025-26,19,West Bengal,2025-08,2025-08-01,2048.0906940510004,0.0,2048.0906940510004
2025-26,19,West Bengal,2025-09,2025-09-01,1792.9219238935002,0.0,1792.9219238935002
2025-26,19,West Bengal,2025-10,2025-10-01,2376.8884942490004,0.0,2376.8884942490004
2025-26,19,West Bengal,2025-11,2025-11-01,1873.4891838030003,0.0,1873.4891838030003
2025-26,19,West Bengal,2025-12,2025-12-01,1711.3659510584998,0.0,1711.3659510584998
2025-26,19,West Bengal,2026-01,2026-01-01,2289.741915223,0.0,2289.741915223
2025-26,19,West Bengal,2026-02,2026-02-01,1839.2011411135,0.0,1839.2011411135
2025-26,20,Jharkhand,2025-04,2025-04-01,561.742629676,0.0,561.742629676
2025-26,20,Jharkhand,2025-05,2025-05-01,485.79203312299995,0.0,485.79203312299995
2025-26,20,Jharkhand,2025-06,2025-06-01,550.3804517399999,0.0,550.3804517399999
2025-26,20,Jharkhand,2025-07,2025-07-01,583.7580796549998,0.0,583.7580796549998
2025-26,20,Jharkhand,2025-08,2025-08-01,449.1070403380001,0.0,449.1070403380001
2025-26,20,Jharkhand,2025-09,2025-09-01,326.005537998,0.0,326.005537998
2025-26,20,Jharkhand,2025-10,2025-10-01,440.6055761250001,0.0,440.6055761250001
2025-26,20,Jharkhand,2025-11,2025-11-01,106.8778388035,0.0,106.8778388035
2025-26,20,Jharkhand,2025-12,2025-12-01,146.27055004050004,0.0,146.27055004050004
2025-26,20,Jharkhand,2026-01,2026-01-01,-100.56204390899994,0.0,-100.56204390899994
2025-26,20,Jharkhand,2026-02,2026-02-01,-92.30244829600007,0.0,-92.30244829600007
2025-26,21,Odisha,2025-04,2025-04-01,962.2861071159998,0.0,962.2861071159998
2025-26,21,Odisha,2025-05,2025-05-01,515.5857098099999,0.0,515.5857098099999
2025-26,21,Odisha,2025-06,2025-06-01,477.77540292699985,0.0,477.77540292699985
2025-26,21,Odisha,2025-07,2025-07-01,532.922432055,0.0,532.922432055
2025-26,21,Odisha,2025-08,2025-08-01,487.102709979,0.0,487.102709979
2025-26,21,Odisha,2025-09,2025-09-01,493.9890627670001,0.0,493.9890627670001
2025-26,21,Odisha,2025-10,2025-10-01,830.061815102,0.0,830.061815102
2025-26,21,Odisha,2025-11,2025-11-01,404.8915348990001,0.0,404.8915348990001
2025-26,21,Odisha,2025-12,2025-12-01,205.4603056000001,0.0,205.4603056000001
2025-26,21,Odisha,2026-01,2026-01-01,284.3929677284999,0.0,284.3929677284999
2025-26,21,Odisha,2026-02,2026-02-01,136.10336739349992,0.0,136.10336739349992
2025-26,22,Chhattisgarh,2025-04,2025-04-01,570.2322919869999,0.0,570.2322919869999
2025-26,22,Chhattisgarh,2025-05,2025-05-01,385.349229589,0.0,385.349229589
2025-26,22,Chhattisgarh,2025-06,2025-06-01,465.06172228899993,0.0,465.06172228899993
2025-26,22,Chhattisgarh,2025-07,2025-07-01,673.687007924,0.0,673.687007924
2025-26,22,Chhattisgarh,2025-08,2025-08-01,499.0302507370001,0.0,499.0302507370001
2025-26,22,Chhattisgarh,2025-09,2025-09-01,409.055615719,0.0,409.055615719
2025-26,22,Chhattisgarh,2025-10,2025-10-01,574.678183466,0.0,574.678183466
2025-26,22,Chhattisgarh,2025-11,2025-11-01,643.6370863664998,0.0,643.6370863664998
2025-26,22,Chhattisgarh,2025-12,2025-12-01,151.45075508499997,0.0,151.45075508499997
2025-26,22,Chhattisgarh,2026-01,2026-01-01,197.79863182350005,0.0,197.79863182350005
2025-26,22,Chhattisgarh,2026-02,2026-02-01,348.0201904480001,0.0,348.0201904480001
2025-26,23,Madhya Pradesh,2025-04,2025-04-01,2326.5623952519995,0.0,2326.5623952519995
2025-26,23,Madhya Pradesh,2025-05,2025-05-01,1698.546005628,0.0,1698.546005628
2025-26,23,Madhya Pradesh,2025-06,2025-06-01,1691.425068784,0.0,1691.425068784
2025-26,23,Madhya Pradesh,2025-07,2025-07-01,1890.3697969869995,0.0,1890.3697969869995
2025-26,23,Madhya Pradesh,2025-08,2025-08-01,1699.6568594859998,0.0,1699.6568594859998
2025-26,23,Madhya Pradesh,2025-09,2025-09-01,1442.6243930879998,0.0,1442.6243930879998
2025-26,23,Madhya Pradesh,2025-10,2025-10-01,1970.5706781449996,0.0,1970.5706781449996
2025-26,23,Madhya Pradesh,2025-11,2025-11-01,1613.4981971404998,0.0,1613.4981971404998
2025-26,23,Madhya Pradesh,2025-12,2025-12-01,1722.9252631050003,0.0,1722.9252631050003
2025-26,23,Madhya Pradesh,2026-01,2026-01-01,1549.4597011020003,0.0,1549.4597011020003
2025-26,23,Madhya Pradesh,2026-02,2026-02-01,1566.7639092620002,0.0,1566.7639092620002
2025-26,24,Gujarat,2025-04,2025-04-01,3282.999465439,0.0,3282.999465439
2025-26,24,Gujarat,2025-05,2025-05-01,2267.9699762640003,0.0,2267.9699762640003
2025-26,24,Gujarat,2025-06,2025-06-01,2359.296066916,0.0,2359.296066916
2025-26,24,Gujarat,2025-07,2025-07-01,2696.1242972879995,0.0,2696.1242972879995
2025-26,24,Gujarat,2025-08,2025-08-01,2588.1403450079993,0.0,2588.1403450079993
2025-26,24,Gujarat,2025-09,2025-09-01,2358.114506159,0.0,2358.114506159
2025-26,24,Gujarat,2025-10,2025-10-01,3604.3722429210006,0.0,3604.3722429210006
2025-26,24,Gujarat,2025-11,2025-11-01,2898.017585291501,0.0,2898.017585291501
2025-26,24,Gujarat,2025-12,2025-12-01,2801.4231426870006,0.0,2801.4231426870006
2025-26,24,Gujarat,2026-01,2026-01-01,3403.8918179984994,0.0,3403.8918179984994
2025-26,24,Gujarat,2026-02,2026-02-01,3322.2323868889994,0.0,3322.2323868889994
2025-26,25,Daman and Diu,2025-04,2025-04-01,0.04622498,0.0,0.04622498
2025-26,25,Daman and Diu,2025-05,2025-05-01,0.046890993,0.0,0.046890993
2025-26,25,Daman and Diu,2025-06,2025-06-01,0.050085407,0.0,0.050085407
2025-26,25,Daman and Diu,2025-07,2025-07-01,0.032655285,0.0,0.032655285
2025-26,25,Daman and Diu,2025-08,2025-08-01,0.10806967099999999,0.0,0.10806967099999999
2025-26,25,Daman and Diu,2025-09,2025-09-01,0.016297825,0.0,0.016297825
2025-26,25,Daman and Diu,2025-10,2025-10-01,0.05262113200000001,0.0,0.05262113200000001
2025-26,25,Daman and Diu,2025-11,2025-11-01,0.030305739,0.0,0.030305739
2025-26,25,Daman and Diu,2025-12,2025-12-01,0.013303706,0.0,0.013303706
2025-26,25,Daman and Diu,2026-01,2026-01-01,0.013597419,0.0,0.013597419
2025-26,25,Daman and Diu,2026-02,2026-02-01,0.020307663,0.0,0.020307663
2025-26,26,Dadra and Nagar Haveli,2025-04,2025-04-01,51.84029649599999,0.0,51.84029649599999
2025-26,26,Dadra and Nagar Haveli,2025-05,2025-05-01,38.255408975,0.0,38.255408975
2025-26,26,Dadra and Nagar Haveli,2025-06,2025-06-01,24.03391740100001,0.0,24.03391740100001
2025-26,26,Dadra and Nagar Haveli,2025-07,2025-07-01,41.887689338999984,0.0,41.887689338999984
2025-26,26,Dadra and Nagar Haveli,2025-08,2025-08-01,48.078596694000005,0.0,48.078596694000005
2025-26,26,Dadra and Nagar Haveli,2025-09,2025-09-01,20.91071910200001,0.0,20.91071910200001
2025-26,26,Dadra and Nagar Haveli,2025-10,2025-10-01,64.345941747,0.0,64.345941747
2025-26,26,Dadra and Nagar Haveli,2025-11,2025-11-01,90.87008014000001,0.0,90.87008014000001
2025-26,26,Dadra and Nagar Haveli,2025-12,2025-12-01,47.493975793000004,0.0,47.493975793000004
2025-26,26,Dadra and Nagar Haveli,2026-01,2026-01-01,55.56505432999996,0.0,55.56505432999996
2025-26,26,Dadra and Nagar Haveli,2026-02,2026-02-01,92.61724073599997,0.0,92.61724073599997
2025-26,27,Maharashtra,2025-04,2025-04-01,6723.856786206001,0.0,6723.856786206001
2025-26,27,Maharashtra,2025-05,2025-05-01,6332.390582032001,0.0,6332.390582032001
2025-26,27,Maharashtra,2025-06,2025-06-01,5425.585252536,0.0,5425.585252536
2025-26,27,Maharashtra,2025-07,2025-07-01,6033.175294592999,0.0,6033.175294592999
2025-26,27,Maharashtra,2025-08,2025-08-01,6304.986334594998,0.0,6304.986334594998
2025-26,27,Maharashtra,2025-09,2025-09-01,5870.158183766,0.0,5870.158183766
2025-26,27,Maharashtra,2025-10,2025-10-01,7527.911415743,0.0,7527.911415743
2025-26,27,Maharashtra,2025-11,2025-11-01,6198.4246892579995,0.0,6198.4246892579995
2025-26,27,Maharashtra,2025-12,2025-12-01,6288.6453714555,0.0,6288.6453714555
2025-26,27,Maharashtra,2026-01,2026-01-01,7175.203612428499,0.0,7175.203612428499
2025-26,27,Maharashtra,2026-02,2026-02-01,6294.6394375995005,0.0,6294.6394375995005
2025-26,29,Karnataka,2025-04,2025-04-01,3519.6222573769996,0.0,3519.6222573769996
2025-26,29,Karnataka,2025-05,2025-05-01,2890.6473648439996,0.0,2890.6473648439996
2025-26,29,Karnataka,2025-06,2025-06-01,2910.6668840180005,0.0,2910.6668840180005
2025-26,29,Karnataka,2025-07,2025-07-01,3263.732109564001,0.0,3263.732109564001
2025-26,29,Karnataka,2025-08,2025-08-01,3251.3678715910005,0.0,3251.3678715910005
2025-26,29,Karnataka,2025-09,2025-09-01,3225.8434055660005,0.0,3225.8434055660005
2025-26,29,Karnataka,2025-10,2025-10-01,3902.8832275939994,0.0,3902.8832275939994
2025-26,29,Karnataka,2025-11,2025-11-01,3696.08235234,0.0,3696.08235234
2025-26,29,Karnataka,2025-12,2025-12-01,2899.8853818945004,0.0,2899.8853818945004
2025-26,29,Karnataka,2026-01,2026-01-01,3258.1781766010004,0.0,3258.1781766010004
2025-26,29,Karnataka,2026-02,2026-02-01,3707.6753541845,0.0,3707.6753541845
2025-26,30,Goa,2025-04,2025-04-01,222.021092865,0.0,222.021092865
2025-26,30,Goa,2025-05,2025-05-01,154.01945663,0.0,154.01945663
2025-26,30,Goa,2025-06,2025-06-01,149.226386595,0.0,149.226386595
2025-26,30,Goa,2025-07,2025-07-01,161.09349404099996,0.0,161.09349404099996
2025-26,30,Goa,2025-08,2025-08-01,161.912071,0.0,161.912071
2025-26,30,Goa,2025-09,2025-09-01,134.361352631,0.0,134.361352631
2025-26,30,Goa,2025-10,2025-10-01,172.92396366399996,0.0,172.92396366399996
2025-26,30,Goa,2025-11,2025-11-01,183.67285108250002,0.0,183.67285108250002
2025-26,30,Goa,2025-12,2025-12-01,151.0109451615,0.0,151.0109451615
2025-26,30,Goa,2026-01,2026-01-01,199.497032604,0.0,199.497032604
2025-26,30,Goa,2026-02,2026-02-01,177.993697054,0.0,177.993697054
2025-26,31,Lakshadweep,2025-04,2025-04-01,10.197584595999999,0.0,10.197584595999999
2025-26,31,Lakshadweep,2025-05,2025-05-01,5.554861769,0.0,5.554861769
2025-26,31,Lakshadweep,2025-06,2025-06-01,6.421020315,0.0,6.421020315
2025-26,31,Lakshadweep,2025-07,2025-07-01,8.045189129999999,0.0,8.045189129999999
2025-26,31,Lakshadweep,2025-08,2025-08-01,7.049724338000001,0.0,7.049724338000001
2025-26,31,Lakshadweep,2025-09,2025-09-01,6.837872214,0.0,6.837872214
2025-26,31,Lakshadweep,2025-10,2025-10-01,7.518330198,0.0,7.518330198
2025-26,31,Lakshadweep,2025-11,2025-11-01,-60.35866933499999,0.0,-60.35866933499999
2025-26,31,Lakshadweep,2025-12,2025-12-01,6.8995689790000005,0.0,6.8995689790000005
2025-26,31,Lakshadweep,2026-01,2026-01-01,7.182623456,0.0,7.182623456
2025-26,31,Lakshadweep,2026-02,2026-02-01,8.698783370000001,0.0,8.698783370000001
2025-26,32,Kerala,2025-04,2025-04-01,1700.565150185,0.0,1700.565150185
2025-26,32,Kerala,2025-05,2025-05-01,1446.899062171,0.0,1446.899062171
2025-26,32,Kerala,2025-06,2025-06-01,1546.707858617,0.0,1546.707858617
2025-26,32,Kerala,2025-07,2025-07-01,1496.806510911,0.0,1496.806510911
2025-26,32,Kerala,2025-08,2025-08-01,1582.3294935620002,0.0,1582.3294935620002
2025-26,32,Kerala,2025-09,2025-09-01,1790.5148806529999,0.0,1790.5148806529999
2025-26,32,Kerala,2025-10,2025-10-01,1614.441177852,0.0,1614.441177852
2025-26,32,Kerala,2025-11,2025-11-01,1658.3186296790002,0.0,1658.3186296790002
2025-26,32,Kerala,2025-12,2025-12-01,1407.0723561694997,0.0,1407.0723561694997
2025-26,32,Kerala,2026-01,2026-01-01,1500.6561604500002,0.0,1500.6561604500002
2025-26,32,Kerala,2026-02,2026-02-01,1499.537585558,0.0,1499.537585558
2025-26,33,Tamil Nadu,2025-04,2025-04-01,2635.5875665139997,0.0,2635.5875665139997
2025-26,33,Tamil Nadu,2025-05,2025-05-01,2232.8949389739996,0.0,2232.8949389739996
2025-26,33,Tamil Nadu,2025-06,2025-06-01,2595.793840239,0.0,2595.793840239
2025-26,33,Tamil Nadu,2025-07,2025-07-01,2973.30418653,0.0,2973.30418653
2025-26,33,Tamil Nadu,2025-08,2025-08-01,2776.9985247260006,0.0,2776.9985247260006
2025-26,33,Tamil Nadu,2025-09,2025-09-01,2251.6206451909998,0.0,2251.6206451909998
2025-26,33,Tamil Nadu,2025-10,2025-10-01,3076.2457671770003,0.0,3076.2457671770003
2025-26,33,Tamil Nadu,2025-11,2025-11-01,3036.4368159030005,0.0,3036.4368159030005
2025-26,33,Tamil Nadu,2025-12,2025-12-01,2393.2559927860007,0.0,2393.2559927860007
2025-26,33,Tamil Nadu,2026-01,2026-01-01,2670.9746824820004,0.0,2670.9746824820004
2025-26,33,Tamil Nadu,2026-02,2026-02-01,3097.9217103015,0.0,3097.9217103015
2025-26,34,Puducherry,2025-04,2025-04-01,80.09905869100001,0.0,80.09905869100001
2025-26,34,Puducherry,2025-05,2025-05-01,71.37941512399999,0.0,71.37941512399999
2025-26,34,Puducherry,2025-06,2025-06-01,72.918662544,0.0,72.918662544
2025-26,34,Puducherry,2025-07,2025-07-01,66.956680645,0.0,66.956680645
2025-26,34,Puducherry,2025-08,2025-08-01,85.811662429,0.0,85.811662429
2025-26,34,Puducherry,2025-09,2025-09-01,79.782704699,0.0,79.782704699
2025-26,34,Puducherry,2025-10,2025-10-01,74.31161380000002,0.0,74.31161380000002
2025-26,34,Puducherry,2025-11,2025-11-01,88.36014972750002,0.0,88.36014972750002
2025-26,34,Puducherry,2025-12,2025-12-01,64.770783235,0.0,64.770783235
2025-26,34,Puducherry,2026-01,2026-01-01,83.18540348100002,0.0,83.18540348100002
2025-26,34,Puducherry,2026-02,2026-02-01,79.124573288,0.0,79.124573288
2025-26,35,Andaman and Nicobar Islands,2025-04,2025-04-01,59.64651421999999,0.0,59.64651421999999
2025-26,35,Andaman and Nicobar Islands,2025-05,2025-05-01,35.915207579000004,0.0,35.915207579000004
2025-26,35,Andaman and Nicobar Islands,2025-06,2025-06-01,33.314549311,0.0,33.314549311
2025-26,35,Andaman and Nicobar Islands,2025-07,2025-07-01,33.917747606000006,0.0,33.917747606000006
2025-26,35,Andaman and Nicobar Islands,2025-08,2025-08-01,36.617068317999994,0.0,36.617068317999994
2025-26,35,Andaman and Nicobar Islands,2025-09,2025-09-01,78.129866176,0.0,78.129866176
2025-26,35,Andaman and Nicobar Islands,2025-10,2025-10-01,40.071236776000006,0.0,40.071236776000006
2025-26,35,Andaman and Nicobar Islands,2025-11,2025-11-01,30.851079055,0.0,30.851079055
2025-26,35,Andaman and Nicobar Islands,2025-12,2025-12-01,37.720941591999996,0.0,37.720941591999996
2025-26,35,Andaman and Nicobar Islands,2026-01,2026-01-01,37.7036830725,0.0,37.7036830725
2025-26,35,Andaman and Nicobar Islands,2026-02,2026-02-01,32.850707197,0.0,32.850707197
2025-26,36,Telangana,2025-04,2025-04-01,2289.765178775,0.0,2289.765178775
2025-26,36,Telangana,2025-05,2025-05-01,1789.8142835379997,0.0,1789.8142835379997
2025-26,36,Telangana,2025-06,2025-06-01,1877.9150182789997,0.0,1877.9150182789997
2025-26,36,Telangana,2025-07,2025-07-01,2051.196178845,0.0,2051.196178845
2025-26,36,Telangana,2025-08,2025-08-01,2110.692929155,0.0,2110.692929155
2025-26,36,Telangana,2025-09,2025-09-01,2177.309157064,0.0,2177.309157064
2025-26,36,Telangana,2025-10,2025-10-01,2270.333240922,0.0,2270.333240922
2025-26,36,Telangana,2025-11,2025-11-01,2101.1811924950002,0.0,2101.1811924950002
2025-26,36,Telangana,2025-12,2025-12-01,1790.8426154170002,0.0,1790.8426154170002
2025-26,36,Telangana,2026-01,2026-01-01,2070.7978001265005,0.0,2070.7978001265005
2025-26,36,Telangana,2026-02,2026-02-01,2166.436390539,0.0,2166.436390539
2025-26,37,Andhra Pradesh,2025-04,2025-04-01,1942.8355840589995,0.0,1942.8355840589995
2025-26,37,Andhra Pradesh,2025-05,2025-05-01,1439.505459753,0.0,1439.505459753
2025-26,37,Andhra Pradesh,2025-06,2025-06-01,1365.702602333,0.0,1365.702602333
2025-26,37,Andhra Pradesh,2025-07,2025-07-01,1703.5541859649998,0.0,1703.5541859649998
2025-26,37,Andhra Pradesh,2025-08,2025-08-01,1612.9777230210002,0.0,1612.9777230210002
2025-26,37,Andhra Pradesh,2025-09,2025-09-01,1604.6878289009999,0.0,1604.6878289009999
2025-26,37,Andhra Pradesh,2025-10,2025-10-01,1907.3547092159995,0.0,1907.3547092159995
2025-26,37,Andhra Pradesh,2025-11,2025-11-01,1588.147836275,0.0,1588.147836275
2025-26,37,Andhra Pradesh,2025-12,2025-12-01,1549.2687995844997,0.0,1549.2687995844997
2025-26,37,Andhra Pradesh,2026-01,2026-01-01,1788.7931018539998,0.0,1788.7931018539998
2025-26,37,Andhra Pradesh,2026-02,2026-02-01,1809.858375505,0.0,1809.858375505
2025-26,38,Ladakh,2025-04,2025-04-01,25.636797482,0.0,25.636797482
2025-26,38,Ladakh,2025-05,2025-05-01,24.086091372,0.0,24.086091372
2025-26,38,Ladakh,2025-06,2025-06-01,38.38034266099999,0.0,38.38034266099999
2025-26,38,Ladakh,2025-07,2025-07-01,47.986791452,0.0,47.986791452
2025-26,38,Ladakh,2025-08,2025-08-01,43.489929357,0.0,43.489929357
2025-26,38,Ladakh,2025-09,2025-09-01,44.5669733,0.0,44.5669733
2025-26,38,Ladakh,2025-10,2025-10-01,63.71706038199999,0.0,63.71706038199999
2025-26,38,Ladakh,2025-11,2025-11-01,51.847747743999996,0.0,51.847747743999996
2025-26,38,Ladakh,2025-12,2025-12-01,34.4239539785,0.0,34.4239539785
2025-26,38,Ladakh,2026-01,2026-01-01,33.843571137,0.0,33.843571137
2025-26,38,Ladakh,2026-02,2026-02-01,18.9868930325,0.0,18.9868930325
2025-26,97,Other Territory,2025-04,2025-04-01,74.09697618099999,0.0,74.09697618099999
2025-26,97,Other Territory,2025-05,2025-05-01,102.74058687899999,0.0,102.74058687899999
2025-26,97,Other Territory,2025-06,2025-06-01,86.32908969900001,0.0,86.32908969900001
2025-26,97,Other Territory,2025-07,2025-07-01,152.476665738,0.0,152.476665738
2025-26,97,Other Territory,2025-08,2025-08-01,80.477347838,0.0,80.477347838
2025-26,97,Other Territory,2025-09,2025-09-01,60.20916854200001,0.0,60.20916854200001
2025-26,97,Other Territory,2025-10,2025-10-01,135.11125368,0.0,135.11125368
2025-26,97,Other Territory,2025-11,2025-11-01,952.220724982,0.0,952.220724982
2025-26,97,Other Territory,2025-12,2025-12-01,125.84857923450001,0.0,125.84857923450001
2025-26,97,Other Territory,2026-01,2026-01-01,122.32504943600001,0.0,122.32504943600001
2025-26,97,Other Territory,2026-02,2026-02-01,162.453186454,0.0,162.453186454
